sh: /opt/rocm/llvm/bin/clang++: No such file or directory
Use of uninitialized value $HIP_CLANG_VERSION in concatenation (.) or string at /opt/dtk-25.04.4/bin/hipconfig line 71.
sh: /opt/rocm/llvm/bin/clang++: No such file or directory
Use of uninitialized value $HIP_CLANG_VERSION in concatenation (.) or string at /opt/dtk-25.04.4/bin/hipconfig line 71.
sh: /opt/rocm/llvm/bin/clang++: No such file or directory
Use of uninitialized value $HIP_CLANG_VERSION in concatenation (.) or string at /opt/dtk-25.04.4/bin/hipconfig line 71.
sh: /opt/rocm/llvm/bin/clang++: No such file or directory
Use of uninitialized value $HIP_CLANG_VERSION in concatenation (.) or string at /opt/dtk-25.04.4/bin/hipconfig line 71.
sh: /opt/rocm/llvm/bin/clang++: No such file or directory
Use of uninitialized value $HIP_CLANG_VERSION in concatenation (.) or string at /opt/dtk-25.04.4/bin/hipconfig line 71.
sh: /opt/rocm/llvm/bin/clang++: No such file or directory
Use of uninitialized value $HIP_CLANG_VERSION in concatenation (.) or string at /opt/dtk-25.04.4/bin/hipconfig line 71.
sh: /opt/rocm/llvm/bin/clang++: No such file or directory
Use of uninitialized value $HIP_CLANG_VERSION in concatenation (.) or string at /opt/dtk-25.04.4/bin/hipconfig line 71.
sh: /opt/rocm/llvm/bin/clang++: No such file or directory
Use of uninitialized value $HIP_CLANG_VERSION in concatenation (.) or string at /opt/dtk-25.04.4/bin/hipconfig line 71.
sh: /opt/rocm/llvm/bin/clang++: No such file or directory
Use of uninitialized value $HIP_CLANG_VERSION in concatenation (.) or string at /opt/dtk-25.04.4/bin/hipconfig line 71.
sh: /opt/rocm/llvm/bin/clang++: No such file or directory
Use of uninitialized value $HIP_CLANG_VERSION in concatenation (.) or string at /opt/dtk-25.04.4/bin/hipconfig line 71.
sh: /opt/rocm/llvm/bin/clang++: No such file or directory
Use of uninitialized value $HIP_CLANG_VERSION in concatenation (.) or string at /opt/dtk-25.04.4/bin/hipconfig line 71.
sh: /opt/rocm/llvm/bin/clang++: No such file or directory
Use of uninitialized value $HIP_CLANG_VERSION in concatenation (.) or string at /opt/dtk-25.04.4/bin/hipconfig line 71.
sh: /opt/rocm/llvm/bin/clang++: No such file or directory
Use of uninitialized value $HIP_CLANG_VERSION in concatenation (.) or string at /opt/dtk-25.04.4/bin/hipconfig line 71.
sh: /opt/rocm/llvm/bin/clang++: No such file or directory
Use of uninitialized value $HIP_CLANG_VERSION in concatenation (.) or string at /opt/dtk-25.04.4/bin/hipconfig line 71.
sh: /opt/rocm/llvm/bin/clang++: No such file or directory
Use of uninitialized value $HIP_CLANG_VERSION in concatenation (.) or string at /opt/dtk-25.04.4/bin/hipconfig line 71.
sh: /opt/rocm/llvm/bin/clang++: No such file or directory
Use of uninitialized value $HIP_CLANG_VERSION in concatenation (.) or string at /opt/dtk-25.04.4/bin/hipconfig line 71.
sh: /opt/rocm/llvm/bin/clang++: No such file or directory
Use of uninitialized value $HIP_CLANG_VERSION in concatenation (.) or string at /opt/dtk-25.04.4/bin/hipconfig line 71.
sh: /opt/rocm/llvm/bin/clang++: No such file or directory
Use of uninitialized value $HIP_CLANG_VERSION in concatenation (.) or string at /opt/dtk-25.04.4/bin/hipconfig line 71.
sh: /opt/rocm/llvm/bin/clang++: No such file or directory
Use of uninitialized value $HIP_CLANG_VERSION in concatenation (.) or string at /opt/dtk-25.04.4/bin/hipconfig line 71.
sh: /opt/rocm/llvm/bin/clang++: No such file or directory
Use of uninitialized value $HIP_CLANG_VERSION in concatenation (.) or string at /opt/dtk-25.04.4/bin/hipconfig line 71.
sh: /opt/rocm/llvm/bin/clang++: No such file or directory
Use of uninitialized value $HIP_CLANG_VERSION in concatenation (.) or string at /opt/dtk-25.04.4/bin/hipconfig line 71.
sh: /opt/rocm/llvm/bin/clang++: No such file or directory
Use of uninitialized value $HIP_CLANG_VERSION in concatenation (.) or string at /opt/dtk-25.04.4/bin/hipconfig line 71.
sh: /opt/rocm/llvm/bin/clang++: No such file or directory
Use of uninitialized value $HIP_CLANG_VERSION in concatenation (.) or string at /opt/dtk-25.04.4/bin/hipconfig line 71.
sh: /opt/rocm/llvm/bin/clang++: No such file or directory
Use of uninitialized value $HIP_CLANG_VERSION in concatenation (.) or string at /opt/dtk-25.04.4/bin/hipconfig line 71.
sh: /opt/rocm/llvm/bin/clang++: No such file or directory
Use of uninitialized value $HIP_CLANG_VERSION in concatenation (.) or string at /opt/dtk-25.04.4/bin/hipconfig line 71.
sh: /opt/rocm/llvm/bin/clang++: No such file or directory
Use of uninitialized value $HIP_CLANG_VERSION in concatenation (.) or string at /opt/dtk-25.04.4/bin/hipconfig line 71.
sh: /opt/rocm/llvm/bin/clang++: No such file or directory
sh: /opt/rocm/llvm/bin/clang++: No such file or directory
Use of uninitialized value $HIP_CLANG_VERSION in concatenation (.) or string at /opt/dtk-25.04.4/bin/hipconfig line 71.
Use of uninitialized value $HIP_CLANG_VERSION in concatenation (.) or string at /opt/dtk-25.04.4/bin/hipconfig line 71.
sh: /opt/rocm/llvm/bin/clang++: No such file or directory
Use of uninitialized value $HIP_CLANG_VERSION in concatenation (.) or string at /opt/dtk-25.04.4/bin/hipconfig line 71.
sh: /opt/rocm/llvm/bin/clang++: No such file or directory
Use of uninitialized value $HIP_CLANG_VERSION in concatenation (.) or string at /opt/dtk-25.04.4/bin/hipconfig line 71.
sh: /opt/rocm/llvm/bin/clang++: No such file or directory
Use of uninitialized value $HIP_CLANG_VERSION in concatenation (.) or string at /opt/dtk-25.04.4/bin/hipconfig line 71.
sh: /opt/rocm/llvm/bin/clang++: No such file or directory
Use of uninitialized value $HIP_CLANG_VERSION in concatenation (.) or string at /opt/dtk-25.04.4/bin/hipconfig line 71.
sh: /opt/rocm/llvm/bin/clang++: No such file or directory
Use of uninitialized value $HIP_CLANG_VERSION in concatenation (.) or string at /opt/dtk-25.04.4/bin/hipconfig line 71.
sh: /opt/rocm/llvm/bin/clang++: No such file or directory
Use of uninitialized value $HIP_CLANG_VERSION in concatenation (.) or string at /opt/dtk-25.04.4/bin/hipconfig line 71.
sh: /opt/rocm/llvm/bin/clang++: No such file or directory
Use of uninitialized value $HIP_CLANG_VERSION in concatenation (.) or string at /opt/dtk-25.04.4/bin/hipconfig line 71.
sh: /opt/rocm/llvm/bin/clang++: No such file or directory
Use of uninitialized value $HIP_CLANG_VERSION in concatenation (.) or string at /opt/dtk-25.04.4/bin/hipconfig line 71.
sh: /opt/rocm/llvm/bin/clang++: No such file or directory
Use of uninitialized value $HIP_CLANG_VERSION in concatenation (.) or string at /opt/dtk-25.04.4/bin/hipconfig line 71.
sh: /opt/rocm/llvm/bin/clang++: No such file or directory
Use of uninitialized value $HIP_CLANG_VERSION in concatenation (.) or string at /opt/dtk-25.04.4/bin/hipconfig line 71.
sh: /opt/rocm/llvm/bin/clang++: No such file or directory
Use of uninitialized value $HIP_CLANG_VERSION in concatenation (.) or string at /opt/dtk-25.04.4/bin/hipconfig line 71.
sh: /opt/rocm/llvm/bin/clang++: No such file or directory
Use of uninitialized value $HIP_CLANG_VERSION in concatenation (.) or string at /opt/dtk-25.04.4/bin/hipconfig line 71.
sh: /opt/rocm/llvm/bin/clang++: No such file or directory
Use of uninitialized value $HIP_CLANG_VERSION in concatenation (.) or string at /opt/dtk-25.04.4/bin/hipconfig line 71.
sh: /opt/rocm/llvm/bin/clang++: No such file or directory
Use of uninitialized value $HIP_CLANG_VERSION in concatenation (.) or string at /opt/dtk-25.04.4/bin/hipconfig line 71.
sh: /opt/rocm/llvm/bin/clang++: No such file or directory
Use of uninitialized value $HIP_CLANG_VERSION in concatenation (.) or string at /opt/dtk-25.04.4/bin/hipconfig line 71.
sh: /opt/rocm/llvm/bin/clang++: No such file or directory
Use of uninitialized value $HIP_CLANG_VERSION in concatenation (.) or string at /opt/dtk-25.04.4/bin/hipconfig line 71.
sh: /opt/rocm/llvm/bin/clang++: No such file or directory
Use of uninitialized value $HIP_CLANG_VERSION in concatenation (.) or string at /opt/dtk-25.04.4/bin/hipconfig line 71.
sh: /opt/rocm/llvm/bin/clang++: No such file or directory
Use of uninitialized value $HIP_CLANG_VERSION in concatenation (.) or string at /opt/dtk-25.04.4/bin/hipconfig line 71.
sh: /opt/rocm/llvm/bin/clang++: No such file or directory
Use of uninitialized value $HIP_CLANG_VERSION in concatenation (.) or string at /opt/dtk-25.04.4/bin/hipconfig line 71.
sh: /opt/rocm/llvm/bin/clang++: No such file or directory
Use of uninitialized value $HIP_CLANG_VERSION in concatenation (.) or string at /opt/dtk-25.04.4/bin/hipconfig line 71.
sh: /opt/rocm/llvm/bin/clang++: No such file or directory
Use of uninitialized value $HIP_CLANG_VERSION in concatenation (.) or string at /opt/dtk-25.04.4/bin/hipconfig line 71.
sh: /opt/rocm/llvm/bin/clang++: No such file or directory
Use of uninitialized value $HIP_CLANG_VERSION in concatenation (.) or string at /opt/dtk-25.04.4/bin/hipconfig line 71.
sh: /opt/rocm/llvm/bin/clang++: No such file or directory
Use of uninitialized value $HIP_CLANG_VERSION in concatenation (.) or string at /opt/dtk-25.04.4/bin/hipconfig line 71.
sh: /opt/rocm/llvm/bin/clang++: No such file or directory
Use of uninitialized value $HIP_CLANG_VERSION in concatenation (.) or string at /opt/dtk-25.04.4/bin/hipconfig line 71.
sh: /opt/rocm/llvm/bin/clang++: No such file or directory
Use of uninitialized value $HIP_CLANG_VERSION in concatenation (.) or string at /opt/dtk-25.04.4/bin/hipconfig line 71.
sh: /opt/rocm/llvm/bin/clang++: No such file or directory
Use of uninitialized value $HIP_CLANG_VERSION in concatenation (.) or string at /opt/dtk-25.04.4/bin/hipconfig line 71.
sh: /opt/rocm/llvm/bin/clang++: No such file or directory
Use of uninitialized value $HIP_CLANG_VERSION in concatenation (.) or string at /opt/dtk-25.04.4/bin/hipconfig line 71.
sh: /opt/rocm/llvm/bin/clang++: No such file or directory
Use of uninitialized value $HIP_CLANG_VERSION in concatenation (.) or string at /opt/dtk-25.04.4/bin/hipconfig line 71.
sh: /opt/rocm/llvm/bin/clang++: No such file or directory
sh: /opt/rocm/llvm/bin/clang++: No such file or directory
Use of uninitialized value $HIP_CLANG_VERSION in concatenation (.) or string at /opt/dtk-25.04.4/bin/hipconfig line 71.
Use of uninitialized value $HIP_CLANG_VERSION in concatenation (.) or string at /opt/dtk-25.04.4/bin/hipconfig line 71.
sh: /opt/rocm/llvm/bin/clang++: No such file or directory
Use of uninitialized value $HIP_CLANG_VERSION in concatenation (.) or string at /opt/dtk-25.04.4/bin/hipconfig line 71.
sh: /opt/rocm/llvm/bin/clang++: No such file or directory
Use of uninitialized value $HIP_CLANG_VERSION in concatenation (.) or string at /opt/dtk-25.04.4/bin/hipconfig line 71.
sh: /opt/rocm/llvm/bin/clang++: No such file or directory
Use of uninitialized value $HIP_CLANG_VERSION in concatenation (.) or string at /opt/dtk-25.04.4/bin/hipconfig line 71.
sh: /opt/rocm/llvm/bin/clang++: No such file or directory
Use of uninitialized value $HIP_CLANG_VERSION in concatenation (.) or string at /opt/dtk-25.04.4/bin/hipconfig line 71.
sh: /opt/rocm/llvm/bin/clang++: No such file or directory
Use of uninitialized value $HIP_CLANG_VERSION in concatenation (.) or string at /opt/dtk-25.04.4/bin/hipconfig line 71.
sh: /opt/rocm/llvm/bin/clang++: No such file or directory
Use of uninitialized value $HIP_CLANG_VERSION in concatenation (.) or string at /opt/dtk-25.04.4/bin/hipconfig line 71.
sh: /opt/rocm/llvm/bin/clang++: No such file or directory
Use of uninitialized value $HIP_CLANG_VERSION in concatenation (.) or string at /opt/dtk-25.04.4/bin/hipconfig line 71.
sh: /opt/rocm/llvm/bin/clang++: No such file or directory
Use of uninitialized value $HIP_CLANG_VERSION in concatenation (.) or string at /opt/dtk-25.04.4/bin/hipconfig line 71.
sh: /opt/rocm/llvm/bin/clang++: No such file or directory
Use of uninitialized value $HIP_CLANG_VERSION in concatenation (.) or string at /opt/dtk-25.04.4/bin/hipconfig line 71.
sh: /opt/rocm/llvm/bin/clang++: No such file or directory
Use of uninitialized value $HIP_CLANG_VERSION in concatenation (.) or string at /opt/dtk-25.04.4/bin/hipconfig line 71.
sh: /opt/rocm/llvm/bin/clang++: No such file or directory
Use of uninitialized value $HIP_CLANG_VERSION in concatenation (.) or string at /opt/dtk-25.04.4/bin/hipconfig line 71.
sh: /opt/rocm/llvm/bin/clang++: No such file or directory
Use of uninitialized value $HIP_CLANG_VERSION in concatenation (.) or string at /opt/dtk-25.04.4/bin/hipconfig line 71.
sh: /opt/rocm/llvm/bin/clang++: No such file or directory
Use of uninitialized value $HIP_CLANG_VERSION in concatenation (.) or string at /opt/dtk-25.04.4/bin/hipconfig line 71.
sh: /opt/rocm/llvm/bin/clang++: No such file or directory
Use of uninitialized value $HIP_CLANG_VERSION in concatenation (.) or string at /opt/dtk-25.04.4/bin/hipconfig line 71.
sh: /opt/rocm/llvm/bin/clang++: No such file or directory
Use of uninitialized value $HIP_CLANG_VERSION in concatenation (.) or string at /opt/dtk-25.04.4/bin/hipconfig line 71.
sh: /opt/rocm/llvm/bin/clang++: No such file or directory
Use of uninitialized value $HIP_CLANG_VERSION in concatenation (.) or string at /opt/dtk-25.04.4/bin/hipconfig line 71.
sh: /opt/rocm/llvm/bin/clang++: No such file or directory
Use of uninitialized value $HIP_CLANG_VERSION in concatenation (.) or string at /opt/dtk-25.04.4/bin/hipconfig line 71.
sh: /opt/rocm/llvm/bin/clang++: No such file or directory
Use of uninitialized value $HIP_CLANG_VERSION in concatenation (.) or string at /opt/dtk-25.04.4/bin/hipconfig line 71.
sh: /opt/rocm/llvm/bin/clang++: No such file or directory
Use of uninitialized value $HIP_CLANG_VERSION in concatenation (.) or string at /opt/dtk-25.04.4/bin/hipconfig line 71.
sh: /opt/rocm/llvm/bin/clang++: No such file or directory
Use of uninitialized value $HIP_CLANG_VERSION in concatenation (.) or string at /opt/dtk-25.04.4/bin/hipconfig line 71.
sh: /opt/rocm/llvm/bin/clang++: No such file or directory
Use of uninitialized value $HIP_CLANG_VERSION in concatenation (.) or string at /opt/dtk-25.04.4/bin/hipconfig line 71.
sh: /opt/rocm/llvm/bin/clang++: No such file or directory
Use of uninitialized value $HIP_CLANG_VERSION in concatenation (.) or string at /opt/dtk-25.04.4/bin/hipconfig line 71.
sh: /opt/rocm/llvm/bin/clang++: No such file or directory
Use of uninitialized value $HIP_CLANG_VERSION in concatenation (.) or string at /opt/dtk-25.04.4/bin/hipconfig line 71.
sh: /opt/rocm/llvm/bin/clang++: No such file or directory
Use of uninitialized value $HIP_CLANG_VERSION in concatenation (.) or string at /opt/dtk-25.04.4/bin/hipconfig line 71.
sh: /opt/rocm/llvm/bin/clang++: No such file or directory
Use of uninitialized value $HIP_CLANG_VERSION in concatenation (.) or string at /opt/dtk-25.04.4/bin/hipconfig line 71.
sh: /opt/rocm/llvm/bin/clang++: No such file or directory
Use of uninitialized value $HIP_CLANG_VERSION in concatenation (.) or string at /opt/dtk-25.04.4/bin/hipconfig line 71.
sh: /opt/rocm/llvm/bin/clang++: No such file or directory
Use of uninitialized value $HIP_CLANG_VERSION in concatenation (.) or string at /opt/dtk-25.04.4/bin/hipconfig line 71.
sh: /opt/rocm/llvm/bin/clang++: No such file or directory
Use of uninitialized value $HIP_CLANG_VERSION in concatenation (.) or string at /opt/dtk-25.04.4/bin/hipconfig line 71.
sh: /opt/rocm/llvm/bin/clang++: No such file or directory
Use of uninitialized value $HIP_CLANG_VERSION in concatenation (.) or string at /opt/dtk-25.04.4/bin/hipconfig line 71.
sh: /opt/rocm/llvm/bin/clang++: No such file or directory
Use of uninitialized value $HIP_CLANG_VERSION in concatenation (.) or string at /opt/dtk-25.04.4/bin/hipconfig line 71.
sh: /opt/rocm/llvm/bin/clang++: No such file or directory
Use of uninitialized value $HIP_CLANG_VERSION in concatenation (.) or string at /opt/dtk-25.04.4/bin/hipconfig line 71.
sh: /opt/rocm/llvm/bin/clang++: No such file or directory
Use of uninitialized value $HIP_CLANG_VERSION in concatenation (.) or string at /opt/dtk-25.04.4/bin/hipconfig line 71.
sh: /opt/rocm/llvm/bin/clang++: No such file or directory
Use of uninitialized value $HIP_CLANG_VERSION in concatenation (.) or string at /opt/dtk-25.04.4/bin/hipconfig line 71.
sh: /opt/rocm/llvm/bin/clang++: No such file or directory
Use of uninitialized value $HIP_CLANG_VERSION in concatenation (.) or string at /opt/dtk-25.04.4/bin/hipconfig line 71.
sh: /opt/rocm/llvm/bin/clang++: No such file or directory
Use of uninitialized value $HIP_CLANG_VERSION in concatenation (.) or string at /opt/dtk-25.04.4/bin/hipconfig line 71.
sh: /opt/rocm/llvm/bin/clang++: No such file or directory
Use of uninitialized value $HIP_CLANG_VERSION in concatenation (.) or string at /opt/dtk-25.04.4/bin/hipconfig line 71.
sh: /opt/rocm/llvm/bin/clang++: No such file or directory
Use of uninitialized value $HIP_CLANG_VERSION in concatenation (.) or string at /opt/dtk-25.04.4/bin/hipconfig line 71.
sh: /opt/rocm/llvm/bin/clang++: No such file or directory
Use of uninitialized value $HIP_CLANG_VERSION in concatenation (.) or string at /opt/dtk-25.04.4/bin/hipconfig line 71.
sh: /opt/rocm/llvm/bin/clang++: No such file or directory
Use of uninitialized value $HIP_CLANG_VERSION in concatenation (.) or string at /opt/dtk-25.04.4/bin/hipconfig line 71.
sh: /opt/rocm/llvm/bin/clang++: No such file or directory
Use of uninitialized value $HIP_CLANG_VERSION in concatenation (.) or string at /opt/dtk-25.04.4/bin/hipconfig line 71.
sh: /opt/rocm/llvm/bin/clang++: No such file or directory
Use of uninitialized value $HIP_CLANG_VERSION in concatenation (.) or string at /opt/dtk-25.04.4/bin/hipconfig line 71.
sh: /opt/rocm/llvm/bin/clang++: No such file or directory
Use of uninitialized value $HIP_CLANG_VERSION in concatenation (.) or string at /opt/dtk-25.04.4/bin/hipconfig line 71.
sh: /opt/rocm/llvm/bin/clang++: No such file or directory
Use of uninitialized value $HIP_CLANG_VERSION in concatenation (.) or string at /opt/dtk-25.04.4/bin/hipconfig line 71.
sh: /opt/rocm/llvm/bin/clang++: No such file or directory
Use of uninitialized value $HIP_CLANG_VERSION in concatenation (.) or string at /opt/dtk-25.04.4/bin/hipconfig line 71.
sh: /opt/rocm/llvm/bin/clang++: No such file or directory
sh: /opt/rocm/llvm/bin/clang++: No such file or directory
Use of uninitialized value $HIP_CLANG_VERSION in concatenation (.) or string at /opt/dtk-25.04.4/bin/hipconfig line 71.
Use of uninitialized value $HIP_CLANG_VERSION in concatenation (.) or string at /opt/dtk-25.04.4/bin/hipconfig line 71.
sh: /opt/rocm/llvm/bin/clang++: No such file or directory
Use of uninitialized value $HIP_CLANG_VERSION in concatenation (.) or string at /opt/dtk-25.04.4/bin/hipconfig line 71.
sh: /opt/rocm/llvm/bin/clang++: No such file or directory
Use of uninitialized value $HIP_CLANG_VERSION in concatenation (.) or string at /opt/dtk-25.04.4/bin/hipconfig line 71.
sh: /opt/rocm/llvm/bin/clang++: No such file or directory
Use of uninitialized value $HIP_CLANG_VERSION in concatenation (.) or string at /opt/dtk-25.04.4/bin/hipconfig line 71.
sh: /opt/rocm/llvm/bin/clang++: No such file or directory
Use of uninitialized value $HIP_CLANG_VERSION in concatenation (.) or string at /opt/dtk-25.04.4/bin/hipconfig line 71.
sh: /opt/rocm/llvm/bin/clang++: No such file or directory
sh: /opt/rocm/llvm/bin/clang++: No such file or directory
Use of uninitialized value $HIP_CLANG_VERSION in concatenation (.) or string at /opt/dtk-25.04.4/bin/hipconfig line 71.
Use of uninitialized value $HIP_CLANG_VERSION in concatenation (.) or string at /opt/dtk-25.04.4/bin/hipconfig line 71.
sh: /opt/rocm/llvm/bin/clang++: No such file or directory
Use of uninitialized value $HIP_CLANG_VERSION in concatenation (.) or string at /opt/dtk-25.04.4/bin/hipconfig line 71.
sh: /opt/rocm/llvm/bin/clang++: No such file or directory
Use of uninitialized value $HIP_CLANG_VERSION in concatenation (.) or string at /opt/dtk-25.04.4/bin/hipconfig line 71.
[WARNING  | megatron.core.rerun_state_machine]: RerunStateMachine initialized in mode disabled
[WARNING  | megatron.core.rerun_state_machine]: RerunStateMachine initialized in mode disabled
[WARNING  | megatron.core.rerun_state_machine]: RerunStateMachine initialized in mode disabled
[WARNING  | megatron.core.rerun_state_machine]: RerunStateMachine initialized in mode disabled
[WARNING  | megatron.core.rerun_state_machine]: RerunStateMachine initialized in mode disabled
[WARNING  | megatron.core.rerun_state_machine]: RerunStateMachine initialized in mode disabled
[WARNING  | megatron.core.rerun_state_machine]: RerunStateMachine initialized in mode disabled
[WARNING  | megatron.core.rerun_state_machine]: RerunStateMachine initialized in mode disabled
[WARNING  | megatron.core.rerun_state_machine]: RerunStateMachine initialized in mode disabled
[WARNING  | megatron.core.rerun_state_machine]: RerunStateMachine initialized in mode disabled
[WARNING  | megatron.core.rerun_state_machine]: RerunStateMachine initialized in mode disabled
[WARNING  | megatron.core.rerun_state_machine]: RerunStateMachine initialized in mode disabled
[WARNING  | megatron.core.rerun_state_machine]: RerunStateMachine initialized in mode disabled
[WARNING  | megatron.core.rerun_state_machine]: RerunStateMachine initialized in mode disabled
[WARNING  | megatron.core.rerun_state_machine]: RerunStateMachine initialized in mode disabled
[WARNING  | megatron.core.rerun_state_machine]: RerunStateMachine initialized in mode disabled
[WARNING  | megatron.core.rerun_state_machine]: RerunStateMachine initialized in mode disabled
[WARNING  | megatron.core.rerun_state_machine]: RerunStateMachine initialized in mode disabled
[WARNING  | megatron.core.rerun_state_machine]: RerunStateMachine initialized in mode disabled
[WARNING  | megatron.core.rerun_state_machine]: RerunStateMachine initialized in mode disabled
[WARNING  | megatron.core.rerun_state_machine]: RerunStateMachine initialized in mode disabled
[WARNING  | megatron.core.rerun_state_machine]: RerunStateMachine initialized in mode disabled
[WARNING  | megatron.core.rerun_state_machine]: RerunStateMachine initialized in mode disabled
[WARNING  | megatron.core.rerun_state_machine]: RerunStateMachine initialized in mode disabled
[WARNING  | megatron.core.rerun_state_machine]: RerunStateMachine initialized in mode disabled
[WARNING  | megatron.core.rerun_state_machine]: RerunStateMachine initialized in mode disabled
[WARNING  | megatron.core.rerun_state_machine]: RerunStateMachine initialized in mode disabled
[WARNING  | megatron.core.rerun_state_machine]: RerunStateMachine initialized in mode disabled
[WARNING  | megatron.core.rerun_state_machine]: RerunStateMachine initialized in mode disabled
[WARNING  | megatron.core.rerun_state_machine]: RerunStateMachine initialized in mode disabled
[WARNING  | megatron.core.rerun_state_machine]: RerunStateMachine initialized in mode disabled
[WARNING  | megatron.core.rerun_state_machine]: RerunStateMachine initialized in mode disabled
[WARNING  | megatron.core.rerun_state_machine]: RerunStateMachine initialized in mode disabled
[WARNING  | megatron.core.rerun_state_machine]: RerunStateMachine initialized in mode disabled
[WARNING  | megatron.core.rerun_state_machine]: RerunStateMachine initialized in mode disabled
[WARNING  | megatron.core.rerun_state_machine]: RerunStateMachine initialized in mode disabled
[WARNING  | megatron.core.rerun_state_machine]: RerunStateMachine initialized in mode disabled
[WARNING  | megatron.core.rerun_state_machine]: RerunStateMachine initialized in mode disabled
[WARNING  | megatron.core.rerun_state_machine]: RerunStateMachine initialized in mode disabled
[WARNING  | megatron.core.rerun_state_machine]: RerunStateMachine initialized in mode disabled
[WARNING  | megatron.core.rerun_state_machine]: RerunStateMachine initialized in mode disabled
[WARNING  | megatron.core.rerun_state_machine]: RerunStateMachine initialized in mode disabled
[WARNING  | megatron.core.rerun_state_machine]: RerunStateMachine initialized in mode disabled
[WARNING  | megatron.core.rerun_state_machine]: RerunStateMachine initialized in mode disabled
[WARNING  | megatron.core.rerun_state_machine]: RerunStateMachine initialized in mode disabled
[WARNING  | megatron.core.rerun_state_machine]: RerunStateMachine initialized in mode disabled
[WARNING  | megatron.core.rerun_state_machine]: RerunStateMachine initialized in mode disabled
[WARNING  | megatron.core.rerun_state_machine]: RerunStateMachine initialized in mode disabled
[WARNING  | megatron.core.rerun_state_machine]: RerunStateMachine initialized in mode disabled
[WARNING  | megatron.core.rerun_state_machine]: RerunStateMachine initialized in mode disabled
[WARNING  | megatron.core.rerun_state_machine]: RerunStateMachine initialized in mode disabled
[WARNING  | megatron.core.rerun_state_machine]: RerunStateMachine initialized in mode disabled
[WARNING  | megatron.core.rerun_state_machine]: RerunStateMachine initialized in mode disabled
[WARNING  | megatron.core.rerun_state_machine]: RerunStateMachine initialized in mode disabled
[WARNING  | megatron.core.rerun_state_machine]: RerunStateMachine initialized in mode disabled
[WARNING  | megatron.core.rerun_state_machine]: RerunStateMachine initialized in mode disabled
[WARNING  | megatron.core.rerun_state_machine]: RerunStateMachine initialized in mode disabled
[WARNING  | megatron.core.rerun_state_machine]: RerunStateMachine initialized in mode disabled
[WARNING  | megatron.core.rerun_state_machine]: RerunStateMachine initialized in mode disabled
[WARNING  | megatron.core.rerun_state_machine]: RerunStateMachine initialized in mode disabled
[WARNING  | megatron.core.rerun_state_machine]: RerunStateMachine initialized in mode disabled
[WARNING  | megatron.core.rerun_state_machine]: RerunStateMachine initialized in mode disabled
[WARNING  | megatron.core.rerun_state_machine]: RerunStateMachine initialized in mode disabled
[WARNING  | megatron.core.rerun_state_machine]: RerunStateMachine initialized in mode disabled
[WARNING  | megatron.core.rerun_state_machine]: RerunStateMachine initialized in mode disabled
[WARNING  | megatron.core.rerun_state_machine]: RerunStateMachine initialized in mode disabled
[WARNING  | megatron.core.rerun_state_machine]: RerunStateMachine initialized in mode disabled
[WARNING  | megatron.core.rerun_state_machine]: RerunStateMachine initialized in mode disabled
[WARNING  | megatron.core.rerun_state_machine]: RerunStateMachine initialized in mode disabled
[WARNING  | megatron.core.rerun_state_machine]: RerunStateMachine initialized in mode disabled
[WARNING  | megatron.core.rerun_state_machine]: RerunStateMachine initialized in mode disabled
[WARNING  | megatron.core.rerun_state_machine]: RerunStateMachine initialized in mode disabled
[WARNING  | megatron.core.rerun_state_machine]: RerunStateMachine initialized in mode disabled
[WARNING  | megatron.core.rerun_state_machine]: RerunStateMachine initialized in mode disabled
[WARNING  | megatron.core.rerun_state_machine]: RerunStateMachine initialized in mode disabled
[WARNING  | megatron.core.rerun_state_machine]: RerunStateMachine initialized in mode disabled
[WARNING  | megatron.core.rerun_state_machine]: RerunStateMachine initialized in mode disabled
[WARNING  | megatron.core.rerun_state_machine]: RerunStateMachine initialized in mode disabled
[WARNING  | megatron.core.rerun_state_machine]: RerunStateMachine initialized in mode disabled
[WARNING  | megatron.core.rerun_state_machine]: RerunStateMachine initialized in mode disabled
[WARNING  | megatron.core.rerun_state_machine]: RerunStateMachine initialized in mode disabled
[WARNING  | megatron.core.rerun_state_machine]: RerunStateMachine initialized in mode disabled
[WARNING  | megatron.core.rerun_state_machine]: RerunStateMachine initialized in mode disabled
[WARNING  | megatron.core.rerun_state_machine]: RerunStateMachine initialized in mode disabled
[WARNING  | megatron.core.rerun_state_machine]: RerunStateMachine initialized in mode disabled
[WARNING  | megatron.core.rerun_state_machine]: RerunStateMachine initialized in mode disabled
[WARNING  | megatron.core.rerun_state_machine]: RerunStateMachine initialized in mode disabled
[WARNING  | megatron.core.rerun_state_machine]: RerunStateMachine initialized in mode disabled
[WARNING  | megatron.core.rerun_state_machine]: RerunStateMachine initialized in mode disabled
[WARNING  | megatron.core.rerun_state_machine]: RerunStateMachine initialized in mode disabled
[WARNING  | megatron.core.rerun_state_machine]: RerunStateMachine initialized in mode disabled
[WARNING  | megatron.core.rerun_state_machine]: RerunStateMachine initialized in mode disabled
[WARNING  | megatron.core.rerun_state_machine]: RerunStateMachine initialized in mode disabled
[WARNING  | megatron.core.rerun_state_machine]: RerunStateMachine initialized in mode disabled
[WARNING  | megatron.core.rerun_state_machine]: RerunStateMachine initialized in mode disabled
[WARNING  | megatron.core.rerun_state_machine]: RerunStateMachine initialized in mode disabled
[WARNING  | megatron.core.rerun_state_machine]: RerunStateMachine initialized in mode disabled
[WARNING  | megatron.core.rerun_state_machine]: RerunStateMachine initialized in mode disabled
[WARNING  | megatron.core.rerun_state_machine]: RerunStateMachine initialized in mode disabled
[WARNING  | megatron.core.rerun_state_machine]: RerunStateMachine initialized in mode disabled
[WARNING  | megatron.core.rerun_state_machine]: RerunStateMachine initialized in mode disabled
[WARNING  | megatron.core.rerun_state_machine]: RerunStateMachine initialized in mode disabled
[WARNING  | megatron.core.rerun_state_machine]: RerunStateMachine initialized in mode disabled
[WARNING  | megatron.core.rerun_state_machine]: RerunStateMachine initialized in mode disabled
[WARNING  | megatron.core.rerun_state_machine]: RerunStateMachine initialized in mode disabled
[WARNING  | megatron.core.rerun_state_machine]: RerunStateMachine initialized in mode disabled
[WARNING  | megatron.core.rerun_state_machine]: RerunStateMachine initialized in mode disabled
[WARNING  | megatron.core.rerun_state_machine]: RerunStateMachine initialized in mode disabled
[WARNING  | megatron.core.rerun_state_machine]: RerunStateMachine initialized in mode disabled
[WARNING  | megatron.core.rerun_state_machine]: RerunStateMachine initialized in mode disabled
[WARNING  | megatron.core.rerun_state_machine]: RerunStateMachine initialized in mode disabled
[WARNING  | megatron.core.rerun_state_machine]: RerunStateMachine initialized in mode disabled
[WARNING  | megatron.core.rerun_state_machine]: RerunStateMachine initialized in mode disabled
[WARNING  | megatron.core.rerun_state_machine]: RerunStateMachine initialized in mode disabled
[WARNING  | megatron.core.rerun_state_machine]: RerunStateMachine initialized in mode disabled
[WARNING  | megatron.core.rerun_state_machine]: RerunStateMachine initialized in mode disabled
[WARNING  | megatron.core.rerun_state_machine]: RerunStateMachine initialized in mode disabled
[WARNING  | megatron.core.rerun_state_machine]: RerunStateMachine initialized in mode disabled
[WARNING  | megatron.core.rerun_state_machine]: RerunStateMachine initialized in mode disabled
[WARNING  | megatron.core.rerun_state_machine]: RerunStateMachine initialized in mode disabled
[WARNING  | megatron.core.rerun_state_machine]: RerunStateMachine initialized in mode disabled
[WARNING  | megatron.core.rerun_state_machine]: RerunStateMachine initialized in mode disabled
[WARNING  | megatron.core.rerun_state_machine]: RerunStateMachine initialized in mode disabled
[WARNING  | megatron.core.rerun_state_machine]: RerunStateMachine initialized in mode disabled
[WARNING  | megatron.core.rerun_state_machine]: RerunStateMachine initialized in mode disabled
[WARNING  | megatron.core.rerun_state_machine]: RerunStateMachine initialized in mode disabled
[WARNING  | megatron.core.rerun_state_machine]: RerunStateMachine initialized in mode disabled
[WARNING  | megatron.core.rerun_state_machine]: RerunStateMachine initialized in mode disabled
[WARNING  | megatron.core.rerun_state_machine]: RerunStateMachine initialized in mode disabled
[WARNING  | megatron.core.rerun_state_machine]: RerunStateMachine initialized in mode disabled
[WARNING  | megatron.core.rerun_state_machine]: RerunStateMachine initialized in mode disabled
[WARNING  | megatron.core.rerun_state_machine]: RerunStateMachine initialized in mode disabled
[WARNING  | megatron.core.rerun_state_machine]: RerunStateMachine initialized in mode disabled
[WARNING  | megatron.core.rerun_state_machine]: RerunStateMachine initialized in mode disabled
[WARNING  | megatron.core.rerun_state_machine]: RerunStateMachine initialized in mode disabled
[WARNING  | megatron.core.rerun_state_machine]: RerunStateMachine initialized in mode disabled
[WARNING  | megatron.core.rerun_state_machine]: RerunStateMachine initialized in mode disabled
[WARNING  | megatron.core.rerun_state_machine]: RerunStateMachine initialized in mode disabled
[WARNING  | megatron.core.rerun_state_machine]: RerunStateMachine initialized in mode disabled
[WARNING  | megatron.core.rerun_state_machine]: RerunStateMachine initialized in mode disabled
[WARNING  | megatron.core.rerun_state_machine]: RerunStateMachine initialized in mode disabled
[WARNING  | megatron.core.rerun_state_machine]: RerunStateMachine initialized in mode disabled
[WARNING  | megatron.core.rerun_state_machine]: RerunStateMachine initialized in mode disabled
[WARNING  | megatron.core.rerun_state_machine]: RerunStateMachine initialized in mode disabled
[WARNING  | megatron.core.rerun_state_machine]: RerunStateMachine initialized in mode disabled
[WARNING  | megatron.core.rerun_state_machine]: RerunStateMachine initialized in mode disabled
[WARNING  | megatron.core.rerun_state_machine]: RerunStateMachine initialized in mode disabled
[WARNING  | megatron.core.rerun_state_machine]: RerunStateMachine initialized in mode disabled
[WARNING  | megatron.core.rerun_state_machine]: RerunStateMachine initialized in mode disabled
[WARNING  | megatron.core.rerun_state_machine]: RerunStateMachine initialized in mode disabled
[WARNING  | megatron.core.rerun_state_machine]: RerunStateMachine initialized in mode disabled
[WARNING  | megatron.core.rerun_state_machine]: RerunStateMachine initialized in mode disabled
[WARNING  | megatron.core.rerun_state_machine]: RerunStateMachine initialized in mode disabled
[WARNING  | megatron.core.rerun_state_machine]: RerunStateMachine initialized in mode disabled
[WARNING  | megatron.core.rerun_state_machine]: RerunStateMachine initialized in mode disabled
[WARNING  | megatron.core.rerun_state_machine]: RerunStateMachine initialized in mode disabled
[WARNING  | megatron.core.rerun_state_machine]: RerunStateMachine initialized in mode disabled
[WARNING  | megatron.core.rerun_state_machine]: RerunStateMachine initialized in mode disabled
[WARNING  | megatron.core.rerun_state_machine]: RerunStateMachine initialized in mode disabled
[WARNING  | megatron.core.rerun_state_machine]: RerunStateMachine initialized in mode disabled
[WARNING  | megatron.core.rerun_state_machine]: RerunStateMachine initialized in mode disabled
[WARNING  | megatron.core.rerun_state_machine]: RerunStateMachine initialized in mode disabled
[WARNING  | megatron.core.rerun_state_machine]: RerunStateMachine initialized in mode disabled
[WARNING  | megatron.core.rerun_state_machine]: RerunStateMachine initialized in mode disabled
[WARNING  | megatron.core.rerun_state_machine]: RerunStateMachine initialized in mode disabled
[WARNING  | megatron.core.rerun_state_machine]: RerunStateMachine initialized in mode disabled
[WARNING  | megatron.core.rerun_state_machine]: RerunStateMachine initialized in mode disabled
[WARNING  | megatron.core.rerun_state_machine]: RerunStateMachine initialized in mode disabled
[WARNING  | megatron.core.rerun_state_machine]: RerunStateMachine initialized in mode disabled
[WARNING  | megatron.core.rerun_state_machine]: RerunStateMachine initialized in mode disabled
[WARNING  | megatron.core.rerun_state_machine]: RerunStateMachine initialized in mode disabled
[WARNING  | megatron.core.rerun_state_machine]: RerunStateMachine initialized in mode disabled
[WARNING  | megatron.core.rerun_state_machine]: RerunStateMachine initialized in mode disabled
[WARNING  | megatron.core.rerun_state_machine]: RerunStateMachine initialized in mode disabled
using world size: 1024, data-parallel size: 32, context-parallel size: 1, hierarchical context-parallel sizes: None, tensor-model-parallel size: 4, encoder-tensor-model-parallel size: 0, pipeline-model-parallel size: 8, encoder-pipeline-model-parallel size: 0
WARNING: overriding default arguments for tokenizer_type:GPT2BPETokenizer                        with tokenizer_type:DeepSeekV2Tokenizer
WARNING: Setting args.overlap_p2p_comm and args.align_param_gather to False since non-interleaved schedule does not support overlapping p2p communication and aligned param AG
Number of virtual stages per pipeline stage: None
accumulate and all-reduce gradients in fp32 for bfloat16 data type.
using torch.bfloat16 for parameters ...
------------------------ arguments ------------------------
  account_for_embedding_in_pipeline_split ......... False
  account_for_loss_in_pipeline_split .............. False
  accumulate_allreduce_grads_in_fp32 .............. True
  adam_beta1 ...................................... 0.9
  adam_beta2 ...................................... 0.95
  adam_eps ........................................ 1e-08
  add_bias_linear ................................. False
  add_position_embedding .......................... True
  add_qkv_bias .................................... False
  adlr_autoresume ................................. False
  adlr_autoresume_interval ........................ 1000
  align_grad_reduce ............................... True
  align_param_gather .............................. False
  app_tag_run_name ................................ None
  app_tag_run_version ............................. 0.0.0
  apply_layernorm_1p .............................. False
  apply_query_key_layer_scaling ................... False
  apply_residual_connection_post_layernorm ........ False
  apply_rope_fusion ............................... False
  async_save ...................................... None
  async_tensor_model_parallel_allreduce ........... True
  attention_backend ............................... AttnBackend.auto
  attention_dropout ............................... 0.0
  attention_softmax_in_fp32 ....................... False
  auto_detect_ckpt_format ......................... False
  barrier_with_L1_time ............................ True
  bert_binary_head ................................ True
  bert_embedder_type .............................. megatron
  bert_load ....................................... None
  bf16 ............................................ True
  bias_dropout_fusion ............................. True
  bias_gelu_fusion ................................ False
  bias_swiglu_fusion .............................. True
  biencoder_projection_dim ........................ 0
  biencoder_shared_query_context_model ............ False
  block_data_path ................................. None
  calc_ft_timeouts ................................ False
  calculate_per_token_loss ........................ False
  check_for_large_grads ........................... False
  check_for_nan_in_loss_and_grad .................. True
  check_for_spiky_loss ............................ False
  check_weight_hash_across_dp_replicas_interval ... None
  ckpt_assume_constant_structure .................. False
  ckpt_convert_format ............................. None
  ckpt_convert_save ............................... None
  ckpt_convert_update_legacy_dist_opt_format ...... False
  ckpt_format ..................................... torch
  ckpt_fully_parallel_load ........................ False
  ckpt_fully_parallel_save ........................ True
  ckpt_fully_parallel_save_deprecated ............. False
  ckpt_step ....................................... None
  classes_fraction ................................ 1.0
  clip_grad ....................................... 1.0
  clone_scatter_output_in_embedding ............... True
  collect_log_path ................................ ./logs
  comm_time_log_iter .............................. None
  config_logger_dir ............................... 
  consumed_train_samples .......................... 0
  consumed_valid_samples .......................... 0
  context_parallel_size ........................... 1
  cp_comm_type .................................... ['p2p']
  create_attention_mask_in_dataloader ............. True
  cross_entropy_fusion_impl ....................... te
  cross_entropy_loss_fusion ....................... True
  cuda_graph_scope ................................ full
  cuda_graph_warmup_steps ......................... 3
  data_args_path .................................. None
  data_cache_path ................................. None
  data_parallel_random_init ....................... False
  data_parallel_sharding_strategy ................. no_shard
  data_parallel_size .............................. 32
  data_path ....................................... ['/public/home/onescience2026/xingjl/datasets/deepseekv3_dataset/mmap_deepseekv3_datasets_text_document']
  data_per_class_fraction ......................... 1.0
  data_sharding ................................... True
  dataloader_type ................................. single
  ddp_average_in_collective ....................... False
  ddp_bucket_size ................................. None
  ddp_num_buckets ................................. None
  ddp_pad_buckets_for_high_nccl_busbw ............. False
  decoder_first_pipeline_num_layers ............... 5
  decoder_last_pipeline_num_layers ................ None
  decoder_num_layers .............................. None
  decoder_seq_length .............................. None
  decoupled_lr .................................... None
  decoupled_min_lr ................................ None
  decrease_batch_size_if_needed ................... False
  defer_embedding_wgrad_compute ................... False
  delay_wgrad_compute ............................. False
  deprecated_use_mcore_models ..................... False
  deterministic_mode .............................. False
  dino_bottleneck_size ............................ 256
  dino_freeze_last_layer .......................... 1
  dino_head_hidden_size ........................... 2048
  dino_local_crops_number ......................... 10
  dino_local_img_size ............................. 96
  dino_norm_last_layer ............................ False
  dino_teacher_temp ............................... 0.07
  dino_warmup_teacher_temp ........................ 0.04
  dino_warmup_teacher_temp_epochs ................. 30
  disable_bf16_reduced_precision_matmul ........... False
  disable_mamba_mem_eff_path ...................... False
  disable_straggler_on_startup .................... False
  disable_vision_class_token ...................... False
  dist_ckpt_format_deprecated ..................... None
  dist_ckpt_strictness ............................ assume_ok_unexpected
  dist_url ........................................ tcp://a07r1n18:25905
  distribute_saved_activations .................... False
  distributed_backend ............................. nccl
  distributed_timeout_minutes ..................... 10
  embedding_path .................................. None
  empty_unused_memory_level ....................... 0
  enable_bw_flux_gemmrs_op ........................ True
  enable_cuda_graph ............................... False
  enable_dynamic_grad_comp ........................ False
  enable_experimental ............................. True
  enable_ft_package ............................... False
  enable_gloo_process_groups ...................... True
  enable_msc ...................................... True
  enable_one_logger ............................... True
  encoder_num_layers .............................. 61
  encoder_pipeline_model_parallel_size ............ 0
  encoder_seq_length .............................. 4096
  encoder_tensor_model_parallel_size .............. 0
  end_weight_decay ................................ 0.1
  eod_mask_loss ................................... False
  error_injection_rate ............................ 0
  error_injection_type ............................ transient_error
  eval_interval ................................... 10000
  eval_iters ...................................... -1
  evidence_data_path .............................. None
  exit_duration_in_mins ........................... None
  exit_interval ................................... None
  exit_on_missing_checkpoint ...................... False
  exit_signal_handler ............................. False
  exp_avg_dtype ................................... torch.float32
  exp_avg_sq_dtype ................................ torch.float32
  expert_model_parallel_size ...................... 64
  expert_tensor_parallel_size ..................... 1
  external_cuda_graph ............................. False
  extra_vocab_size ................................ 467
  ffn_hidden_size ................................. 18432
  fine_grained_activation_offloading .............. False
  finetune ........................................ False
  first_last_layers_bf16 .......................... False
  flash_decode .................................... False
  flux_transpose_weight ........................... False
  fp16 ............................................ False
  fp16_lm_cross_entropy ........................... False
  fp32_residual_connection ........................ False
  fp8 ............................................. None
  fp8_amax_compute_algo ........................... most_recent
  fp8_amax_history_len ............................ 1
  fp8_interval .................................... 1
  fp8_margin ...................................... 0
  fp8_param_gather ................................ False
  fp8_recipe ...................................... delayed
  fp8_wgrad ....................................... True
  freeze_LM ....................................... False
  freeze_ViT ...................................... False
  fsdp_double_buffer .............................. False
  global_batch_size ............................... 2048
  grad_comp ....................................... False
  grad_comp_warm_up ............................... 0.1
  grad_reduce_in_bf16 ............................. False
  gradient_accumulation_fusion .................... True
  gradient_reduce_div_fusion ...................... True
  gradient_sample_ratio ........................... 1.0
  group_query_attention ........................... False
  head_lr_mult .................................... 1.0
  heterogeneous_layers_config_encoded_json ........ None
  heterogeneous_layers_config_path ................ None
  hidden_dropout .................................. 0.0
  hidden_size ..................................... 7168
  hierarchical_context_parallel_sizes ............. None
  high_priority_stream_groups ..................... []
  hybrid_attention_ratio .......................... 0.0
  hybrid_mlp_ratio ................................ 0.0
  hybrid_override_pattern ......................... None
  hysteresis ...................................... 2
  ict_head_size ................................... None
  ict_load ........................................ None
  img_h ........................................... 224
  img_w ........................................... 224
  indexer_batch_size .............................. 128
  indexer_log_interval ............................ 1000
  inference_batch_times_seqlen_threshold .......... -1
  inference_dynamic_batching ...................... False
  inference_dynamic_batching_buffer_guaranteed_fraction  0.2
  inference_dynamic_batching_buffer_overflow_factor  None
  inference_dynamic_batching_buffer_size_gb ....... 40.0
  inference_dynamic_batching_chunk_size ........... 256
  inference_dynamic_batching_max_requests_override  None
  inference_dynamic_batching_max_tokens_override .. None
  inference_max_batch_size ........................ 8
  inference_max_seq_length ........................ 2560
  inference_rng_tracker ........................... False
  init_method_std ................................. 0.008
  init_method_xavier_uniform ...................... False
  init_model_with_meta_device ..................... False
  initial_loss_scale .............................. 4294967296
  inprocess_active_world_size ..................... 1
  inprocess_barrier_timeout ....................... 120
  inprocess_completion_timeout .................... 120
  inprocess_empty_cuda_cache ...................... False
  inprocess_granularity ........................... node
  inprocess_hard_timeout .......................... 90
  inprocess_heartbeat_interval .................... 30
  inprocess_heartbeat_timeout ..................... 60
  inprocess_last_call_wait ........................ 1
  inprocess_max_iterations ........................ None
  inprocess_monitor_process_interval .............. 1.0
  inprocess_monitor_thread_interval ............... 1.0
  inprocess_progress_watchdog_interval ............ 1.0
  inprocess_restart ............................... False
  inprocess_soft_timeout .......................... 60
  inprocess_termination_grace_time ................ 1
  is_hybrid_model ................................. False
  iter_per_epoch .................................. 1250
  iteration_sample_ratio .......................... 0.01
  iterations_to_skip .............................. []
  keep_fp8_transpose_cache_when_using_custom_fsdp . False
  kitchen_config_file ............................. None
  kitchen_recipe_number ........................... None
  kv_channels ..................................... 128
  kv_lora_rank .................................... 512
  lazy_mpu_init ................................... None
  load ............................................ ./ckpt
  load_model_opt_format ........................... False
  local_rank ...................................... 0
  log_energy ...................................... False
  log_interval .................................... 1
  log_loss_scale_to_tensorboard ................... True
  log_memory_to_tensorboard ....................... False
  log_num_zeros_in_grad ........................... False
  log_params_norm ................................. False
  log_progress .................................... False
  log_straggler ................................... False
  log_throughput .................................. True
  log_timers_to_tensorboard ....................... True
  log_validation_ppl_to_tensorboard ............... True
  log_world_size_to_tensorboard ................... False
  logging_level ................................... None
  loss_scale ...................................... None
  loss_scale_window ............................... 1000
  lr .............................................. 0.0001
  lr_decay_iters .................................. 10000
  lr_decay_samples ................................ None
  lr_decay_style .................................. cosine
  lr_warmup_fraction .............................. None
  lr_warmup_init .................................. 0.0
  lr_warmup_iters ................................. 2000
  lr_warmup_samples ............................... 0
  lr_wsd_decay_iters .............................. None
  lr_wsd_decay_samples ............................ None
  lr_wsd_decay_style .............................. exponential
  main_grads_dtype ................................ torch.float32
  main_params_dtype ............................... torch.float32
  make_vocab_size_divisible_by .................... 128
  mamba_head_dim .................................. 64
  mamba_num_groups ................................ 8
  mamba_num_heads ................................. None
  mamba_state_dim ................................. 128
  manual_gc ....................................... False
  manual_gc_eval .................................. True
  manual_gc_interval .............................. 0
  mask_factor ..................................... 1.0
  mask_prob ....................................... 0.15
  mask_type ....................................... random
  masked_softmax_fusion ........................... False
  max_padding_length .............................. None
  max_position_embeddings ......................... 163840
  max_tokens_to_oom ............................... 12000
  memory_snapshot_path ............................ snapshot.pickle
  merge_file ...................................... None
  micro_batch_size ................................ 1
  microbatch_group_size_per_vp_stage .............. None
  mid_level_dataset_surplus ....................... 0.005
  min_loss_scale .................................. 1.0
  min_lr .......................................... 1e-06
  min_offloaded_tensor_size ....................... 1048576
  mlp_chunks_for_prefill .......................... 1
  mmap_bin_files .................................. True
  mock_data ....................................... False
  moe_apply_probs_on_input ........................ False
  moe_aux_loss_coeff .............................. 0.001
  moe_deepep_num_sms .............................. 20
  moe_enable_deepep ............................... False
  moe_expert_capacity_factor ...................... 1.0
  moe_extended_tp ................................. False
  moe_ffn_hidden_size ............................. 2048
  moe_grouped_gemm ................................ True
  moe_input_jitter_eps ............................ None
  moe_layer_freq .................................. [0, 0, 0, 1, 1, 1, 1, 1, 1, 1, 1, 1, 1, 1, 1, 1, 1, 1, 1, 1, 1, 1, 1, 1, 1, 1, 1, 1, 1, 1, 1, 1, 1, 1, 1, 1, 1, 1, 1, 1, 1, 1, 1, 1, 1, 1, 1, 1, 1, 1, 1, 1, 1, 1, 1, 1, 1, 1, 1, 1, 1]
  moe_layer_recompute ............................. False
  moe_pad_expert_input_to_capacity ................ True
  moe_per_layer_logging ........................... False
  moe_permute_fusion .............................. True
  moe_router_bias_update_rate ..................... 0.001
  moe_router_dtype ................................ None
  moe_router_enable_expert_bias ................... True
  moe_router_force_load_balancing ................. False
  moe_router_group_topk ........................... 4
  moe_router_load_balancing_type .................. seq_aux_loss
  moe_router_num_groups ........................... 8
  moe_router_padding_for_fp8 ...................... False
  moe_router_pre_softmax .......................... False
  moe_router_score_function ....................... sigmoid
  moe_router_topk ................................. 8
  moe_router_topk_scaling_factor .................. 2.5
  moe_shared_expert_intermediate_size ............. 2048
  moe_shared_expert_overlap ....................... True
  moe_token_dispatcher_type ....................... alltoall
  moe_token_drop_policy ........................... probs
  moe_upcycling_granularity ....................... 1
  moe_use_legacy_grouped_gemm ..................... False
  moe_use_upcycling ............................... False
  moe_z_loss_coeff ................................ None
  mrope_section ................................... None
  mscale .......................................... 1.0
  mscale_all_dim .................................. 1.0
  mtp_loss_scaling_factor ......................... 0.1
  mtp_num_layers .................................. None
  multi_latent_attention .......................... True
  nccl_all_reduce_for_prefill ..................... False
  nccl_communicator_config_path ................... None
  nccl_ub ......................................... False
  no_load_optim ................................... True
  no_load_rng ..................................... True
  no_persist_layer_norm ........................... False
  no_rope_freq .................................... None
  no_save_optim ................................... True
  no_save_rng ..................................... None
  non_persistent_ckpt_type ........................ None
  non_persistent_global_ckpt_dir .................. None
  non_persistent_local_ckpt_algo .................. fully_parallel
  non_persistent_local_ckpt_dir ................... None
  non_persistent_save_interval .................... None
  norm_epsilon .................................... 1e-06
  normalization ................................... RMSNorm
  num_attention_heads ............................. 128
  num_channels .................................... 3
  num_classes ..................................... 1000
  num_dataset_builder_threads ..................... 1
  num_distributed_optimizer_instances ............. 1
  num_experts ..................................... 256
  num_layers ...................................... 61
  num_layers_at_end_in_bf16 ....................... 1
  num_layers_at_start_in_bf16 ..................... 1
  num_layers_per_virtual_pipeline_stage ........... None
  num_layers_to_build ............................. None
  num_query_groups ................................ 1
  num_virtual_stages_per_pipeline_rank ............ None
  num_workers ..................................... 8
  object_storage_cache_path ....................... None
  offload_modules ................................. None
  one_logger_async ................................ False
  one_logger_project .............................. megatron-lm
  one_logger_run_name ............................. None
  onnx_safe ....................................... None
  openai_gelu ..................................... False
  optimizer ....................................... adam
  optimizer_cpu_offload ........................... False
  optimizer_offload_fraction ...................... 1.0
  output_bert_embeddings .......................... False
  overlap_cpu_optimizer_d2h_h2d ................... False
  overlap_grad_reduce ............................. True
  overlap_moe_expert_parallel_comm ................ False
  overlap_moe_expert_parallel_comm_impl ........... dcu_megatron
  overlap_p2p_comm ................................ False
  overlap_p2p_comm_warmup_flush ................... False
  overlap_param_gather ............................ True
  overlap_param_gather_with_optimizer_step ........ False
  override_opt_param_scheduler .................... False
  parallel_linear_impl ............................ None
  params_dtype .................................... torch.bfloat16
  patch_dim ....................................... 16
  patch_size ...................................... 14
  per_split_data_args_path ........................ None
  perform_initialization .......................... True
  pin_cpu_grads ................................... True
  pin_cpu_params .................................. True
  pipeline_model_parallel_comm_backend ............ None
  pipeline_model_parallel_layout .................. None
  pipeline_model_parallel_size .................... 8
  pipeline_model_parallel_split_rank .............. None
  position_embedding_type ......................... rope
  pretrained_checkpoint ........................... None
  profile ......................................... False
  profile_dir ..................................... ./
  profile_ranks ................................... [0]
  profile_step_end ................................ 12
  profile_step_start .............................. 10
  q_lora_rank ..................................... 1536
  qk_head_dim ..................................... 128
  qk_l2_norm ...................................... False
  qk_layernorm .................................... True
  qk_pos_emb_head_dim ............................. 64
  quant_comm_bits ................................. 8
  quant_group_size ................................ None
  quant_scale_dtype ............................... bf16
  query_in_block_prob ............................. 0.1
  rampup_batch_size ............................... None
  rank ............................................ 0
  rank_adjust_window_size ......................... 1000
  recompute_granularity ........................... None
  recompute_method ................................ None
  recompute_modules ............................... None
  recompute_num_layers ............................ None
  record_memory_history ........................... False
  reduce_recompute_for_last_chunk ................. False
  relative_attention_max_distance ................. 128
  relative_attention_num_buckets .................. 32
  replication ..................................... False
  replication_factor .............................. 2
  replication_jump ................................ None
  reproduce ....................................... False
  rerun_mode ...................................... disabled
  reset_attention_mask ............................ False
  reset_position_ids .............................. False
  result_rejected_tracker_filename ................ None
  retriever_report_topk_accuracies ................ []
  retriever_score_scaling ......................... False
  retriever_seq_length ............................ 256
  retro_add_retriever ............................. False
  retro_attention_gate ............................ 1
  retro_cyclic_train_iters ........................ None
  retro_encoder_attention_dropout ................. 0.1
  retro_encoder_hidden_dropout .................... 0.1
  retro_encoder_layers ............................ 2
  retro_num_neighbors ............................. 2
  retro_num_retrieved_chunks ...................... 2
  retro_project_dir ............................... None
  retro_verify_neighbor_count ..................... True
  reuse_fp32_param ................................ False
  reuse_grad_buf_for_mxfp8_param_ag ............... False
  rope_scaling_factor ............................. 8.0
  rotary_base ..................................... 10000
  rotary_interleaved .............................. False
  rotary_percent .................................. 1.0
  rotary_scaling_factor ........................... 40.0
  rotary_seq_len_interpolation_factor ............. None
  run_workload_inspector_server ................... False
  sample_rate ..................................... 1.0
  save ............................................ None
  save_flux_gather_input .......................... False
  save_interval ................................... 500
  scatter_gather_tensors_in_pipeline .............. True
  schedule_method ................................. vanilla
  seed ............................................ 1234
  seq_length ...................................... 4096
  sequence_parallel ............................... True
  sft ............................................. False
  sft_tokenizer_prompt_format ..................... nemotron-h-aligned
  sgd_momentum .................................... 0.9
  short_seq_prob .................................. 0.1
  skip_train ...................................... False
  skipped_train_samples ........................... 0
  spatial_merge_size .............................. 2
  spec ............................................ None
  specify_layers .................................. None
  split ........................................... 99,1,0
  squared_relu .................................... False
  start_weight_decay .............................. 0.1
  straggler_ctrlr_port ............................ 65535
  straggler_minmax_count .......................... 1
  suggested_communication_unit_size ............... None
  swap_attention .................................. False
  swap_modules .................................... self_attention
  swiglu .......................................... True
  swin_backbone_type .............................. tiny
  symmetric_ar_type ............................... None
  te_rng_tracker .................................. False
  temporal_patch_size ............................. 2
  tensor_model_parallel_size ...................... 4
  tensorboard_dir ................................. ./ckpt/tensorboard/pretrain-mcore-deepseek-v3-A37B-lr-1e-4-minlr-1e-6-bs-1-gbs-2048-seqlen-4096-pr-bf16-tp-4-pp-8-cp-1-ac-none-do-true-sp-true-ti-5-wi-2000_2026.03.04-14.38.51
  tensorboard_log_interval ........................ 1
  tensorboard_queue_size .......................... 1
  test_data_path .................................. None
  test_mode ....................................... False
  tiktoken_num_special_tokens ..................... 1000
  tiktoken_pattern ................................ None
  tiktoken_special_tokens ......................... None
  timing_log_level ................................ 0
  timing_log_option ............................... minmax
  titles_data_path ................................ None
  tokenizer_model ................................. /public/home/onescience2026/xingjl/datasets/deepseekv3_dataset
  tokenizer_type .................................. DeepSeekV2Tokenizer
  torch_fsdp2_reshard_after_forward ............... True
  tp_comm_bootstrap_backend ....................... nccl
  tp_comm_bulk_dgrad .............................. True
  tp_comm_bulk_wgrad .............................. True
  tp_comm_overlap ................................. False
  tp_comm_overlap_ag .............................. True
  tp_comm_overlap_cfg ............................. None
  tp_comm_overlap_rs .............................. True
  tp_comm_overlap_rs_dgrad ........................ False
  tp_comm_split_ag ................................ True
  tp_comm_split_rs ................................ True
  train_data_path ................................. None
  train_iters ..................................... 5
  train_samples ................................... None
  train_sync_interval ............................. None
  transformer_impl ................................ transformer_engine
  transformer_pipeline_model_parallel_size ........ 8
  untie_embeddings_and_output_weights ............. True
  use_checkpoint_args ............................. False
  use_checkpoint_opt_param_scheduler .............. False
  use_ckpt_memory_cache ........................... False
  use_cpu_initialization .......................... None
  use_custom_fsdp ................................. False
  use_dist_ckpt ................................... False
  use_dist_ckpt_deprecated ........................ False
  use_distributed_optimizer ....................... True
  use_flash_attn .................................. False
  use_hip_profiler ................................ False
  use_intra_ep .................................... False
  use_legacy_models ............................... False
  use_mp_args_from_checkpoint_args ................ False
  use_one_sent_docs ............................... False
  use_optimizer_feature ........................... False
  use_persistent_ckpt_worker ...................... False
  use_precision_aware_optimizer ................... False
  use_pytorch_profiler ............................ False
  use_qk_norm ..................................... False
  use_quantize_comm ............................... True
  use_ring_exchange_p2p ........................... False
  use_rope_scaling ................................ True
  use_rotary_position_embeddings .................. True
  use_sharp ....................................... False
  use_tokenizer_model_from_checkpoint_args ........ True
  use_torch_fsdp2 ................................. False
  use_torch_optimizer_for_cpu_offload ............. False
  use_tp_pp_dp_mapping ............................ False
  v_head_dim ...................................... 128
  valid_data_path ................................. None
  variable_seq_lengths ............................ False
  virtual_pipeline_model_parallel_size ............ None
  vision_backbone_type ............................ vit
  vision_pretraining .............................. False
  vision_pretraining_type ......................... classify
  vocab_extra_ids ................................. 0
  vocab_file ...................................... None
  vocab_size ...................................... None
  wandb_exp_name .................................. 
  wandb_project ................................... 
  wandb_save_dir .................................. 
  weight_decay .................................... 0.1
  weight_decay_incr_style ......................... constant
  wgrad_deferral_limit ............................ 0
  world_size ...................................... 1024
  yaml_cfg ........................................ None
-------------------- end of arguments ---------------------
> building DeepSeekV2Tokenizer tokenizer ...
[WARNING  | megatron.core.rerun_state_machine]: RerunStateMachine initialized in mode disabled
[WARNING  | megatron.core.rerun_state_machine]: RerunStateMachine initialized in mode disabled
[WARNING  | megatron.core.rerun_state_machine]: RerunStateMachine initialized in mode disabled
[WARNING  | megatron.core.rerun_state_machine]: RerunStateMachine initialized in mode disabled
[WARNING  | megatron.core.rerun_state_machine]: RerunStateMachine initialized in mode disabled
> initializing torch distributed ...
[WARNING  | megatron.core.rerun_state_machine]: RerunStateMachine initialized in mode disabled
[WARNING  | megatron.core.rerun_state_machine]: RerunStateMachine initialized in mode disabled
[WARNING  | megatron.core.rerun_state_machine]: RerunStateMachine initialized in mode disabled
[WARNING  | megatron.core.rerun_state_machine]: RerunStateMachine initialized in mode disabled
[WARNING  | megatron.core.rerun_state_machine]: RerunStateMachine initialized in mode disabled
[WARNING  | megatron.core.rerun_state_machine]: RerunStateMachine initialized in mode disabled
[WARNING  | megatron.core.rerun_state_machine]: RerunStateMachine initialized in mode disabled
[WARNING  | megatron.core.rerun_state_machine]: RerunStateMachine initialized in mode disabled
[WARNING  | megatron.core.rerun_state_machine]: RerunStateMachine initialized in mode disabled
[WARNING  | megatron.core.rerun_state_machine]: RerunStateMachine initialized in mode disabled
[WARNING  | megatron.core.rerun_state_machine]: RerunStateMachine initialized in mode disabled
[WARNING  | megatron.core.rerun_state_machine]: RerunStateMachine initialized in mode disabled
[WARNING  | megatron.core.rerun_state_machine]: RerunStateMachine initialized in mode disabled
[WARNING  | megatron.core.rerun_state_machine]: RerunStateMachine initialized in mode disabled
[WARNING  | megatron.core.rerun_state_machine]: RerunStateMachine initialized in mode disabled
[WARNING  | megatron.core.rerun_state_machine]: RerunStateMachine initialized in mode disabled
[WARNING  | megatron.core.rerun_state_machine]: RerunStateMachine initialized in mode disabled
[WARNING  | megatron.core.rerun_state_machine]: RerunStateMachine initialized in mode disabled
[WARNING  | megatron.core.rerun_state_machine]: RerunStateMachine initialized in mode disabled
[WARNING  | megatron.core.rerun_state_machine]: RerunStateMachine initialized in mode disabled
[WARNING  | megatron.core.rerun_state_machine]: RerunStateMachine initialized in mode disabled
[WARNING  | megatron.core.rerun_state_machine]: RerunStateMachine initialized in mode disabled
[WARNING  | megatron.core.rerun_state_machine]: RerunStateMachine initialized in mode disabled
[WARNING  | megatron.core.rerun_state_machine]: RerunStateMachine initialized in mode disabled
[WARNING  | megatron.core.rerun_state_machine]: RerunStateMachine initialized in mode disabled
[WARNING  | megatron.core.rerun_state_machine]: RerunStateMachine initialized in mode disabled
[WARNING  | megatron.core.rerun_state_machine]: RerunStateMachine initialized in mode disabled
[WARNING  | megatron.core.rerun_state_machine]: RerunStateMachine initialized in mode disabled
[WARNING  | megatron.core.rerun_state_machine]: RerunStateMachine initialized in mode disabled
[WARNING  | megatron.core.rerun_state_machine]: RerunStateMachine initialized in mode disabled
[WARNING  | megatron.core.rerun_state_machine]: RerunStateMachine initialized in mode disabled
[WARNING  | megatron.core.rerun_state_machine]: RerunStateMachine initialized in mode disabled
[WARNING  | megatron.core.rerun_state_machine]: RerunStateMachine initialized in mode disabled
[WARNING  | megatron.core.rerun_state_machine]: RerunStateMachine initialized in mode disabled
[WARNING  | megatron.core.rerun_state_machine]: RerunStateMachine initialized in mode disabled
[WARNING  | megatron.core.rerun_state_machine]: RerunStateMachine initialized in mode disabled
[WARNING  | megatron.core.rerun_state_machine]: RerunStateMachine initialized in mode disabled
[WARNING  | megatron.core.rerun_state_machine]: RerunStateMachine initialized in mode disabled
[WARNING  | megatron.core.rerun_state_machine]: RerunStateMachine initialized in mode disabled
[WARNING  | megatron.core.rerun_state_machine]: RerunStateMachine initialized in mode disabled
[WARNING  | megatron.core.rerun_state_machine]: RerunStateMachine initialized in mode disabled
[WARNING  | megatron.core.rerun_state_machine]: RerunStateMachine initialized in mode disabled
[WARNING  | megatron.core.rerun_state_machine]: RerunStateMachine initialized in mode disabled
[WARNING  | megatron.core.rerun_state_machine]: RerunStateMachine initialized in mode disabled
[WARNING  | megatron.core.rerun_state_machine]: RerunStateMachine initialized in mode disabled
[WARNING  | megatron.core.rerun_state_machine]: RerunStateMachine initialized in mode disabled
[WARNING  | megatron.core.rerun_state_machine]: RerunStateMachine initialized in mode disabled
[WARNING  | megatron.core.rerun_state_machine]: RerunStateMachine initialized in mode disabled
[WARNING  | megatron.core.rerun_state_machine]: RerunStateMachine initialized in mode disabled
[WARNING  | megatron.core.rerun_state_machine]: RerunStateMachine initialized in mode disabled
[WARNING  | megatron.core.rerun_state_machine]: RerunStateMachine initialized in mode disabled
[WARNING  | megatron.core.rerun_state_machine]: RerunStateMachine initialized in mode disabled
[WARNING  | megatron.core.rerun_state_machine]: RerunStateMachine initialized in mode disabled
[WARNING  | megatron.core.rerun_state_machine]: RerunStateMachine initialized in mode disabled
[WARNING  | megatron.core.rerun_state_machine]: RerunStateMachine initialized in mode disabled
[WARNING  | megatron.core.rerun_state_machine]: RerunStateMachine initialized in mode disabled
[WARNING  | megatron.core.rerun_state_machine]: RerunStateMachine initialized in mode disabled
[WARNING  | megatron.core.rerun_state_machine]: RerunStateMachine initialized in mode disabled
[WARNING  | megatron.core.rerun_state_machine]: RerunStateMachine initialized in mode disabled
[WARNING  | megatron.core.rerun_state_machine]: RerunStateMachine initialized in mode disabled
[WARNING  | megatron.core.rerun_state_machine]: RerunStateMachine initialized in mode disabled
[WARNING  | megatron.core.rerun_state_machine]: RerunStateMachine initialized in mode disabled
[WARNING  | megatron.core.rerun_state_machine]: RerunStateMachine initialized in mode disabled
[WARNING  | megatron.core.rerun_state_machine]: RerunStateMachine initialized in mode disabled
[WARNING  | megatron.core.rerun_state_machine]: RerunStateMachine initialized in mode disabled
[WARNING  | megatron.core.rerun_state_machine]: RerunStateMachine initialized in mode disabled
[WARNING  | megatron.core.rerun_state_machine]: RerunStateMachine initialized in mode disabled
[WARNING  | megatron.core.rerun_state_machine]: RerunStateMachine initialized in mode disabled
[WARNING  | megatron.core.rerun_state_machine]: RerunStateMachine initialized in mode disabled
[WARNING  | megatron.core.rerun_state_machine]: RerunStateMachine initialized in mode disabled
[WARNING  | megatron.core.rerun_state_machine]: RerunStateMachine initialized in mode disabled
[WARNING  | megatron.core.rerun_state_machine]: RerunStateMachine initialized in mode disabled
[WARNING  | megatron.core.rerun_state_machine]: RerunStateMachine initialized in mode disabled
[WARNING  | megatron.core.rerun_state_machine]: RerunStateMachine initialized in mode disabled
[WARNING  | megatron.core.rerun_state_machine]: RerunStateMachine initialized in mode disabled
[WARNING  | megatron.core.rerun_state_machine]: RerunStateMachine initialized in mode disabled
[WARNING  | megatron.core.rerun_state_machine]: RerunStateMachine initialized in mode disabled
[WARNING  | megatron.core.rerun_state_machine]: RerunStateMachine initialized in mode disabled
[WARNING  | megatron.core.rerun_state_machine]: RerunStateMachine initialized in mode disabled
[WARNING  | megatron.core.rerun_state_machine]: RerunStateMachine initialized in mode disabled
[WARNING  | megatron.core.rerun_state_machine]: RerunStateMachine initialized in mode disabled
[WARNING  | megatron.core.rerun_state_machine]: RerunStateMachine initialized in mode disabled
[WARNING  | megatron.core.rerun_state_machine]: RerunStateMachine initialized in mode disabled
[WARNING  | megatron.core.rerun_state_machine]: RerunStateMachine initialized in mode disabled
[WARNING  | megatron.core.rerun_state_machine]: RerunStateMachine initialized in mode disabled
[WARNING  | megatron.core.rerun_state_machine]: RerunStateMachine initialized in mode disabled
[WARNING  | megatron.core.rerun_state_machine]: RerunStateMachine initialized in mode disabled
[WARNING  | megatron.core.rerun_state_machine]: RerunStateMachine initialized in mode disabled
[WARNING  | megatron.core.rerun_state_machine]: RerunStateMachine initialized in mode disabled
[WARNING  | megatron.core.rerun_state_machine]: RerunStateMachine initialized in mode disabled
[WARNING  | megatron.core.rerun_state_machine]: RerunStateMachine initialized in mode disabled
[WARNING  | megatron.core.rerun_state_machine]: RerunStateMachine initialized in mode disabled
[WARNING  | megatron.core.rerun_state_machine]: RerunStateMachine initialized in mode disabled
[WARNING  | megatron.core.rerun_state_machine]: RerunStateMachine initialized in mode disabled
[WARNING  | megatron.core.rerun_state_machine]: RerunStateMachine initialized in mode disabled
[WARNING  | megatron.core.rerun_state_machine]: RerunStateMachine initialized in mode disabled
[WARNING  | megatron.core.rerun_state_machine]: RerunStateMachine initialized in mode disabled
[WARNING  | megatron.core.rerun_state_machine]: RerunStateMachine initialized in mode disabled
[WARNING  | megatron.core.rerun_state_machine]: RerunStateMachine initialized in mode disabled
[WARNING  | megatron.core.rerun_state_machine]: RerunStateMachine initialized in mode disabled
[WARNING  | megatron.core.rerun_state_machine]: RerunStateMachine initialized in mode disabled
[WARNING  | megatron.core.rerun_state_machine]: RerunStateMachine initialized in mode disabled
[WARNING  | megatron.core.rerun_state_machine]: RerunStateMachine initialized in mode disabled
[WARNING  | megatron.core.rerun_state_machine]: RerunStateMachine initialized in mode disabled
[WARNING  | megatron.core.rerun_state_machine]: RerunStateMachine initialized in mode disabled
[WARNING  | megatron.core.rerun_state_machine]: RerunStateMachine initialized in mode disabled
[WARNING  | megatron.core.rerun_state_machine]: RerunStateMachine initialized in mode disabled
[WARNING  | megatron.core.rerun_state_machine]: RerunStateMachine initialized in mode disabled
[WARNING  | megatron.core.rerun_state_machine]: RerunStateMachine initialized in mode disabled
[WARNING  | megatron.core.rerun_state_machine]: RerunStateMachine initialized in mode disabled
[WARNING  | megatron.core.rerun_state_machine]: RerunStateMachine initialized in mode disabled
[WARNING  | megatron.core.rerun_state_machine]: RerunStateMachine initialized in mode disabled
[WARNING  | megatron.core.rerun_state_machine]: RerunStateMachine initialized in mode disabled
[WARNING  | megatron.core.rerun_state_machine]: RerunStateMachine initialized in mode disabled
[WARNING  | megatron.core.rerun_state_machine]: RerunStateMachine initialized in mode disabled
[WARNING  | megatron.core.rerun_state_machine]: RerunStateMachine initialized in mode disabled
[WARNING  | megatron.core.rerun_state_machine]: RerunStateMachine initialized in mode disabled
[WARNING  | megatron.core.rerun_state_machine]: RerunStateMachine initialized in mode disabled
[WARNING  | megatron.core.rerun_state_machine]: RerunStateMachine initialized in mode disabled
[WARNING  | megatron.core.rerun_state_machine]: RerunStateMachine initialized in mode disabled
[WARNING  | megatron.core.rerun_state_machine]: RerunStateMachine initialized in mode disabled
[WARNING  | megatron.core.rerun_state_machine]: RerunStateMachine initialized in mode disabled
[WARNING  | megatron.core.rerun_state_machine]: RerunStateMachine initialized in mode disabled
[WARNING  | megatron.core.rerun_state_machine]: RerunStateMachine initialized in mode disabled
[WARNING  | megatron.core.rerun_state_machine]: RerunStateMachine initialized in mode disabled
[WARNING  | megatron.core.rerun_state_machine]: RerunStateMachine initialized in mode disabled
[WARNING  | megatron.core.rerun_state_machine]: RerunStateMachine initialized in mode disabled
[WARNING  | megatron.core.rerun_state_machine]: RerunStateMachine initialized in mode disabled
[WARNING  | megatron.core.rerun_state_machine]: RerunStateMachine initialized in mode disabled
[WARNING  | megatron.core.rerun_state_machine]: RerunStateMachine initialized in mode disabled
[WARNING  | megatron.core.rerun_state_machine]: RerunStateMachine initialized in mode disabled
[WARNING  | megatron.core.rerun_state_machine]: RerunStateMachine initialized in mode disabled
[WARNING  | megatron.core.rerun_state_machine]: RerunStateMachine initialized in mode disabled
[WARNING  | megatron.core.rerun_state_machine]: RerunStateMachine initialized in mode disabled
[WARNING  | megatron.core.rerun_state_machine]: RerunStateMachine initialized in mode disabled
[WARNING  | megatron.core.rerun_state_machine]: RerunStateMachine initialized in mode disabled
[WARNING  | megatron.core.rerun_state_machine]: RerunStateMachine initialized in mode disabled
[WARNING  | megatron.core.rerun_state_machine]: RerunStateMachine initialized in mode disabled
[WARNING  | megatron.core.rerun_state_machine]: RerunStateMachine initialized in mode disabled
[WARNING  | megatron.core.rerun_state_machine]: RerunStateMachine initialized in mode disabled
[WARNING  | megatron.core.rerun_state_machine]: RerunStateMachine initialized in mode disabled
[WARNING  | megatron.core.rerun_state_machine]: RerunStateMachine initialized in mode disabled
[WARNING  | megatron.core.rerun_state_machine]: RerunStateMachine initialized in mode disabled
[WARNING  | megatron.core.rerun_state_machine]: RerunStateMachine initialized in mode disabled
[WARNING  | megatron.core.rerun_state_machine]: RerunStateMachine initialized in mode disabled
[WARNING  | megatron.core.rerun_state_machine]: RerunStateMachine initialized in mode disabled
[WARNING  | megatron.core.rerun_state_machine]: RerunStateMachine initialized in mode disabled
[WARNING  | megatron.core.rerun_state_machine]: RerunStateMachine initialized in mode disabled
[WARNING  | megatron.core.rerun_state_machine]: RerunStateMachine initialized in mode disabled
[WARNING  | megatron.core.rerun_state_machine]: RerunStateMachine initialized in mode disabled
[WARNING  | megatron.core.rerun_state_machine]: RerunStateMachine initialized in mode disabled
[WARNING  | megatron.core.rerun_state_machine]: RerunStateMachine initialized in mode disabled
[WARNING  | megatron.core.rerun_state_machine]: RerunStateMachine initialized in mode disabled
[WARNING  | megatron.core.rerun_state_machine]: RerunStateMachine initialized in mode disabled
[WARNING  | megatron.core.rerun_state_machine]: RerunStateMachine initialized in mode disabled
[WARNING  | megatron.core.rerun_state_machine]: RerunStateMachine initialized in mode disabled
[WARNING  | megatron.core.rerun_state_machine]: RerunStateMachine initialized in mode disabled
[WARNING  | megatron.core.rerun_state_machine]: RerunStateMachine initialized in mode disabled
[WARNING  | megatron.core.rerun_state_machine]: RerunStateMachine initialized in mode disabled
[WARNING  | megatron.core.rerun_state_machine]: RerunStateMachine initialized in mode disabled
[WARNING  | megatron.core.rerun_state_machine]: RerunStateMachine initialized in mode disabled
[WARNING  | megatron.core.rerun_state_machine]: RerunStateMachine initialized in mode disabled
[WARNING  | megatron.core.rerun_state_machine]: RerunStateMachine initialized in mode disabled
[WARNING  | megatron.core.rerun_state_machine]: RerunStateMachine initialized in mode disabled
[WARNING  | megatron.core.rerun_state_machine]: RerunStateMachine initialized in mode disabled
[WARNING  | megatron.core.rerun_state_machine]: RerunStateMachine initialized in mode disabled
[WARNING  | megatron.core.rerun_state_machine]: RerunStateMachine initialized in mode disabled
[WARNING  | megatron.core.rerun_state_machine]: RerunStateMachine initialized in mode disabled
[WARNING  | megatron.core.rerun_state_machine]: RerunStateMachine initialized in mode disabled
[WARNING  | megatron.core.rerun_state_machine]: RerunStateMachine initialized in mode disabled
[WARNING  | megatron.core.rerun_state_machine]: RerunStateMachine initialized in mode disabled
[WARNING  | megatron.core.rerun_state_machine]: RerunStateMachine initialized in mode disabled
[WARNING  | megatron.core.rerun_state_machine]: RerunStateMachine initialized in mode disabled
[WARNING  | megatron.core.rerun_state_machine]: RerunStateMachine initialized in mode disabled
[WARNING  | megatron.core.rerun_state_machine]: RerunStateMachine initialized in mode disabled
[WARNING  | megatron.core.rerun_state_machine]: RerunStateMachine initialized in mode disabled
[WARNING  | megatron.core.rerun_state_machine]: RerunStateMachine initialized in mode disabled
[WARNING  | megatron.core.rerun_state_machine]: RerunStateMachine initialized in mode disabled
[WARNING  | megatron.core.rerun_state_machine]: RerunStateMachine initialized in mode disabled
[WARNING  | megatron.core.rerun_state_machine]: RerunStateMachine initialized in mode disabled
[WARNING  | megatron.core.rerun_state_machine]: RerunStateMachine initialized in mode disabled
[WARNING  | megatron.core.rerun_state_machine]: RerunStateMachine initialized in mode disabled
[WARNING  | megatron.core.rerun_state_machine]: RerunStateMachine initialized in mode disabled
[WARNING  | megatron.core.rerun_state_machine]: RerunStateMachine initialized in mode disabled
[WARNING  | megatron.core.rerun_state_machine]: RerunStateMachine initialized in mode disabled
[WARNING  | megatron.core.rerun_state_machine]: RerunStateMachine initialized in mode disabled
[WARNING  | megatron.core.rerun_state_machine]: RerunStateMachine initialized in mode disabled
[WARNING  | megatron.core.rerun_state_machine]: RerunStateMachine initialized in mode disabled
[WARNING  | megatron.core.rerun_state_machine]: RerunStateMachine initialized in mode disabled
[WARNING  | megatron.core.rerun_state_machine]: RerunStateMachine initialized in mode disabled
[WARNING  | megatron.core.rerun_state_machine]: RerunStateMachine initialized in mode disabled
[WARNING  | megatron.core.rerun_state_machine]: RerunStateMachine initialized in mode disabled
[WARNING  | megatron.core.rerun_state_machine]: RerunStateMachine initialized in mode disabled
[WARNING  | megatron.core.rerun_state_machine]: RerunStateMachine initialized in mode disabled
[WARNING  | megatron.core.rerun_state_machine]: RerunStateMachine initialized in mode disabled
[WARNING  | megatron.core.rerun_state_machine]: RerunStateMachine initialized in mode disabled
[WARNING  | megatron.core.rerun_state_machine]: RerunStateMachine initialized in mode disabled
[WARNING  | megatron.core.rerun_state_machine]: RerunStateMachine initialized in mode disabled
[WARNING  | megatron.core.rerun_state_machine]: RerunStateMachine initialized in mode disabled
[WARNING  | megatron.core.rerun_state_machine]: RerunStateMachine initialized in mode disabled
[WARNING  | megatron.core.rerun_state_machine]: RerunStateMachine initialized in mode disabled
[WARNING  | megatron.core.rerun_state_machine]: RerunStateMachine initialized in mode disabled
[WARNING  | megatron.core.rerun_state_machine]: RerunStateMachine initialized in mode disabled
[WARNING  | megatron.core.rerun_state_machine]: RerunStateMachine initialized in mode disabled
[WARNING  | megatron.core.rerun_state_machine]: RerunStateMachine initialized in mode disabled
[WARNING  | megatron.core.rerun_state_machine]: RerunStateMachine initialized in mode disabled
[WARNING  | megatron.core.rerun_state_machine]: RerunStateMachine initialized in mode disabled
[WARNING  | megatron.core.rerun_state_machine]: RerunStateMachine initialized in mode disabled
[WARNING  | megatron.core.rerun_state_machine]: RerunStateMachine initialized in mode disabled
[WARNING  | megatron.core.rerun_state_machine]: RerunStateMachine initialized in mode disabled
[WARNING  | megatron.core.rerun_state_machine]: RerunStateMachine initialized in mode disabled
[WARNING  | megatron.core.rerun_state_machine]: RerunStateMachine initialized in mode disabled
[WARNING  | megatron.core.rerun_state_machine]: RerunStateMachine initialized in mode disabled
[WARNING  | megatron.core.rerun_state_machine]: RerunStateMachine initialized in mode disabled
[WARNING  | megatron.core.rerun_state_machine]: RerunStateMachine initialized in mode disabled
[WARNING  | megatron.core.rerun_state_machine]: RerunStateMachine initialized in mode disabled
[WARNING  | megatron.core.rerun_state_machine]: RerunStateMachine initialized in mode disabled
[WARNING  | megatron.core.rerun_state_machine]: RerunStateMachine initialized in mode disabled
[WARNING  | megatron.core.rerun_state_machine]: RerunStateMachine initialized in mode disabled
[WARNING  | megatron.core.rerun_state_machine]: RerunStateMachine initialized in mode disabled
[WARNING  | megatron.core.rerun_state_machine]: RerunStateMachine initialized in mode disabled
[WARNING  | megatron.core.rerun_state_machine]: RerunStateMachine initialized in mode disabled
[WARNING  | megatron.core.rerun_state_machine]: RerunStateMachine initialized in mode disabled
[WARNING  | megatron.core.rerun_state_machine]: RerunStateMachine initialized in mode disabled
[WARNING  | megatron.core.rerun_state_machine]: RerunStateMachine initialized in mode disabled
[WARNING  | megatron.core.rerun_state_machine]: RerunStateMachine initialized in mode disabled
[WARNING  | megatron.core.rerun_state_machine]: RerunStateMachine initialized in mode disabled
[WARNING  | megatron.core.rerun_state_machine]: RerunStateMachine initialized in mode disabled
[WARNING  | megatron.core.rerun_state_machine]: RerunStateMachine initialized in mode disabled
[WARNING  | megatron.core.rerun_state_machine]: RerunStateMachine initialized in mode disabled
[WARNING  | megatron.core.rerun_state_machine]: RerunStateMachine initialized in mode disabled
[WARNING  | megatron.core.rerun_state_machine]: RerunStateMachine initialized in mode disabled
[WARNING  | megatron.core.rerun_state_machine]: RerunStateMachine initialized in mode disabled
[WARNING  | megatron.core.rerun_state_machine]: RerunStateMachine initialized in mode disabled
[WARNING  | megatron.core.rerun_state_machine]: RerunStateMachine initialized in mode disabled
[WARNING  | megatron.core.rerun_state_machine]: RerunStateMachine initialized in mode disabled
[WARNING  | megatron.core.rerun_state_machine]: RerunStateMachine initialized in mode disabled
[WARNING  | megatron.core.rerun_state_machine]: RerunStateMachine initialized in mode disabled
[WARNING  | megatron.core.rerun_state_machine]: RerunStateMachine initialized in mode disabled
[WARNING  | megatron.core.rerun_state_machine]: RerunStateMachine initialized in mode disabled
[WARNING  | megatron.core.rerun_state_machine]: RerunStateMachine initialized in mode disabled
[WARNING  | megatron.core.rerun_state_machine]: RerunStateMachine initialized in mode disabled
[WARNING  | megatron.core.rerun_state_machine]: RerunStateMachine initialized in mode disabled
[WARNING  | megatron.core.rerun_state_machine]: RerunStateMachine initialized in mode disabled
[WARNING  | megatron.core.rerun_state_machine]: RerunStateMachine initialized in mode disabled
[WARNING  | megatron.core.rerun_state_machine]: RerunStateMachine initialized in mode disabled
[WARNING  | megatron.core.rerun_state_machine]: RerunStateMachine initialized in mode disabled
[WARNING  | megatron.core.rerun_state_machine]: RerunStateMachine initialized in mode disabled
[WARNING  | megatron.core.rerun_state_machine]: RerunStateMachine initialized in mode disabled
[WARNING  | megatron.core.rerun_state_machine]: RerunStateMachine initialized in mode disabled
[WARNING  | megatron.core.rerun_state_machine]: RerunStateMachine initialized in mode disabled
[WARNING  | megatron.core.rerun_state_machine]: RerunStateMachine initialized in mode disabled
[WARNING  | megatron.core.rerun_state_machine]: RerunStateMachine initialized in mode disabled
[WARNING  | megatron.core.rerun_state_machine]: RerunStateMachine initialized in mode disabled
[WARNING  | megatron.core.rerun_state_machine]: RerunStateMachine initialized in mode disabled
[WARNING  | megatron.core.rerun_state_machine]: RerunStateMachine initialized in mode disabled
[WARNING  | megatron.core.rerun_state_machine]: RerunStateMachine initialized in mode disabled
[WARNING  | megatron.core.rerun_state_machine]: RerunStateMachine initialized in mode disabled
[WARNING  | megatron.core.rerun_state_machine]: RerunStateMachine initialized in mode disabled
[WARNING  | megatron.core.rerun_state_machine]: RerunStateMachine initialized in mode disabled
[WARNING  | megatron.core.rerun_state_machine]: RerunStateMachine initialized in mode disabled
[WARNING  | megatron.core.rerun_state_machine]: RerunStateMachine initialized in mode disabled
[WARNING  | megatron.core.rerun_state_machine]: RerunStateMachine initialized in mode disabled
[WARNING  | megatron.core.rerun_state_machine]: RerunStateMachine initialized in mode disabled
[WARNING  | megatron.core.rerun_state_machine]: RerunStateMachine initialized in mode disabled
[WARNING  | megatron.core.rerun_state_machine]: RerunStateMachine initialized in mode disabled
[WARNING  | megatron.core.rerun_state_machine]: RerunStateMachine initialized in mode disabled
[WARNING  | megatron.core.rerun_state_machine]: RerunStateMachine initialized in mode disabled
[WARNING  | megatron.core.rerun_state_machine]: RerunStateMachine initialized in mode disabled
[WARNING  | megatron.core.rerun_state_machine]: RerunStateMachine initialized in mode disabled
[WARNING  | megatron.core.rerun_state_machine]: RerunStateMachine initialized in mode disabled
[WARNING  | megatron.core.rerun_state_machine]: RerunStateMachine initialized in mode disabled
[WARNING  | megatron.core.rerun_state_machine]: RerunStateMachine initialized in mode disabled
[WARNING  | megatron.core.rerun_state_machine]: RerunStateMachine initialized in mode disabled
[WARNING  | megatron.core.rerun_state_machine]: RerunStateMachine initialized in mode disabled
[WARNING  | megatron.core.rerun_state_machine]: RerunStateMachine initialized in mode disabled
[WARNING  | megatron.core.rerun_state_machine]: RerunStateMachine initialized in mode disabled
[WARNING  | megatron.core.rerun_state_machine]: RerunStateMachine initialized in mode disabled
[WARNING  | megatron.core.rerun_state_machine]: RerunStateMachine initialized in mode disabled
[WARNING  | megatron.core.rerun_state_machine]: RerunStateMachine initialized in mode disabled
[WARNING  | megatron.core.rerun_state_machine]: RerunStateMachine initialized in mode disabled
[WARNING  | megatron.core.rerun_state_machine]: RerunStateMachine initialized in mode disabled
[WARNING  | megatron.core.rerun_state_machine]: RerunStateMachine initialized in mode disabled
[WARNING  | megatron.core.rerun_state_machine]: RerunStateMachine initialized in mode disabled
[WARNING  | megatron.core.rerun_state_machine]: RerunStateMachine initialized in mode disabled
[WARNING  | megatron.core.rerun_state_machine]: RerunStateMachine initialized in mode disabled
[WARNING  | megatron.core.rerun_state_machine]: RerunStateMachine initialized in mode disabled
[WARNING  | megatron.core.rerun_state_machine]: RerunStateMachine initialized in mode disabled
[WARNING  | megatron.core.rerun_state_machine]: RerunStateMachine initialized in mode disabled
[WARNING  | megatron.core.rerun_state_machine]: RerunStateMachine initialized in mode disabled
[WARNING  | megatron.core.rerun_state_machine]: RerunStateMachine initialized in mode disabled
[WARNING  | megatron.core.rerun_state_machine]: RerunStateMachine initialized in mode disabled
[WARNING  | megatron.core.rerun_state_machine]: RerunStateMachine initialized in mode disabled
[WARNING  | megatron.core.rerun_state_machine]: RerunStateMachine initialized in mode disabled
[WARNING  | megatron.core.rerun_state_machine]: RerunStateMachine initialized in mode disabled
[WARNING  | megatron.core.rerun_state_machine]: RerunStateMachine initialized in mode disabled
[WARNING  | megatron.core.rerun_state_machine]: RerunStateMachine initialized in mode disabled
[WARNING  | megatron.core.rerun_state_machine]: RerunStateMachine initialized in mode disabled
[WARNING  | megatron.core.rerun_state_machine]: RerunStateMachine initialized in mode disabled
[WARNING  | megatron.core.rerun_state_machine]: RerunStateMachine initialized in mode disabled
[WARNING  | megatron.core.rerun_state_machine]: RerunStateMachine initialized in mode disabled
[WARNING  | megatron.core.rerun_state_machine]: RerunStateMachine initialized in mode disabled
[WARNING  | megatron.core.rerun_state_machine]: RerunStateMachine initialized in mode disabled
[WARNING  | megatron.core.rerun_state_machine]: RerunStateMachine initialized in mode disabled
[WARNING  | megatron.core.rerun_state_machine]: RerunStateMachine initialized in mode disabled
[WARNING  | megatron.core.rerun_state_machine]: RerunStateMachine initialized in mode disabled
[WARNING  | megatron.core.rerun_state_machine]: RerunStateMachine initialized in mode disabled
[WARNING  | megatron.core.rerun_state_machine]: RerunStateMachine initialized in mode disabled
[WARNING  | megatron.core.rerun_state_machine]: RerunStateMachine initialized in mode disabled
[WARNING  | megatron.core.rerun_state_machine]: RerunStateMachine initialized in mode disabled
[WARNING  | megatron.core.rerun_state_machine]: RerunStateMachine initialized in mode disabled
[WARNING  | megatron.core.rerun_state_machine]: RerunStateMachine initialized in mode disabled
[WARNING  | megatron.core.rerun_state_machine]: RerunStateMachine initialized in mode disabled
[WARNING  | megatron.core.rerun_state_machine]: RerunStateMachine initialized in mode disabled
[WARNING  | megatron.core.rerun_state_machine]: RerunStateMachine initialized in mode disabled
[WARNING  | megatron.core.rerun_state_machine]: RerunStateMachine initialized in mode disabled
[WARNING  | megatron.core.rerun_state_machine]: RerunStateMachine initialized in mode disabled
[WARNING  | megatron.core.rerun_state_machine]: RerunStateMachine initialized in mode disabled
[WARNING  | megatron.core.rerun_state_machine]: RerunStateMachine initialized in mode disabled
[WARNING  | megatron.core.rerun_state_machine]: RerunStateMachine initialized in mode disabled
[WARNING  | megatron.core.rerun_state_machine]: RerunStateMachine initialized in mode disabled
[WARNING  | megatron.core.rerun_state_machine]: RerunStateMachine initialized in mode disabled
[WARNING  | megatron.core.rerun_state_machine]: RerunStateMachine initialized in mode disabled
[WARNING  | megatron.core.rerun_state_machine]: RerunStateMachine initialized in mode disabled
[WARNING  | megatron.core.rerun_state_machine]: RerunStateMachine initialized in mode disabled
[WARNING  | megatron.core.rerun_state_machine]: RerunStateMachine initialized in mode disabled
[WARNING  | megatron.core.rerun_state_machine]: RerunStateMachine initialized in mode disabled
[WARNING  | megatron.core.rerun_state_machine]: RerunStateMachine initialized in mode disabled
[WARNING  | megatron.core.rerun_state_machine]: RerunStateMachine initialized in mode disabled
[WARNING  | megatron.core.rerun_state_machine]: RerunStateMachine initialized in mode disabled
[WARNING  | megatron.core.rerun_state_machine]: RerunStateMachine initialized in mode disabled
[WARNING  | megatron.core.rerun_state_machine]: RerunStateMachine initialized in mode disabled
[WARNING  | megatron.core.rerun_state_machine]: RerunStateMachine initialized in mode disabled
[WARNING  | megatron.core.rerun_state_machine]: RerunStateMachine initialized in mode disabled
[WARNING  | megatron.core.rerun_state_machine]: RerunStateMachine initialized in mode disabled
[WARNING  | megatron.core.rerun_state_machine]: RerunStateMachine initialized in mode disabled
[WARNING  | megatron.core.rerun_state_machine]: RerunStateMachine initialized in mode disabled
[WARNING  | megatron.core.rerun_state_machine]: RerunStateMachine initialized in mode disabled
[WARNING  | megatron.core.rerun_state_machine]: RerunStateMachine initialized in mode disabled
[WARNING  | megatron.core.rerun_state_machine]: RerunStateMachine initialized in mode disabled
[WARNING  | megatron.core.rerun_state_machine]: RerunStateMachine initialized in mode disabled
[WARNING  | megatron.core.rerun_state_machine]: RerunStateMachine initialized in mode disabled
[WARNING  | megatron.core.rerun_state_machine]: RerunStateMachine initialized in mode disabled
[WARNING  | megatron.core.rerun_state_machine]: RerunStateMachine initialized in mode disabled
[WARNING  | megatron.core.rerun_state_machine]: RerunStateMachine initialized in mode disabled
[WARNING  | megatron.core.rerun_state_machine]: RerunStateMachine initialized in mode disabled
[WARNING  | megatron.core.rerun_state_machine]: RerunStateMachine initialized in mode disabled
[WARNING  | megatron.core.rerun_state_machine]: RerunStateMachine initialized in mode disabled
[WARNING  | megatron.core.rerun_state_machine]: RerunStateMachine initialized in mode disabled
[WARNING  | megatron.core.rerun_state_machine]: RerunStateMachine initialized in mode disabled
[WARNING  | megatron.core.rerun_state_machine]: RerunStateMachine initialized in mode disabled
[WARNING  | megatron.core.rerun_state_machine]: RerunStateMachine initialized in mode disabled
[WARNING  | megatron.core.rerun_state_machine]: RerunStateMachine initialized in mode disabled
[WARNING  | megatron.core.rerun_state_machine]: RerunStateMachine initialized in mode disabled
[WARNING  | megatron.core.rerun_state_machine]: RerunStateMachine initialized in mode disabled
[WARNING  | megatron.core.rerun_state_machine]: RerunStateMachine initialized in mode disabled
[WARNING  | megatron.core.rerun_state_machine]: RerunStateMachine initialized in mode disabled
[WARNING  | megatron.core.rerun_state_machine]: RerunStateMachine initialized in mode disabled
[WARNING  | megatron.core.rerun_state_machine]: RerunStateMachine initialized in mode disabled
[WARNING  | megatron.core.rerun_state_machine]: RerunStateMachine initialized in mode disabled
[WARNING  | megatron.core.rerun_state_machine]: RerunStateMachine initialized in mode disabled
[WARNING  | megatron.core.rerun_state_machine]: RerunStateMachine initialized in mode disabled
[WARNING  | megatron.core.rerun_state_machine]: RerunStateMachine initialized in mode disabled
[WARNING  | megatron.core.rerun_state_machine]: RerunStateMachine initialized in mode disabled
[WARNING  | megatron.core.rerun_state_machine]: RerunStateMachine initialized in mode disabled
[WARNING  | megatron.core.rerun_state_machine]: RerunStateMachine initialized in mode disabled
[WARNING  | megatron.core.rerun_state_machine]: RerunStateMachine initialized in mode disabled
[WARNING  | megatron.core.rerun_state_machine]: RerunStateMachine initialized in mode disabled
[WARNING  | megatron.core.rerun_state_machine]: RerunStateMachine initialized in mode disabled
[WARNING  | megatron.core.rerun_state_machine]: RerunStateMachine initialized in mode disabled
[WARNING  | megatron.core.rerun_state_machine]: RerunStateMachine initialized in mode disabled
[WARNING  | megatron.core.rerun_state_machine]: RerunStateMachine initialized in mode disabled
[WARNING  | megatron.core.rerun_state_machine]: RerunStateMachine initialized in mode disabled
[WARNING  | megatron.core.rerun_state_machine]: RerunStateMachine initialized in mode disabled
[WARNING  | megatron.core.rerun_state_machine]: RerunStateMachine initialized in mode disabled
[WARNING  | megatron.core.rerun_state_machine]: RerunStateMachine initialized in mode disabled
[WARNING  | megatron.core.rerun_state_machine]: RerunStateMachine initialized in mode disabled
[WARNING  | megatron.core.rerun_state_machine]: RerunStateMachine initialized in mode disabled
[WARNING  | megatron.core.rerun_state_machine]: RerunStateMachine initialized in mode disabled
[WARNING  | megatron.core.rerun_state_machine]: RerunStateMachine initialized in mode disabled
[WARNING  | megatron.core.rerun_state_machine]: RerunStateMachine initialized in mode disabled
[WARNING  | megatron.core.rerun_state_machine]: RerunStateMachine initialized in mode disabled
[WARNING  | megatron.core.rerun_state_machine]: RerunStateMachine initialized in mode disabled
[WARNING  | megatron.core.rerun_state_machine]: RerunStateMachine initialized in mode disabled
[WARNING  | megatron.core.rerun_state_machine]: RerunStateMachine initialized in mode disabled
[WARNING  | megatron.core.rerun_state_machine]: RerunStateMachine initialized in mode disabled
[WARNING  | megatron.core.rerun_state_machine]: RerunStateMachine initialized in mode disabled
[WARNING  | megatron.core.rerun_state_machine]: RerunStateMachine initialized in mode disabled
[WARNING  | megatron.core.rerun_state_machine]: RerunStateMachine initialized in mode disabled
[WARNING  | megatron.core.rerun_state_machine]: RerunStateMachine initialized in mode disabled
[WARNING  | megatron.core.rerun_state_machine]: RerunStateMachine initialized in mode disabled
[WARNING  | megatron.core.rerun_state_machine]: RerunStateMachine initialized in mode disabled
[WARNING  | megatron.core.rerun_state_machine]: RerunStateMachine initialized in mode disabled
[WARNING  | megatron.core.rerun_state_machine]: RerunStateMachine initialized in mode disabled
[WARNING  | megatron.core.rerun_state_machine]: RerunStateMachine initialized in mode disabled
[WARNING  | megatron.core.rerun_state_machine]: RerunStateMachine initialized in mode disabled
[WARNING  | megatron.core.rerun_state_machine]: RerunStateMachine initialized in mode disabled
[WARNING  | megatron.core.rerun_state_machine]: RerunStateMachine initialized in mode disabled
[WARNING  | megatron.core.rerun_state_machine]: RerunStateMachine initialized in mode disabled
[WARNING  | megatron.core.rerun_state_machine]: RerunStateMachine initialized in mode disabled
[WARNING  | megatron.core.rerun_state_machine]: RerunStateMachine initialized in mode disabled
[WARNING  | megatron.core.rerun_state_machine]: RerunStateMachine initialized in mode disabled
[WARNING  | megatron.core.rerun_state_machine]: RerunStateMachine initialized in mode disabled
[WARNING  | megatron.core.rerun_state_machine]: RerunStateMachine initialized in mode disabled
[WARNING  | megatron.core.rerun_state_machine]: RerunStateMachine initialized in mode disabled
[WARNING  | megatron.core.rerun_state_machine]: RerunStateMachine initialized in mode disabled
[WARNING  | megatron.core.rerun_state_machine]: RerunStateMachine initialized in mode disabled
[WARNING  | megatron.core.rerun_state_machine]: RerunStateMachine initialized in mode disabled
[WARNING  | megatron.core.rerun_state_machine]: RerunStateMachine initialized in mode disabled
[WARNING  | megatron.core.rerun_state_machine]: RerunStateMachine initialized in mode disabled
[WARNING  | megatron.core.rerun_state_machine]: RerunStateMachine initialized in mode disabled
[WARNING  | megatron.core.rerun_state_machine]: RerunStateMachine initialized in mode disabled
[WARNING  | megatron.core.rerun_state_machine]: RerunStateMachine initialized in mode disabled
[WARNING  | megatron.core.rerun_state_machine]: RerunStateMachine initialized in mode disabled
[WARNING  | megatron.core.rerun_state_machine]: RerunStateMachine initialized in mode disabled
[WARNING  | megatron.core.rerun_state_machine]: RerunStateMachine initialized in mode disabled
[WARNING  | megatron.core.rerun_state_machine]: RerunStateMachine initialized in mode disabled
[WARNING  | megatron.core.rerun_state_machine]: RerunStateMachine initialized in mode disabled
[WARNING  | megatron.core.rerun_state_machine]: RerunStateMachine initialized in mode disabled
[WARNING  | megatron.core.rerun_state_machine]: RerunStateMachine initialized in mode disabled
[WARNING  | megatron.core.rerun_state_machine]: RerunStateMachine initialized in mode disabled
[WARNING  | megatron.core.rerun_state_machine]: RerunStateMachine initialized in mode disabled
[WARNING  | megatron.core.rerun_state_machine]: RerunStateMachine initialized in mode disabled
[WARNING  | megatron.core.rerun_state_machine]: RerunStateMachine initialized in mode disabled
[WARNING  | megatron.core.rerun_state_machine]: RerunStateMachine initialized in mode disabled
[WARNING  | megatron.core.rerun_state_machine]: RerunStateMachine initialized in mode disabled
[WARNING  | megatron.core.rerun_state_machine]: RerunStateMachine initialized in mode disabled
[WARNING  | megatron.core.rerun_state_machine]: RerunStateMachine initialized in mode disabled
[WARNING  | megatron.core.rerun_state_machine]: RerunStateMachine initialized in mode disabled
[WARNING  | megatron.core.rerun_state_machine]: RerunStateMachine initialized in mode disabled
[WARNING  | megatron.core.rerun_state_machine]: RerunStateMachine initialized in mode disabled
[WARNING  | megatron.core.rerun_state_machine]: RerunStateMachine initialized in mode disabled
[WARNING  | megatron.core.rerun_state_machine]: RerunStateMachine initialized in mode disabled
[WARNING  | megatron.core.rerun_state_machine]: RerunStateMachine initialized in mode disabled
[WARNING  | megatron.core.rerun_state_machine]: RerunStateMachine initialized in mode disabled
[WARNING  | megatron.core.rerun_state_machine]: RerunStateMachine initialized in mode disabled
[WARNING  | megatron.core.rerun_state_machine]: RerunStateMachine initialized in mode disabled
[WARNING  | megatron.core.rerun_state_machine]: RerunStateMachine initialized in mode disabled
[WARNING  | megatron.core.rerun_state_machine]: RerunStateMachine initialized in mode disabled
[WARNING  | megatron.core.rerun_state_machine]: RerunStateMachine initialized in mode disabled
[WARNING  | megatron.core.rerun_state_machine]: RerunStateMachine initialized in mode disabled
[WARNING  | megatron.core.rerun_state_machine]: RerunStateMachine initialized in mode disabled
[WARNING  | megatron.core.rerun_state_machine]: RerunStateMachine initialized in mode disabled
[WARNING  | megatron.core.rerun_state_machine]: RerunStateMachine initialized in mode disabled
[WARNING  | megatron.core.rerun_state_machine]: RerunStateMachine initialized in mode disabled
[WARNING  | megatron.core.rerun_state_machine]: RerunStateMachine initialized in mode disabled
[WARNING  | megatron.core.rerun_state_machine]: RerunStateMachine initialized in mode disabled
[WARNING  | megatron.core.rerun_state_machine]: RerunStateMachine initialized in mode disabled
[WARNING  | megatron.core.rerun_state_machine]: RerunStateMachine initialized in mode disabled
[WARNING  | megatron.core.rerun_state_machine]: RerunStateMachine initialized in mode disabled
[WARNING  | megatron.core.rerun_state_machine]: RerunStateMachine initialized in mode disabled
[WARNING  | megatron.core.rerun_state_machine]: RerunStateMachine initialized in mode disabled
[WARNING  | megatron.core.rerun_state_machine]: RerunStateMachine initialized in mode disabled
[WARNING  | megatron.core.rerun_state_machine]: RerunStateMachine initialized in mode disabled
[WARNING  | megatron.core.rerun_state_machine]: RerunStateMachine initialized in mode disabled
[WARNING  | megatron.core.rerun_state_machine]: RerunStateMachine initialized in mode disabled
[WARNING  | megatron.core.rerun_state_machine]: RerunStateMachine initialized in mode disabled
[WARNING  | megatron.core.rerun_state_machine]: RerunStateMachine initialized in mode disabled
[WARNING  | megatron.core.rerun_state_machine]: RerunStateMachine initialized in mode disabled
[WARNING  | megatron.core.rerun_state_machine]: RerunStateMachine initialized in mode disabled
[WARNING  | megatron.core.rerun_state_machine]: RerunStateMachine initialized in mode disabled
[WARNING  | megatron.core.rerun_state_machine]: RerunStateMachine initialized in mode disabled
[WARNING  | megatron.core.rerun_state_machine]: RerunStateMachine initialized in mode disabled
[WARNING  | megatron.core.rerun_state_machine]: RerunStateMachine initialized in mode disabled
[WARNING  | megatron.core.rerun_state_machine]: RerunStateMachine initialized in mode disabled
[WARNING  | megatron.core.rerun_state_machine]: RerunStateMachine initialized in mode disabled
[WARNING  | megatron.core.rerun_state_machine]: RerunStateMachine initialized in mode disabled
[WARNING  | megatron.core.rerun_state_machine]: RerunStateMachine initialized in mode disabled
[WARNING  | megatron.core.rerun_state_machine]: RerunStateMachine initialized in mode disabled
[WARNING  | megatron.core.rerun_state_machine]: RerunStateMachine initialized in mode disabled
[WARNING  | megatron.core.rerun_state_machine]: RerunStateMachine initialized in mode disabled
[WARNING  | megatron.core.rerun_state_machine]: RerunStateMachine initialized in mode disabled
[WARNING  | megatron.core.rerun_state_machine]: RerunStateMachine initialized in mode disabled
[WARNING  | megatron.core.rerun_state_machine]: RerunStateMachine initialized in mode disabled
[WARNING  | megatron.core.rerun_state_machine]: RerunStateMachine initialized in mode disabled
[WARNING  | megatron.core.rerun_state_machine]: RerunStateMachine initialized in mode disabled
[WARNING  | megatron.core.rerun_state_machine]: RerunStateMachine initialized in mode disabled
[WARNING  | megatron.core.rerun_state_machine]: RerunStateMachine initialized in mode disabled
[WARNING  | megatron.core.rerun_state_machine]: RerunStateMachine initialized in mode disabled
[WARNING  | megatron.core.rerun_state_machine]: RerunStateMachine initialized in mode disabled
[WARNING  | megatron.core.rerun_state_machine]: RerunStateMachine initialized in mode disabled
[WARNING  | megatron.core.rerun_state_machine]: RerunStateMachine initialized in mode disabled
[WARNING  | megatron.core.rerun_state_machine]: RerunStateMachine initialized in mode disabled
[WARNING  | megatron.core.rerun_state_machine]: RerunStateMachine initialized in mode disabled
[WARNING  | megatron.core.rerun_state_machine]: RerunStateMachine initialized in mode disabled
[WARNING  | megatron.core.rerun_state_machine]: RerunStateMachine initialized in mode disabled
[WARNING  | megatron.core.rerun_state_machine]: RerunStateMachine initialized in mode disabled
[WARNING  | megatron.core.rerun_state_machine]: RerunStateMachine initialized in mode disabled
[WARNING  | megatron.core.rerun_state_machine]: RerunStateMachine initialized in mode disabled
[WARNING  | megatron.core.rerun_state_machine]: RerunStateMachine initialized in mode disabled
[WARNING  | megatron.core.rerun_state_machine]: RerunStateMachine initialized in mode disabled
[WARNING  | megatron.core.rerun_state_machine]: RerunStateMachine initialized in mode disabled
[WARNING  | megatron.core.rerun_state_machine]: RerunStateMachine initialized in mode disabled
[WARNING  | megatron.core.rerun_state_machine]: RerunStateMachine initialized in mode disabled
[WARNING  | megatron.core.rerun_state_machine]: RerunStateMachine initialized in mode disabled
[WARNING  | megatron.core.rerun_state_machine]: RerunStateMachine initialized in mode disabled
[WARNING  | megatron.core.rerun_state_machine]: RerunStateMachine initialized in mode disabled
[WARNING  | megatron.core.rerun_state_machine]: RerunStateMachine initialized in mode disabled
[WARNING  | megatron.core.rerun_state_machine]: RerunStateMachine initialized in mode disabled
[WARNING  | megatron.core.rerun_state_machine]: RerunStateMachine initialized in mode disabled
[WARNING  | megatron.core.rerun_state_machine]: RerunStateMachine initialized in mode disabled
[WARNING  | megatron.core.rerun_state_machine]: RerunStateMachine initialized in mode disabled
[WARNING  | megatron.core.rerun_state_machine]: RerunStateMachine initialized in mode disabled
[WARNING  | megatron.core.rerun_state_machine]: RerunStateMachine initialized in mode disabled
[WARNING  | megatron.core.rerun_state_machine]: RerunStateMachine initialized in mode disabled
[WARNING  | megatron.core.rerun_state_machine]: RerunStateMachine initialized in mode disabled
[WARNING  | megatron.core.rerun_state_machine]: RerunStateMachine initialized in mode disabled
[WARNING  | megatron.core.rerun_state_machine]: RerunStateMachine initialized in mode disabled
[WARNING  | megatron.core.rerun_state_machine]: RerunStateMachine initialized in mode disabled
[WARNING  | megatron.core.rerun_state_machine]: RerunStateMachine initialized in mode disabled
[WARNING  | megatron.core.rerun_state_machine]: RerunStateMachine initialized in mode disabled
[WARNING  | megatron.core.rerun_state_machine]: RerunStateMachine initialized in mode disabled
[WARNING  | megatron.core.rerun_state_machine]: RerunStateMachine initialized in mode disabled
[WARNING  | megatron.core.rerun_state_machine]: RerunStateMachine initialized in mode disabled
[WARNING  | megatron.core.rerun_state_machine]: RerunStateMachine initialized in mode disabled
[WARNING  | megatron.core.rerun_state_machine]: RerunStateMachine initialized in mode disabled
[WARNING  | megatron.core.rerun_state_machine]: RerunStateMachine initialized in mode disabled
[WARNING  | megatron.core.rerun_state_machine]: RerunStateMachine initialized in mode disabled
[WARNING  | megatron.core.rerun_state_machine]: RerunStateMachine initialized in mode disabled
[WARNING  | megatron.core.rerun_state_machine]: RerunStateMachine initialized in mode disabled
[WARNING  | megatron.core.rerun_state_machine]: RerunStateMachine initialized in mode disabled
[WARNING  | megatron.core.rerun_state_machine]: RerunStateMachine initialized in mode disabled
[WARNING  | megatron.core.rerun_state_machine]: RerunStateMachine initialized in mode disabled
[WARNING  | megatron.core.rerun_state_machine]: RerunStateMachine initialized in mode disabled
[WARNING  | megatron.core.rerun_state_machine]: RerunStateMachine initialized in mode disabled
[WARNING  | megatron.core.rerun_state_machine]: RerunStateMachine initialized in mode disabled
[WARNING  | megatron.core.rerun_state_machine]: RerunStateMachine initialized in mode disabled
[WARNING  | megatron.core.rerun_state_machine]: RerunStateMachine initialized in mode disabled
[WARNING  | megatron.core.rerun_state_machine]: RerunStateMachine initialized in mode disabled
[WARNING  | megatron.core.rerun_state_machine]: RerunStateMachine initialized in mode disabled
[WARNING  | megatron.core.rerun_state_machine]: RerunStateMachine initialized in mode disabled
[WARNING  | megatron.core.rerun_state_machine]: RerunStateMachine initialized in mode disabled
[WARNING  | megatron.core.rerun_state_machine]: RerunStateMachine initialized in mode disabled
[WARNING  | megatron.core.rerun_state_machine]: RerunStateMachine initialized in mode disabled
[WARNING  | megatron.core.rerun_state_machine]: RerunStateMachine initialized in mode disabled
[WARNING  | megatron.core.rerun_state_machine]: RerunStateMachine initialized in mode disabled
[WARNING  | megatron.core.rerun_state_machine]: RerunStateMachine initialized in mode disabled
[WARNING  | megatron.core.rerun_state_machine]: RerunStateMachine initialized in mode disabled
[WARNING  | megatron.core.rerun_state_machine]: RerunStateMachine initialized in mode disabled
[WARNING  | megatron.core.rerun_state_machine]: RerunStateMachine initialized in mode disabled
[WARNING  | megatron.core.rerun_state_machine]: RerunStateMachine initialized in mode disabled
[WARNING  | megatron.core.rerun_state_machine]: RerunStateMachine initialized in mode disabled
[WARNING  | megatron.core.rerun_state_machine]: RerunStateMachine initialized in mode disabled
[WARNING  | megatron.core.rerun_state_machine]: RerunStateMachine initialized in mode disabled
[WARNING  | megatron.core.rerun_state_machine]: RerunStateMachine initialized in mode disabled
[WARNING  | megatron.core.rerun_state_machine]: RerunStateMachine initialized in mode disabled
[WARNING  | megatron.core.rerun_state_machine]: RerunStateMachine initialized in mode disabled
[WARNING  | megatron.core.rerun_state_machine]: RerunStateMachine initialized in mode disabled
[WARNING  | megatron.core.rerun_state_machine]: RerunStateMachine initialized in mode disabled
[WARNING  | megatron.core.rerun_state_machine]: RerunStateMachine initialized in mode disabled
[WARNING  | megatron.core.rerun_state_machine]: RerunStateMachine initialized in mode disabled
[WARNING  | megatron.core.rerun_state_machine]: RerunStateMachine initialized in mode disabled
[WARNING  | megatron.core.rerun_state_machine]: RerunStateMachine initialized in mode disabled
[WARNING  | megatron.core.rerun_state_machine]: RerunStateMachine initialized in mode disabled
[WARNING  | megatron.core.rerun_state_machine]: RerunStateMachine initialized in mode disabled
[WARNING  | megatron.core.rerun_state_machine]: RerunStateMachine initialized in mode disabled
[WARNING  | megatron.core.rerun_state_machine]: RerunStateMachine initialized in mode disabled
[WARNING  | megatron.core.rerun_state_machine]: RerunStateMachine initialized in mode disabled
[WARNING  | megatron.core.rerun_state_machine]: RerunStateMachine initialized in mode disabled
[WARNING  | megatron.core.rerun_state_machine]: RerunStateMachine initialized in mode disabled
[WARNING  | megatron.core.rerun_state_machine]: RerunStateMachine initialized in mode disabled
[WARNING  | megatron.core.rerun_state_machine]: RerunStateMachine initialized in mode disabled
[WARNING  | megatron.core.rerun_state_machine]: RerunStateMachine initialized in mode disabled
[WARNING  | megatron.core.rerun_state_machine]: RerunStateMachine initialized in mode disabled
[WARNING  | megatron.core.rerun_state_machine]: RerunStateMachine initialized in mode disabled
[WARNING  | megatron.core.rerun_state_machine]: RerunStateMachine initialized in mode disabled
[WARNING  | megatron.core.rerun_state_machine]: RerunStateMachine initialized in mode disabled
[WARNING  | megatron.core.rerun_state_machine]: RerunStateMachine initialized in mode disabled
[WARNING  | megatron.core.rerun_state_machine]: RerunStateMachine initialized in mode disabled
[WARNING  | megatron.core.rerun_state_machine]: RerunStateMachine initialized in mode disabled
[WARNING  | megatron.core.rerun_state_machine]: RerunStateMachine initialized in mode disabled
[WARNING  | megatron.core.rerun_state_machine]: RerunStateMachine initialized in mode disabled
[WARNING  | megatron.core.rerun_state_machine]: RerunStateMachine initialized in mode disabled
[WARNING  | megatron.core.rerun_state_machine]: RerunStateMachine initialized in mode disabled
[WARNING  | megatron.core.rerun_state_machine]: RerunStateMachine initialized in mode disabled
[WARNING  | megatron.core.rerun_state_machine]: RerunStateMachine initialized in mode disabled
[WARNING  | megatron.core.rerun_state_machine]: RerunStateMachine initialized in mode disabled
[WARNING  | megatron.core.rerun_state_machine]: RerunStateMachine initialized in mode disabled
[WARNING  | megatron.core.rerun_state_machine]: RerunStateMachine initialized in mode disabled
[WARNING  | megatron.core.rerun_state_machine]: RerunStateMachine initialized in mode disabled
[WARNING  | megatron.core.rerun_state_machine]: RerunStateMachine initialized in mode disabled
[WARNING  | megatron.core.rerun_state_machine]: RerunStateMachine initialized in mode disabled
[WARNING  | megatron.core.rerun_state_machine]: RerunStateMachine initialized in mode disabled
[WARNING  | megatron.core.rerun_state_machine]: RerunStateMachine initialized in mode disabled
[WARNING  | megatron.core.rerun_state_machine]: RerunStateMachine initialized in mode disabled
[WARNING  | megatron.core.rerun_state_machine]: RerunStateMachine initialized in mode disabled
[WARNING  | megatron.core.rerun_state_machine]: RerunStateMachine initialized in mode disabled
[WARNING  | megatron.core.rerun_state_machine]: RerunStateMachine initialized in mode disabled
[WARNING  | megatron.core.rerun_state_machine]: RerunStateMachine initialized in mode disabled
WARNING: Logging before InitGoogleLogging() is written to STDERR
W0304 14:39:08.053005 1947618 ProcessGroupNCCL.cpp:4834] [PG ID 0 PG GUID 0 Rank 53]  using GPU 5 as device used by this process is currently unknown. This can potentially cause a hang if this rank to GPU mapping is incorrect. You can pecify device_id in init_process_group() to force use of a particular device.
WARNING: Logging before InitGoogleLogging() is written to STDERR
W0304 14:39:08.053056 1947811 ProcessGroupNCCL.cpp:4834] [PG ID 0 PG GUID 0 Rank 57]  using GPU 1 as device used by this process is currently unknown. This can potentially cause a hang if this rank to GPU mapping is incorrect. You can pecify device_id in init_process_group() to force use of a particular device.
WARNING: Logging before InitGoogleLogging() is written to STDERR
W0304 14:39:08.053361 1947437 ProcessGroupNCCL.cpp:4834] [PG ID 0 PG GUID 0 Rank 37]  using GPU 5 as device used by this process is currently unknown. This can potentially cause a hang if this rank to GPU mapping is incorrect. You can pecify device_id in init_process_group() to force use of a particular device.
WARNING: Logging before InitGoogleLogging() is written to STDERR
W0304 14:39:08.053732 1947444 ProcessGroupNCCL.cpp:4834] [PG ID 0 PG GUID 0 Rank 33]  using GPU 1 as device used by this process is currently unknown. This can potentially cause a hang if this rank to GPU mapping is incorrect. You can pecify device_id in init_process_group() to force use of a particular device.
WARNING: Logging before InitGoogleLogging() is written to STDERR
W0304 14:39:08.053856 1947607 ProcessGroupNCCL.cpp:4834] [PG ID 0 PG GUID 0 Rank 49]  using GPU 1 as device used by this process is currently unknown. This can potentially cause a hang if this rank to GPU mapping is incorrect. You can pecify device_id in init_process_group() to force use of a particular device.
WARNING: Logging before InitGoogleLogging() is written to STDERR
W0304 14:39:08.053802 1943828 ProcessGroupNCCL.cpp:4834] [PG ID 0 PG GUID 0 Rank 117]  using GPU 5 as device used by this process is currently unknown. This can potentially cause a hang if this rank to GPU mapping is incorrect. You can pecify device_id in init_process_group() to force use of a particular device.
WARNING: Logging before InitGoogleLogging() is written to STDERR
W0304 14:39:08.053923 1947907 ProcessGroupNCCL.cpp:4834] [PG ID 0 PG GUID 0 Rank 61]  using GPU 5 as device used by this process is currently unknown. This can potentially cause a hang if this rank to GPU mapping is incorrect. You can pecify device_id in init_process_group() to force use of a particular device.
WARNING: Logging before InitGoogleLogging() is written to STDERR
W0304 14:39:08.054189 1948765 ProcessGroupNCCL.cpp:4834] [PG ID 0 PG GUID 0 Rank 45]  using GPU 5 as device used by this process is currently unknown. This can potentially cause a hang if this rank to GPU mapping is incorrect. You can pecify device_id in init_process_group() to force use of a particular device.
WARNING: Logging before InitGoogleLogging() is written to STDERR
W0304 14:39:08.054252 1963693 ProcessGroupNCCL.cpp:4834] [PG ID 0 PG GUID 0 Rank 125]  using GPU 5 as device used by this process is currently unknown. This can potentially cause a hang if this rank to GPU mapping is incorrect. You can pecify device_id in init_process_group() to force use of a particular device.
WARNING: Logging before InitGoogleLogging() is written to STDERR
W0304 14:39:08.054391 1893370 ProcessGroupNCCL.cpp:4834] [PG ID 0 PG GUID 0 Rank 17]  using GPU 1 as device used by this process is currently unknown. This can potentially cause a hang if this rank to GPU mapping is incorrect. You can pecify device_id in init_process_group() to force use of a particular device.
WARNING: Logging before InitGoogleLogging() is written to STDERR
W0304 14:39:08.054561 1948851 ProcessGroupNCCL.cpp:4834] [PG ID 0 PG GUID 0 Rank 41]  using GPU 1 as device used by this process is currently unknown. This can potentially cause a hang if this rank to GPU mapping is incorrect. You can pecify device_id in init_process_group() to force use of a particular device.
WARNING: Logging before InitGoogleLogging() is written to STDERR
W0304 14:39:08.054513 1968513 ProcessGroupNCCL.cpp:4834] [PG ID 0 PG GUID 0 Rank 109]  using GPU 5 as device used by this process is currently unknown. This can potentially cause a hang if this rank to GPU mapping is incorrect. You can pecify device_id in init_process_group() to force use of a particular device.
WARNING: Logging before InitGoogleLogging() is written to STDERR
W0304 14:39:08.054622 1963569 ProcessGroupNCCL.cpp:4834] [PG ID 0 PG GUID 0 Rank 121]  using GPU 1 as device used by this process is currently unknown. This can potentially cause a hang if this rank to GPU mapping is incorrect. You can pecify device_id in init_process_group() to force use of a particular device.
WARNING: Logging before InitGoogleLogging() is written to STDERR
W0304 14:39:08.054791 1944371 ProcessGroupNCCL.cpp:4834] [PG ID 0 PG GUID 0 Rank 97]  using GPU 1 as device used by this process is currently unknown. This can potentially cause a hang if this rank to GPU mapping is incorrect. You can pecify device_id in init_process_group() to force use of a particular device.
WARNING: Logging before InitGoogleLogging() is written to STDERR
W0304 14:39:08.054803 1925833 ProcessGroupNCCL.cpp:4834] [PG ID 0 PG GUID 0 Rank 65]  using GPU 1 as device used by this process is currently unknown. This can potentially cause a hang if this rank to GPU mapping is incorrect. You can pecify device_id in init_process_group() to force use of a particular device.
WARNING: Logging before InitGoogleLogging() is written to STDERR
W0304 14:39:08.054903 1909149 ProcessGroupNCCL.cpp:4834] [PG ID 0 PG GUID 0 Rank 73]  using GPU 1 as device used by this process is currently unknown. This can potentially cause a hang if this rank to GPU mapping is incorrect. You can pecify device_id in init_process_group() to force use of a particular device.
WARNING: Logging before InitGoogleLogging() is written to STDERR
W0304 14:39:08.054862 1950003 ProcessGroupNCCL.cpp:4834] [PG ID 0 PG GUID 0 Rank 25]  using GPU 1 as device used by this process is currently unknown. This can potentially cause a hang if this rank to GPU mapping is incorrect. You can pecify device_id in init_process_group() to force use of a particular device.
WARNING: Logging before InitGoogleLogging() is written to STDERR
W0304 14:39:08.055101 1943794 ProcessGroupNCCL.cpp:4834] [PG ID 0 PG GUID 0 Rank 113]  using GPU 1 as device used by this process is currently unknown. This can potentially cause a hang if this rank to GPU mapping is incorrect. You can pecify device_id in init_process_group() to force use of a particular device.
WARNING: Logging before InitGoogleLogging() is written to STDERR
W0304 14:39:08.055366 1909073 ProcessGroupNCCL.cpp:4834] [PG ID 0 PG GUID 0 Rank 77]  using GPU 5 as device used by this process is currently unknown. This can potentially cause a hang if this rank to GPU mapping is incorrect. You can pecify device_id in init_process_group() to force use of a particular device.
WARNING: Logging before InitGoogleLogging() is written to STDERR
W0304 14:39:08.055454 1908923 ProcessGroupNCCL.cpp:4834] [PG ID 0 PG GUID 0 Rank 81]  using GPU 1 as device used by this process is currently unknown. This can potentially cause a hang if this rank to GPU mapping is incorrect. You can pecify device_id in init_process_group() to force use of a particular device.
WARNING: Logging before InitGoogleLogging() is written to STDERR
W0304 14:39:08.055572 1968514 ProcessGroupNCCL.cpp:4834] [PG ID 0 PG GUID 0 Rank 105]  using GPU 1 as device used by this process is currently unknown. This can potentially cause a hang if this rank to GPU mapping is incorrect. You can pecify device_id in init_process_group() to force use of a particular device.
WARNING: Logging before InitGoogleLogging() is written to STDERR
W0304 14:39:08.055529 1950011 ProcessGroupNCCL.cpp:4834] [PG ID 0 PG GUID 0 Rank 29]  using GPU 5 as device used by this process is currently unknown. This can potentially cause a hang if this rank to GPU mapping is incorrect. You can pecify device_id in init_process_group() to force use of a particular device.
WARNING: Logging before InitGoogleLogging() is written to STDERR
W0304 14:39:08.055675 1944414 ProcessGroupNCCL.cpp:4834] [PG ID 0 PG GUID 0 Rank 101]  using GPU 5 as device used by this process is currently unknown. This can potentially cause a hang if this rank to GPU mapping is incorrect. You can pecify device_id in init_process_group() to force use of a particular device.
WARNING: Logging before InitGoogleLogging() is written to STDERR
W0304 14:39:08.055943 1909014 ProcessGroupNCCL.cpp:4834] [PG ID 0 PG GUID 0 Rank 85]  using GPU 5 as device used by this process is currently unknown. This can potentially cause a hang if this rank to GPU mapping is incorrect. You can pecify device_id in init_process_group() to force use of a particular device.
WARNING: Logging before InitGoogleLogging() is written to STDERR
W0304 14:39:08.055876 1891449 ProcessGroupNCCL.cpp:4834] [PG ID 0 PG GUID 0 Rank 9]  using GPU 1 as device used by this process is currently unknown. This can potentially cause a hang if this rank to GPU mapping is incorrect. You can pecify device_id in init_process_group() to force use of a particular device.
WARNING: Logging before InitGoogleLogging() is written to STDERR
W0304 14:39:08.056170 1893452 ProcessGroupNCCL.cpp:4834] [PG ID 0 PG GUID 0 Rank 21]  using GPU 5 as device used by this process is currently unknown. This can potentially cause a hang if this rank to GPU mapping is incorrect. You can pecify device_id in init_process_group() to force use of a particular device.
WARNING: Logging before InitGoogleLogging() is written to STDERR
W0304 14:39:08.056103 2222238 ProcessGroupNCCL.cpp:4834] [PG ID 0 PG GUID 0 Rank 5]  using GPU 5 as device used by this process is currently unknown. This can potentially cause a hang if this rank to GPU mapping is incorrect. You can pecify device_id in init_process_group() to force use of a particular device.
WARNING: Logging before InitGoogleLogging() is written to STDERR
W0304 14:39:08.056013 1891633 ProcessGroupNCCL.cpp:4834] [PG ID 0 PG GUID 0 Rank 13]  using GPU 5 as device used by this process is currently unknown. This can potentially cause a hang if this rank to GPU mapping is incorrect. You can pecify device_id in init_process_group() to force use of a particular device.
[WARNING  | megatron.core.rerun_state_machine]: RerunStateMachine initialized in mode disabled
WARNING: Logging before InitGoogleLogging() is written to STDERR
W0304 14:39:08.056711 1945521 ProcessGroupNCCL.cpp:4834] [PG ID 0 PG GUID 0 Rank 89]  using GPU 1 as device used by this process is currently unknown. This can potentially cause a hang if this rank to GPU mapping is incorrect. You can pecify device_id in init_process_group() to force use of a particular device.
WARNING: Logging before InitGoogleLogging() is written to STDERR
W0304 14:39:08.056742 2222092 ProcessGroupNCCL.cpp:4834] [PG ID 0 PG GUID 0 Rank 1]  using GPU 1 as device used by this process is currently unknown. This can potentially cause a hang if this rank to GPU mapping is incorrect. You can pecify device_id in init_process_group() to force use of a particular device.
WARNING: Logging before InitGoogleLogging() is written to STDERR
W0304 14:39:08.056941 1925822 ProcessGroupNCCL.cpp:4834] [PG ID 0 PG GUID 0 Rank 69]  using GPU 5 as device used by this process is currently unknown. This can potentially cause a hang if this rank to GPU mapping is incorrect. You can pecify device_id in init_process_group() to force use of a particular device.
WARNING: Logging before InitGoogleLogging() is written to STDERR
W0304 14:39:08.057761 1945548 ProcessGroupNCCL.cpp:4834] [PG ID 0 PG GUID 0 Rank 93]  using GPU 5 as device used by this process is currently unknown. This can potentially cause a hang if this rank to GPU mapping is incorrect. You can pecify device_id in init_process_group() to force use of a particular device.
[WARNING  | megatron.core.rerun_state_machine]: RerunStateMachine initialized in mode disabled
[WARNING  | megatron.core.rerun_state_machine]: RerunStateMachine initialized in mode disabled
[WARNING  | megatron.core.rerun_state_machine]: RerunStateMachine initialized in mode disabled
[WARNING  | megatron.core.rerun_state_machine]: RerunStateMachine initialized in mode disabled
[WARNING  | megatron.core.rerun_state_machine]: RerunStateMachine initialized in mode disabled
[WARNING  | megatron.core.rerun_state_machine]: RerunStateMachine initialized in mode disabled
[WARNING  | megatron.core.rerun_state_machine]: RerunStateMachine initialized in mode disabled
[WARNING  | megatron.core.rerun_state_machine]: RerunStateMachine initialized in mode disabled
[WARNING  | megatron.core.rerun_state_machine]: RerunStateMachine initialized in mode disabled
[WARNING  | megatron.core.rerun_state_machine]: RerunStateMachine initialized in mode disabled
[WARNING  | megatron.core.rerun_state_machine]: RerunStateMachine initialized in mode disabled
[WARNING  | megatron.core.rerun_state_machine]: RerunStateMachine initialized in mode disabled
[WARNING  | megatron.core.rerun_state_machine]: RerunStateMachine initialized in mode disabled
[WARNING  | megatron.core.rerun_state_machine]: RerunStateMachine initialized in mode disabled
[WARNING  | megatron.core.rerun_state_machine]: RerunStateMachine initialized in mode disabled
[WARNING  | megatron.core.rerun_state_machine]: RerunStateMachine initialized in mode disabled
[WARNING  | megatron.core.rerun_state_machine]: RerunStateMachine initialized in mode disabled
[WARNING  | megatron.core.rerun_state_machine]: RerunStateMachine initialized in mode disabled
[WARNING  | megatron.core.rerun_state_machine]: RerunStateMachine initialized in mode disabled
[WARNING  | megatron.core.rerun_state_machine]: RerunStateMachine initialized in mode disabled
[WARNING  | megatron.core.rerun_state_machine]: RerunStateMachine initialized in mode disabled
[WARNING  | megatron.core.rerun_state_machine]: RerunStateMachine initialized in mode disabled
[WARNING  | megatron.core.rerun_state_machine]: RerunStateMachine initialized in mode disabled
[WARNING  | megatron.core.rerun_state_machine]: RerunStateMachine initialized in mode disabled
[WARNING  | megatron.core.rerun_state_machine]: RerunStateMachine initialized in mode disabled
> setting tensorboard ...
[WARNING  | megatron.core.rerun_state_machine]: RerunStateMachine initialized in mode disabled
[WARNING  | megatron.core.rerun_state_machine]: RerunStateMachine initialized in mode disabled
WARNING: one_logger package is required to enable e2e metrics tracking. please go to https://confluence.nvidia.com/display/MLWFO/Package+Repositories for details to install it
[WARNING  | megatron.core.rerun_state_machine]: RerunStateMachine initialized in mode disabled
[WARNING  | megatron.core.rerun_state_machine]: RerunStateMachine initialized in mode disabled
[WARNING  | megatron.core.rerun_state_machine]: RerunStateMachine initialized in mode disabled
[WARNING  | megatron.core.rerun_state_machine]: RerunStateMachine initialized in mode disabled
[WARNING  | megatron.core.rerun_state_machine]: RerunStateMachine initialized in mode disabled
[WARNING  | megatron.core.rerun_state_machine]: RerunStateMachine initialized in mode disabled
[WARNING  | megatron.core.rerun_state_machine]: RerunStateMachine initialized in mode disabled
[WARNING  | megatron.core.rerun_state_machine]: RerunStateMachine initialized in mode disabled
[WARNING  | megatron.core.rerun_state_machine]: RerunStateMachine initialized in mode disabled
[WARNING  | megatron.core.rerun_state_machine]: RerunStateMachine initialized in mode disabled
[WARNING  | megatron.core.rerun_state_machine]: RerunStateMachine initialized in mode disabled
[WARNING  | megatron.core.rerun_state_machine]: RerunStateMachine initialized in mode disabled
[WARNING  | megatron.core.rerun_state_machine]: RerunStateMachine initialized in mode disabled
[WARNING  | megatron.core.rerun_state_machine]: RerunStateMachine initialized in mode disabled
[WARNING  | megatron.core.rerun_state_machine]: RerunStateMachine initialized in mode disabled
[WARNING  | megatron.core.rerun_state_machine]: RerunStateMachine initialized in mode disabled
[WARNING  | megatron.core.rerun_state_machine]: RerunStateMachine initialized in mode disabled
[WARNING  | megatron.core.rerun_state_machine]: RerunStateMachine initialized in mode disabled
[WARNING  | megatron.core.rerun_state_machine]: RerunStateMachine initialized in mode disabled
[WARNING  | megatron.core.rerun_state_machine]: RerunStateMachine initialized in mode disabled
[WARNING  | megatron.core.rerun_state_machine]: RerunStateMachine initialized in mode disabled
[WARNING  | megatron.core.rerun_state_machine]: RerunStateMachine initialized in mode disabled
[WARNING  | megatron.core.rerun_state_machine]: RerunStateMachine initialized in mode disabled
[WARNING  | megatron.core.rerun_state_machine]: RerunStateMachine initialized in mode disabled
[WARNING  | megatron.core.rerun_state_machine]: RerunStateMachine initialized in mode disabled
[WARNING  | megatron.core.rerun_state_machine]: RerunStateMachine initialized in mode disabled
[WARNING  | megatron.core.rerun_state_machine]: RerunStateMachine initialized in mode disabled
[WARNING  | megatron.core.rerun_state_machine]: RerunStateMachine initialized in mode disabled
[WARNING  | megatron.core.rerun_state_machine]: RerunStateMachine initialized in mode disabled
[WARNING  | megatron.core.rerun_state_machine]: RerunStateMachine initialized in mode disabled
[WARNING  | megatron.core.rerun_state_machine]: RerunStateMachine initialized in mode disabled
[WARNING  | megatron.core.rerun_state_machine]: RerunStateMachine initialized in mode disabled
[WARNING  | megatron.core.rerun_state_machine]: RerunStateMachine initialized in mode disabled
[WARNING  | megatron.core.rerun_state_machine]: RerunStateMachine initialized in mode disabled
[WARNING  | megatron.core.rerun_state_machine]: RerunStateMachine initialized in mode disabled
[WARNING  | megatron.core.rerun_state_machine]: RerunStateMachine initialized in mode disabled
[WARNING  | megatron.core.rerun_state_machine]: RerunStateMachine initialized in mode disabled
[WARNING  | megatron.core.rerun_state_machine]: RerunStateMachine initialized in mode disabled
[WARNING  | megatron.core.rerun_state_machine]: RerunStateMachine initialized in mode disabled
[WARNING  | megatron.core.rerun_state_machine]: RerunStateMachine initialized in mode disabled
[WARNING  | megatron.core.rerun_state_machine]: RerunStateMachine initialized in mode disabled
[WARNING  | megatron.core.rerun_state_machine]: RerunStateMachine initialized in mode disabled
[WARNING  | megatron.core.rerun_state_machine]: RerunStateMachine initialized in mode disabled
[WARNING  | megatron.core.rerun_state_machine]: RerunStateMachine initialized in mode disabled
[WARNING  | megatron.core.rerun_state_machine]: RerunStateMachine initialized in mode disabled
[WARNING  | megatron.core.rerun_state_machine]: RerunStateMachine initialized in mode disabled
[WARNING  | megatron.core.rerun_state_machine]: RerunStateMachine initialized in mode disabled
[WARNING  | megatron.core.rerun_state_machine]: RerunStateMachine initialized in mode disabled
[WARNING  | megatron.core.rerun_state_machine]: RerunStateMachine initialized in mode disabled
[WARNING  | megatron.core.rerun_state_machine]: RerunStateMachine initialized in mode disabled
[WARNING  | megatron.core.rerun_state_machine]: RerunStateMachine initialized in mode disabled
[WARNING  | megatron.core.rerun_state_machine]: RerunStateMachine initialized in mode disabled
[WARNING  | megatron.core.rerun_state_machine]: RerunStateMachine initialized in mode disabled
[WARNING  | megatron.core.rerun_state_machine]: RerunStateMachine initialized in mode disabled
[WARNING  | megatron.core.rerun_state_machine]: RerunStateMachine initialized in mode disabled
[WARNING  | megatron.core.rerun_state_machine]: RerunStateMachine initialized in mode disabled
[WARNING  | megatron.core.rerun_state_machine]: RerunStateMachine initialized in mode disabled
[WARNING  | megatron.core.rerun_state_machine]: RerunStateMachine initialized in mode disabled
[WARNING  | megatron.core.rerun_state_machine]: RerunStateMachine initialized in mode disabled
[WARNING  | megatron.core.rerun_state_machine]: RerunStateMachine initialized in mode disabled
[WARNING  | megatron.core.rerun_state_machine]: RerunStateMachine initialized in mode disabled
[WARNING  | megatron.core.rerun_state_machine]: RerunStateMachine initialized in mode disabled
[WARNING  | megatron.core.rerun_state_machine]: RerunStateMachine initialized in mode disabled
[WARNING  | megatron.core.rerun_state_machine]: RerunStateMachine initialized in mode disabled
[WARNING  | megatron.core.rerun_state_machine]: RerunStateMachine initialized in mode disabled
[WARNING  | megatron.core.rerun_state_machine]: RerunStateMachine initialized in mode disabled
[WARNING  | megatron.core.rerun_state_machine]: RerunStateMachine initialized in mode disabled
[WARNING  | megatron.core.rerun_state_machine]: RerunStateMachine initialized in mode disabled
[WARNING  | megatron.core.rerun_state_machine]: RerunStateMachine initialized in mode disabled
[WARNING  | megatron.core.rerun_state_machine]: RerunStateMachine initialized in mode disabled
[WARNING  | megatron.core.rerun_state_machine]: RerunStateMachine initialized in mode disabled
[WARNING  | megatron.core.rerun_state_machine]: RerunStateMachine initialized in mode disabled
[WARNING  | megatron.core.rerun_state_machine]: RerunStateMachine initialized in mode disabled
[WARNING  | megatron.core.rerun_state_machine]: RerunStateMachine initialized in mode disabled
[WARNING  | megatron.core.rerun_state_machine]: RerunStateMachine initialized in mode disabled
[WARNING  | megatron.core.rerun_state_machine]: RerunStateMachine initialized in mode disabled
[WARNING  | megatron.core.rerun_state_machine]: RerunStateMachine initialized in mode disabled
[WARNING  | megatron.core.rerun_state_machine]: RerunStateMachine initialized in mode disabled
[WARNING  | megatron.core.rerun_state_machine]: RerunStateMachine initialized in mode disabled
[WARNING  | megatron.core.rerun_state_machine]: RerunStateMachine initialized in mode disabled
[WARNING  | megatron.core.rerun_state_machine]: RerunStateMachine initialized in mode disabled
[WARNING  | megatron.core.rerun_state_machine]: RerunStateMachine initialized in mode disabled
WARNING: Logging before InitGoogleLogging() is written to STDERR
W0304 14:39:08.248658 1947840 ProcessGroupNCCL.cpp:4834] [PG ID 0 PG GUID 0 Rank 62]  using GPU 6 as device used by this process is currently unknown. This can potentially cause a hang if this rank to GPU mapping is incorrect. You can pecify device_id in init_process_group() to force use of a particular device.
WARNING: Logging before InitGoogleLogging() is written to STDERR
W0304 14:39:08.249751 1963720 ProcessGroupNCCL.cpp:4834] [PG ID 0 PG GUID 0 Rank 126]  using GPU 6 as device used by this process is currently unknown. This can potentially cause a hang if this rank to GPU mapping is incorrect. You can pecify device_id in init_process_group() to force use of a particular device.
WARNING: Logging before InitGoogleLogging() is written to STDERR
W0304 14:39:08.249985 1947812 ProcessGroupNCCL.cpp:4834] [PG ID 0 PG GUID 0 Rank 59]  using GPU 3 as device used by this process is currently unknown. This can potentially cause a hang if this rank to GPU mapping is incorrect. You can pecify device_id in init_process_group() to force use of a particular device.
WARNING: Logging before InitGoogleLogging() is written to STDERR
W0304 14:39:08.250123 1947636 ProcessGroupNCCL.cpp:4834] [PG ID 0 PG GUID 0 Rank 51]  using GPU 3 as device used by this process is currently unknown. This can potentially cause a hang if this rank to GPU mapping is incorrect. You can pecify device_id in init_process_group() to force use of a particular device.
WARNING: Logging before InitGoogleLogging() is written to STDERR
W0304 14:39:08.250190 1947510 ProcessGroupNCCL.cpp:4834] [PG ID 0 PG GUID 0 Rank 35]  using GPU 3 as device used by this process is currently unknown. This can potentially cause a hang if this rank to GPU mapping is incorrect. You can pecify device_id in init_process_group() to force use of a particular device.
[WARNING  | megatron.core.rerun_state_machine]: RerunStateMachine initialized in mode disabled
WARNING: Logging before InitGoogleLogging() is written to STDERR
W0304 14:39:08.250648 1943826 ProcessGroupNCCL.cpp:4834] [PG ID 0 PG GUID 0 Rank 118]  using GPU 6 as device used by this process is currently unknown. This can potentially cause a hang if this rank to GPU mapping is incorrect. You can pecify device_id in init_process_group() to force use of a particular device.
WARNING: Logging before InitGoogleLogging() is written to STDERR
W0304 14:39:08.250769 1963557 ProcessGroupNCCL.cpp:4834] [PG ID 0 PG GUID 0 Rank 123]  using GPU 3 as device used by this process is currently unknown. This can potentially cause a hang if this rank to GPU mapping is incorrect. You can pecify device_id in init_process_group() to force use of a particular device.
WARNING: Logging before InitGoogleLogging() is written to STDERR
W0304 14:39:08.250980 1943868 ProcessGroupNCCL.cpp:4834] [PG ID 0 PG GUID 0 Rank 114]  using GPU 2 as device used by this process is currently unknown. This can potentially cause a hang if this rank to GPU mapping is incorrect. You can pecify device_id in init_process_group() to force use of a particular device.
WARNING: Logging before InitGoogleLogging() is written to STDERR
W0304 14:39:08.250996 1943874 ProcessGroupNCCL.cpp:4834] [PG ID 0 PG GUID 0 Rank 119]  using GPU 7 as device used by this process is currently unknown. This can potentially cause a hang if this rank to GPU mapping is incorrect. You can pecify device_id in init_process_group() to force use of a particular device.
WARNING: Logging before InitGoogleLogging() is written to STDERR
W0304 14:39:08.251024 1945481 ProcessGroupNCCL.cpp:4834] [PG ID 0 PG GUID 0 Rank 95]  using GPU 7 as device used by this process is currently unknown. This can potentially cause a hang if this rank to GPU mapping is incorrect. You can pecify device_id in init_process_group() to force use of a particular device.
WARNING: Logging before InitGoogleLogging() is written to STDERR
W0304 14:39:08.251124 1948864 ProcessGroupNCCL.cpp:4834] [PG ID 0 PG GUID 0 Rank 43]  using GPU 3 as device used by this process is currently unknown. This can potentially cause a hang if this rank to GPU mapping is incorrect. You can pecify device_id in init_process_group() to force use of a particular device.
[WARNING  | megatron.core.rerun_state_machine]: RerunStateMachine initialized in mode disabled
WARNING: Logging before InitGoogleLogging() is written to STDERR
W0304 14:39:08.251346 1947660 ProcessGroupNCCL.cpp:4834] [PG ID 0 PG GUID 0 Rank 50]  using GPU 2 as device used by this process is currently unknown. This can potentially cause a hang if this rank to GPU mapping is incorrect. You can pecify device_id in init_process_group() to force use of a particular device.
WARNING: Logging before InitGoogleLogging() is written to STDERR
W0304 14:39:08.251422 1968430 ProcessGroupNCCL.cpp:4834] [PG ID 0 PG GUID 0 Rank 111]  using GPU 7 as device used by this process is currently unknown. This can potentially cause a hang if this rank to GPU mapping is incorrect. You can pecify device_id in init_process_group() to force use of a particular device.
WARNING: Logging before InitGoogleLogging() is written to STDERR
W0304 14:39:08.251389 1908928 ProcessGroupNCCL.cpp:4834] [PG ID 0 PG GUID 0 Rank 86]  using GPU 6 as device used by this process is currently unknown. This can potentially cause a hang if this rank to GPU mapping is incorrect. You can pecify device_id in init_process_group() to force use of a particular device.
WARNING: Logging before InitGoogleLogging() is written to STDERR
W0304 14:39:08.251531 1947637 ProcessGroupNCCL.cpp:4834] [PG ID 0 PG GUID 0 Rank 54]  using GPU 6 as device used by this process is currently unknown. This can potentially cause a hang if this rank to GPU mapping is incorrect. You can pecify device_id in init_process_group() to force use of a particular device.
WARNING: Logging before InitGoogleLogging() is written to STDERR
W0304 14:39:08.251470 1944419 ProcessGroupNCCL.cpp:4834] [PG ID 0 PG GUID 0 Rank 99]  using GPU 3 as device used by this process is currently unknown. This can potentially cause a hang if this rank to GPU mapping is incorrect. You can pecify device_id in init_process_group() to force use of a particular device.
WARNING: Logging before InitGoogleLogging() is written to STDERR
W0304 14:39:08.251525 1943829 ProcessGroupNCCL.cpp:4834] [PG ID 0 PG GUID 0 Rank 115]  using GPU 3 as device used by this process is currently unknown. This can potentially cause a hang if this rank to GPU mapping is incorrect. You can pecify device_id in init_process_group() to force use of a particular device.
WARNING: Logging before InitGoogleLogging() is written to STDERR
W0304 14:39:08.251632 1908990 ProcessGroupNCCL.cpp:4834] [PG ID 0 PG GUID 0 Rank 87]  using GPU 7 as device used by this process is currently unknown. This can potentially cause a hang if this rank to GPU mapping is incorrect. You can pecify device_id in init_process_group() to force use of a particular device.
WARNING: Logging before InitGoogleLogging() is written to STDERR
W0304 14:39:08.251647 1948755 ProcessGroupNCCL.cpp:4834] [PG ID 0 PG GUID 0 Rank 46]  using GPU 6 as device used by this process is currently unknown. This can potentially cause a hang if this rank to GPU mapping is incorrect. You can pecify device_id in init_process_group() to force use of a particular device.
WARNING: Logging before InitGoogleLogging() is written to STDERR
W0304 14:39:08.251591 1909071 ProcessGroupNCCL.cpp:4834] [PG ID 0 PG GUID 0 Rank 75]  using GPU 3 as device used by this process is currently unknown. This can potentially cause a hang if this rank to GPU mapping is incorrect. You can pecify device_id in init_process_group() to force use of a particular device.
WARNING: Logging before InitGoogleLogging() is written to STDERR
W0304 14:39:08.252090 1968413 ProcessGroupNCCL.cpp:4834] [PG ID 0 PG GUID 0 Rank 106]  using GPU 2 as device used by this process is currently unknown. This can potentially cause a hang if this rank to GPU mapping is incorrect. You can pecify device_id in init_process_group() to force use of a particular device.
WARNING: Logging before InitGoogleLogging() is written to STDERR
W0304 14:39:08.252204 1944369 ProcessGroupNCCL.cpp:4834] [PG ID 0 PG GUID 0 Rank 98]  using GPU 2 as device used by this process is currently unknown. This can potentially cause a hang if this rank to GPU mapping is incorrect. You can pecify device_id in init_process_group() to force use of a particular device.
WARNING: Logging before InitGoogleLogging() is written to STDERR
W0304 14:39:08.252269 1908911 ProcessGroupNCCL.cpp:4834] [PG ID 0 PG GUID 0 Rank 82]  using GPU 2 as device used by this process is currently unknown. This can potentially cause a hang if this rank to GPU mapping is incorrect. You can pecify device_id in init_process_group() to force use of a particular device.
WARNING: Logging before InitGoogleLogging() is written to STDERR
W0304 14:39:08.252324 1947608 ProcessGroupNCCL.cpp:4834] [PG ID 0 PG GUID 0 Rank 55]  using GPU 7 as device used by this process is currently unknown. This can potentially cause a hang if this rank to GPU mapping is incorrect. You can pecify device_id in init_process_group() to force use of a particular device.
WARNING: Logging before InitGoogleLogging() is written to STDERR
W0304 14:39:08.252502 1968363 ProcessGroupNCCL.cpp:4834] [PG ID 0 PG GUID 0 Rank 107]  using GPU 3 as device used by this process is currently unknown. This can potentially cause a hang if this rank to GPU mapping is incorrect. You can pecify device_id in init_process_group() to force use of a particular device.
WARNING: Logging before InitGoogleLogging() is written to STDERR
W0304 14:39:08.252622 1944373 ProcessGroupNCCL.cpp:4834] [PG ID 0 PG GUID 0 Rank 103]  using GPU 7 as device used by this process is currently unknown. This can potentially cause a hang if this rank to GPU mapping is incorrect. You can pecify device_id in init_process_group() to force use of a particular device.
WARNING: Logging before InitGoogleLogging() is written to STDERR
W0304 14:39:08.252767 1908989 ProcessGroupNCCL.cpp:4834] [PG ID 0 PG GUID 0 Rank 83]  using GPU 3 as device used by this process is currently unknown. This can potentially cause a hang if this rank to GPU mapping is incorrect. You can pecify device_id in init_process_group() to force use of a particular device.
WARNING: Logging before InitGoogleLogging() is written to STDERR
W0304 14:39:08.252923 1944362 ProcessGroupNCCL.cpp:4834] [PG ID 0 PG GUID 0 Rank 102]  using GPU 6 as device used by this process is currently unknown. This can potentially cause a hang if this rank to GPU mapping is incorrect. You can pecify device_id in init_process_group() to force use of a particular device.
WARNING: Logging before InitGoogleLogging() is written to STDERR
W0304 14:39:08.252817 1925836 ProcessGroupNCCL.cpp:4834] [PG ID 0 PG GUID 0 Rank 67]  using GPU 3 as device used by this process is currently unknown. This can potentially cause a hang if this rank to GPU mapping is incorrect. You can pecify device_id in init_process_group() to force use of a particular device.
WARNING: Logging before InitGoogleLogging() is written to STDERR
W0304 14:39:08.252874 1925898 ProcessGroupNCCL.cpp:4834] [PG ID 0 PG GUID 0 Rank 66]  using GPU 2 as device used by this process is currently unknown. This can potentially cause a hang if this rank to GPU mapping is incorrect. You can pecify device_id in init_process_group() to force use of a particular device.
WARNING: Logging before InitGoogleLogging() is written to STDERR
W0304 14:39:08.253046 1947933 ProcessGroupNCCL.cpp:4834] [PG ID 0 PG GUID 0 Rank 58]  using GPU 2 as device used by this process is currently unknown. This can potentially cause a hang if this rank to GPU mapping is incorrect. You can pecify device_id in init_process_group() to force use of a particular device.
WARNING: Logging before InitGoogleLogging() is written to STDERR
W0304 14:39:08.253141 1963568 ProcessGroupNCCL.cpp:4834] [PG ID 0 PG GUID 0 Rank 122]  using GPU 2 as device used by this process is currently unknown. This can potentially cause a hang if this rank to GPU mapping is incorrect. You can pecify device_id in init_process_group() to force use of a particular device.
WARNING: Logging before InitGoogleLogging() is written to STDERR
W0304 14:39:08.253181 1909160 ProcessGroupNCCL.cpp:4834] [PG ID 0 PG GUID 0 Rank 79]  using GPU 7 as device used by this process is currently unknown. This can potentially cause a hang if this rank to GPU mapping is incorrect. You can pecify device_id in init_process_group() to force use of a particular device.
WARNING: Logging before InitGoogleLogging() is written to STDERR
W0304 14:39:08.253237 1925859 ProcessGroupNCCL.cpp:4834] [PG ID 0 PG GUID 0 Rank 70]  using GPU 6 as device used by this process is currently unknown. This can potentially cause a hang if this rank to GPU mapping is incorrect. You can pecify device_id in init_process_group() to force use of a particular device.
WARNING: Logging before InitGoogleLogging() is written to STDERR
W0304 14:39:08.253320 1925927 ProcessGroupNCCL.cpp:4834] [PG ID 0 PG GUID 0 Rank 71]  using GPU 7 as device used by this process is currently unknown. This can potentially cause a hang if this rank to GPU mapping is incorrect. You can pecify device_id in init_process_group() to force use of a particular device.
WARNING: Logging before InitGoogleLogging() is written to STDERR
W0304 14:39:08.253252 1909154 ProcessGroupNCCL.cpp:4834] [PG ID 0 PG GUID 0 Rank 78]  using GPU 6 as device used by this process is currently unknown. This can potentially cause a hang if this rank to GPU mapping is incorrect. You can pecify device_id in init_process_group() to force use of a particular device.
WARNING: Logging before InitGoogleLogging() is written to STDERR
W0304 14:39:08.253418 1948733 ProcessGroupNCCL.cpp:4834] [PG ID 0 PG GUID 0 Rank 47]  using GPU 7 as device used by this process is currently unknown. This can potentially cause a hang if this rank to GPU mapping is incorrect. You can pecify device_id in init_process_group() to force use of a particular device.
[WARNING  | megatron.core.rerun_state_machine]: RerunStateMachine initialized in mode disabled
WARNING: Logging before InitGoogleLogging() is written to STDERR
W0304 14:39:08.253538 1947935 ProcessGroupNCCL.cpp:4834] [PG ID 0 PG GUID 0 Rank 63]  using GPU 7 as device used by this process is currently unknown. This can potentially cause a hang if this rank to GPU mapping is incorrect. You can pecify device_id in init_process_group() to force use of a particular device.
WARNING: Logging before InitGoogleLogging() is written to STDERR
W0304 14:39:08.253947 1968507 ProcessGroupNCCL.cpp:4834] [PG ID 0 PG GUID 0 Rank 110]  using GPU 6 as device used by this process is currently unknown. This can potentially cause a hang if this rank to GPU mapping is incorrect. You can pecify device_id in init_process_group() to force use of a particular device.
WARNING: Logging before InitGoogleLogging() is written to STDERR
W0304 14:39:08.254158 1945568 ProcessGroupNCCL.cpp:4834] [PG ID 0 PG GUID 0 Rank 91]  using GPU 3 as device used by this process is currently unknown. This can potentially cause a hang if this rank to GPU mapping is incorrect. You can pecify device_id in init_process_group() to force use of a particular device.
WARNING: Logging before InitGoogleLogging() is written to STDERR
W0304 14:39:08.254251 1893451 ProcessGroupNCCL.cpp:4834] [PG ID 0 PG GUID 0 Rank 23]  using GPU 7 as device used by this process is currently unknown. This can potentially cause a hang if this rank to GPU mapping is incorrect. You can pecify device_id in init_process_group() to force use of a particular device.
WARNING: Logging before InitGoogleLogging() is written to STDERR
W0304 14:39:08.254447 1948727 ProcessGroupNCCL.cpp:4834] [PG ID 0 PG GUID 0 Rank 42]  using GPU 2 as device used by this process is currently unknown. This can potentially cause a hang if this rank to GPU mapping is incorrect. You can pecify device_id in init_process_group() to force use of a particular device.
WARNING: Logging before InitGoogleLogging() is written to STDERR
W0304 14:39:08.254771 1947436 ProcessGroupNCCL.cpp:4834] [PG ID 0 PG GUID 0 Rank 39]  using GPU 7 as device used by this process is currently unknown. This can potentially cause a hang if this rank to GPU mapping is incorrect. You can pecify device_id in init_process_group() to force use of a particular device.
WARNING: Logging before InitGoogleLogging() is written to STDERR
W0304 14:39:08.254832 1947441 ProcessGroupNCCL.cpp:4834] [PG ID 0 PG GUID 0 Rank 38]  using GPU 6 as device used by this process is currently unknown. This can potentially cause a hang if this rank to GPU mapping is incorrect. You can pecify device_id in init_process_group() to force use of a particular device.
WARNING: Logging before InitGoogleLogging() is written to STDERR
W0304 14:39:08.255589 1893440 ProcessGroupNCCL.cpp:4834] [PG ID 0 PG GUID 0 Rank 18]  using GPU 2 as device used by this process is currently unknown. This can potentially cause a hang if this rank to GPU mapping is incorrect. You can pecify device_id in init_process_group() to force use of a particular device.
WARNING: Logging before InitGoogleLogging() is written to STDERR
W0304 14:39:08.255688 1893343 ProcessGroupNCCL.cpp:4834] [PG ID 0 PG GUID 0 Rank 22]  using GPU 6 as device used by this process is currently unknown. This can potentially cause a hang if this rank to GPU mapping is incorrect. You can pecify device_id in init_process_group() to force use of a particular device.
WARNING: Logging before InitGoogleLogging() is written to STDERR
W0304 14:39:08.255812 1947456 ProcessGroupNCCL.cpp:4834] [PG ID 0 PG GUID 0 Rank 34]  using GPU 2 as device used by this process is currently unknown. This can potentially cause a hang if this rank to GPU mapping is incorrect. You can pecify device_id in init_process_group() to force use of a particular device.
WARNING: Logging before InitGoogleLogging() is written to STDERR
W0304 14:39:08.255836 1893332 ProcessGroupNCCL.cpp:4834] [PG ID 0 PG GUID 0 Rank 19]  using GPU 3 as device used by this process is currently unknown. This can potentially cause a hang if this rank to GPU mapping is incorrect. You can pecify device_id in init_process_group() to force use of a particular device.
WARNING: Logging before InitGoogleLogging() is written to STDERR
W0304 14:39:08.255832 1891485 ProcessGroupNCCL.cpp:4834] [PG ID 0 PG GUID 0 Rank 15]  using GPU 7 as device used by this process is currently unknown. This can potentially cause a hang if this rank to GPU mapping is incorrect. You can pecify device_id in init_process_group() to force use of a particular device.
WARNING: Logging before InitGoogleLogging() is written to STDERR
W0304 14:39:08.256669 1949973 ProcessGroupNCCL.cpp:4834] [PG ID 0 PG GUID 0 Rank 31]  using GPU 7 as device used by this process is currently unknown. This can potentially cause a hang if this rank to GPU mapping is incorrect. You can pecify device_id in init_process_group() to force use of a particular device.
WARNING: Logging before InitGoogleLogging() is written to STDERR
W0304 14:39:08.256745 2222183 ProcessGroupNCCL.cpp:4834] [PG ID 0 PG GUID 0 Rank 3]  using GPU 3 as device used by this process is currently unknown. This can potentially cause a hang if this rank to GPU mapping is incorrect. You can pecify device_id in init_process_group() to force use of a particular device.
[WARNING  | megatron.core.rerun_state_machine]: RerunStateMachine initialized in mode disabled
WARNING: Logging before InitGoogleLogging() is written to STDERR
W0304 14:39:08.257296 1949928 ProcessGroupNCCL.cpp:4834] [PG ID 0 PG GUID 0 Rank 26]  using GPU 2 as device used by this process is currently unknown. This can potentially cause a hang if this rank to GPU mapping is incorrect. You can pecify device_id in init_process_group() to force use of a particular device.
WARNING: Logging before InitGoogleLogging() is written to STDERR
W0304 14:39:08.257356 1949984 ProcessGroupNCCL.cpp:4834] [PG ID 0 PG GUID 0 Rank 30]  using GPU 6 as device used by this process is currently unknown. This can potentially cause a hang if this rank to GPU mapping is incorrect. You can pecify device_id in init_process_group() to force use of a particular device.
WARNING: Logging before InitGoogleLogging() is written to STDERR
W0304 14:39:08.257606 1963558 ProcessGroupNCCL.cpp:4834] [PG ID 0 PG GUID 0 Rank 127]  using GPU 7 as device used by this process is currently unknown. This can potentially cause a hang if this rank to GPU mapping is incorrect. You can pecify device_id in init_process_group() to force use of a particular device.
WARNING: Logging before InitGoogleLogging() is written to STDERR
W0304 14:39:08.257699 1949931 ProcessGroupNCCL.cpp:4834] [PG ID 0 PG GUID 0 Rank 27]  using GPU 3 as device used by this process is currently unknown. This can potentially cause a hang if this rank to GPU mapping is incorrect. You can pecify device_id in init_process_group() to force use of a particular device.
WARNING: Logging before InitGoogleLogging() is written to STDERR
W0304 14:39:08.257756 2222167 ProcessGroupNCCL.cpp:4834] [PG ID 0 PG GUID 0 Rank 6]  using GPU 6 as device used by this process is currently unknown. This can potentially cause a hang if this rank to GPU mapping is incorrect. You can pecify device_id in init_process_group() to force use of a particular device.
WARNING: Logging before InitGoogleLogging() is written to STDERR
W0304 14:39:08.258114 2222143 ProcessGroupNCCL.cpp:4834] [PG ID 0 PG GUID 0 Rank 7]  using GPU 7 as device used by this process is currently unknown. This can potentially cause a hang if this rank to GPU mapping is incorrect. You can pecify device_id in init_process_group() to force use of a particular device.
WARNING: Logging before InitGoogleLogging() is written to STDERR
W0304 14:39:08.257977 1945565 ProcessGroupNCCL.cpp:4834] [PG ID 0 PG GUID 0 Rank 94]  using GPU 6 as device used by this process is currently unknown. This can potentially cause a hang if this rank to GPU mapping is incorrect. You can pecify device_id in init_process_group() to force use of a particular device.
WARNING: Logging before InitGoogleLogging() is written to STDERR
W0304 14:39:08.258159 1909074 ProcessGroupNCCL.cpp:4834] [PG ID 0 PG GUID 0 Rank 74]  using GPU 2 as device used by this process is currently unknown. This can potentially cause a hang if this rank to GPU mapping is incorrect. You can pecify device_id in init_process_group() to force use of a particular device.
WARNING: Logging before InitGoogleLogging() is written to STDERR
W0304 14:39:08.258265 1891461 ProcessGroupNCCL.cpp:4834] [PG ID 0 PG GUID 0 Rank 10]  using GPU 2 as device used by this process is currently unknown. This can potentially cause a hang if this rank to GPU mapping is incorrect. You can pecify device_id in init_process_group() to force use of a particular device.
[WARNING  | megatron.core.rerun_state_machine]: RerunStateMachine initialized in mode disabled
WARNING: Logging before InitGoogleLogging() is written to STDERR
W0304 14:39:08.258369 2222174 ProcessGroupNCCL.cpp:4834] [PG ID 0 PG GUID 0 Rank 2]  using GPU 2 as device used by this process is currently unknown. This can potentially cause a hang if this rank to GPU mapping is incorrect. You can pecify device_id in init_process_group() to force use of a particular device.
WARNING: Logging before InitGoogleLogging() is written to STDERR
W0304 14:39:08.258385 1891554 ProcessGroupNCCL.cpp:4834] [PG ID 0 PG GUID 0 Rank 14]  using GPU 6 as device used by this process is currently unknown. This can potentially cause a hang if this rank to GPU mapping is incorrect. You can pecify device_id in init_process_group() to force use of a particular device.
WARNING: Logging before InitGoogleLogging() is written to STDERR
W0304 14:39:08.258584 1891465 ProcessGroupNCCL.cpp:4834] [PG ID 0 PG GUID 0 Rank 11]  using GPU 3 as device used by this process is currently unknown. This can potentially cause a hang if this rank to GPU mapping is incorrect. You can pecify device_id in init_process_group() to force use of a particular device.
[WARNING  | megatron.core.rerun_state_machine]: RerunStateMachine initialized in mode disabled
WARNING: Logging before InitGoogleLogging() is written to STDERR
W0304 14:39:08.258662 1945480 ProcessGroupNCCL.cpp:4834] [PG ID 0 PG GUID 0 Rank 90]  using GPU 2 as device used by this process is currently unknown. This can potentially cause a hang if this rank to GPU mapping is incorrect. You can pecify device_id in init_process_group() to force use of a particular device.
[WARNING  | megatron.core.rerun_state_machine]: RerunStateMachine initialized in mode disabled
[WARNING  | megatron.core.rerun_state_machine]: RerunStateMachine initialized in mode disabled
[WARNING  | megatron.core.rerun_state_machine]: RerunStateMachine initialized in mode disabled
[WARNING  | megatron.core.rerun_state_machine]: RerunStateMachine initialized in mode disabled
[WARNING  | megatron.core.rerun_state_machine]: RerunStateMachine initialized in mode disabled
[WARNING  | megatron.core.rerun_state_machine]: RerunStateMachine initialized in mode disabled
[WARNING  | megatron.core.rerun_state_machine]: RerunStateMachine initialized in mode disabled
[WARNING  | megatron.core.rerun_state_machine]: RerunStateMachine initialized in mode disabled
[WARNING  | megatron.core.rerun_state_machine]: RerunStateMachine initialized in mode disabled
[WARNING  | megatron.core.rerun_state_machine]: RerunStateMachine initialized in mode disabled
[WARNING  | megatron.core.rerun_state_machine]: RerunStateMachine initialized in mode disabled
[WARNING  | megatron.core.rerun_state_machine]: RerunStateMachine initialized in mode disabled
[WARNING  | megatron.core.rerun_state_machine]: RerunStateMachine initialized in mode disabled
[WARNING  | megatron.core.rerun_state_machine]: RerunStateMachine initialized in mode disabled
[WARNING  | megatron.core.rerun_state_machine]: RerunStateMachine initialized in mode disabled
[WARNING  | megatron.core.rerun_state_machine]: RerunStateMachine initialized in mode disabled
[WARNING  | megatron.core.rerun_state_machine]: RerunStateMachine initialized in mode disabled
[WARNING  | megatron.core.rerun_state_machine]: RerunStateMachine initialized in mode disabled
[WARNING  | megatron.core.rerun_state_machine]: RerunStateMachine initialized in mode disabled
[WARNING  | megatron.core.rerun_state_machine]: RerunStateMachine initialized in mode disabled
[WARNING  | megatron.core.rerun_state_machine]: RerunStateMachine initialized in mode disabled
[WARNING  | megatron.core.rerun_state_machine]: RerunStateMachine initialized in mode disabled
[WARNING  | megatron.core.rerun_state_machine]: RerunStateMachine initialized in mode disabled
[WARNING  | megatron.core.rerun_state_machine]: RerunStateMachine initialized in mode disabled
[WARNING  | megatron.core.rerun_state_machine]: RerunStateMachine initialized in mode disabled
[WARNING  | megatron.core.rerun_state_machine]: RerunStateMachine initialized in mode disabled
[WARNING  | megatron.core.rerun_state_machine]: RerunStateMachine initialized in mode disabled
[WARNING  | megatron.core.rerun_state_machine]: RerunStateMachine initialized in mode disabled
[WARNING  | megatron.core.rerun_state_machine]: RerunStateMachine initialized in mode disabled
[WARNING  | megatron.core.rerun_state_machine]: RerunStateMachine initialized in mode disabled
[WARNING  | megatron.core.rerun_state_machine]: RerunStateMachine initialized in mode disabled
[WARNING  | megatron.core.rerun_state_machine]: RerunStateMachine initialized in mode disabled
[WARNING  | megatron.core.rerun_state_machine]: RerunStateMachine initialized in mode disabled
[WARNING  | megatron.core.rerun_state_machine]: RerunStateMachine initialized in mode disabled
[WARNING  | megatron.core.rerun_state_machine]: RerunStateMachine initialized in mode disabled
[WARNING  | megatron.core.rerun_state_machine]: RerunStateMachine initialized in mode disabled
[WARNING  | megatron.core.rerun_state_machine]: RerunStateMachine initialized in mode disabled
[WARNING  | megatron.core.rerun_state_machine]: RerunStateMachine initialized in mode disabled
[WARNING  | megatron.core.rerun_state_machine]: RerunStateMachine initialized in mode disabled
[WARNING  | megatron.core.rerun_state_machine]: RerunStateMachine initialized in mode disabled
[WARNING  | megatron.core.rerun_state_machine]: RerunStateMachine initialized in mode disabled
[WARNING  | megatron.core.rerun_state_machine]: RerunStateMachine initialized in mode disabled
[WARNING  | megatron.core.rerun_state_machine]: RerunStateMachine initialized in mode disabled
[WARNING  | megatron.core.rerun_state_machine]: RerunStateMachine initialized in mode disabled
[WARNING  | megatron.core.rerun_state_machine]: RerunStateMachine initialized in mode disabled
[WARNING  | megatron.core.rerun_state_machine]: RerunStateMachine initialized in mode disabled
[WARNING  | megatron.core.rerun_state_machine]: RerunStateMachine initialized in mode disabled
[WARNING  | megatron.core.rerun_state_machine]: RerunStateMachine initialized in mode disabled
[WARNING  | megatron.core.rerun_state_machine]: RerunStateMachine initialized in mode disabled
[WARNING  | megatron.core.rerun_state_machine]: RerunStateMachine initialized in mode disabled
[WARNING  | megatron.core.rerun_state_machine]: RerunStateMachine initialized in mode disabled
[WARNING  | megatron.core.rerun_state_machine]: RerunStateMachine initialized in mode disabled
[WARNING  | megatron.core.rerun_state_machine]: RerunStateMachine initialized in mode disabled
[WARNING  | megatron.core.rerun_state_machine]: RerunStateMachine initialized in mode disabled
[WARNING  | megatron.core.rerun_state_machine]: RerunStateMachine initialized in mode disabled
[WARNING  | megatron.core.rerun_state_machine]: RerunStateMachine initialized in mode disabled
[WARNING  | megatron.core.rerun_state_machine]: RerunStateMachine initialized in mode disabled
[WARNING  | megatron.core.rerun_state_machine]: RerunStateMachine initialized in mode disabled
[WARNING  | megatron.core.rerun_state_machine]: RerunStateMachine initialized in mode disabled
[WARNING  | megatron.core.rerun_state_machine]: RerunStateMachine initialized in mode disabled
[WARNING  | megatron.core.rerun_state_machine]: RerunStateMachine initialized in mode disabled
[WARNING  | megatron.core.rerun_state_machine]: RerunStateMachine initialized in mode disabled
[WARNING  | megatron.core.rerun_state_machine]: RerunStateMachine initialized in mode disabled
[WARNING  | megatron.core.rerun_state_machine]: RerunStateMachine initialized in mode disabled
[WARNING  | megatron.core.rerun_state_machine]: RerunStateMachine initialized in mode disabled
[WARNING  | megatron.core.rerun_state_machine]: RerunStateMachine initialized in mode disabled
[WARNING  | megatron.core.rerun_state_machine]: RerunStateMachine initialized in mode disabled
[WARNING  | megatron.core.rerun_state_machine]: RerunStateMachine initialized in mode disabled
[WARNING  | megatron.core.rerun_state_machine]: RerunStateMachine initialized in mode disabled
[WARNING  | megatron.core.rerun_state_machine]: RerunStateMachine initialized in mode disabled
[WARNING  | megatron.core.rerun_state_machine]: RerunStateMachine initialized in mode disabled
[WARNING  | megatron.core.rerun_state_machine]: RerunStateMachine initialized in mode disabled
[WARNING  | megatron.core.rerun_state_machine]: RerunStateMachine initialized in mode disabled
[WARNING  | megatron.core.rerun_state_machine]: RerunStateMachine initialized in mode disabled
[WARNING  | megatron.core.rerun_state_machine]: RerunStateMachine initialized in mode disabled
[WARNING  | megatron.core.rerun_state_machine]: RerunStateMachine initialized in mode disabled
[WARNING  | megatron.core.rerun_state_machine]: RerunStateMachine initialized in mode disabled
[WARNING  | megatron.core.rerun_state_machine]: RerunStateMachine initialized in mode disabled
[WARNING  | megatron.core.rerun_state_machine]: RerunStateMachine initialized in mode disabled
[WARNING  | megatron.core.rerun_state_machine]: RerunStateMachine initialized in mode disabled
[WARNING  | megatron.core.rerun_state_machine]: RerunStateMachine initialized in mode disabled
[WARNING  | megatron.core.rerun_state_machine]: RerunStateMachine initialized in mode disabled
[WARNING  | megatron.core.rerun_state_machine]: RerunStateMachine initialized in mode disabled
[WARNING  | megatron.core.rerun_state_machine]: RerunStateMachine initialized in mode disabled
[WARNING  | megatron.core.rerun_state_machine]: RerunStateMachine initialized in mode disabled
[WARNING  | megatron.core.rerun_state_machine]: RerunStateMachine initialized in mode disabled
[WARNING  | megatron.core.rerun_state_machine]: RerunStateMachine initialized in mode disabled
[WARNING  | megatron.core.rerun_state_machine]: RerunStateMachine initialized in mode disabled
[WARNING  | megatron.core.rerun_state_machine]: RerunStateMachine initialized in mode disabled
[WARNING  | megatron.core.rerun_state_machine]: RerunStateMachine initialized in mode disabled
[WARNING  | megatron.core.rerun_state_machine]: RerunStateMachine initialized in mode disabled
[WARNING  | megatron.core.rerun_state_machine]: RerunStateMachine initialized in mode disabled
[WARNING  | megatron.core.rerun_state_machine]: RerunStateMachine initialized in mode disabled
[WARNING  | megatron.core.rerun_state_machine]: RerunStateMachine initialized in mode disabled
[WARNING  | megatron.core.rerun_state_machine]: RerunStateMachine initialized in mode disabled
[WARNING  | megatron.core.rerun_state_machine]: RerunStateMachine initialized in mode disabled
[WARNING  | megatron.core.rerun_state_machine]: RerunStateMachine initialized in mode disabled
[WARNING  | megatron.core.rerun_state_machine]: RerunStateMachine initialized in mode disabled
[WARNING  | megatron.core.rerun_state_machine]: RerunStateMachine initialized in mode disabled
[WARNING  | megatron.core.rerun_state_machine]: RerunStateMachine initialized in mode disabled
[WARNING  | megatron.core.rerun_state_machine]: RerunStateMachine initialized in mode disabled
[WARNING  | megatron.core.rerun_state_machine]: RerunStateMachine initialized in mode disabled
[WARNING  | megatron.core.rerun_state_machine]: RerunStateMachine initialized in mode disabled
[WARNING  | megatron.core.rerun_state_machine]: RerunStateMachine initialized in mode disabled
[WARNING  | megatron.core.rerun_state_machine]: RerunStateMachine initialized in mode disabled
[WARNING  | megatron.core.rerun_state_machine]: RerunStateMachine initialized in mode disabled
[WARNING  | megatron.core.rerun_state_machine]: RerunStateMachine initialized in mode disabled
[WARNING  | megatron.core.rerun_state_machine]: RerunStateMachine initialized in mode disabled
[WARNING  | megatron.core.rerun_state_machine]: RerunStateMachine initialized in mode disabled
[WARNING  | megatron.core.rerun_state_machine]: RerunStateMachine initialized in mode disabled
[WARNING  | megatron.core.rerun_state_machine]: RerunStateMachine initialized in mode disabled
[WARNING  | megatron.core.rerun_state_machine]: RerunStateMachine initialized in mode disabled
[WARNING  | megatron.core.rerun_state_machine]: RerunStateMachine initialized in mode disabled
[WARNING  | megatron.core.rerun_state_machine]: RerunStateMachine initialized in mode disabled
[WARNING  | megatron.core.rerun_state_machine]: RerunStateMachine initialized in mode disabled
[WARNING  | megatron.core.rerun_state_machine]: RerunStateMachine initialized in mode disabled
[WARNING  | megatron.core.rerun_state_machine]: RerunStateMachine initialized in mode disabled
[WARNING  | megatron.core.rerun_state_machine]: RerunStateMachine initialized in mode disabled
[WARNING  | megatron.core.rerun_state_machine]: RerunStateMachine initialized in mode disabled
[WARNING  | megatron.core.rerun_state_machine]: RerunStateMachine initialized in mode disabled
[WARNING  | megatron.core.rerun_state_machine]: RerunStateMachine initialized in mode disabled
[WARNING  | megatron.core.rerun_state_machine]: RerunStateMachine initialized in mode disabled
[WARNING  | megatron.core.rerun_state_machine]: RerunStateMachine initialized in mode disabled
[WARNING  | megatron.core.rerun_state_machine]: RerunStateMachine initialized in mode disabled
[WARNING  | megatron.core.rerun_state_machine]: RerunStateMachine initialized in mode disabled
WARNING: Logging before InitGoogleLogging() is written to STDERR
W0304 14:39:09.313956 1417933 ProcessGroupNCCL.cpp:4834] [PG ID 0 PG GUID 0 Rank 899]  using GPU 3 as device used by this process is currently unknown. This can potentially cause a hang if this rank to GPU mapping is incorrect. You can pecify device_id in init_process_group() to force use of a particular device.
WARNING: Logging before InitGoogleLogging() is written to STDERR
W0304 14:39:09.316001 2152524 ProcessGroupNCCL.cpp:4834] [PG ID 0 PG GUID 0 Rank 963]  using GPU 3 as device used by this process is currently unknown. This can potentially cause a hang if this rank to GPU mapping is incorrect. You can pecify device_id in init_process_group() to force use of a particular device.
WARNING: Logging before InitGoogleLogging() is written to STDERR
W0304 14:39:09.316783 1417743 ProcessGroupNCCL.cpp:4834] [PG ID 0 PG GUID 0 Rank 898]  using GPU 2 as device used by this process is currently unknown. This can potentially cause a hang if this rank to GPU mapping is incorrect. You can pecify device_id in init_process_group() to force use of a particular device.
WARNING: Logging before InitGoogleLogging() is written to STDERR
W0304 14:39:09.319239 2152477 ProcessGroupNCCL.cpp:4834] [PG ID 0 PG GUID 0 Rank 962]  using GPU 2 as device used by this process is currently unknown. This can potentially cause a hang if this rank to GPU mapping is incorrect. You can pecify device_id in init_process_group() to force use of a particular device.
WARNING: Logging before InitGoogleLogging() is written to STDERR
W0304 14:39:09.319965 1417801 ProcessGroupNCCL.cpp:4834] [PG ID 0 PG GUID 0 Rank 903]  using GPU 7 as device used by this process is currently unknown. This can potentially cause a hang if this rank to GPU mapping is incorrect. You can pecify device_id in init_process_group() to force use of a particular device.
WARNING: Logging before InitGoogleLogging() is written to STDERR
W0304 14:39:09.326169 2152469 ProcessGroupNCCL.cpp:4834] [PG ID 0 PG GUID 0 Rank 960]  using GPU 0 as device used by this process is currently unknown. This can potentially cause a hang if this rank to GPU mapping is incorrect. You can pecify device_id in init_process_group() to force use of a particular device.
WARNING: Logging before InitGoogleLogging() is written to STDERR
W0304 14:39:09.326125 1872669 ProcessGroupNCCL.cpp:4834] [PG ID 0 PG GUID 0 Rank 1021]  using GPU 5 as device used by this process is currently unknown. This can potentially cause a hang if this rank to GPU mapping is incorrect. You can pecify device_id in init_process_group() to force use of a particular device.
WARNING: Logging before InitGoogleLogging() is written to STDERR
W0304 14:39:09.326200 1872853 ProcessGroupNCCL.cpp:4834] [PG ID 0 PG GUID 0 Rank 1020]  using GPU 4 as device used by this process is currently unknown. This can potentially cause a hang if this rank to GPU mapping is incorrect. You can pecify device_id in init_process_group() to force use of a particular device.
WARNING: Logging before InitGoogleLogging() is written to STDERR
W0304 14:39:09.326267 1872766 ProcessGroupNCCL.cpp:4834] [PG ID 0 PG GUID 0 Rank 1017]  using GPU 1 as device used by this process is currently unknown. This can potentially cause a hang if this rank to GPU mapping is incorrect. You can pecify device_id in init_process_group() to force use of a particular device.
WARNING: Logging before InitGoogleLogging() is written to STDERR
W0304 14:39:09.326660 2150145 ProcessGroupNCCL.cpp:4834] [PG ID 0 PG GUID 0 Rank 953]  using GPU 1 as device used by this process is currently unknown. This can potentially cause a hang if this rank to GPU mapping is incorrect. You can pecify device_id in init_process_group() to force use of a particular device.
WARNING: Logging before InitGoogleLogging() is written to STDERR
W0304 14:39:09.326696 2150140 ProcessGroupNCCL.cpp:4834] [PG ID 0 PG GUID 0 Rank 956]  using GPU 4 as device used by this process is currently unknown. This can potentially cause a hang if this rank to GPU mapping is incorrect. You can pecify device_id in init_process_group() to force use of a particular device.
WARNING: Logging before InitGoogleLogging() is written to STDERR
W0304 14:39:09.328512 2152513 ProcessGroupNCCL.cpp:4834] [PG ID 0 PG GUID 0 Rank 967]  using GPU 7 as device used by this process is currently unknown. This can potentially cause a hang if this rank to GPU mapping is incorrect. You can pecify device_id in init_process_group() to force use of a particular device.
WARNING: Logging before InitGoogleLogging() is written to STDERR
W0304 14:39:09.329723 1872696 ProcessGroupNCCL.cpp:4834] [PG ID 0 PG GUID 0 Rank 1016]  using GPU 0 as device used by this process is currently unknown. This can potentially cause a hang if this rank to GPU mapping is incorrect. You can pecify device_id in init_process_group() to force use of a particular device.
WARNING: Logging before InitGoogleLogging() is written to STDERR
W0304 14:39:09.329711 2148494 ProcessGroupNCCL.cpp:4834] [PG ID 0 PG GUID 0 Rank 949]  using GPU 5 as device used by this process is currently unknown. This can potentially cause a hang if this rank to GPU mapping is incorrect. You can pecify device_id in init_process_group() to force use of a particular device.
WARNING: Logging before InitGoogleLogging() is written to STDERR
W0304 14:39:09.329949 2150141 ProcessGroupNCCL.cpp:4834] [PG ID 0 PG GUID 0 Rank 952]  using GPU 0 as device used by this process is currently unknown. This can potentially cause a hang if this rank to GPU mapping is incorrect. You can pecify device_id in init_process_group() to force use of a particular device.
WARNING: Logging before InitGoogleLogging() is written to STDERR
W0304 14:39:09.330274 1996981 ProcessGroupNCCL.cpp:4834] [PG ID 0 PG GUID 0 Rank 594]  using GPU 2 as device used by this process is currently unknown. This can potentially cause a hang if this rank to GPU mapping is incorrect. You can pecify device_id in init_process_group() to force use of a particular device.
WARNING: Logging before InitGoogleLogging() is written to STDERR
W0304 14:39:09.330368 1417744 ProcessGroupNCCL.cpp:4834] [PG ID 0 PG GUID 0 Rank 896]  using GPU 0 as device used by this process is currently unknown. This can potentially cause a hang if this rank to GPU mapping is incorrect. You can pecify device_id in init_process_group() to force use of a particular device.
WARNING: Logging before InitGoogleLogging() is written to STDERR
W0304 14:39:09.331997 2150120 ProcessGroupNCCL.cpp:4834] [PG ID 0 PG GUID 0 Rank 957]  using GPU 5 as device used by this process is currently unknown. This can potentially cause a hang if this rank to GPU mapping is incorrect. You can pecify device_id in init_process_group() to force use of a particular device.
WARNING: Logging before InitGoogleLogging() is written to STDERR
W0304 14:39:09.332047 1845062 ProcessGroupNCCL.cpp:4834] [PG ID 0 PG GUID 0 Rank 1013]  using GPU 5 as device used by this process is currently unknown. This can potentially cause a hang if this rank to GPU mapping is incorrect. You can pecify device_id in init_process_group() to force use of a particular device.
WARNING: Logging before InitGoogleLogging() is written to STDERR
W0304 14:39:09.332816 1905638 ProcessGroupNCCL.cpp:4834] [PG ID 0 PG GUID 0 Rank 530]  using GPU 2 as device used by this process is currently unknown. This can potentially cause a hang if this rank to GPU mapping is incorrect. You can pecify device_id in init_process_group() to force use of a particular device.
WARNING: Logging before InitGoogleLogging() is written to STDERR
W0304 14:39:09.336220 1419257 ProcessGroupNCCL.cpp:4834] [PG ID 0 PG GUID 0 Rank 907]  using GPU 3 as device used by this process is currently unknown. This can potentially cause a hang if this rank to GPU mapping is incorrect. You can pecify device_id in init_process_group() to force use of a particular device.
WARNING: Logging before InitGoogleLogging() is written to STDERR
W0304 14:39:09.336535 1417932 ProcessGroupNCCL.cpp:4834] [PG ID 0 PG GUID 0 Rank 902]  using GPU 6 as device used by this process is currently unknown. This can potentially cause a hang if this rank to GPU mapping is incorrect. You can pecify device_id in init_process_group() to force use of a particular device.
WARNING: Logging before InitGoogleLogging() is written to STDERR
W0304 14:39:09.337992 2152507 ProcessGroupNCCL.cpp:4834] [PG ID 0 PG GUID 0 Rank 966]  using GPU 6 as device used by this process is currently unknown. This can potentially cause a hang if this rank to GPU mapping is incorrect. You can pecify device_id in init_process_group() to force use of a particular device.
WARNING: Logging before InitGoogleLogging() is written to STDERR
W0304 14:39:09.338879 2147114 ProcessGroupNCCL.cpp:4834] [PG ID 0 PG GUID 0 Rank 971]  using GPU 3 as device used by this process is currently unknown. This can potentially cause a hang if this rank to GPU mapping is incorrect. You can pecify device_id in init_process_group() to force use of a particular device.
WARNING: Logging before InitGoogleLogging() is written to STDERR
W0304 14:39:09.339098 1417803 ProcessGroupNCCL.cpp:4834] [PG ID 0 PG GUID 0 Rank 897]  using GPU 1 as device used by this process is currently unknown. This can potentially cause a hang if this rank to GPU mapping is incorrect. You can pecify device_id in init_process_group() to force use of a particular device.
WARNING: Logging before InitGoogleLogging() is written to STDERR
W0304 14:39:09.339344 1417821 ProcessGroupNCCL.cpp:4834] [PG ID 0 PG GUID 0 Rank 900]  using GPU 4 as device used by this process is currently unknown. This can potentially cause a hang if this rank to GPU mapping is incorrect. You can pecify device_id in init_process_group() to force use of a particular device.
WARNING: Logging before InitGoogleLogging() is written to STDERR
W0304 14:39:09.339711 2152475 ProcessGroupNCCL.cpp:4834] [PG ID 0 PG GUID 0 Rank 961]  using GPU 1 as device used by this process is currently unknown. This can potentially cause a hang if this rank to GPU mapping is incorrect. You can pecify device_id in init_process_group() to force use of a particular device.
WARNING: Logging before InitGoogleLogging() is written to STDERR
W0304 14:39:09.339851 2152493 ProcessGroupNCCL.cpp:4834] [PG ID 0 PG GUID 0 Rank 964]  using GPU 4 as device used by this process is currently unknown. This can potentially cause a hang if this rank to GPU mapping is incorrect. You can pecify device_id in init_process_group() to force use of a particular device.
WARNING: Logging before InitGoogleLogging() is written to STDERR
W0304 14:39:09.346191 2147113 ProcessGroupNCCL.cpp:4834] [PG ID 0 PG GUID 0 Rank 970]  using GPU 2 as device used by this process is currently unknown. This can potentially cause a hang if this rank to GPU mapping is incorrect. You can pecify device_id in init_process_group() to force use of a particular device.
WARNING: Logging before InitGoogleLogging() is written to STDERR
W0304 14:39:09.347241 1419478 ProcessGroupNCCL.cpp:4834] [PG ID 0 PG GUID 0 Rank 906]  using GPU 2 as device used by this process is currently unknown. This can potentially cause a hang if this rank to GPU mapping is incorrect. You can pecify device_id in init_process_group() to force use of a particular device.
WARNING: Logging before InitGoogleLogging() is written to STDERR
W0304 14:39:09.350615 1417931 ProcessGroupNCCL.cpp:4834] [PG ID 0 PG GUID 0 Rank 901]  using GPU 5 as device used by this process is currently unknown. This can potentially cause a hang if this rank to GPU mapping is incorrect. You can pecify device_id in init_process_group() to force use of a particular device.
WARNING: Logging before InitGoogleLogging() is written to STDERR
W0304 14:39:09.351454 1419288 ProcessGroupNCCL.cpp:4834] [PG ID 0 PG GUID 0 Rank 911]  using GPU 7 as device used by this process is currently unknown. This can potentially cause a hang if this rank to GPU mapping is incorrect. You can pecify device_id in init_process_group() to force use of a particular device.
WARNING: Logging before InitGoogleLogging() is written to STDERR
W0304 14:39:09.352926 1872670 ProcessGroupNCCL.cpp:4834] [PG ID 0 PG GUID 0 Rank 1022]  using GPU 6 as device used by this process is currently unknown. This can potentially cause a hang if this rank to GPU mapping is incorrect. You can pecify device_id in init_process_group() to force use of a particular device.
WARNING: Logging before InitGoogleLogging() is written to STDERR
W0304 14:39:09.353686 2147230 ProcessGroupNCCL.cpp:4834] [PG ID 0 PG GUID 0 Rank 975]  using GPU 7 as device used by this process is currently unknown. This can potentially cause a hang if this rank to GPU mapping is incorrect. You can pecify device_id in init_process_group() to force use of a particular device.
WARNING: Logging before InitGoogleLogging() is written to STDERR
W0304 14:39:09.353741 1872662 ProcessGroupNCCL.cpp:4834] [PG ID 0 PG GUID 0 Rank 1023]  using GPU 7 as device used by this process is currently unknown. This can potentially cause a hang if this rank to GPU mapping is incorrect. You can pecify device_id in init_process_group() to force use of a particular device.
WARNING: Logging before InitGoogleLogging() is written to STDERR
W0304 14:39:09.353734 2150150 ProcessGroupNCCL.cpp:4834] [PG ID 0 PG GUID 0 Rank 959]  using GPU 7 as device used by this process is currently unknown. This can potentially cause a hang if this rank to GPU mapping is incorrect. You can pecify device_id in init_process_group() to force use of a particular device.
WARNING: Logging before InitGoogleLogging() is written to STDERR
W0304 14:39:09.353919 2150139 ProcessGroupNCCL.cpp:4834] [PG ID 0 PG GUID 0 Rank 958]  using GPU 6 as device used by this process is currently unknown. This can potentially cause a hang if this rank to GPU mapping is incorrect. You can pecify device_id in init_process_group() to force use of a particular device.
WARNING: Logging before InitGoogleLogging() is written to STDERR
W0304 14:39:09.353988 2152509 ProcessGroupNCCL.cpp:4834] [PG ID 0 PG GUID 0 Rank 965]  using GPU 5 as device used by this process is currently unknown. This can potentially cause a hang if this rank to GPU mapping is incorrect. You can pecify device_id in init_process_group() to force use of a particular device.
WARNING: Logging before InitGoogleLogging() is written to STDERR
W0304 14:39:09.354312 1872804 ProcessGroupNCCL.cpp:4834] [PG ID 0 PG GUID 0 Rank 1019]  using GPU 3 as device used by this process is currently unknown. This can potentially cause a hang if this rank to GPU mapping is incorrect. You can pecify device_id in init_process_group() to force use of a particular device.
WARNING: Logging before InitGoogleLogging() is written to STDERR
W0304 14:39:09.355235 2141772 ProcessGroupNCCL.cpp:4834] [PG ID 0 PG GUID 0 Rank 979]  using GPU 3 as device used by this process is currently unknown. This can potentially cause a hang if this rank to GPU mapping is incorrect. You can pecify device_id in init_process_group() to force use of a particular device.
WARNING: Logging before InitGoogleLogging() is written to STDERR
W0304 14:39:09.357251 1419269 ProcessGroupNCCL.cpp:4834] [PG ID 0 PG GUID 0 Rank 904]  using GPU 0 as device used by this process is currently unknown. This can potentially cause a hang if this rank to GPU mapping is incorrect. You can pecify device_id in init_process_group() to force use of a particular device.
WARNING: Logging before InitGoogleLogging() is written to STDERR
W0304 14:39:09.357996 2150122 ProcessGroupNCCL.cpp:4834] [PG ID 0 PG GUID 0 Rank 955]  using GPU 3 as device used by this process is currently unknown. This can potentially cause a hang if this rank to GPU mapping is incorrect. You can pecify device_id in init_process_group() to force use of a particular device.
WARNING: Logging before InitGoogleLogging() is written to STDERR
W0304 14:39:09.358148 2147109 ProcessGroupNCCL.cpp:4834] [PG ID 0 PG GUID 0 Rank 968]  using GPU 0 as device used by this process is currently unknown. This can potentially cause a hang if this rank to GPU mapping is incorrect. You can pecify device_id in init_process_group() to force use of a particular device.
WARNING: Logging before InitGoogleLogging() is written to STDERR
W0304 14:39:09.359376 1419479 ProcessGroupNCCL.cpp:4834] [PG ID 0 PG GUID 0 Rank 910]  using GPU 6 as device used by this process is currently unknown. This can potentially cause a hang if this rank to GPU mapping is incorrect. You can pecify device_id in init_process_group() to force use of a particular device.
WARNING: Logging before InitGoogleLogging() is written to STDERR
W0304 14:39:09.359319 1995347 ProcessGroupNCCL.cpp:4834] [PG ID 0 PG GUID 0 Rank 538]  using GPU 2 as device used by this process is currently unknown. This can potentially cause a hang if this rank to GPU mapping is incorrect. You can pecify device_id in init_process_group() to force use of a particular device.
WARNING: Logging before InitGoogleLogging() is written to STDERR
W0304 14:39:09.359508 1999385 ProcessGroupNCCL.cpp:4834] [PG ID 0 PG GUID 0 Rank 602]  using GPU 2 as device used by this process is currently unknown. This can potentially cause a hang if this rank to GPU mapping is incorrect. You can pecify device_id in init_process_group() to force use of a particular device.
WARNING: Logging before InitGoogleLogging() is written to STDERR
W0304 14:39:09.359809 2147126 ProcessGroupNCCL.cpp:4834] [PG ID 0 PG GUID 0 Rank 974]  using GPU 6 as device used by this process is currently unknown. This can potentially cause a hang if this rank to GPU mapping is incorrect. You can pecify device_id in init_process_group() to force use of a particular device.
WARNING: Logging before InitGoogleLogging() is written to STDERR
W0304 14:39:09.362031 1418281 ProcessGroupNCCL.cpp:4834] [PG ID 0 PG GUID 0 Rank 915]  using GPU 3 as device used by this process is currently unknown. This can potentially cause a hang if this rank to GPU mapping is incorrect. You can pecify device_id in init_process_group() to force use of a particular device.
WARNING: Logging before InitGoogleLogging() is written to STDERR
W0304 14:39:09.362066 1872815 ProcessGroupNCCL.cpp:4834] [PG ID 0 PG GUID 0 Rank 1018]  using GPU 2 as device used by this process is currently unknown. This can potentially cause a hang if this rank to GPU mapping is incorrect. You can pecify device_id in init_process_group() to force use of a particular device.
WARNING: Logging before InitGoogleLogging() is written to STDERR
W0304 14:39:09.362543 2150121 ProcessGroupNCCL.cpp:4834] [PG ID 0 PG GUID 0 Rank 954]  using GPU 2 as device used by this process is currently unknown. This can potentially cause a hang if this rank to GPU mapping is incorrect. You can pecify device_id in init_process_group() to force use of a particular device.
WARNING: Logging before InitGoogleLogging() is written to STDERR
W0304 14:39:09.364260 2147073 ProcessGroupNCCL.cpp:4834] [PG ID 0 PG GUID 0 Rank 969]  using GPU 1 as device used by this process is currently unknown. This can potentially cause a hang if this rank to GPU mapping is incorrect. You can pecify device_id in init_process_group() to force use of a particular device.
WARNING: Logging before InitGoogleLogging() is written to STDERR
W0304 14:39:09.365247 1999383 ProcessGroupNCCL.cpp:4834] [PG ID 0 PG GUID 0 Rank 606]  using GPU 6 as device used by this process is currently unknown. This can potentially cause a hang if this rank to GPU mapping is incorrect. You can pecify device_id in init_process_group() to force use of a particular device.
WARNING: Logging before InitGoogleLogging() is written to STDERR
W0304 14:39:09.366024 1995585 ProcessGroupNCCL.cpp:4834] [PG ID 0 PG GUID 0 Rank 542]  using GPU 6 as device used by this process is currently unknown. This can potentially cause a hang if this rank to GPU mapping is incorrect. You can pecify device_id in init_process_group() to force use of a particular device.
WARNING: Logging before InitGoogleLogging() is written to STDERR
W0304 14:39:09.366318 2147231 ProcessGroupNCCL.cpp:4834] [PG ID 0 PG GUID 0 Rank 972]  using GPU 4 as device used by this process is currently unknown. This can potentially cause a hang if this rank to GPU mapping is incorrect. You can pecify device_id in init_process_group() to force use of a particular device.
WARNING: Logging before InitGoogleLogging() is written to STDERR
W0304 14:39:09.366333 2141588 ProcessGroupNCCL.cpp:4834] [PG ID 0 PG GUID 0 Rank 983]  using GPU 7 as device used by this process is currently unknown. This can potentially cause a hang if this rank to GPU mapping is incorrect. You can pecify device_id in init_process_group() to force use of a particular device.
WARNING: Logging before InitGoogleLogging() is written to STDERR
W0304 14:39:09.367746 1418338 ProcessGroupNCCL.cpp:4834] [PG ID 0 PG GUID 0 Rank 919]  using GPU 7 as device used by this process is currently unknown. This can potentially cause a hang if this rank to GPU mapping is incorrect. You can pecify device_id in init_process_group() to force use of a particular device.
WARNING: Logging before InitGoogleLogging() is written to STDERR
W0304 14:39:09.367955 1419477 ProcessGroupNCCL.cpp:4834] [PG ID 0 PG GUID 0 Rank 908]  using GPU 4 as device used by this process is currently unknown. This can potentially cause a hang if this rank to GPU mapping is incorrect. You can pecify device_id in init_process_group() to force use of a particular device.
WARNING: Logging before InitGoogleLogging() is written to STDERR
W0304 14:39:09.369979 1419255 ProcessGroupNCCL.cpp:4834] [PG ID 0 PG GUID 0 Rank 905]  using GPU 1 as device used by this process is currently unknown. This can potentially cause a hang if this rank to GPU mapping is incorrect. You can pecify device_id in init_process_group() to force use of a particular device.
WARNING: Logging before InitGoogleLogging() is written to STDERR
W0304 14:39:09.371331 2141767 ProcessGroupNCCL.cpp:4834] [PG ID 0 PG GUID 0 Rank 978]  using GPU 2 as device used by this process is currently unknown. This can potentially cause a hang if this rank to GPU mapping is incorrect. You can pecify device_id in init_process_group() to force use of a particular device.
WARNING: Logging before InitGoogleLogging() is written to STDERR
W0304 14:39:09.372618 1418336 ProcessGroupNCCL.cpp:4834] [PG ID 0 PG GUID 0 Rank 914]  using GPU 2 as device used by this process is currently unknown. This can potentially cause a hang if this rank to GPU mapping is incorrect. You can pecify device_id in init_process_group() to force use of a particular device.
WARNING: Logging before InitGoogleLogging() is written to STDERR
W0304 14:39:09.377127 1998443 ProcessGroupNCCL.cpp:4834] [PG ID 0 PG GUID 0 Rank 546]  using GPU 2 as device used by this process is currently unknown. This can potentially cause a hang if this rank to GPU mapping is incorrect. You can pecify device_id in init_process_group() to force use of a particular device.
WARNING: Logging before InitGoogleLogging() is written to STDERR
W0304 14:39:09.377619 2147229 ProcessGroupNCCL.cpp:4834] [PG ID 0 PG GUID 0 Rank 973]  using GPU 5 as device used by this process is currently unknown. This can potentially cause a hang if this rank to GPU mapping is incorrect. You can pecify device_id in init_process_group() to force use of a particular device.
WARNING: Logging before InitGoogleLogging() is written to STDERR
W0304 14:39:09.378907 1419324 ProcessGroupNCCL.cpp:4834] [PG ID 0 PG GUID 0 Rank 909]  using GPU 5 as device used by this process is currently unknown. This can potentially cause a hang if this rank to GPU mapping is incorrect. You can pecify device_id in init_process_group() to force use of a particular device.
WARNING: Logging before InitGoogleLogging() is written to STDERR
W0304 14:39:09.379881 1997835 ProcessGroupNCCL.cpp:4834] [PG ID 0 PG GUID 0 Rank 610]  using GPU 2 as device used by this process is currently unknown. This can potentially cause a hang if this rank to GPU mapping is incorrect. You can pecify device_id in init_process_group() to force use of a particular device.
WARNING: Logging before InitGoogleLogging() is written to STDERR
W0304 14:39:09.380453 2141779 ProcessGroupNCCL.cpp:4834] [PG ID 0 PG GUID 0 Rank 976]  using GPU 0 as device used by this process is currently unknown. This can potentially cause a hang if this rank to GPU mapping is incorrect. You can pecify device_id in init_process_group() to force use of a particular device.
WARNING: Logging before InitGoogleLogging() is written to STDERR
W0304 14:39:09.380985 1411535 ProcessGroupNCCL.cpp:4834] [PG ID 0 PG GUID 0 Rank 923]  using GPU 3 as device used by this process is currently unknown. This can potentially cause a hang if this rank to GPU mapping is incorrect. You can pecify device_id in init_process_group() to force use of a particular device.
WARNING: Logging before InitGoogleLogging() is written to STDERR
W0304 14:39:09.381495 1418154 ProcessGroupNCCL.cpp:4834] [PG ID 0 PG GUID 0 Rank 912]  using GPU 0 as device used by this process is currently unknown. This can potentially cause a hang if this rank to GPU mapping is incorrect. You can pecify device_id in init_process_group() to force use of a particular device.
WARNING: Logging before InitGoogleLogging() is written to STDERR
W0304 14:39:09.381417 2147476 ProcessGroupNCCL.cpp:4834] [PG ID 0 PG GUID 0 Rank 987]  using GPU 3 as device used by this process is currently unknown. This can potentially cause a hang if this rank to GPU mapping is incorrect. You can pecify device_id in init_process_group() to force use of a particular device.
WARNING: Logging before InitGoogleLogging() is written to STDERR
W0304 14:39:09.382652 1418151 ProcessGroupNCCL.cpp:4834] [PG ID 0 PG GUID 0 Rank 913]  using GPU 1 as device used by this process is currently unknown. This can potentially cause a hang if this rank to GPU mapping is incorrect. You can pecify device_id in init_process_group() to force use of a particular device.
WARNING: Logging before InitGoogleLogging() is written to STDERR
W0304 14:39:09.382757 2141766 ProcessGroupNCCL.cpp:4834] [PG ID 0 PG GUID 0 Rank 982]  using GPU 6 as device used by this process is currently unknown. This can potentially cause a hang if this rank to GPU mapping is incorrect. You can pecify device_id in init_process_group() to force use of a particular device.
WARNING: Logging before InitGoogleLogging() is written to STDERR
W0304 14:39:09.382802 2141528 ProcessGroupNCCL.cpp:4834] [PG ID 0 PG GUID 0 Rank 977]  using GPU 1 as device used by this process is currently unknown. This can potentially cause a hang if this rank to GPU mapping is incorrect. You can pecify device_id in init_process_group() to force use of a particular device.
WARNING: Logging before InitGoogleLogging() is written to STDERR
W0304 14:39:09.383972 1418299 ProcessGroupNCCL.cpp:4834] [PG ID 0 PG GUID 0 Rank 918]  using GPU 6 as device used by this process is currently unknown. This can potentially cause a hang if this rank to GPU mapping is incorrect. You can pecify device_id in init_process_group() to force use of a particular device.
WARNING: Logging before InitGoogleLogging() is written to STDERR
W0304 14:39:09.386628 1418279 ProcessGroupNCCL.cpp:4834] [PG ID 0 PG GUID 0 Rank 916]  using GPU 4 as device used by this process is currently unknown. This can potentially cause a hang if this rank to GPU mapping is incorrect. You can pecify device_id in init_process_group() to force use of a particular device.
WARNING: Logging before InitGoogleLogging() is written to STDERR
W0304 14:39:09.389326 1419432 ProcessGroupNCCL.cpp:4834] [PG ID 0 PG GUID 0 Rank 935]  using GPU 7 as device used by this process is currently unknown. This can potentially cause a hang if this rank to GPU mapping is incorrect. You can pecify device_id in init_process_group() to force use of a particular device.
WARNING: Logging before InitGoogleLogging() is written to STDERR
W0304 14:39:09.389422 2150374 ProcessGroupNCCL.cpp:4834] [PG ID 0 PG GUID 0 Rank 999]  using GPU 7 as device used by this process is currently unknown. This can potentially cause a hang if this rank to GPU mapping is incorrect. You can pecify device_id in init_process_group() to force use of a particular device.
WARNING: Logging before InitGoogleLogging() is written to STDERR
W0304 14:39:09.389554 1419443 ProcessGroupNCCL.cpp:4834] [PG ID 0 PG GUID 0 Rank 931]  using GPU 3 as device used by this process is currently unknown. This can potentially cause a hang if this rank to GPU mapping is incorrect. You can pecify device_id in init_process_group() to force use of a particular device.
WARNING: Logging before InitGoogleLogging() is written to STDERR
W0304 14:39:09.390079 2150308 ProcessGroupNCCL.cpp:4834] [PG ID 0 PG GUID 0 Rank 995]  using GPU 3 as device used by this process is currently unknown. This can potentially cause a hang if this rank to GPU mapping is incorrect. You can pecify device_id in init_process_group() to force use of a particular device.
WARNING: Logging before InitGoogleLogging() is written to STDERR
W0304 14:39:09.390133 2141548 ProcessGroupNCCL.cpp:4834] [PG ID 0 PG GUID 0 Rank 980]  using GPU 4 as device used by this process is currently unknown. This can potentially cause a hang if this rank to GPU mapping is incorrect. You can pecify device_id in init_process_group() to force use of a particular device.
WARNING: Logging before InitGoogleLogging() is written to STDERR
W0304 14:39:09.390810 2141549 ProcessGroupNCCL.cpp:4834] [PG ID 0 PG GUID 0 Rank 981]  using GPU 5 as device used by this process is currently unknown. This can potentially cause a hang if this rank to GPU mapping is incorrect. You can pecify device_id in init_process_group() to force use of a particular device.
WARNING: Logging before InitGoogleLogging() is written to STDERR
W0304 14:39:09.391052 1418329 ProcessGroupNCCL.cpp:4834] [PG ID 0 PG GUID 0 Rank 917]  using GPU 5 as device used by this process is currently unknown. This can potentially cause a hang if this rank to GPU mapping is incorrect. You can pecify device_id in init_process_group() to force use of a particular device.
WARNING: Logging before InitGoogleLogging() is written to STDERR
W0304 14:39:09.391656 1411528 ProcessGroupNCCL.cpp:4834] [PG ID 0 PG GUID 0 Rank 926]  using GPU 6 as device used by this process is currently unknown. This can potentially cause a hang if this rank to GPU mapping is incorrect. You can pecify device_id in init_process_group() to force use of a particular device.
WARNING: Logging before InitGoogleLogging() is written to STDERR
W0304 14:39:09.392400 1845181 ProcessGroupNCCL.cpp:4834] [PG ID 0 PG GUID 0 Rank 1011]  using GPU 3 as device used by this process is currently unknown. This can potentially cause a hang if this rank to GPU mapping is incorrect. You can pecify device_id in init_process_group() to force use of a particular device.
WARNING: Logging before InitGoogleLogging() is written to STDERR
W0304 14:39:09.392577 1837969 ProcessGroupNCCL.cpp:4834] [PG ID 0 PG GUID 0 Rank 1007]  using GPU 7 as device used by this process is currently unknown. This can potentially cause a hang if this rank to GPU mapping is incorrect. You can pecify device_id in init_process_group() to force use of a particular device.
WARNING: Logging before InitGoogleLogging() is written to STDERR
W0304 14:39:09.392730 2147457 ProcessGroupNCCL.cpp:4834] [PG ID 0 PG GUID 0 Rank 990]  using GPU 6 as device used by this process is currently unknown. This can potentially cause a hang if this rank to GPU mapping is incorrect. You can pecify device_id in init_process_group() to force use of a particular device.
WARNING: Logging before InitGoogleLogging() is written to STDERR
W0304 14:39:09.393134 1762347 ProcessGroupNCCL.cpp:4834] [PG ID 0 PG GUID 0 Rank 943]  using GPU 7 as device used by this process is currently unknown. This can potentially cause a hang if this rank to GPU mapping is incorrect. You can pecify device_id in init_process_group() to force use of a particular device.
WARNING: Logging before InitGoogleLogging() is written to STDERR
W0304 14:39:09.393923 2148584 ProcessGroupNCCL.cpp:4834] [PG ID 0 PG GUID 0 Rank 947]  using GPU 3 as device used by this process is currently unknown. This can potentially cause a hang if this rank to GPU mapping is incorrect. You can pecify device_id in init_process_group() to force use of a particular device.
WARNING: Logging before InitGoogleLogging() is written to STDERR
W0304 14:39:09.395272 1411538 ProcessGroupNCCL.cpp:4834] [PG ID 0 PG GUID 0 Rank 927]  using GPU 7 as device used by this process is currently unknown. This can potentially cause a hang if this rank to GPU mapping is incorrect. You can pecify device_id in init_process_group() to force use of a particular device.
WARNING: Logging before InitGoogleLogging() is written to STDERR
W0304 14:39:09.395588 1837895 ProcessGroupNCCL.cpp:4834] [PG ID 0 PG GUID 0 Rank 1003]  using GPU 3 as device used by this process is currently unknown. This can potentially cause a hang if this rank to GPU mapping is incorrect. You can pecify device_id in init_process_group() to force use of a particular device.
WARNING: Logging before InitGoogleLogging() is written to STDERR
W0304 14:39:09.396203 2147458 ProcessGroupNCCL.cpp:4834] [PG ID 0 PG GUID 0 Rank 991]  using GPU 7 as device used by this process is currently unknown. This can potentially cause a hang if this rank to GPU mapping is incorrect. You can pecify device_id in init_process_group() to force use of a particular device.
WARNING: Logging before InitGoogleLogging() is written to STDERR
W0304 14:39:09.396492 1762459 ProcessGroupNCCL.cpp:4834] [PG ID 0 PG GUID 0 Rank 939]  using GPU 3 as device used by this process is currently unknown. This can potentially cause a hang if this rank to GPU mapping is incorrect. You can pecify device_id in init_process_group() to force use of a particular device.
WARNING: Logging before InitGoogleLogging() is written to STDERR
W0304 14:39:09.396999 1999377 ProcessGroupNCCL.cpp:4834] [PG ID 0 PG GUID 0 Rank 601]  using GPU 1 as device used by this process is currently unknown. This can potentially cause a hang if this rank to GPU mapping is incorrect. You can pecify device_id in init_process_group() to force use of a particular device.
WARNING: Logging before InitGoogleLogging() is written to STDERR
W0304 14:39:09.397257 1995578 ProcessGroupNCCL.cpp:4834] [PG ID 0 PG GUID 0 Rank 537]  using GPU 1 as device used by this process is currently unknown. This can potentially cause a hang if this rank to GPU mapping is incorrect. You can pecify device_id in init_process_group() to force use of a particular device.
WARNING: Logging before InitGoogleLogging() is written to STDERR
W0304 14:39:09.397310 1998477 ProcessGroupNCCL.cpp:4834] [PG ID 0 PG GUID 0 Rank 550]  using GPU 6 as device used by this process is currently unknown. This can potentially cause a hang if this rank to GPU mapping is incorrect. You can pecify device_id in init_process_group() to force use of a particular device.
WARNING: Logging before InitGoogleLogging() is written to STDERR
W0304 14:39:09.397776 1997974 ProcessGroupNCCL.cpp:4834] [PG ID 0 PG GUID 0 Rank 614]  using GPU 6 as device used by this process is currently unknown. This can potentially cause a hang if this rank to GPU mapping is incorrect. You can pecify device_id in init_process_group() to force use of a particular device.
WARNING: Logging before InitGoogleLogging() is written to STDERR
W0304 14:39:09.397842 2150303 ProcessGroupNCCL.cpp:4834] [PG ID 0 PG GUID 0 Rank 994]  using GPU 2 as device used by this process is currently unknown. This can potentially cause a hang if this rank to GPU mapping is incorrect. You can pecify device_id in init_process_group() to force use of a particular device.
WARNING: Logging before InitGoogleLogging() is written to STDERR
W0304 14:39:09.398361 2147434 ProcessGroupNCCL.cpp:4834] [PG ID 0 PG GUID 0 Rank 984]  using GPU 0 as device used by this process is currently unknown. This can potentially cause a hang if this rank to GPU mapping is incorrect. You can pecify device_id in init_process_group() to force use of a particular device.
WARNING: Logging before InitGoogleLogging() is written to STDERR
W0304 14:39:09.398670 1411476 ProcessGroupNCCL.cpp:4834] [PG ID 0 PG GUID 0 Rank 920]  using GPU 0 as device used by this process is currently unknown. This can potentially cause a hang if this rank to GPU mapping is incorrect. You can pecify device_id in init_process_group() to force use of a particular device.
WARNING: Logging before InitGoogleLogging() is written to STDERR
W0304 14:39:09.399042 1997157 ProcessGroupNCCL.cpp:4834] [PG ID 0 PG GUID 0 Rank 618]  using GPU 2 as device used by this process is currently unknown. This can potentially cause a hang if this rank to GPU mapping is incorrect. You can pecify device_id in init_process_group() to force use of a particular device.
WARNING: Logging before InitGoogleLogging() is written to STDERR
W0304 14:39:09.399494 1411526 ProcessGroupNCCL.cpp:4834] [PG ID 0 PG GUID 0 Rank 922]  using GPU 2 as device used by this process is currently unknown. This can potentially cause a hang if this rank to GPU mapping is incorrect. You can pecify device_id in init_process_group() to force use of a particular device.
WARNING: Logging before InitGoogleLogging() is written to STDERR
W0304 14:39:09.399714 2147460 ProcessGroupNCCL.cpp:4834] [PG ID 0 PG GUID 0 Rank 986]  using GPU 2 as device used by this process is currently unknown. This can potentially cause a hang if this rank to GPU mapping is incorrect. You can pecify device_id in init_process_group() to force use of a particular device.
WARNING: Logging before InitGoogleLogging() is written to STDERR
W0304 14:39:09.400164 1419566 ProcessGroupNCCL.cpp:4834] [PG ID 0 PG GUID 0 Rank 930]  using GPU 2 as device used by this process is currently unknown. This can potentially cause a hang if this rank to GPU mapping is incorrect. You can pecify device_id in init_process_group() to force use of a particular device.
WARNING: Logging before InitGoogleLogging() is written to STDERR
W0304 14:39:09.400131 1995803 ProcessGroupNCCL.cpp:4834] [PG ID 0 PG GUID 0 Rank 554]  using GPU 2 as device used by this process is currently unknown. This can potentially cause a hang if this rank to GPU mapping is incorrect. You can pecify device_id in init_process_group() to force use of a particular device.
WARNING: Logging before InitGoogleLogging() is written to STDERR
W0304 14:39:09.400535 1845064 ProcessGroupNCCL.cpp:4834] [PG ID 0 PG GUID 0 Rank 1015]  using GPU 7 as device used by this process is currently unknown. This can potentially cause a hang if this rank to GPU mapping is incorrect. You can pecify device_id in init_process_group() to force use of a particular device.
WARNING: Logging before InitGoogleLogging() is written to STDERR
W0304 14:39:09.402216 2147488 ProcessGroupNCCL.cpp:4834] [PG ID 0 PG GUID 0 Rank 985]  using GPU 1 as device used by this process is currently unknown. This can potentially cause a hang if this rank to GPU mapping is incorrect. You can pecify device_id in init_process_group() to force use of a particular device.
WARNING: Logging before InitGoogleLogging() is written to STDERR
W0304 14:39:09.402343 2148583 ProcessGroupNCCL.cpp:4834] [PG ID 0 PG GUID 0 Rank 951]  using GPU 7 as device used by this process is currently unknown. This can potentially cause a hang if this rank to GPU mapping is incorrect. You can pecify device_id in init_process_group() to force use of a particular device.
WARNING: Logging before InitGoogleLogging() is written to STDERR
W0304 14:39:09.404055 1411540 ProcessGroupNCCL.cpp:4834] [PG ID 0 PG GUID 0 Rank 921]  using GPU 1 as device used by this process is currently unknown. This can potentially cause a hang if this rank to GPU mapping is incorrect. You can pecify device_id in init_process_group() to force use of a particular device.
WARNING: Logging before InitGoogleLogging() is written to STDERR
W0304 14:39:09.404809 1995549 ProcessGroupNCCL.cpp:4834] [PG ID 0 PG GUID 0 Rank 541]  using GPU 5 as device used by this process is currently unknown. This can potentially cause a hang if this rank to GPU mapping is incorrect. You can pecify device_id in init_process_group() to force use of a particular device.
WARNING: Logging before InitGoogleLogging() is written to STDERR
W0304 14:39:09.405261 1411554 ProcessGroupNCCL.cpp:4834] [PG ID 0 PG GUID 0 Rank 924]  using GPU 4 as device used by this process is currently unknown. This can potentially cause a hang if this rank to GPU mapping is incorrect. You can pecify device_id in init_process_group() to force use of a particular device.
WARNING: Logging before InitGoogleLogging() is written to STDERR
W0304 14:39:09.405601 1999217 ProcessGroupNCCL.cpp:4834] [PG ID 0 PG GUID 0 Rank 605]  using GPU 5 as device used by this process is currently unknown. This can potentially cause a hang if this rank to GPU mapping is incorrect. You can pecify device_id in init_process_group() to force use of a particular device.
WARNING: Logging before InitGoogleLogging() is written to STDERR
W0304 14:39:09.405781 2147487 ProcessGroupNCCL.cpp:4834] [PG ID 0 PG GUID 0 Rank 988]  using GPU 4 as device used by this process is currently unknown. This can potentially cause a hang if this rank to GPU mapping is incorrect. You can pecify device_id in init_process_group() to force use of a particular device.
WARNING: Logging before InitGoogleLogging() is written to STDERR
W0304 14:39:09.407799 2150302 ProcessGroupNCCL.cpp:4834] [PG ID 0 PG GUID 0 Rank 992]  using GPU 0 as device used by this process is currently unknown. This can potentially cause a hang if this rank to GPU mapping is incorrect. You can pecify device_id in init_process_group() to force use of a particular device.
WARNING: Logging before InitGoogleLogging() is written to STDERR
W0304 14:39:09.408183 1419567 ProcessGroupNCCL.cpp:4834] [PG ID 0 PG GUID 0 Rank 928]  using GPU 0 as device used by this process is currently unknown. This can potentially cause a hang if this rank to GPU mapping is incorrect. You can pecify device_id in init_process_group() to force use of a particular device.
WARNING: Logging before InitGoogleLogging() is written to STDERR
W0304 14:39:09.409817 2150375 ProcessGroupNCCL.cpp:4834] [PG ID 0 PG GUID 0 Rank 996]  using GPU 4 as device used by this process is currently unknown. This can potentially cause a hang if this rank to GPU mapping is incorrect. You can pecify device_id in init_process_group() to force use of a particular device.
WARNING: Logging before InitGoogleLogging() is written to STDERR
W0304 14:39:09.410306 1838113 ProcessGroupNCCL.cpp:4834] [PG ID 0 PG GUID 0 Rank 1006]  using GPU 6 as device used by this process is currently unknown. This can potentially cause a hang if this rank to GPU mapping is incorrect. You can pecify device_id in init_process_group() to force use of a particular device.
WARNING: Logging before InitGoogleLogging() is written to STDERR
W0304 14:39:09.411552 1762353 ProcessGroupNCCL.cpp:4834] [PG ID 0 PG GUID 0 Rank 942]  using GPU 6 as device used by this process is currently unknown. This can potentially cause a hang if this rank to GPU mapping is incorrect. You can pecify device_id in init_process_group() to force use of a particular device.
WARNING: Logging before InitGoogleLogging() is written to STDERR
W0304 14:39:09.412207 1845433 ProcessGroupNCCL.cpp:4834] [PG ID 0 PG GUID 0 Rank 1014]  using GPU 6 as device used by this process is currently unknown. This can potentially cause a hang if this rank to GPU mapping is incorrect. You can pecify device_id in init_process_group() to force use of a particular device.
WARNING: Logging before InitGoogleLogging() is written to STDERR
W0304 14:39:09.412441 2147461 ProcessGroupNCCL.cpp:4834] [PG ID 0 PG GUID 0 Rank 989]  using GPU 5 as device used by this process is currently unknown. This can potentially cause a hang if this rank to GPU mapping is incorrect. You can pecify device_id in init_process_group() to force use of a particular device.
WARNING: Logging before InitGoogleLogging() is written to STDERR
W0304 14:39:09.412746 1419433 ProcessGroupNCCL.cpp:4834] [PG ID 0 PG GUID 0 Rank 932]  using GPU 4 as device used by this process is currently unknown. This can potentially cause a hang if this rank to GPU mapping is incorrect. You can pecify device_id in init_process_group() to force use of a particular device.
WARNING: Logging before InitGoogleLogging() is written to STDERR
W0304 14:39:09.412889 1997046 ProcessGroupNCCL.cpp:4834] [PG ID 0 PG GUID 0 Rank 622]  using GPU 6 as device used by this process is currently unknown. This can potentially cause a hang if this rank to GPU mapping is incorrect. You can pecify device_id in init_process_group() to force use of a particular device.
WARNING: Logging before InitGoogleLogging() is written to STDERR
W0304 14:39:09.413735 1762487 ProcessGroupNCCL.cpp:4834] [PG ID 0 PG GUID 0 Rank 938]  using GPU 2 as device used by this process is currently unknown. This can potentially cause a hang if this rank to GPU mapping is incorrect. You can pecify device_id in init_process_group() to force use of a particular device.
WARNING: Logging before InitGoogleLogging() is written to STDERR
W0304 14:39:09.414090 1411555 ProcessGroupNCCL.cpp:4834] [PG ID 0 PG GUID 0 Rank 925]  using GPU 5 as device used by this process is currently unknown. This can potentially cause a hang if this rank to GPU mapping is incorrect. You can pecify device_id in init_process_group() to force use of a particular device.
WARNING: Logging before InitGoogleLogging() is written to STDERR
W0304 14:39:09.414274 1995585 ProcessGroupNCCL.cpp:4834] [PG ID 0 PG GUID 0 Rank 558]  using GPU 6 as device used by this process is currently unknown. This can potentially cause a hang if this rank to GPU mapping is incorrect. You can pecify device_id in init_process_group() to force use of a particular device.
WARNING: Logging before InitGoogleLogging() is written to STDERR
W0304 14:39:09.414775 1838014 ProcessGroupNCCL.cpp:4834] [PG ID 0 PG GUID 0 Rank 1000]  using GPU 0 as device used by this process is currently unknown. This can potentially cause a hang if this rank to GPU mapping is incorrect. You can pecify device_id in init_process_group() to force use of a particular device.
WARNING: Logging before InitGoogleLogging() is written to STDERR
W0304 14:39:09.414901 2148465 ProcessGroupNCCL.cpp:4834] [PG ID 0 PG GUID 0 Rank 950]  using GPU 6 as device used by this process is currently unknown. This can potentially cause a hang if this rank to GPU mapping is incorrect. You can pecify device_id in init_process_group() to force use of a particular device.
WARNING: Logging before InitGoogleLogging() is written to STDERR
W0304 14:39:09.414954 1419568 ProcessGroupNCCL.cpp:4834] [PG ID 0 PG GUID 0 Rank 934]  using GPU 6 as device used by this process is currently unknown. This can potentially cause a hang if this rank to GPU mapping is incorrect. You can pecify device_id in init_process_group() to force use of a particular device.
WARNING: Logging before InitGoogleLogging() is written to STDERR
W0304 14:39:09.415520 1838054 ProcessGroupNCCL.cpp:4834] [PG ID 0 PG GUID 0 Rank 1002]  using GPU 2 as device used by this process is currently unknown. This can potentially cause a hang if this rank to GPU mapping is incorrect. You can pecify device_id in init_process_group() to force use of a particular device.
WARNING: Logging before InitGoogleLogging() is written to STDERR
W0304 14:39:09.416146 2150385 ProcessGroupNCCL.cpp:4834] [PG ID 0 PG GUID 0 Rank 998]  using GPU 6 as device used by this process is currently unknown. This can potentially cause a hang if this rank to GPU mapping is incorrect. You can pecify device_id in init_process_group() to force use of a particular device.
WARNING: Logging before InitGoogleLogging() is written to STDERR
W0304 14:39:09.416293 1762475 ProcessGroupNCCL.cpp:4834] [PG ID 0 PG GUID 0 Rank 936]  using GPU 0 as device used by this process is currently unknown. This can potentially cause a hang if this rank to GPU mapping is incorrect. You can pecify device_id in init_process_group() to force use of a particular device.
WARNING: Logging before InitGoogleLogging() is written to STDERR
W0304 14:39:09.416730 1845383 ProcessGroupNCCL.cpp:4834] [PG ID 0 PG GUID 0 Rank 1010]  using GPU 2 as device used by this process is currently unknown. This can potentially cause a hang if this rank to GPU mapping is incorrect. You can pecify device_id in init_process_group() to force use of a particular device.
WARNING: Logging before InitGoogleLogging() is written to STDERR
W0304 14:39:09.420527 2148480 ProcessGroupNCCL.cpp:4834] [PG ID 0 PG GUID 0 Rank 946]  using GPU 2 as device used by this process is currently unknown. This can potentially cause a hang if this rank to GPU mapping is incorrect. You can pecify device_id in init_process_group() to force use of a particular device.
WARNING: Logging before InitGoogleLogging() is written to STDERR
W0304 14:39:09.421864 1998355 ProcessGroupNCCL.cpp:4834] [PG ID 0 PG GUID 0 Rank 545]  using GPU 1 as device used by this process is currently unknown. This can potentially cause a hang if this rank to GPU mapping is incorrect. You can pecify device_id in init_process_group() to force use of a particular device.
WARNING: Logging before InitGoogleLogging() is written to STDERR
W0304 14:39:09.422060 1997834 ProcessGroupNCCL.cpp:4834] [PG ID 0 PG GUID 0 Rank 609]  using GPU 1 as device used by this process is currently unknown. This can potentially cause a hang if this rank to GPU mapping is incorrect. You can pecify device_id in init_process_group() to force use of a particular device.
WARNING: Logging before InitGoogleLogging() is written to STDERR
W0304 14:39:09.422580 2148416 ProcessGroupNCCL.cpp:4834] [PG ID 0 PG GUID 0 Rank 944]  using GPU 0 as device used by this process is currently unknown. This can potentially cause a hang if this rank to GPU mapping is incorrect. You can pecify device_id in init_process_group() to force use of a particular device.
WARNING: Logging before InitGoogleLogging() is written to STDERR
W0304 14:39:09.423791 1995295 ProcessGroupNCCL.cpp:4834] [PG ID 0 PG GUID 0 Rank 536]  using GPU 0 as device used by this process is currently unknown. This can potentially cause a hang if this rank to GPU mapping is incorrect. You can pecify device_id in init_process_group() to force use of a particular device.
WARNING: Logging before InitGoogleLogging() is written to STDERR
W0304 14:39:09.423934 1845344 ProcessGroupNCCL.cpp:4834] [PG ID 0 PG GUID 0 Rank 1008]  using GPU 0 as device used by this process is currently unknown. This can potentially cause a hang if this rank to GPU mapping is incorrect. You can pecify device_id in init_process_group() to force use of a particular device.
WARNING: Logging before InitGoogleLogging() is written to STDERR
W0304 14:39:09.424402 1999197 ProcessGroupNCCL.cpp:4834] [PG ID 0 PG GUID 0 Rank 600]  using GPU 0 as device used by this process is currently unknown. This can potentially cause a hang if this rank to GPU mapping is incorrect. You can pecify device_id in init_process_group() to force use of a particular device.
WARNING: Logging before InitGoogleLogging() is written to STDERR
W0304 14:39:09.425177 1838063 ProcessGroupNCCL.cpp:4834] [PG ID 0 PG GUID 0 Rank 1004]  using GPU 4 as device used by this process is currently unknown. This can potentially cause a hang if this rank to GPU mapping is incorrect. You can pecify device_id in init_process_group() to force use of a particular device.
WARNING: Logging before InitGoogleLogging() is written to STDERR
W0304 14:39:09.425384 2148582 ProcessGroupNCCL.cpp:4834] [PG ID 0 PG GUID 0 Rank 948]  using GPU 4 as device used by this process is currently unknown. This can potentially cause a hang if this rank to GPU mapping is incorrect. You can pecify device_id in init_process_group() to force use of a particular device.
WARNING: Logging before InitGoogleLogging() is written to STDERR
W0304 14:39:09.425428 1845375 ProcessGroupNCCL.cpp:4834] [PG ID 0 PG GUID 0 Rank 1012]  using GPU 4 as device used by this process is currently unknown. This can potentially cause a hang if this rank to GPU mapping is incorrect. You can pecify device_id in init_process_group() to force use of a particular device.
WARNING: Logging before InitGoogleLogging() is written to STDERR
W0304 14:39:09.425964 1762474 ProcessGroupNCCL.cpp:4834] [PG ID 0 PG GUID 0 Rank 940]  using GPU 4 as device used by this process is currently unknown. This can potentially cause a hang if this rank to GPU mapping is incorrect. You can pecify device_id in init_process_group() to force use of a particular device.
WARNING: Logging before InitGoogleLogging() is written to STDERR
W0304 14:39:09.426084 1989281 ProcessGroupNCCL.cpp:4834] [PG ID 0 PG GUID 0 Rank 562]  using GPU 2 as device used by this process is currently unknown. This can potentially cause a hang if this rank to GPU mapping is incorrect. You can pecify device_id in init_process_group() to force use of a particular device.
WARNING: Logging before InitGoogleLogging() is written to STDERR
W0304 14:39:09.427095 1998285 ProcessGroupNCCL.cpp:4834] [PG ID 0 PG GUID 0 Rank 626]  using GPU 2 as device used by this process is currently unknown. This can potentially cause a hang if this rank to GPU mapping is incorrect. You can pecify device_id in init_process_group() to force use of a particular device.
WARNING: Logging before InitGoogleLogging() is written to STDERR
W0304 14:39:09.428753 2150400 ProcessGroupNCCL.cpp:4834] [PG ID 0 PG GUID 0 Rank 993]  using GPU 1 as device used by this process is currently unknown. This can potentially cause a hang if this rank to GPU mapping is incorrect. You can pecify device_id in init_process_group() to force use of a particular device.
WARNING: Logging before InitGoogleLogging() is written to STDERR
W0304 14:39:09.429533 1419434 ProcessGroupNCCL.cpp:4834] [PG ID 0 PG GUID 0 Rank 929]  using GPU 1 as device used by this process is currently unknown. This can potentially cause a hang if this rank to GPU mapping is incorrect. You can pecify device_id in init_process_group() to force use of a particular device.
WARNING: Logging before InitGoogleLogging() is written to STDERR
W0304 14:39:09.432577 1998445 ProcessGroupNCCL.cpp:4834] [PG ID 0 PG GUID 0 Rank 549]  using GPU 5 as device used by this process is currently unknown. This can potentially cause a hang if this rank to GPU mapping is incorrect. You can pecify device_id in init_process_group() to force use of a particular device.
WARNING: Logging before InitGoogleLogging() is written to STDERR
W0304 14:39:09.433486 1997836 ProcessGroupNCCL.cpp:4834] [PG ID 0 PG GUID 0 Rank 613]  using GPU 5 as device used by this process is currently unknown. This can potentially cause a hang if this rank to GPU mapping is incorrect. You can pecify device_id in init_process_group() to force use of a particular device.
WARNING: Logging before InitGoogleLogging() is written to STDERR
W0304 14:39:09.433815 1995562 ProcessGroupNCCL.cpp:4834] [PG ID 0 PG GUID 0 Rank 540]  using GPU 4 as device used by this process is currently unknown. This can potentially cause a hang if this rank to GPU mapping is incorrect. You can pecify device_id in init_process_group() to force use of a particular device.
WARNING: Logging before InitGoogleLogging() is written to STDERR
W0304 14:39:09.434108 1999249 ProcessGroupNCCL.cpp:4834] [PG ID 0 PG GUID 0 Rank 604]  using GPU 4 as device used by this process is currently unknown. This can potentially cause a hang if this rank to GPU mapping is incorrect. You can pecify device_id in init_process_group() to force use of a particular device.
WARNING: Logging before InitGoogleLogging() is written to STDERR
W0304 14:39:09.435906 1837892 ProcessGroupNCCL.cpp:4834] [PG ID 0 PG GUID 0 Rank 1001]  using GPU 1 as device used by this process is currently unknown. This can potentially cause a hang if this rank to GPU mapping is incorrect. You can pecify device_id in init_process_group() to force use of a particular device.
WARNING: Logging before InitGoogleLogging() is written to STDERR
W0304 14:39:09.436138 1762375 ProcessGroupNCCL.cpp:4834] [PG ID 0 PG GUID 0 Rank 937]  using GPU 1 as device used by this process is currently unknown. This can potentially cause a hang if this rank to GPU mapping is incorrect. You can pecify device_id in init_process_group() to force use of a particular device.
WARNING: Logging before InitGoogleLogging() is written to STDERR
W0304 14:39:09.436479 1419565 ProcessGroupNCCL.cpp:4834] [PG ID 0 PG GUID 0 Rank 933]  using GPU 5 as device used by this process is currently unknown. This can potentially cause a hang if this rank to GPU mapping is incorrect. You can pecify device_id in init_process_group() to force use of a particular device.
WARNING: Logging before InitGoogleLogging() is written to STDERR
W0304 14:39:09.436762 1995798 ProcessGroupNCCL.cpp:4834] [PG ID 0 PG GUID 0 Rank 553]  using GPU 1 as device used by this process is currently unknown. This can potentially cause a hang if this rank to GPU mapping is incorrect. You can pecify device_id in init_process_group() to force use of a particular device.
WARNING: Logging before InitGoogleLogging() is written to STDERR
W0304 14:39:09.436877 1989283 ProcessGroupNCCL.cpp:4834] [PG ID 0 PG GUID 0 Rank 566]  using GPU 6 as device used by this process is currently unknown. This can potentially cause a hang if this rank to GPU mapping is incorrect. You can pecify device_id in init_process_group() to force use of a particular device.
WARNING: Logging before InitGoogleLogging() is written to STDERR
W0304 14:39:09.437229 2150386 ProcessGroupNCCL.cpp:4834] [PG ID 0 PG GUID 0 Rank 997]  using GPU 5 as device used by this process is currently unknown. This can potentially cause a hang if this rank to GPU mapping is incorrect. You can pecify device_id in init_process_group() to force use of a particular device.
WARNING: Logging before InitGoogleLogging() is written to STDERR
W0304 14:39:09.437342 1499458 ProcessGroupNCCL.cpp:4834] [PG ID 0 PG GUID 0 Rank 634]  using GPU 2 as device used by this process is currently unknown. This can potentially cause a hang if this rank to GPU mapping is incorrect. You can pecify device_id in init_process_group() to force use of a particular device.
WARNING: Logging before InitGoogleLogging() is written to STDERR
W0304 14:39:09.437577 1998594 ProcessGroupNCCL.cpp:4834] [PG ID 0 PG GUID 0 Rank 630]  using GPU 6 as device used by this process is currently unknown. This can potentially cause a hang if this rank to GPU mapping is incorrect. You can pecify device_id in init_process_group() to force use of a particular device.
WARNING: Logging before InitGoogleLogging() is written to STDERR
W0304 14:39:09.438103 1995867 ProcessGroupNCCL.cpp:4834] [PG ID 0 PG GUID 0 Rank 570]  using GPU 2 as device used by this process is currently unknown. This can potentially cause a hang if this rank to GPU mapping is incorrect. You can pecify device_id in init_process_group() to force use of a particular device.
WARNING: Logging before InitGoogleLogging() is written to STDERR
W0304 14:39:09.438814 1996946 ProcessGroupNCCL.cpp:4834] [PG ID 0 PG GUID 0 Rank 617]  using GPU 1 as device used by this process is currently unknown. This can potentially cause a hang if this rank to GPU mapping is incorrect. You can pecify device_id in init_process_group() to force use of a particular device.
WARNING: Logging before InitGoogleLogging() is written to STDERR
W0304 14:39:09.446055 1999357 ProcessGroupNCCL.cpp:4834] [PG ID 0 PG GUID 0 Rank 603]  using GPU 3 as device used by this process is currently unknown. This can potentially cause a hang if this rank to GPU mapping is incorrect. You can pecify device_id in init_process_group() to force use of a particular device.
WARNING: Logging before InitGoogleLogging() is written to STDERR
W0304 14:39:09.446259 1995451 ProcessGroupNCCL.cpp:4834] [PG ID 0 PG GUID 0 Rank 539]  using GPU 3 as device used by this process is currently unknown. This can potentially cause a hang if this rank to GPU mapping is incorrect. You can pecify device_id in init_process_group() to force use of a particular device.
WARNING: Logging before InitGoogleLogging() is written to STDERR
W0304 14:39:09.447503 2148415 ProcessGroupNCCL.cpp:4834] [PG ID 0 PG GUID 0 Rank 945]  using GPU 1 as device used by this process is currently unknown. This can potentially cause a hang if this rank to GPU mapping is incorrect. You can pecify device_id in init_process_group() to force use of a particular device.
WARNING: Logging before InitGoogleLogging() is written to STDERR
W0304 14:39:09.447530 1762488 ProcessGroupNCCL.cpp:4834] [PG ID 0 PG GUID 0 Rank 941]  using GPU 5 as device used by this process is currently unknown. This can potentially cause a hang if this rank to GPU mapping is incorrect. You can pecify device_id in init_process_group() to force use of a particular device.
WARNING: Logging before InitGoogleLogging() is written to STDERR
W0304 14:39:09.447801 1998287 ProcessGroupNCCL.cpp:4834] [PG ID 0 PG GUID 0 Rank 544]  using GPU 0 as device used by this process is currently unknown. This can potentially cause a hang if this rank to GPU mapping is incorrect. You can pecify device_id in init_process_group() to force use of a particular device.
WARNING: Logging before InitGoogleLogging() is written to STDERR
W0304 14:39:09.448346 1997975 ProcessGroupNCCL.cpp:4834] [PG ID 0 PG GUID 0 Rank 608]  using GPU 0 as device used by this process is currently unknown. This can potentially cause a hang if this rank to GPU mapping is incorrect. You can pecify device_id in init_process_group() to force use of a particular device.
WARNING: Logging before InitGoogleLogging() is written to STDERR
W0304 14:39:09.448374 1845103 ProcessGroupNCCL.cpp:4834] [PG ID 0 PG GUID 0 Rank 1009]  using GPU 1 as device used by this process is currently unknown. This can potentially cause a hang if this rank to GPU mapping is incorrect. You can pecify device_id in init_process_group() to force use of a particular device.
WARNING: Logging before InitGoogleLogging() is written to STDERR
W0304 14:39:09.450841 1499364 ProcessGroupNCCL.cpp:4834] [PG ID 0 PG GUID 0 Rank 638]  using GPU 6 as device used by this process is currently unknown. This can potentially cause a hang if this rank to GPU mapping is incorrect. You can pecify device_id in init_process_group() to force use of a particular device.
WARNING: Logging before InitGoogleLogging() is written to STDERR
W0304 14:39:09.451267 1995839 ProcessGroupNCCL.cpp:4834] [PG ID 0 PG GUID 0 Rank 574]  using GPU 6 as device used by this process is currently unknown. This can potentially cause a hang if this rank to GPU mapping is incorrect. You can pecify device_id in init_process_group() to force use of a particular device.
WARNING: Logging before InitGoogleLogging() is written to STDERR
W0304 14:39:09.454218 1837898 ProcessGroupNCCL.cpp:4834] [PG ID 0 PG GUID 0 Rank 1005]  using GPU 5 as device used by this process is currently unknown. This can potentially cause a hang if this rank to GPU mapping is incorrect. You can pecify device_id in init_process_group() to force use of a particular device.
WARNING: Logging before InitGoogleLogging() is written to STDERR
W0304 14:39:09.454766 1999211 ProcessGroupNCCL.cpp:4834] [PG ID 0 PG GUID 0 Rank 607]  using GPU 7 as device used by this process is currently unknown. This can potentially cause a hang if this rank to GPU mapping is incorrect. You can pecify device_id in init_process_group() to force use of a particular device.
WARNING: Logging before InitGoogleLogging() is written to STDERR
W0304 14:39:09.455125 1995353 ProcessGroupNCCL.cpp:4834] [PG ID 0 PG GUID 0 Rank 543]  using GPU 7 as device used by this process is currently unknown. This can potentially cause a hang if this rank to GPU mapping is incorrect. You can pecify device_id in init_process_group() to force use of a particular device.
WARNING: Logging before InitGoogleLogging() is written to STDERR
W0304 14:39:09.455741 1997005 ProcessGroupNCCL.cpp:4834] [PG ID 0 PG GUID 0 Rank 621]  using GPU 5 as device used by this process is currently unknown. This can potentially cause a hang if this rank to GPU mapping is incorrect. You can pecify device_id in init_process_group() to force use of a particular device.
WARNING: Logging before InitGoogleLogging() is written to STDERR
W0304 14:39:09.456095 1995624 ProcessGroupNCCL.cpp:4834] [PG ID 0 PG GUID 0 Rank 557]  using GPU 5 as device used by this process is currently unknown. This can potentially cause a hang if this rank to GPU mapping is incorrect. You can pecify device_id in init_process_group() to force use of a particular device.
WARNING: Logging before InitGoogleLogging() is written to STDERR
W0304 14:39:09.461059 1989181 ProcessGroupNCCL.cpp:4834] [PG ID 0 PG GUID 0 Rank 561]  using GPU 1 as device used by this process is currently unknown. This can potentially cause a hang if this rank to GPU mapping is incorrect. You can pecify device_id in init_process_group() to force use of a particular device.
WARNING: Logging before InitGoogleLogging() is written to STDERR
W0304 14:39:09.461697 1997976 ProcessGroupNCCL.cpp:4834] [PG ID 0 PG GUID 0 Rank 612]  using GPU 4 as device used by this process is currently unknown. This can potentially cause a hang if this rank to GPU mapping is incorrect. You can pecify device_id in init_process_group() to force use of a particular device.
WARNING: Logging before InitGoogleLogging() is written to STDERR
W0304 14:39:09.462169 1998463 ProcessGroupNCCL.cpp:4834] [PG ID 0 PG GUID 0 Rank 548]  using GPU 4 as device used by this process is currently unknown. This can potentially cause a hang if this rank to GPU mapping is incorrect. You can pecify device_id in init_process_group() to force use of a particular device.
WARNING: Logging before InitGoogleLogging() is written to STDERR
W0304 14:39:09.462270 1998591 ProcessGroupNCCL.cpp:4834] [PG ID 0 PG GUID 0 Rank 625]  using GPU 1 as device used by this process is currently unknown. This can potentially cause a hang if this rank to GPU mapping is incorrect. You can pecify device_id in init_process_group() to force use of a particular device.
WARNING: Logging before InitGoogleLogging() is written to STDERR
W0304 14:39:09.469465 1995799 ProcessGroupNCCL.cpp:4834] [PG ID 0 PG GUID 0 Rank 552]  using GPU 0 as device used by this process is currently unknown. This can potentially cause a hang if this rank to GPU mapping is incorrect. You can pecify device_id in init_process_group() to force use of a particular device.
WARNING: Logging before InitGoogleLogging() is written to STDERR
W0304 14:39:09.470083 1997155 ProcessGroupNCCL.cpp:4834] [PG ID 0 PG GUID 0 Rank 616]  using GPU 0 as device used by this process is currently unknown. This can potentially cause a hang if this rank to GPU mapping is incorrect. You can pecify device_id in init_process_group() to force use of a particular device.
WARNING: Logging before InitGoogleLogging() is written to STDERR
W0304 14:39:09.472568 1997872 ProcessGroupNCCL.cpp:4834] [PG ID 0 PG GUID 0 Rank 611]  using GPU 3 as device used by this process is currently unknown. This can potentially cause a hang if this rank to GPU mapping is incorrect. You can pecify device_id in init_process_group() to force use of a particular device.
WARNING: Logging before InitGoogleLogging() is written to STDERR
W0304 14:39:09.472740 1907373 ProcessGroupNCCL.cpp:4834] [PG ID 0 PG GUID 0 Rank 514]  using GPU 2 as device used by this process is currently unknown. This can potentially cause a hang if this rank to GPU mapping is incorrect. You can pecify device_id in init_process_group() to force use of a particular device.
WARNING: Logging before InitGoogleLogging() is written to STDERR
W0304 14:39:09.473104 1998356 ProcessGroupNCCL.cpp:4834] [PG ID 0 PG GUID 0 Rank 547]  using GPU 3 as device used by this process is currently unknown. This can potentially cause a hang if this rank to GPU mapping is incorrect. You can pecify device_id in init_process_group() to force use of a particular device.
WARNING: Logging before InitGoogleLogging() is written to STDERR
W0304 14:39:09.474891 1996561 ProcessGroupNCCL.cpp:4834] [PG ID 0 PG GUID 0 Rank 578]  using GPU 2 as device used by this process is currently unknown. This can potentially cause a hang if this rank to GPU mapping is incorrect. You can pecify device_id in init_process_group() to force use of a particular device.
WARNING: Logging before InitGoogleLogging() is written to STDERR
W0304 14:39:09.478129 1989182 ProcessGroupNCCL.cpp:4834] [PG ID 0 PG GUID 0 Rank 565]  using GPU 5 as device used by this process is currently unknown. This can potentially cause a hang if this rank to GPU mapping is incorrect. You can pecify device_id in init_process_group() to force use of a particular device.
WARNING: Logging before InitGoogleLogging() is written to STDERR
W0304 14:39:09.479923 1995606 ProcessGroupNCCL.cpp:4834] [PG ID 0 PG GUID 0 Rank 556]  using GPU 4 as device used by this process is currently unknown. This can potentially cause a hang if this rank to GPU mapping is incorrect. You can pecify device_id in init_process_group() to force use of a particular device.
WARNING: Logging before InitGoogleLogging() is written to STDERR
W0304 14:39:09.481022 1997154 ProcessGroupNCCL.cpp:4834] [PG ID 0 PG GUID 0 Rank 620]  using GPU 4 as device used by this process is currently unknown. This can potentially cause a hang if this rank to GPU mapping is incorrect. You can pecify device_id in init_process_group() to force use of a particular device.
WARNING: Logging before InitGoogleLogging() is written to STDERR
W0304 14:39:09.481539 1907346 ProcessGroupNCCL.cpp:4834] [PG ID 0 PG GUID 0 Rank 518]  using GPU 6 as device used by this process is currently unknown. This can potentially cause a hang if this rank to GPU mapping is incorrect. You can pecify device_id in init_process_group() to force use of a particular device.
WARNING: Logging before InitGoogleLogging() is written to STDERR
W0304 14:39:09.482867 1996537 ProcessGroupNCCL.cpp:4834] [PG ID 0 PG GUID 0 Rank 582]  using GPU 6 as device used by this process is currently unknown. This can potentially cause a hang if this rank to GPU mapping is incorrect. You can pecify device_id in init_process_group() to force use of a particular device.
WARNING: Logging before InitGoogleLogging() is written to STDERR
W0304 14:39:09.485275 1998611 ProcessGroupNCCL.cpp:4834] [PG ID 0 PG GUID 0 Rank 629]  using GPU 5 as device used by this process is currently unknown. This can potentially cause a hang if this rank to GPU mapping is incorrect. You can pecify device_id in init_process_group() to force use of a particular device.
WARNING: Logging before InitGoogleLogging() is written to STDERR
W0304 14:39:09.487043 1997896 ProcessGroupNCCL.cpp:4834] [PG ID 0 PG GUID 0 Rank 615]  using GPU 7 as device used by this process is currently unknown. This can potentially cause a hang if this rank to GPU mapping is incorrect. You can pecify device_id in init_process_group() to force use of a particular device.
WARNING: Logging before InitGoogleLogging() is written to STDERR
W0304 14:39:09.487298 1992500 ProcessGroupNCCL.cpp:4834] [PG ID 0 PG GUID 0 Rank 590]  using GPU 6 as device used by this process is currently unknown. This can potentially cause a hang if this rank to GPU mapping is incorrect. You can pecify device_id in init_process_group() to force use of a particular device.
WARNING: Logging before InitGoogleLogging() is written to STDERR
W0304 14:39:09.487685 1998424 ProcessGroupNCCL.cpp:4834] [PG ID 0 PG GUID 0 Rank 551]  using GPU 7 as device used by this process is currently unknown. This can potentially cause a hang if this rank to GPU mapping is incorrect. You can pecify device_id in init_process_group() to force use of a particular device.
WARNING: Logging before InitGoogleLogging() is written to STDERR
W0304 14:39:09.489238 1904953 ProcessGroupNCCL.cpp:4834] [PG ID 0 PG GUID 0 Rank 526]  using GPU 6 as device used by this process is currently unknown. This can potentially cause a hang if this rank to GPU mapping is incorrect. You can pecify device_id in init_process_group() to force use of a particular device.
WARNING: Logging before InitGoogleLogging() is written to STDERR
W0304 14:39:09.492100 2118625 ProcessGroupNCCL.cpp:4834] [PG ID 0 PG GUID 0 Rank 248]  using GPU 0 as device used by this process is currently unknown. This can potentially cause a hang if this rank to GPU mapping is incorrect. You can pecify device_id in init_process_group() to force use of a particular device.
WARNING: Logging before InitGoogleLogging() is written to STDERR
W0304 14:39:09.492173 2045390 ProcessGroupNCCL.cpp:4834] [PG ID 0 PG GUID 0 Rank 184]  using GPU 0 as device used by this process is currently unknown. This can potentially cause a hang if this rank to GPU mapping is incorrect. You can pecify device_id in init_process_group() to force use of a particular device.
WARNING: Logging before InitGoogleLogging() is written to STDERR
W0304 14:39:09.492740 1904919 ProcessGroupNCCL.cpp:4834] [PG ID 0 PG GUID 0 Rank 522]  using GPU 2 as device used by this process is currently unknown. This can potentially cause a hang if this rank to GPU mapping is incorrect. You can pecify device_id in init_process_group() to force use of a particular device.
WARNING: Logging before InitGoogleLogging() is written to STDERR
W0304 14:39:09.493611 1997074 ProcessGroupNCCL.cpp:4834] [PG ID 0 PG GUID 0 Rank 598]  using GPU 6 as device used by this process is currently unknown. This can potentially cause a hang if this rank to GPU mapping is incorrect. You can pecify device_id in init_process_group() to force use of a particular device.
WARNING: Logging before InitGoogleLogging() is written to STDERR
W0304 14:39:09.494000 1905413 ProcessGroupNCCL.cpp:4834] [PG ID 0 PG GUID 0 Rank 534]  using GPU 6 as device used by this process is currently unknown. This can potentially cause a hang if this rank to GPU mapping is incorrect. You can pecify device_id in init_process_group() to force use of a particular device.
WARNING: Logging before InitGoogleLogging() is written to STDERR
W0304 14:39:09.495172 2045416 ProcessGroupNCCL.cpp:4834] [PG ID 0 PG GUID 0 Rank 188]  using GPU 4 as device used by this process is currently unknown. This can potentially cause a hang if this rank to GPU mapping is incorrect. You can pecify device_id in init_process_group() to force use of a particular device.
WARNING: Logging before InitGoogleLogging() is written to STDERR
W0304 14:39:09.495955 1499475 ProcessGroupNCCL.cpp:4834] [PG ID 0 PG GUID 0 Rank 633]  using GPU 1 as device used by this process is currently unknown. This can potentially cause a hang if this rank to GPU mapping is incorrect. You can pecify device_id in init_process_group() to force use of a particular device.
WARNING: Logging before InitGoogleLogging() is written to STDERR
W0304 14:39:09.496173 1996947 ProcessGroupNCCL.cpp:4834] [PG ID 0 PG GUID 0 Rank 619]  using GPU 3 as device used by this process is currently unknown. This can potentially cause a hang if this rank to GPU mapping is incorrect. You can pecify device_id in init_process_group() to force use of a particular device.
WARNING: Logging before InitGoogleLogging() is written to STDERR
W0304 14:39:09.496786 1995689 ProcessGroupNCCL.cpp:4834] [PG ID 0 PG GUID 0 Rank 555]  using GPU 3 as device used by this process is currently unknown. This can potentially cause a hang if this rank to GPU mapping is incorrect. You can pecify device_id in init_process_group() to force use of a particular device.
WARNING: Logging before InitGoogleLogging() is written to STDERR
W0304 14:39:09.496833 1992501 ProcessGroupNCCL.cpp:4834] [PG ID 0 PG GUID 0 Rank 586]  using GPU 2 as device used by this process is currently unknown. This can potentially cause a hang if this rank to GPU mapping is incorrect. You can pecify device_id in init_process_group() to force use of a particular device.
WARNING: Logging before InitGoogleLogging() is written to STDERR
W0304 14:39:09.497339 1989160 ProcessGroupNCCL.cpp:4834] [PG ID 0 PG GUID 0 Rank 560]  using GPU 0 as device used by this process is currently unknown. This can potentially cause a hang if this rank to GPU mapping is incorrect. You can pecify device_id in init_process_group() to force use of a particular device.
WARNING: Logging before InitGoogleLogging() is written to STDERR
W0304 14:39:09.498179 1998588 ProcessGroupNCCL.cpp:4834] [PG ID 0 PG GUID 0 Rank 624]  using GPU 0 as device used by this process is currently unknown. This can potentially cause a hang if this rank to GPU mapping is incorrect. You can pecify device_id in init_process_group() to force use of a particular device.
WARNING: Logging before InitGoogleLogging() is written to STDERR
W0304 14:39:09.500344 1989198 ProcessGroupNCCL.cpp:4834] [PG ID 0 PG GUID 0 Rank 564]  using GPU 4 as device used by this process is currently unknown. This can potentially cause a hang if this rank to GPU mapping is incorrect. You can pecify device_id in init_process_group() to force use of a particular device.
WARNING: Logging before InitGoogleLogging() is written to STDERR
W0304 14:39:09.501971 1998589 ProcessGroupNCCL.cpp:4834] [PG ID 0 PG GUID 0 Rank 628]  using GPU 4 as device used by this process is currently unknown. This can potentially cause a hang if this rank to GPU mapping is incorrect. You can pecify device_id in init_process_group() to force use of a particular device.
WARNING: Logging before InitGoogleLogging() is written to STDERR
W0304 14:39:09.502732 1995838 ProcessGroupNCCL.cpp:4834] [PG ID 0 PG GUID 0 Rank 569]  using GPU 1 as device used by this process is currently unknown. This can potentially cause a hang if this rank to GPU mapping is incorrect. You can pecify device_id in init_process_group() to force use of a particular device.
WARNING: Logging before InitGoogleLogging() is written to STDERR
W0304 14:39:09.502879 2118576 ProcessGroupNCCL.cpp:4834] [PG ID 0 PG GUID 0 Rank 252]  using GPU 4 as device used by this process is currently unknown. This can potentially cause a hang if this rank to GPU mapping is incorrect. You can pecify device_id in init_process_group() to force use of a particular device.
WARNING: Logging before InitGoogleLogging() is written to STDERR
W0304 14:39:09.503238 1996982 ProcessGroupNCCL.cpp:4834] [PG ID 0 PG GUID 0 Rank 623]  using GPU 7 as device used by this process is currently unknown. This can potentially cause a hang if this rank to GPU mapping is incorrect. You can pecify device_id in init_process_group() to force use of a particular device.
WARNING: Logging before InitGoogleLogging() is written to STDERR
W0304 14:39:09.503249 1995658 ProcessGroupNCCL.cpp:4834] [PG ID 0 PG GUID 0 Rank 559]  using GPU 7 as device used by this process is currently unknown. This can potentially cause a hang if this rank to GPU mapping is incorrect. You can pecify device_id in init_process_group() to force use of a particular device.
WARNING: Logging before InitGoogleLogging() is written to STDERR
W0304 14:39:09.504730 2118630 ProcessGroupNCCL.cpp:4834] [PG ID 0 PG GUID 0 Rank 251]  using GPU 3 as device used by this process is currently unknown. This can potentially cause a hang if this rank to GPU mapping is incorrect. You can pecify device_id in init_process_group() to force use of a particular device.
WARNING: Logging before InitGoogleLogging() is written to STDERR
W0304 14:39:09.505411 2045319 ProcessGroupNCCL.cpp:4834] [PG ID 0 PG GUID 0 Rank 187]  using GPU 3 as device used by this process is currently unknown. This can potentially cause a hang if this rank to GPU mapping is incorrect. You can pecify device_id in init_process_group() to force use of a particular device.
WARNING: Logging before InitGoogleLogging() is written to STDERR
W0304 14:39:09.510988 1907407 ProcessGroupNCCL.cpp:4834] [PG ID 0 PG GUID 0 Rank 513]  using GPU 1 as device used by this process is currently unknown. This can potentially cause a hang if this rank to GPU mapping is incorrect. You can pecify device_id in init_process_group() to force use of a particular device.
WARNING: Logging before InitGoogleLogging() is written to STDERR
W0304 14:39:09.511124 1996734 ProcessGroupNCCL.cpp:4834] [PG ID 0 PG GUID 0 Rank 577]  using GPU 1 as device used by this process is currently unknown. This can potentially cause a hang if this rank to GPU mapping is incorrect. You can pecify device_id in init_process_group() to force use of a particular device.
WARNING: Logging before InitGoogleLogging() is written to STDERR
W0304 14:39:09.513553 1992343 ProcessGroupNCCL.cpp:4834] [PG ID 0 PG GUID 0 Rank 585]  using GPU 1 as device used by this process is currently unknown. This can potentially cause a hang if this rank to GPU mapping is incorrect. You can pecify device_id in init_process_group() to force use of a particular device.
WARNING: Logging before InitGoogleLogging() is written to STDERR
W0304 14:39:09.514174 1989284 ProcessGroupNCCL.cpp:4834] [PG ID 0 PG GUID 0 Rank 563]  using GPU 3 as device used by this process is currently unknown. This can potentially cause a hang if this rank to GPU mapping is incorrect. You can pecify device_id in init_process_group() to force use of a particular device.
WARNING: Logging before InitGoogleLogging() is written to STDERR
W0304 14:39:09.514225 1904957 ProcessGroupNCCL.cpp:4834] [PG ID 0 PG GUID 0 Rank 521]  using GPU 1 as device used by this process is currently unknown. This can potentially cause a hang if this rank to GPU mapping is incorrect. You can pecify device_id in init_process_group() to force use of a particular device.
WARNING: Logging before InitGoogleLogging() is written to STDERR
W0304 14:39:09.515283 2045417 ProcessGroupNCCL.cpp:4834] [PG ID 0 PG GUID 0 Rank 191]  using GPU 7 as device used by this process is currently unknown. This can potentially cause a hang if this rank to GPU mapping is incorrect. You can pecify device_id in init_process_group() to force use of a particular device.
WARNING: Logging before InitGoogleLogging() is written to STDERR
W0304 14:39:09.515599 2118575 ProcessGroupNCCL.cpp:4834] [PG ID 0 PG GUID 0 Rank 255]  using GPU 7 as device used by this process is currently unknown. This can potentially cause a hang if this rank to GPU mapping is incorrect. You can pecify device_id in init_process_group() to force use of a particular device.
WARNING: Logging before InitGoogleLogging() is written to STDERR
W0304 14:39:09.515689 1998592 ProcessGroupNCCL.cpp:4834] [PG ID 0 PG GUID 0 Rank 627]  using GPU 3 as device used by this process is currently unknown. This can potentially cause a hang if this rank to GPU mapping is incorrect. You can pecify device_id in init_process_group() to force use of a particular device.
WARNING: Logging before InitGoogleLogging() is written to STDERR
W0304 14:39:09.516155 1499315 ProcessGroupNCCL.cpp:4834] [PG ID 0 PG GUID 0 Rank 637]  using GPU 5 as device used by this process is currently unknown. This can potentially cause a hang if this rank to GPU mapping is incorrect. You can pecify device_id in init_process_group() to force use of a particular device.
WARNING: Logging before InitGoogleLogging() is written to STDERR
W0304 14:39:09.516842 2046020 ProcessGroupNCCL.cpp:4834] [PG ID 0 PG GUID 0 Rank 192]  using GPU 0 as device used by this process is currently unknown. This can potentially cause a hang if this rank to GPU mapping is incorrect. You can pecify device_id in init_process_group() to force use of a particular device.
WARNING: Logging before InitGoogleLogging() is written to STDERR
W0304 14:39:09.517518 1995936 ProcessGroupNCCL.cpp:4834] [PG ID 0 PG GUID 0 Rank 573]  using GPU 5 as device used by this process is currently unknown. This can potentially cause a hang if this rank to GPU mapping is incorrect. You can pecify device_id in init_process_group() to force use of a particular device.
WARNING: Logging before InitGoogleLogging() is written to STDERR
W0304 14:39:09.518625 1989204 ProcessGroupNCCL.cpp:4834] [PG ID 0 PG GUID 0 Rank 567]  using GPU 7 as device used by this process is currently unknown. This can potentially cause a hang if this rank to GPU mapping is incorrect. You can pecify device_id in init_process_group() to force use of a particular device.
WARNING: Logging before InitGoogleLogging() is written to STDERR
W0304 14:39:09.518915 1995851 ProcessGroupNCCL.cpp:4834] [PG ID 0 PG GUID 0 Rank 568]  using GPU 0 as device used by this process is currently unknown. This can potentially cause a hang if this rank to GPU mapping is incorrect. You can pecify device_id in init_process_group() to force use of a particular device.
WARNING: Logging before InitGoogleLogging() is written to STDERR
W0304 14:39:09.519263 2223102 ProcessGroupNCCL.cpp:4834] [PG ID 0 PG GUID 0 Rank 128]  using GPU 0 as device used by this process is currently unknown. This can potentially cause a hang if this rank to GPU mapping is incorrect. You can pecify device_id in init_process_group() to force use of a particular device.
WARNING: Logging before InitGoogleLogging() is written to STDERR
W0304 14:39:09.520387 1499442 ProcessGroupNCCL.cpp:4834] [PG ID 0 PG GUID 0 Rank 632]  using GPU 0 as device used by this process is currently unknown. This can potentially cause a hang if this rank to GPU mapping is incorrect. You can pecify device_id in init_process_group() to force use of a particular device.
WARNING: Logging before InitGoogleLogging() is written to STDERR
W0304 14:39:09.520454 1998286 ProcessGroupNCCL.cpp:4834] [PG ID 0 PG GUID 0 Rank 631]  using GPU 7 as device used by this process is currently unknown. This can potentially cause a hang if this rank to GPU mapping is incorrect. You can pecify device_id in init_process_group() to force use of a particular device.
WARNING: Logging before InitGoogleLogging() is written to STDERR
W0304 14:39:09.521514 2223048 ProcessGroupNCCL.cpp:4834] [PG ID 0 PG GUID 0 Rank 132]  using GPU 4 as device used by this process is currently unknown. This can potentially cause a hang if this rank to GPU mapping is incorrect. You can pecify device_id in init_process_group() to force use of a particular device.
WARNING: Logging before InitGoogleLogging() is written to STDERR
W0304 14:39:09.522207 2045884 ProcessGroupNCCL.cpp:4834] [PG ID 0 PG GUID 0 Rank 196]  using GPU 4 as device used by this process is currently unknown. This can potentially cause a hang if this rank to GPU mapping is incorrect. You can pecify device_id in init_process_group() to force use of a particular device.
WARNING: Logging before InitGoogleLogging() is written to STDERR
W0304 14:39:09.522639 1996516 ProcessGroupNCCL.cpp:4834] [PG ID 0 PG GUID 0 Rank 581]  using GPU 5 as device used by this process is currently unknown. This can potentially cause a hang if this rank to GPU mapping is incorrect. You can pecify device_id in init_process_group() to force use of a particular device.
WARNING: Logging before InitGoogleLogging() is written to STDERR
W0304 14:39:09.524616 1907349 ProcessGroupNCCL.cpp:4834] [PG ID 0 PG GUID 0 Rank 517]  using GPU 5 as device used by this process is currently unknown. This can potentially cause a hang if this rank to GPU mapping is incorrect. You can pecify device_id in init_process_group() to force use of a particular device.
WARNING: Logging before InitGoogleLogging() is written to STDERR
W0304 14:39:09.525605 1905648 ProcessGroupNCCL.cpp:4834] [PG ID 0 PG GUID 0 Rank 529]  using GPU 1 as device used by this process is currently unknown. This can potentially cause a hang if this rank to GPU mapping is incorrect. You can pecify device_id in init_process_group() to force use of a particular device.
WARNING: Logging before InitGoogleLogging() is written to STDERR
W0304 14:39:09.525683 1996961 ProcessGroupNCCL.cpp:4834] [PG ID 0 PG GUID 0 Rank 593]  using GPU 1 as device used by this process is currently unknown. This can potentially cause a hang if this rank to GPU mapping is incorrect. You can pecify device_id in init_process_group() to force use of a particular device.
WARNING: Logging before InitGoogleLogging() is written to STDERR
W0304 14:39:09.525956 1904935 ProcessGroupNCCL.cpp:4834] [PG ID 0 PG GUID 0 Rank 525]  using GPU 5 as device used by this process is currently unknown. This can potentially cause a hang if this rank to GPU mapping is incorrect. You can pecify device_id in init_process_group() to force use of a particular device.
WARNING: Logging before InitGoogleLogging() is written to STDERR
W0304 14:39:09.526324 1992454 ProcessGroupNCCL.cpp:4834] [PG ID 0 PG GUID 0 Rank 589]  using GPU 5 as device used by this process is currently unknown. This can potentially cause a hang if this rank to GPU mapping is incorrect. You can pecify device_id in init_process_group() to force use of a particular device.
WARNING: Logging before InitGoogleLogging() is written to STDERR
W0304 14:39:09.531508 2118574 ProcessGroupNCCL.cpp:4834] [PG ID 0 PG GUID 0 Rank 250]  using GPU 2 as device used by this process is currently unknown. This can potentially cause a hang if this rank to GPU mapping is incorrect. You can pecify device_id in init_process_group() to force use of a particular device.
WARNING: Logging before InitGoogleLogging() is written to STDERR
W0304 14:39:09.531467 2042290 ProcessGroupNCCL.cpp:4834] [PG ID 0 PG GUID 0 Rank 200]  using GPU 0 as device used by this process is currently unknown. This can potentially cause a hang if this rank to GPU mapping is incorrect. You can pecify device_id in init_process_group() to force use of a particular device.
WARNING: Logging before InitGoogleLogging() is written to STDERR
W0304 14:39:09.531710 1499454 ProcessGroupNCCL.cpp:4834] [PG ID 0 PG GUID 0 Rank 636]  using GPU 4 as device used by this process is currently unknown. This can potentially cause a hang if this rank to GPU mapping is incorrect. You can pecify device_id in init_process_group() to force use of a particular device.
WARNING: Logging before InitGoogleLogging() is written to STDERR
W0304 14:39:09.531997 2223124 ProcessGroupNCCL.cpp:4834] [PG ID 0 PG GUID 0 Rank 131]  using GPU 3 as device used by this process is currently unknown. This can potentially cause a hang if this rank to GPU mapping is incorrect. You can pecify device_id in init_process_group() to force use of a particular device.
WARNING: Logging before InitGoogleLogging() is written to STDERR
W0304 14:39:09.532152 2045318 ProcessGroupNCCL.cpp:4834] [PG ID 0 PG GUID 0 Rank 186]  using GPU 2 as device used by this process is currently unknown. This can potentially cause a hang if this rank to GPU mapping is incorrect. You can pecify device_id in init_process_group() to force use of a particular device.
WARNING: Logging before InitGoogleLogging() is written to STDERR
W0304 14:39:09.532349 1995845 ProcessGroupNCCL.cpp:4834] [PG ID 0 PG GUID 0 Rank 572]  using GPU 4 as device used by this process is currently unknown. This can potentially cause a hang if this rank to GPU mapping is incorrect. You can pecify device_id in init_process_group() to force use of a particular device.
WARNING: Logging before InitGoogleLogging() is written to STDERR
W0304 14:39:09.533049 1933761 ProcessGroupNCCL.cpp:4834] [PG ID 0 PG GUID 0 Rank 136]  using GPU 0 as device used by this process is currently unknown. This can potentially cause a hang if this rank to GPU mapping is incorrect. You can pecify device_id in init_process_group() to force use of a particular device.
WARNING: Logging before InitGoogleLogging() is written to STDERR
W0304 14:39:09.533227 1905379 ProcessGroupNCCL.cpp:4834] [PG ID 0 PG GUID 0 Rank 533]  using GPU 5 as device used by this process is currently unknown. This can potentially cause a hang if this rank to GPU mapping is incorrect. You can pecify device_id in init_process_group() to force use of a particular device.
WARNING: Logging before InitGoogleLogging() is written to STDERR
W0304 14:39:09.533573 1996977 ProcessGroupNCCL.cpp:4834] [PG ID 0 PG GUID 0 Rank 597]  using GPU 5 as device used by this process is currently unknown. This can potentially cause a hang if this rank to GPU mapping is incorrect. You can pecify device_id in init_process_group() to force use of a particular device.
WARNING: Logging before InitGoogleLogging() is written to STDERR
W0304 14:39:09.533818 2045897 ProcessGroupNCCL.cpp:4834] [PG ID 0 PG GUID 0 Rank 195]  using GPU 3 as device used by this process is currently unknown. This can potentially cause a hang if this rank to GPU mapping is incorrect. You can pecify device_id in init_process_group() to force use of a particular device.
WARNING: Logging before InitGoogleLogging() is written to STDERR
W0304 14:39:09.534739 1499306 ProcessGroupNCCL.cpp:4834] [PG ID 0 PG GUID 0 Rank 635]  using GPU 3 as device used by this process is currently unknown. This can potentially cause a hang if this rank to GPU mapping is incorrect. You can pecify device_id in init_process_group() to force use of a particular device.
WARNING: Logging before InitGoogleLogging() is written to STDERR
W0304 14:39:09.535245 1995931 ProcessGroupNCCL.cpp:4834] [PG ID 0 PG GUID 0 Rank 571]  using GPU 3 as device used by this process is currently unknown. This can potentially cause a hang if this rank to GPU mapping is incorrect. You can pecify device_id in init_process_group() to force use of a particular device.
WARNING: Logging before InitGoogleLogging() is written to STDERR
W0304 14:39:09.537007 2045320 ProcessGroupNCCL.cpp:4834] [PG ID 0 PG GUID 0 Rank 185]  using GPU 1 as device used by this process is currently unknown. This can potentially cause a hang if this rank to GPU mapping is incorrect. You can pecify device_id in init_process_group() to force use of a particular device.
WARNING: Logging before InitGoogleLogging() is written to STDERR
W0304 14:39:09.538267 2045878 ProcessGroupNCCL.cpp:4834] [PG ID 0 PG GUID 0 Rank 199]  using GPU 7 as device used by this process is currently unknown. This can potentially cause a hang if this rank to GPU mapping is incorrect. You can pecify device_id in init_process_group() to force use of a particular device.
WARNING: Logging before InitGoogleLogging() is written to STDERR
W0304 14:39:09.538769 2118572 ProcessGroupNCCL.cpp:4834] [PG ID 0 PG GUID 0 Rank 249]  using GPU 1 as device used by this process is currently unknown. This can potentially cause a hang if this rank to GPU mapping is incorrect. You can pecify device_id in init_process_group() to force use of a particular device.
WARNING: Logging before InitGoogleLogging() is written to STDERR
W0304 14:39:09.539126 2223026 ProcessGroupNCCL.cpp:4834] [PG ID 0 PG GUID 0 Rank 135]  using GPU 7 as device used by this process is currently unknown. This can potentially cause a hang if this rank to GPU mapping is incorrect. You can pecify device_id in init_process_group() to force use of a particular device.
WARNING: Logging before InitGoogleLogging() is written to STDERR
W0304 14:39:09.540047 1907371 ProcessGroupNCCL.cpp:4834] [PG ID 0 PG GUID 0 Rank 512]  using GPU 0 as device used by this process is currently unknown. This can potentially cause a hang if this rank to GPU mapping is incorrect. You can pecify device_id in init_process_group() to force use of a particular device.
WARNING: Logging before InitGoogleLogging() is written to STDERR
W0304 14:39:09.540128 1996605 ProcessGroupNCCL.cpp:4834] [PG ID 0 PG GUID 0 Rank 576]  using GPU 0 as device used by this process is currently unknown. This can potentially cause a hang if this rank to GPU mapping is incorrect. You can pecify device_id in init_process_group() to force use of a particular device.
WARNING: Logging before InitGoogleLogging() is written to STDERR
W0304 14:39:09.543423 2042339 ProcessGroupNCCL.cpp:4834] [PG ID 0 PG GUID 0 Rank 204]  using GPU 4 as device used by this process is currently unknown. This can potentially cause a hang if this rank to GPU mapping is incorrect. You can pecify device_id in init_process_group() to force use of a particular device.
WARNING: Logging before InitGoogleLogging() is written to STDERR
W0304 14:39:09.544600 1933717 ProcessGroupNCCL.cpp:4834] [PG ID 0 PG GUID 0 Rank 140]  using GPU 4 as device used by this process is currently unknown. This can potentially cause a hang if this rank to GPU mapping is incorrect. You can pecify device_id in init_process_group() to force use of a particular device.
WARNING: Logging before InitGoogleLogging() is written to STDERR
W0304 14:39:09.544740 1995858 ProcessGroupNCCL.cpp:4834] [PG ID 0 PG GUID 0 Rank 575]  using GPU 7 as device used by this process is currently unknown. This can potentially cause a hang if this rank to GPU mapping is incorrect. You can pecify device_id in init_process_group() to force use of a particular device.
WARNING: Logging before InitGoogleLogging() is written to STDERR
W0304 14:39:09.544858 1499349 ProcessGroupNCCL.cpp:4834] [PG ID 0 PG GUID 0 Rank 639]  using GPU 7 as device used by this process is currently unknown. This can potentially cause a hang if this rank to GPU mapping is incorrect. You can pecify device_id in init_process_group() to force use of a particular device.
WARNING: Logging before InitGoogleLogging() is written to STDERR
W0304 14:39:09.545306 2042439 ProcessGroupNCCL.cpp:4834] [PG ID 0 PG GUID 0 Rank 203]  using GPU 3 as device used by this process is currently unknown. This can potentially cause a hang if this rank to GPU mapping is incorrect. You can pecify device_id in init_process_group() to force use of a particular device.
WARNING: Logging before InitGoogleLogging() is written to STDERR
W0304 14:39:09.545944 1933687 ProcessGroupNCCL.cpp:4834] [PG ID 0 PG GUID 0 Rank 139]  using GPU 3 as device used by this process is currently unknown. This can potentially cause a hang if this rank to GPU mapping is incorrect. You can pecify device_id in init_process_group() to force use of a particular device.
WARNING: Logging before InitGoogleLogging() is written to STDERR
W0304 14:39:09.548111 1996557 ProcessGroupNCCL.cpp:4834] [PG ID 0 PG GUID 0 Rank 580]  using GPU 4 as device used by this process is currently unknown. This can potentially cause a hang if this rank to GPU mapping is incorrect. You can pecify device_id in init_process_group() to force use of a particular device.
WARNING: Logging before InitGoogleLogging() is written to STDERR
W0304 14:39:09.548441 2118605 ProcessGroupNCCL.cpp:4834] [PG ID 0 PG GUID 0 Rank 254]  using GPU 6 as device used by this process is currently unknown. This can potentially cause a hang if this rank to GPU mapping is incorrect. You can pecify device_id in init_process_group() to force use of a particular device.
WARNING: Logging before InitGoogleLogging() is written to STDERR
W0304 14:39:09.549022 1907374 ProcessGroupNCCL.cpp:4834] [PG ID 0 PG GUID 0 Rank 516]  using GPU 4 as device used by this process is currently unknown. This can potentially cause a hang if this rank to GPU mapping is incorrect. You can pecify device_id in init_process_group() to force use of a particular device.
WARNING: Logging before InitGoogleLogging() is written to STDERR
W0304 14:39:09.549492 1997066 ProcessGroupNCCL.cpp:4834] [PG ID 0 PG GUID 0 Rank 592]  using GPU 0 as device used by this process is currently unknown. This can potentially cause a hang if this rank to GPU mapping is incorrect. You can pecify device_id in init_process_group() to force use of a particular device.
WARNING: Logging before InitGoogleLogging() is written to STDERR
W0304 14:39:09.550129 1905647 ProcessGroupNCCL.cpp:4834] [PG ID 0 PG GUID 0 Rank 528]  using GPU 0 as device used by this process is currently unknown. This can potentially cause a hang if this rank to GPU mapping is incorrect. You can pecify device_id in init_process_group() to force use of a particular device.
WARNING: Logging before InitGoogleLogging() is written to STDERR
W0304 14:39:09.550381 2045345 ProcessGroupNCCL.cpp:4834] [PG ID 0 PG GUID 0 Rank 190]  using GPU 6 as device used by this process is currently unknown. This can potentially cause a hang if this rank to GPU mapping is incorrect. You can pecify device_id in init_process_group() to force use of a particular device.
WARNING: Logging before InitGoogleLogging() is written to STDERR
W0304 14:39:09.550416 2046022 ProcessGroupNCCL.cpp:4834] [PG ID 0 PG GUID 0 Rank 194]  using GPU 2 as device used by this process is currently unknown. This can potentially cause a hang if this rank to GPU mapping is incorrect. You can pecify device_id in init_process_group() to force use of a particular device.
WARNING: Logging before InitGoogleLogging() is written to STDERR
W0304 14:39:09.550671 1932296 ProcessGroupNCCL.cpp:4834] [PG ID 0 PG GUID 0 Rank 144]  using GPU 0 as device used by this process is currently unknown. This can potentially cause a hang if this rank to GPU mapping is incorrect. You can pecify device_id in init_process_group() to force use of a particular device.
WARNING: Logging before InitGoogleLogging() is written to STDERR
W0304 14:39:09.551391 1904921 ProcessGroupNCCL.cpp:4834] [PG ID 0 PG GUID 0 Rank 520]  using GPU 0 as device used by this process is currently unknown. This can potentially cause a hang if this rank to GPU mapping is incorrect. You can pecify device_id in init_process_group() to force use of a particular device.
WARNING: Logging before InitGoogleLogging() is written to STDERR
W0304 14:39:09.551523 2042810 ProcessGroupNCCL.cpp:4834] [PG ID 0 PG GUID 0 Rank 208]  using GPU 0 as device used by this process is currently unknown. This can potentially cause a hang if this rank to GPU mapping is incorrect. You can pecify device_id in init_process_group() to force use of a particular device.
WARNING: Logging before InitGoogleLogging() is written to STDERR
W0304 14:39:09.553419 1996963 ProcessGroupNCCL.cpp:4834] [PG ID 0 PG GUID 0 Rank 596]  using GPU 4 as device used by this process is currently unknown. This can potentially cause a hang if this rank to GPU mapping is incorrect. You can pecify device_id in init_process_group() to force use of a particular device.
WARNING: Logging before InitGoogleLogging() is written to STDERR
W0304 14:39:09.553396 2223125 ProcessGroupNCCL.cpp:4834] [PG ID 0 PG GUID 0 Rank 130]  using GPU 2 as device used by this process is currently unknown. This can potentially cause a hang if this rank to GPU mapping is incorrect. You can pecify device_id in init_process_group() to force use of a particular device.
WARNING: Logging before InitGoogleLogging() is written to STDERR
W0304 14:39:09.553440 1905363 ProcessGroupNCCL.cpp:4834] [PG ID 0 PG GUID 0 Rank 532]  using GPU 4 as device used by this process is currently unknown. This can potentially cause a hang if this rank to GPU mapping is incorrect. You can pecify device_id in init_process_group() to force use of a particular device.
WARNING: Logging before InitGoogleLogging() is written to STDERR
W0304 14:39:09.553758 2009828 ProcessGroupNCCL.cpp:4834] [PG ID 0 PG GUID 0 Rank 473]  using GPU 1 as device used by this process is currently unknown. This can potentially cause a hang if this rank to GPU mapping is incorrect. You can pecify device_id in init_process_group() to force use of a particular device.
WARNING: Logging before InitGoogleLogging() is written to STDERR
W0304 14:39:09.554080 1992325 ProcessGroupNCCL.cpp:4834] [PG ID 0 PG GUID 0 Rank 584]  using GPU 0 as device used by this process is currently unknown. This can potentially cause a hang if this rank to GPU mapping is incorrect. You can pecify device_id in init_process_group() to force use of a particular device.
WARNING: Logging before InitGoogleLogging() is written to STDERR
W0304 14:39:09.554245 2045323 ProcessGroupNCCL.cpp:4834] [PG ID 0 PG GUID 0 Rank 189]  using GPU 5 as device used by this process is currently unknown. This can potentially cause a hang if this rank to GPU mapping is incorrect. You can pecify device_id in init_process_group() to force use of a particular device.
WARNING: Logging before InitGoogleLogging() is written to STDERR
W0304 14:39:09.554476 1992465 ProcessGroupNCCL.cpp:4834] [PG ID 0 PG GUID 0 Rank 588]  using GPU 4 as device used by this process is currently unknown. This can potentially cause a hang if this rank to GPU mapping is incorrect. You can pecify device_id in init_process_group() to force use of a particular device.
WARNING: Logging before InitGoogleLogging() is written to STDERR
W0304 14:39:09.554735 1919632 ProcessGroupNCCL.cpp:4834] [PG ID 0 PG GUID 0 Rank 409]  using GPU 1 as device used by this process is currently unknown. This can potentially cause a hang if this rank to GPU mapping is incorrect. You can pecify device_id in init_process_group() to force use of a particular device.
WARNING: Logging before InitGoogleLogging() is written to STDERR
W0304 14:39:09.554966 1907395 ProcessGroupNCCL.cpp:4834] [PG ID 0 PG GUID 0 Rank 515]  using GPU 3 as device used by this process is currently unknown. This can potentially cause a hang if this rank to GPU mapping is incorrect. You can pecify device_id in init_process_group() to force use of a particular device.
WARNING: Logging before InitGoogleLogging() is written to STDERR
W0304 14:39:09.555276 1904920 ProcessGroupNCCL.cpp:4834] [PG ID 0 PG GUID 0 Rank 524]  using GPU 4 as device used by this process is currently unknown. This can potentially cause a hang if this rank to GPU mapping is incorrect. You can pecify device_id in init_process_group() to force use of a particular device.
WARNING: Logging before InitGoogleLogging() is written to STDERR
W0304 14:39:09.555318 2118601 ProcessGroupNCCL.cpp:4834] [PG ID 0 PG GUID 0 Rank 253]  using GPU 5 as device used by this process is currently unknown. This can potentially cause a hang if this rank to GPU mapping is incorrect. You can pecify device_id in init_process_group() to force use of a particular device.
WARNING: Logging before InitGoogleLogging() is written to STDERR
W0304 14:39:09.556337 1933708 ProcessGroupNCCL.cpp:4834] [PG ID 0 PG GUID 0 Rank 143]  using GPU 7 as device used by this process is currently unknown. This can potentially cause a hang if this rank to GPU mapping is incorrect. You can pecify device_id in init_process_group() to force use of a particular device.
WARNING: Logging before InitGoogleLogging() is written to STDERR
W0304 14:39:09.556519 1996745 ProcessGroupNCCL.cpp:4834] [PG ID 0 PG GUID 0 Rank 579]  using GPU 3 as device used by this process is currently unknown. This can potentially cause a hang if this rank to GPU mapping is incorrect. You can pecify device_id in init_process_group() to force use of a particular device.
WARNING: Logging before InitGoogleLogging() is written to STDERR
W0304 14:39:09.557000 2042329 ProcessGroupNCCL.cpp:4834] [PG ID 0 PG GUID 0 Rank 207]  using GPU 7 as device used by this process is currently unknown. This can potentially cause a hang if this rank to GPU mapping is incorrect. You can pecify device_id in init_process_group() to force use of a particular device.
WARNING: Logging before InitGoogleLogging() is written to STDERR
W0304 14:39:09.559042 1932324 ProcessGroupNCCL.cpp:4834] [PG ID 0 PG GUID 0 Rank 148]  using GPU 4 as device used by this process is currently unknown. This can potentially cause a hang if this rank to GPU mapping is incorrect. You can pecify device_id in init_process_group() to force use of a particular device.
WARNING: Logging before InitGoogleLogging() is written to STDERR
W0304 14:39:09.559667 2046008 ProcessGroupNCCL.cpp:4834] [PG ID 0 PG GUID 0 Rank 193]  using GPU 1 as device used by this process is currently unknown. This can potentially cause a hang if this rank to GPU mapping is incorrect. You can pecify device_id in init_process_group() to force use of a particular device.
WARNING: Logging before InitGoogleLogging() is written to STDERR
W0304 14:39:09.559818 2042966 ProcessGroupNCCL.cpp:4834] [PG ID 0 PG GUID 0 Rank 212]  using GPU 4 as device used by this process is currently unknown. This can potentially cause a hang if this rank to GPU mapping is incorrect. You can pecify device_id in init_process_group() to force use of a particular device.
WARNING: Logging before InitGoogleLogging() is written to STDERR
W0304 14:39:09.560171 2223027 ProcessGroupNCCL.cpp:4834] [PG ID 0 PG GUID 0 Rank 129]  using GPU 1 as device used by this process is currently unknown. This can potentially cause a hang if this rank to GPU mapping is incorrect. You can pecify device_id in init_process_group() to force use of a particular device.
WARNING: Logging before InitGoogleLogging() is written to STDERR
W0304 14:39:09.560945 1996750 ProcessGroupNCCL.cpp:4834] [PG ID 0 PG GUID 0 Rank 583]  using GPU 7 as device used by this process is currently unknown. This can potentially cause a hang if this rank to GPU mapping is incorrect. You can pecify device_id in init_process_group() to force use of a particular device.
WARNING: Logging before InitGoogleLogging() is written to STDERR
W0304 14:39:09.561892 2223033 ProcessGroupNCCL.cpp:4834] [PG ID 0 PG GUID 0 Rank 134]  using GPU 6 as device used by this process is currently unknown. This can potentially cause a hang if this rank to GPU mapping is incorrect. You can pecify device_id in init_process_group() to force use of a particular device.
WARNING: Logging before InitGoogleLogging() is written to STDERR
W0304 14:39:09.561983 1907344 ProcessGroupNCCL.cpp:4834] [PG ID 0 PG GUID 0 Rank 519]  using GPU 7 as device used by this process is currently unknown. This can potentially cause a hang if this rank to GPU mapping is incorrect. You can pecify device_id in init_process_group() to force use of a particular device.
WARNING: Logging before InitGoogleLogging() is written to STDERR
W0304 14:39:09.562021 1919631 ProcessGroupNCCL.cpp:4834] [PG ID 0 PG GUID 0 Rank 413]  using GPU 5 as device used by this process is currently unknown. This can potentially cause a hang if this rank to GPU mapping is incorrect. You can pecify device_id in init_process_group() to force use of a particular device.
WARNING: Logging before InitGoogleLogging() is written to STDERR
W0304 14:39:09.562224 2009915 ProcessGroupNCCL.cpp:4834] [PG ID 0 PG GUID 0 Rank 477]  using GPU 5 as device used by this process is currently unknown. This can potentially cause a hang if this rank to GPU mapping is incorrect. You can pecify device_id in init_process_group() to force use of a particular device.
WARNING: Logging before InitGoogleLogging() is written to STDERR
W0304 14:39:09.564009 2045951 ProcessGroupNCCL.cpp:4834] [PG ID 0 PG GUID 0 Rank 198]  using GPU 6 as device used by this process is currently unknown. This can potentially cause a hang if this rank to GPU mapping is incorrect. You can pecify device_id in init_process_group() to force use of a particular device.
WARNING: Logging before InitGoogleLogging() is written to STDERR
W0304 14:39:09.564327 2045940 ProcessGroupNCCL.cpp:4834] [PG ID 0 PG GUID 0 Rank 197]  using GPU 5 as device used by this process is currently unknown. This can potentially cause a hang if this rank to GPU mapping is incorrect. You can pecify device_id in init_process_group() to force use of a particular device.
WARNING: Logging before InitGoogleLogging() is written to STDERR
W0304 14:39:09.565562 2223038 ProcessGroupNCCL.cpp:4834] [PG ID 0 PG GUID 0 Rank 133]  using GPU 5 as device used by this process is currently unknown. This can potentially cause a hang if this rank to GPU mapping is incorrect. You can pecify device_id in init_process_group() to force use of a particular device.
WARNING: Logging before InitGoogleLogging() is written to STDERR
W0304 14:39:09.565822 2044194 ProcessGroupNCCL.cpp:4834] [PG ID 0 PG GUID 0 Rank 216]  using GPU 0 as device used by this process is currently unknown. This can potentially cause a hang if this rank to GPU mapping is incorrect. You can pecify device_id in init_process_group() to force use of a particular device.
WARNING: Logging before InitGoogleLogging() is written to STDERR
W0304 14:39:09.565742 1925074 ProcessGroupNCCL.cpp:4834] [PG ID 0 PG GUID 0 Rank 152]  using GPU 0 as device used by this process is currently unknown. This can potentially cause a hang if this rank to GPU mapping is incorrect. You can pecify device_id in init_process_group() to force use of a particular device.
WARNING: Logging before InitGoogleLogging() is written to STDERR
W0304 14:39:09.566172 1905444 ProcessGroupNCCL.cpp:4834] [PG ID 0 PG GUID 0 Rank 535]  using GPU 7 as device used by this process is currently unknown. This can potentially cause a hang if this rank to GPU mapping is incorrect. You can pecify device_id in init_process_group() to force use of a particular device.
WARNING: Logging before InitGoogleLogging() is written to STDERR
W0304 14:39:09.566336 2009512 ProcessGroupNCCL.cpp:4834] [PG ID 0 PG GUID 0 Rank 481]  using GPU 1 as device used by this process is currently unknown. This can potentially cause a hang if this rank to GPU mapping is incorrect. You can pecify device_id in init_process_group() to force use of a particular device.
WARNING: Logging before InitGoogleLogging() is written to STDERR
W0304 14:39:09.566632 1996956 ProcessGroupNCCL.cpp:4834] [PG ID 0 PG GUID 0 Rank 599]  using GPU 7 as device used by this process is currently unknown. This can potentially cause a hang if this rank to GPU mapping is incorrect. You can pecify device_id in init_process_group() to force use of a particular device.
WARNING: Logging before InitGoogleLogging() is written to STDERR
W0304 14:39:09.566717 1921303 ProcessGroupNCCL.cpp:4834] [PG ID 0 PG GUID 0 Rank 417]  using GPU 1 as device used by this process is currently unknown. This can potentially cause a hang if this rank to GPU mapping is incorrect. You can pecify device_id in init_process_group() to force use of a particular device.
WARNING: Logging before InitGoogleLogging() is written to STDERR
W0304 14:39:09.567981 2042344 ProcessGroupNCCL.cpp:4834] [PG ID 0 PG GUID 0 Rank 201]  using GPU 1 as device used by this process is currently unknown. This can potentially cause a hang if this rank to GPU mapping is incorrect. You can pecify device_id in init_process_group() to force use of a particular device.
WARNING: Logging before InitGoogleLogging() is written to STDERR
W0304 14:39:09.568037 1996986 ProcessGroupNCCL.cpp:4834] [PG ID 0 PG GUID 0 Rank 595]  using GPU 3 as device used by this process is currently unknown. This can potentially cause a hang if this rank to GPU mapping is incorrect. You can pecify device_id in init_process_group() to force use of a particular device.
WARNING: Logging before InitGoogleLogging() is written to STDERR
W0304 14:39:09.568049 2044140 ProcessGroupNCCL.cpp:4834] [PG ID 0 PG GUID 0 Rank 220]  using GPU 4 as device used by this process is currently unknown. This can potentially cause a hang if this rank to GPU mapping is incorrect. You can pecify device_id in init_process_group() to force use of a particular device.
WARNING: Logging before InitGoogleLogging() is written to STDERR
W0304 14:39:09.568138 1905636 ProcessGroupNCCL.cpp:4834] [PG ID 0 PG GUID 0 Rank 531]  using GPU 3 as device used by this process is currently unknown. This can potentially cause a hang if this rank to GPU mapping is incorrect. You can pecify device_id in init_process_group() to force use of a particular device.
WARNING: Logging before InitGoogleLogging() is written to STDERR
W0304 14:39:09.568341 1925152 ProcessGroupNCCL.cpp:4834] [PG ID 0 PG GUID 0 Rank 156]  using GPU 4 as device used by this process is currently unknown. This can potentially cause a hang if this rank to GPU mapping is incorrect. You can pecify device_id in init_process_group() to force use of a particular device.
WARNING: Logging before InitGoogleLogging() is written to STDERR
W0304 14:39:09.568804 2117275 ProcessGroupNCCL.cpp:4834] [PG ID 0 PG GUID 0 Rank 245]  using GPU 5 as device used by this process is currently unknown. This can potentially cause a hang if this rank to GPU mapping is incorrect. You can pecify device_id in init_process_group() to force use of a particular device.
WARNING: Logging before InitGoogleLogging() is written to STDERR
W0304 14:39:09.568864 2009691 ProcessGroupNCCL.cpp:4834] [PG ID 0 PG GUID 0 Rank 485]  using GPU 5 as device used by this process is currently unknown. This can potentially cause a hang if this rank to GPU mapping is incorrect. You can pecify device_id in init_process_group() to force use of a particular device.
WARNING: Logging before InitGoogleLogging() is written to STDERR
W0304 14:39:09.568943 2009637 ProcessGroupNCCL.cpp:4834] [PG ID 0 PG GUID 0 Rank 451]  using GPU 3 as device used by this process is currently unknown. This can potentially cause a hang if this rank to GPU mapping is incorrect. You can pecify device_id in init_process_group() to force use of a particular device.
WARNING: Logging before InitGoogleLogging() is written to STDERR
W0304 14:39:09.569128 1921276 ProcessGroupNCCL.cpp:4834] [PG ID 0 PG GUID 0 Rank 421]  using GPU 5 as device used by this process is currently unknown. This can potentially cause a hang if this rank to GPU mapping is incorrect. You can pecify device_id in init_process_group() to force use of a particular device.
WARNING: Logging before InitGoogleLogging() is written to STDERR
W0304 14:39:09.569270 2045012 ProcessGroupNCCL.cpp:4834] [PG ID 0 PG GUID 0 Rank 181]  using GPU 5 as device used by this process is currently unknown. This can potentially cause a hang if this rank to GPU mapping is incorrect. You can pecify device_id in init_process_group() to force use of a particular device.
WARNING: Logging before InitGoogleLogging() is written to STDERR
W0304 14:39:09.569512 1992453 ProcessGroupNCCL.cpp:4834] [PG ID 0 PG GUID 0 Rank 587]  using GPU 3 as device used by this process is currently unknown. This can potentially cause a hang if this rank to GPU mapping is incorrect. You can pecify device_id in init_process_group() to force use of a particular device.
WARNING: Logging before InitGoogleLogging() is written to STDERR
W0304 14:39:09.569681 1933730 ProcessGroupNCCL.cpp:4834] [PG ID 0 PG GUID 0 Rank 137]  using GPU 1 as device used by this process is currently unknown. This can potentially cause a hang if this rank to GPU mapping is incorrect. You can pecify device_id in init_process_group() to force use of a particular device.
WARNING: Logging before InitGoogleLogging() is written to STDERR
W0304 14:39:09.569806 1932492 ProcessGroupNCCL.cpp:4834] [PG ID 0 PG GUID 0 Rank 147]  using GPU 3 as device used by this process is currently unknown. This can potentially cause a hang if this rank to GPU mapping is incorrect. You can pecify device_id in init_process_group() to force use of a particular device.
WARNING: Logging before InitGoogleLogging() is written to STDERR
W0304 14:39:09.569881 2008909 ProcessGroupNCCL.cpp:4834] [PG ID 0 PG GUID 0 Rank 466]  using GPU 2 as device used by this process is currently unknown. This can potentially cause a hang if this rank to GPU mapping is incorrect. You can pecify device_id in init_process_group() to force use of a particular device.
WARNING: Logging before InitGoogleLogging() is written to STDERR
W0304 14:39:09.570072 1932509 ProcessGroupNCCL.cpp:4834] [PG ID 0 PG GUID 0 Rank 151]  using GPU 7 as device used by this process is currently unknown. This can potentially cause a hang if this rank to GPU mapping is incorrect. You can pecify device_id in init_process_group() to force use of a particular device.
WARNING: Logging before InitGoogleLogging() is written to STDERR
W0304 14:39:09.570076 2042959 ProcessGroupNCCL.cpp:4834] [PG ID 0 PG GUID 0 Rank 215]  using GPU 7 as device used by this process is currently unknown. This can potentially cause a hang if this rank to GPU mapping is incorrect. You can pecify device_id in init_process_group() to force use of a particular device.
WARNING: Logging before InitGoogleLogging() is written to STDERR
W0304 14:39:09.570142 1904956 ProcessGroupNCCL.cpp:4834] [PG ID 0 PG GUID 0 Rank 523]  using GPU 3 as device used by this process is currently unknown. This can potentially cause a hang if this rank to GPU mapping is incorrect. You can pecify device_id in init_process_group() to force use of a particular device.
WARNING: Logging before InitGoogleLogging() is written to STDERR
W0304 14:39:09.570446 2042803 ProcessGroupNCCL.cpp:4834] [PG ID 0 PG GUID 0 Rank 211]  using GPU 3 as device used by this process is currently unknown. This can potentially cause a hang if this rank to GPU mapping is incorrect. You can pecify device_id in init_process_group() to force use of a particular device.
WARNING: Logging before InitGoogleLogging() is written to STDERR
W0304 14:39:09.571090 2009567 ProcessGroupNCCL.cpp:4834] [PG ID 0 PG GUID 0 Rank 452]  using GPU 4 as device used by this process is currently unknown. This can potentially cause a hang if this rank to GPU mapping is incorrect. You can pecify device_id in init_process_group() to force use of a particular device.
WARNING: Logging before InitGoogleLogging() is written to STDERR
W0304 14:39:09.571106 1920133 ProcessGroupNCCL.cpp:4834] [PG ID 0 PG GUID 0 Rank 402]  using GPU 2 as device used by this process is currently unknown. This can potentially cause a hang if this rank to GPU mapping is incorrect. You can pecify device_id in init_process_group() to force use of a particular device.
WARNING: Logging before InitGoogleLogging() is written to STDERR
W0304 14:39:09.571344 1904918 ProcessGroupNCCL.cpp:4834] [PG ID 0 PG GUID 0 Rank 527]  using GPU 7 as device used by this process is currently unknown. This can potentially cause a hang if this rank to GPU mapping is incorrect. You can pecify device_id in init_process_group() to force use of a particular device.
WARNING: Logging before InitGoogleLogging() is written to STDERR
W0304 14:39:09.571683 2009507 ProcessGroupNCCL.cpp:4834] [PG ID 0 PG GUID 0 Rank 480]  using GPU 0 as device used by this process is currently unknown. This can potentially cause a hang if this rank to GPU mapping is incorrect. You can pecify device_id in init_process_group() to force use of a particular device.
WARNING: Logging before InitGoogleLogging() is written to STDERR
W0304 14:39:09.571823 2045149 ProcessGroupNCCL.cpp:4834] [PG ID 0 PG GUID 0 Rank 183]  using GPU 7 as device used by this process is currently unknown. This can potentially cause a hang if this rank to GPU mapping is incorrect. You can pecify device_id in init_process_group() to force use of a particular device.
WARNING: Logging before InitGoogleLogging() is written to STDERR
W0304 14:39:09.571972 1933778 ProcessGroupNCCL.cpp:4834] [PG ID 0 PG GUID 0 Rank 138]  using GPU 2 as device used by this process is currently unknown. This can potentially cause a hang if this rank to GPU mapping is incorrect. You can pecify device_id in init_process_group() to force use of a particular device.
WARNING: Logging before InitGoogleLogging() is written to STDERR
W0304 14:39:09.571861 1915094 ProcessGroupNCCL.cpp:4834] [PG ID 0 PG GUID 0 Rank 425]  using GPU 1 as device used by this process is currently unknown. This can potentially cause a hang if this rank to GPU mapping is incorrect. You can pecify device_id in init_process_group() to force use of a particular device.
WARNING: Logging before InitGoogleLogging() is written to STDERR
W0304 14:39:09.572034 2008224 ProcessGroupNCCL.cpp:4834] [PG ID 0 PG GUID 0 Rank 489]  using GPU 1 as device used by this process is currently unknown. This can potentially cause a hang if this rank to GPU mapping is incorrect. You can pecify device_id in init_process_group() to force use of a particular device.
WARNING: Logging before InitGoogleLogging() is written to STDERR
W0304 14:39:09.572187 2009925 ProcessGroupNCCL.cpp:4834] [PG ID 0 PG GUID 0 Rank 472]  using GPU 0 as device used by this process is currently unknown. This can potentially cause a hang if this rank to GPU mapping is incorrect. You can pecify device_id in init_process_group() to force use of a particular device.
WARNING: Logging before InitGoogleLogging() is written to STDERR
W0304 14:39:09.572077 1920336 ProcessGroupNCCL.cpp:4834] [PG ID 0 PG GUID 0 Rank 387]  using GPU 3 as device used by this process is currently unknown. This can potentially cause a hang if this rank to GPU mapping is incorrect. You can pecify device_id in init_process_group() to force use of a particular device.
WARNING: Logging before InitGoogleLogging() is written to STDERR
W0304 14:39:09.572121 1920298 ProcessGroupNCCL.cpp:4834] [PG ID 0 PG GUID 0 Rank 388]  using GPU 4 as device used by this process is currently unknown. This can potentially cause a hang if this rank to GPU mapping is incorrect. You can pecify device_id in init_process_group() to force use of a particular device.
WARNING: Logging before InitGoogleLogging() is written to STDERR
W0304 14:39:09.572336 2009639 ProcessGroupNCCL.cpp:4834] [PG ID 0 PG GUID 0 Rank 450]  using GPU 2 as device used by this process is currently unknown. This can potentially cause a hang if this rank to GPU mapping is incorrect. You can pecify device_id in init_process_group() to force use of a particular device.
WARNING: Logging before InitGoogleLogging() is written to STDERR
W0304 14:39:09.572400 1921331 ProcessGroupNCCL.cpp:4834] [PG ID 0 PG GUID 0 Rank 416]  using GPU 0 as device used by this process is currently unknown. This can potentially cause a hang if this rank to GPU mapping is incorrect. You can pecify device_id in init_process_group() to force use of a particular device.
WARNING: Logging before InitGoogleLogging() is written to STDERR
W0304 14:39:09.572503 2008917 ProcessGroupNCCL.cpp:4834] [PG ID 0 PG GUID 0 Rank 464]  using GPU 0 as device used by this process is currently unknown. This can potentially cause a hang if this rank to GPU mapping is incorrect. You can pecify device_id in init_process_group() to force use of a particular device.
WARNING: Logging before InitGoogleLogging() is written to STDERR
W0304 14:39:09.572520 1920343 ProcessGroupNCCL.cpp:4834] [PG ID 0 PG GUID 0 Rank 386]  using GPU 2 as device used by this process is currently unknown. This can potentially cause a hang if this rank to GPU mapping is incorrect. You can pecify device_id in init_process_group() to force use of a particular device.
WARNING: Logging before InitGoogleLogging() is written to STDERR
W0304 14:39:09.572542 2117385 ProcessGroupNCCL.cpp:4834] [PG ID 0 PG GUID 0 Rank 247]  using GPU 7 as device used by this process is currently unknown. This can potentially cause a hang if this rank to GPU mapping is incorrect. You can pecify device_id in init_process_group() to force use of a particular device.
WARNING: Logging before InitGoogleLogging() is written to STDERR
W0304 14:39:09.572552 1912531 ProcessGroupNCCL.cpp:4834] [PG ID 0 PG GUID 0 Rank 392]  using GPU 0 as device used by this process is currently unknown. This can potentially cause a hang if this rank to GPU mapping is incorrect. You can pecify device_id in init_process_group() to force use of a particular device.
WARNING: Logging before InitGoogleLogging() is written to STDERR
W0304 14:39:09.572799 2009514 ProcessGroupNCCL.cpp:4834] [PG ID 0 PG GUID 0 Rank 484]  using GPU 4 as device used by this process is currently unknown. This can potentially cause a hang if this rank to GPU mapping is incorrect. You can pecify device_id in init_process_group() to force use of a particular device.
WARNING: Logging before InitGoogleLogging() is written to STDERR
W0304 14:39:09.572857 1933710 ProcessGroupNCCL.cpp:4834] [PG ID 0 PG GUID 0 Rank 142]  using GPU 6 as device used by this process is currently unknown. This can potentially cause a hang if this rank to GPU mapping is incorrect. You can pecify device_id in init_process_group() to force use of a particular device.
WARNING: Logging before InitGoogleLogging() is written to STDERR
W0304 14:39:09.572896 1920084 ProcessGroupNCCL.cpp:4834] [PG ID 0 PG GUID 0 Rank 400]  using GPU 0 as device used by this process is currently unknown. This can potentially cause a hang if this rank to GPU mapping is incorrect. You can pecify device_id in init_process_group() to force use of a particular device.
WARNING: Logging before InitGoogleLogging() is written to STDERR
W0304 14:39:09.573236 2042315 ProcessGroupNCCL.cpp:4834] [PG ID 0 PG GUID 0 Rank 206]  using GPU 6 as device used by this process is currently unknown. This can potentially cause a hang if this rank to GPU mapping is incorrect. You can pecify device_id in init_process_group() to force use of a particular device.
WARNING: Logging before InitGoogleLogging() is written to STDERR
W0304 14:39:09.573324 1912530 ProcessGroupNCCL.cpp:4834] [PG ID 0 PG GUID 0 Rank 396]  using GPU 4 as device used by this process is currently unknown. This can potentially cause a hang if this rank to GPU mapping is incorrect. You can pecify device_id in init_process_group() to force use of a particular device.
WARNING: Logging before InitGoogleLogging() is written to STDERR
W0304 14:39:09.573378 1912512 ProcessGroupNCCL.cpp:4834] [PG ID 0 PG GUID 0 Rank 394]  using GPU 2 as device used by this process is currently unknown. This can potentially cause a hang if this rank to GPU mapping is incorrect. You can pecify device_id in init_process_group() to force use of a particular device.
WARNING: Logging before InitGoogleLogging() is written to STDERR
W0304 14:39:09.573374 1919551 ProcessGroupNCCL.cpp:4834] [PG ID 0 PG GUID 0 Rank 408]  using GPU 0 as device used by this process is currently unknown. This can potentially cause a hang if this rank to GPU mapping is incorrect. You can pecify device_id in init_process_group() to force use of a particular device.
WARNING: Logging before InitGoogleLogging() is written to STDERR
W0304 14:39:09.573478 2042415 ProcessGroupNCCL.cpp:4834] [PG ID 0 PG GUID 0 Rank 202]  using GPU 2 as device used by this process is currently unknown. This can potentially cause a hang if this rank to GPU mapping is incorrect. You can pecify device_id in init_process_group() to force use of a particular device.
WARNING: Logging before InitGoogleLogging() is written to STDERR
W0304 14:39:09.573426 2009581 ProcessGroupNCCL.cpp:4834] [PG ID 0 PG GUID 0 Rank 458]  using GPU 2 as device used by this process is currently unknown. This can potentially cause a hang if this rank to GPU mapping is incorrect. You can pecify device_id in init_process_group() to force use of a particular device.
WARNING: Logging before InitGoogleLogging() is written to STDERR
W0304 14:39:09.573695 1992499 ProcessGroupNCCL.cpp:4834] [PG ID 0 PG GUID 0 Rank 591]  using GPU 7 as device used by this process is currently unknown. This can potentially cause a hang if this rank to GPU mapping is incorrect. You can pecify device_id in init_process_group() to force use of a particular device.
WARNING: Logging before InitGoogleLogging() is written to STDERR
W0304 14:39:09.573760 1919622 ProcessGroupNCCL.cpp:4834] [PG ID 0 PG GUID 0 Rank 412]  using GPU 4 as device used by this process is currently unknown. This can potentially cause a hang if this rank to GPU mapping is incorrect. You can pecify device_id in init_process_group() to force use of a particular device.
WARNING: Logging before InitGoogleLogging() is written to STDERR
W0304 14:39:09.573868 2009511 ProcessGroupNCCL.cpp:4834] [PG ID 0 PG GUID 0 Rank 460]  using GPU 4 as device used by this process is currently unknown. This can potentially cause a hang if this rank to GPU mapping is incorrect. You can pecify device_id in init_process_group() to force use of a particular device.
WARNING: Logging before InitGoogleLogging() is written to STDERR
W0304 14:39:09.573918 1915055 ProcessGroupNCCL.cpp:4834] [PG ID 0 PG GUID 0 Rank 429]  using GPU 5 as device used by this process is currently unknown. This can potentially cause a hang if this rank to GPU mapping is incorrect. You can pecify device_id in init_process_group() to force use of a particular device.
WARNING: Logging before InitGoogleLogging() is written to STDERR
W0304 14:39:09.574036 1921326 ProcessGroupNCCL.cpp:4834] [PG ID 0 PG GUID 0 Rank 420]  using GPU 4 as device used by this process is currently unknown. This can potentially cause a hang if this rank to GPU mapping is incorrect. You can pecify device_id in init_process_group() to force use of a particular device.
WARNING: Logging before InitGoogleLogging() is written to STDERR
W0304 14:39:09.574323 2009466 ProcessGroupNCCL.cpp:4834] [PG ID 0 PG GUID 0 Rank 456]  using GPU 0 as device used by this process is currently unknown. This can potentially cause a hang if this rank to GPU mapping is incorrect. You can pecify device_id in init_process_group() to force use of a particular device.
WARNING: Logging before InitGoogleLogging() is written to STDERR
W0304 14:39:09.574374 2009830 ProcessGroupNCCL.cpp:4834] [PG ID 0 PG GUID 0 Rank 476]  using GPU 4 as device used by this process is currently unknown. This can potentially cause a hang if this rank to GPU mapping is incorrect. You can pecify device_id in init_process_group() to force use of a particular device.
WARNING: Logging before InitGoogleLogging() is written to STDERR
W0304 14:39:09.574364 2008421 ProcessGroupNCCL.cpp:4834] [PG ID 0 PG GUID 0 Rank 493]  using GPU 5 as device used by this process is currently unknown. This can potentially cause a hang if this rank to GPU mapping is incorrect. You can pecify device_id in init_process_group() to force use of a particular device.
WARNING: Logging before InitGoogleLogging() is written to STDERR
W0304 14:39:09.574710 2044036 ProcessGroupNCCL.cpp:4834] [PG ID 0 PG GUID 0 Rank 223]  using GPU 7 as device used by this process is currently unknown. This can potentially cause a hang if this rank to GPU mapping is incorrect. You can pecify device_id in init_process_group() to force use of a particular device.
WARNING: Logging before InitGoogleLogging() is written to STDERR
W0304 14:39:09.574892 2009559 ProcessGroupNCCL.cpp:4834] [PG ID 0 PG GUID 0 Rank 454]  using GPU 6 as device used by this process is currently unknown. This can potentially cause a hang if this rank to GPU mapping is incorrect. You can pecify device_id in init_process_group() to force use of a particular device.
WARNING: Logging before InitGoogleLogging() is written to STDERR
W0304 14:39:09.575138 2009827 ProcessGroupNCCL.cpp:4834] [PG ID 0 PG GUID 0 Rank 474]  using GPU 2 as device used by this process is currently unknown. This can potentially cause a hang if this rank to GPU mapping is incorrect. You can pecify device_id in init_process_group() to force use of a particular device.
WARNING: Logging before InitGoogleLogging() is written to STDERR
W0304 14:39:09.575150 1920262 ProcessGroupNCCL.cpp:4834] [PG ID 0 PG GUID 0 Rank 404]  using GPU 4 as device used by this process is currently unknown. This can potentially cause a hang if this rank to GPU mapping is incorrect. You can pecify device_id in init_process_group() to force use of a particular device.
WARNING: Logging before InitGoogleLogging() is written to STDERR
W0304 14:39:09.575245 1919535 ProcessGroupNCCL.cpp:4834] [PG ID 0 PG GUID 0 Rank 410]  using GPU 2 as device used by this process is currently unknown. This can potentially cause a hang if this rank to GPU mapping is incorrect. You can pecify device_id in init_process_group() to force use of a particular device.
WARNING: Logging before InitGoogleLogging() is written to STDERR
W0304 14:39:09.575430 1925070 ProcessGroupNCCL.cpp:4834] [PG ID 0 PG GUID 0 Rank 159]  using GPU 7 as device used by this process is currently unknown. This can potentially cause a hang if this rank to GPU mapping is incorrect. You can pecify device_id in init_process_group() to force use of a particular device.
WARNING: Logging before InitGoogleLogging() is written to STDERR
W0304 14:39:09.575551 1920323 ProcessGroupNCCL.cpp:4834] [PG ID 0 PG GUID 0 Rank 390]  using GPU 6 as device used by this process is currently unknown. This can potentially cause a hang if this rank to GPU mapping is incorrect. You can pecify device_id in init_process_group() to force use of a particular device.
WARNING: Logging before InitGoogleLogging() is written to STDERR
W0304 14:39:09.575692 1920261 ProcessGroupNCCL.cpp:4834] [PG ID 0 PG GUID 0 Rank 406]  using GPU 6 as device used by this process is currently unknown. This can potentially cause a hang if this rank to GPU mapping is incorrect. You can pecify device_id in init_process_group() to force use of a particular device.
WARNING: Logging before InitGoogleLogging() is written to STDERR
W0304 14:39:09.575866 1912533 ProcessGroupNCCL.cpp:4834] [PG ID 0 PG GUID 0 Rank 398]  using GPU 6 as device used by this process is currently unknown. This can potentially cause a hang if this rank to GPU mapping is incorrect. You can pecify device_id in init_process_group() to force use of a particular device.
WARNING: Logging before InitGoogleLogging() is written to STDERR
W0304 14:39:09.575979 2009939 ProcessGroupNCCL.cpp:4834] [PG ID 0 PG GUID 0 Rank 475]  using GPU 3 as device used by this process is currently unknown. This can potentially cause a hang if this rank to GPU mapping is incorrect. You can pecify device_id in init_process_group() to force use of a particular device.
WARNING: Logging before InitGoogleLogging() is written to STDERR
W0304 14:39:09.576006 2009114 ProcessGroupNCCL.cpp:4834] [PG ID 0 PG GUID 0 Rank 468]  using GPU 4 as device used by this process is currently unknown. This can potentially cause a hang if this rank to GPU mapping is incorrect. You can pecify device_id in init_process_group() to force use of a particular device.
WARNING: Logging before InitGoogleLogging() is written to STDERR
W0304 14:39:09.576047 1920234 ProcessGroupNCCL.cpp:4834] [PG ID 0 PG GUID 0 Rank 384]  using GPU 0 as device used by this process is currently unknown. This can potentially cause a hang if this rank to GPU mapping is incorrect. You can pecify device_id in init_process_group() to force use of a particular device.
WARNING: Logging before InitGoogleLogging() is written to STDERR
W0304 14:39:09.576073 1912364 ProcessGroupNCCL.cpp:4834] [PG ID 0 PG GUID 0 Rank 395]  using GPU 3 as device used by this process is currently unknown. This can potentially cause a hang if this rank to GPU mapping is incorrect. You can pecify device_id in init_process_group() to force use of a particular device.
WARNING: Logging before InitGoogleLogging() is written to STDERR
W0304 14:39:09.576077 2009562 ProcessGroupNCCL.cpp:4834] [PG ID 0 PG GUID 0 Rank 455]  using GPU 7 as device used by this process is currently unknown. This can potentially cause a hang if this rank to GPU mapping is incorrect. You can pecify device_id in init_process_group() to force use of a particular device.
WARNING: Logging before InitGoogleLogging() is written to STDERR
W0304 14:39:09.576195 2009554 ProcessGroupNCCL.cpp:4834] [PG ID 0 PG GUID 0 Rank 448]  using GPU 0 as device used by this process is currently unknown. This can potentially cause a hang if this rank to GPU mapping is incorrect. You can pecify device_id in init_process_group() to force use of a particular device.
WARNING: Logging before InitGoogleLogging() is written to STDERR
W0304 14:39:09.576237 2042438 ProcessGroupNCCL.cpp:4834] [PG ID 0 PG GUID 0 Rank 205]  using GPU 5 as device used by this process is currently unknown. This can potentially cause a hang if this rank to GPU mapping is incorrect. You can pecify device_id in init_process_group() to force use of a particular device.
WARNING: Logging before InitGoogleLogging() is written to STDERR
W0304 14:39:09.576534 1920255 ProcessGroupNCCL.cpp:4834] [PG ID 0 PG GUID 0 Rank 391]  using GPU 7 as device used by this process is currently unknown. This can potentially cause a hang if this rank to GPU mapping is incorrect. You can pecify device_id in init_process_group() to force use of a particular device.
WARNING: Logging before InitGoogleLogging() is written to STDERR
W0304 14:39:09.576583 1919589 ProcessGroupNCCL.cpp:4834] [PG ID 0 PG GUID 0 Rank 415]  using GPU 7 as device used by this process is currently unknown. This can potentially cause a hang if this rank to GPU mapping is incorrect. You can pecify device_id in init_process_group() to force use of a particular device.
WARNING: Logging before InitGoogleLogging() is written to STDERR
W0304 14:39:09.576682 1919649 ProcessGroupNCCL.cpp:4834] [PG ID 0 PG GUID 0 Rank 411]  using GPU 3 as device used by this process is currently unknown. This can potentially cause a hang if this rank to GPU mapping is incorrect. You can pecify device_id in init_process_group() to force use of a particular device.
WARNING: Logging before InitGoogleLogging() is written to STDERR
W0304 14:39:09.576568 2008686 ProcessGroupNCCL.cpp:4834] [PG ID 0 PG GUID 0 Rank 497]  using GPU 1 as device used by this process is currently unknown. This can potentially cause a hang if this rank to GPU mapping is incorrect. You can pecify device_id in init_process_group() to force use of a particular device.
WARNING: Logging before InitGoogleLogging() is written to STDERR
W0304 14:39:09.576756 2009916 ProcessGroupNCCL.cpp:4834] [PG ID 0 PG GUID 0 Rank 479]  using GPU 7 as device used by this process is currently unknown. This can potentially cause a hang if this rank to GPU mapping is incorrect. You can pecify device_id in init_process_group() to force use of a particular device.
WARNING: Logging before InitGoogleLogging() is written to STDERR
W0304 14:39:09.576726 2008918 ProcessGroupNCCL.cpp:4834] [PG ID 0 PG GUID 0 Rank 470]  using GPU 6 as device used by this process is currently unknown. This can potentially cause a hang if this rank to GPU mapping is incorrect. You can pecify device_id in init_process_group() to force use of a particular device.
WARNING: Logging before InitGoogleLogging() is written to STDERR
W0304 14:39:09.576799 1921513 ProcessGroupNCCL.cpp:4834] [PG ID 0 PG GUID 0 Rank 433]  using GPU 1 as device used by this process is currently unknown. This can potentially cause a hang if this rank to GPU mapping is incorrect. You can pecify device_id in init_process_group() to force use of a particular device.
WARNING: Logging before InitGoogleLogging() is written to STDERR
W0304 14:39:09.576895 2009547 ProcessGroupNCCL.cpp:4834] [PG ID 0 PG GUID 0 Rank 459]  using GPU 3 as device used by this process is currently unknown. This can potentially cause a hang if this rank to GPU mapping is incorrect. You can pecify device_id in init_process_group() to force use of a particular device.
WARNING: Logging before InitGoogleLogging() is written to STDERR
W0304 14:39:09.576936 2009584 ProcessGroupNCCL.cpp:4834] [PG ID 0 PG GUID 0 Rank 462]  using GPU 6 as device used by this process is currently unknown. This can potentially cause a hang if this rank to GPU mapping is incorrect. You can pecify device_id in init_process_group() to force use of a particular device.
WARNING: Logging before InitGoogleLogging() is written to STDERR
W0304 14:39:09.577607 1932459 ProcessGroupNCCL.cpp:4834] [PG ID 0 PG GUID 0 Rank 146]  using GPU 2 as device used by this process is currently unknown. This can potentially cause a hang if this rank to GPU mapping is incorrect. You can pecify device_id in init_process_group() to force use of a particular device.
WARNING: Logging before InitGoogleLogging() is written to STDERR
W0304 14:39:09.577968 1933725 ProcessGroupNCCL.cpp:4834] [PG ID 0 PG GUID 0 Rank 141]  using GPU 5 as device used by this process is currently unknown. This can potentially cause a hang if this rank to GPU mapping is incorrect. You can pecify device_id in init_process_group() to force use of a particular device.
WARNING: Logging before InitGoogleLogging() is written to STDERR
W0304 14:39:09.578127 2117436 ProcessGroupNCCL.cpp:4834] [PG ID 0 PG GUID 0 Rank 224]  using GPU 0 as device used by this process is currently unknown. This can potentially cause a hang if this rank to GPU mapping is incorrect. You can pecify device_id in init_process_group() to force use of a particular device.
WARNING: Logging before InitGoogleLogging() is written to STDERR
W0304 14:39:09.578142 1931416 ProcessGroupNCCL.cpp:4834] [PG ID 0 PG GUID 0 Rank 160]  using GPU 0 as device used by this process is currently unknown. This can potentially cause a hang if this rank to GPU mapping is incorrect. You can pecify device_id in init_process_group() to force use of a particular device.
WARNING: Logging before InitGoogleLogging() is written to STDERR
W0304 14:39:09.578606 2044014 ProcessGroupNCCL.cpp:4834] [PG ID 0 PG GUID 0 Rank 219]  using GPU 3 as device used by this process is currently unknown. This can potentially cause a hang if this rank to GPU mapping is incorrect. You can pecify device_id in init_process_group() to force use of a particular device.
WARNING: Logging before InitGoogleLogging() is written to STDERR
W0304 14:39:09.578812 2042804 ProcessGroupNCCL.cpp:4834] [PG ID 0 PG GUID 0 Rank 210]  using GPU 2 as device used by this process is currently unknown. This can potentially cause a hang if this rank to GPU mapping is incorrect. You can pecify device_id in init_process_group() to force use of a particular device.
WARNING: Logging before InitGoogleLogging() is written to STDERR
W0304 14:39:09.578891 1925031 ProcessGroupNCCL.cpp:4834] [PG ID 0 PG GUID 0 Rank 155]  using GPU 3 as device used by this process is currently unknown. This can potentially cause a hang if this rank to GPU mapping is incorrect. You can pecify device_id in init_process_group() to force use of a particular device.
WARNING: Logging before InitGoogleLogging() is written to STDERR
W0304 14:39:09.579262 1915081 ProcessGroupNCCL.cpp:4834] [PG ID 0 PG GUID 0 Rank 428]  using GPU 4 as device used by this process is currently unknown. This can potentially cause a hang if this rank to GPU mapping is incorrect. You can pecify device_id in init_process_group() to force use of a particular device.
WARNING: Logging before InitGoogleLogging() is written to STDERR
W0304 14:39:09.579259 2008269 ProcessGroupNCCL.cpp:4834] [PG ID 0 PG GUID 0 Rank 492]  using GPU 4 as device used by this process is currently unknown. This can potentially cause a hang if this rank to GPU mapping is incorrect. You can pecify device_id in init_process_group() to force use of a particular device.
WARNING: Logging before InitGoogleLogging() is written to STDERR
W0304 14:39:09.579684 2117474 ProcessGroupNCCL.cpp:4834] [PG ID 0 PG GUID 0 Rank 227]  using GPU 3 as device used by this process is currently unknown. This can potentially cause a hang if this rank to GPU mapping is incorrect. You can pecify device_id in init_process_group() to force use of a particular device.
WARNING: Logging before InitGoogleLogging() is written to STDERR
W0304 14:39:09.580300 2009541 ProcessGroupNCCL.cpp:4834] [PG ID 0 PG GUID 0 Rank 463]  using GPU 7 as device used by this process is currently unknown. This can potentially cause a hang if this rank to GPU mapping is incorrect. You can pecify device_id in init_process_group() to force use of a particular device.
WARNING: Logging before InitGoogleLogging() is written to STDERR
W0304 14:39:09.580438 2042846 ProcessGroupNCCL.cpp:4834] [PG ID 0 PG GUID 0 Rank 214]  using GPU 6 as device used by this process is currently unknown. This can potentially cause a hang if this rank to GPU mapping is incorrect. You can pecify device_id in init_process_group() to force use of a particular device.
WARNING: Logging before InitGoogleLogging() is written to STDERR
W0304 14:39:09.580534 1932478 ProcessGroupNCCL.cpp:4834] [PG ID 0 PG GUID 0 Rank 150]  using GPU 6 as device used by this process is currently unknown. This can potentially cause a hang if this rank to GPU mapping is incorrect. You can pecify device_id in init_process_group() to force use of a particular device.
WARNING: Logging before InitGoogleLogging() is written to STDERR
W0304 14:39:09.580729 1920273 ProcessGroupNCCL.cpp:4834] [PG ID 0 PG GUID 0 Rank 385]  using GPU 1 as device used by this process is currently unknown. This can potentially cause a hang if this rank to GPU mapping is incorrect. You can pecify device_id in init_process_group() to force use of a particular device.
WARNING: Logging before InitGoogleLogging() is written to STDERR
W0304 14:39:09.580837 1912408 ProcessGroupNCCL.cpp:4834] [PG ID 0 PG GUID 0 Rank 399]  using GPU 7 as device used by this process is currently unknown. This can potentially cause a hang if this rank to GPU mapping is incorrect. You can pecify device_id in init_process_group() to force use of a particular device.
WARNING: Logging before InitGoogleLogging() is written to STDERR
W0304 14:39:09.580919 1931035 ProcessGroupNCCL.cpp:4834] [PG ID 0 PG GUID 0 Rank 169]  using GPU 1 as device used by this process is currently unknown. This can potentially cause a hang if this rank to GPU mapping is incorrect. You can pecify device_id in init_process_group() to force use of a particular device.
WARNING: Logging before InitGoogleLogging() is written to STDERR
W0304 14:39:09.581614 2012245 ProcessGroupNCCL.cpp:4834] [PG ID 0 PG GUID 0 Rank 444]  using GPU 4 as device used by this process is currently unknown. This can potentially cause a hang if this rank to GPU mapping is incorrect. You can pecify device_id in init_process_group() to force use of a particular device.
WARNING: Logging before InitGoogleLogging() is written to STDERR
W0304 14:39:09.582016 1931388 ProcessGroupNCCL.cpp:4834] [PG ID 0 PG GUID 0 Rank 163]  using GPU 3 as device used by this process is currently unknown. This can potentially cause a hang if this rank to GPU mapping is incorrect. You can pecify device_id in init_process_group() to force use of a particular device.
WARNING: Logging before InitGoogleLogging() is written to STDERR
W0304 14:39:09.582095 2117280 ProcessGroupNCCL.cpp:4834] [PG ID 0 PG GUID 0 Rank 241]  using GPU 1 as device used by this process is currently unknown. This can potentially cause a hang if this rank to GPU mapping is incorrect. You can pecify device_id in init_process_group() to force use of a particular device.
WARNING: Logging before InitGoogleLogging() is written to STDERR
W0304 14:39:09.582171 2009557 ProcessGroupNCCL.cpp:4834] [PG ID 0 PG GUID 0 Rank 449]  using GPU 1 as device used by this process is currently unknown. This can potentially cause a hang if this rank to GPU mapping is incorrect. You can pecify device_id in init_process_group() to force use of a particular device.
WARNING: Logging before InitGoogleLogging() is written to STDERR
W0304 14:39:09.582365 2008375 ProcessGroupNCCL.cpp:4834] [PG ID 0 PG GUID 0 Rank 488]  using GPU 0 as device used by this process is currently unknown. This can potentially cause a hang if this rank to GPU mapping is incorrect. You can pecify device_id in init_process_group() to force use of a particular device.
WARNING: Logging before InitGoogleLogging() is written to STDERR
W0304 14:39:09.582496 1931070 ProcessGroupNCCL.cpp:4834] [PG ID 0 PG GUID 0 Rank 171]  using GPU 3 as device used by this process is currently unknown. This can potentially cause a hang if this rank to GPU mapping is incorrect. You can pecify device_id in init_process_group() to force use of a particular device.
WARNING: Logging before InitGoogleLogging() is written to STDERR
W0304 14:39:09.582496 2009123 ProcessGroupNCCL.cpp:4834] [PG ID 0 PG GUID 0 Rank 469]  using GPU 5 as device used by this process is currently unknown. This can potentially cause a hang if this rank to GPU mapping is incorrect. You can pecify device_id in init_process_group() to force use of a particular device.
WARNING: Logging before InitGoogleLogging() is written to STDERR
W0304 14:39:09.582367 2116703 ProcessGroupNCCL.cpp:4834] [PG ID 0 PG GUID 0 Rank 235]  using GPU 3 as device used by this process is currently unknown. This can potentially cause a hang if this rank to GPU mapping is incorrect. You can pecify device_id in init_process_group() to force use of a particular device.
WARNING: Logging before InitGoogleLogging() is written to STDERR
W0304 14:39:09.582432 2116774 ProcessGroupNCCL.cpp:4834] [PG ID 0 PG GUID 0 Rank 233]  using GPU 1 as device used by this process is currently unknown. This can potentially cause a hang if this rank to GPU mapping is incorrect. You can pecify device_id in init_process_group() to force use of a particular device.
WARNING: Logging before InitGoogleLogging() is written to STDERR
W0304 14:39:09.582482 2116799 ProcessGroupNCCL.cpp:4834] [PG ID 0 PG GUID 0 Rank 234]  using GPU 2 as device used by this process is currently unknown. This can potentially cause a hang if this rank to GPU mapping is incorrect. You can pecify device_id in init_process_group() to force use of a particular device.
WARNING: Logging before InitGoogleLogging() is written to STDERR
W0304 14:39:09.582643 1920140 ProcessGroupNCCL.cpp:4834] [PG ID 0 PG GUID 0 Rank 405]  using GPU 5 as device used by this process is currently unknown. This can potentially cause a hang if this rank to GPU mapping is incorrect. You can pecify device_id in init_process_group() to force use of a particular device.
WARNING: Logging before InitGoogleLogging() is written to STDERR
W0304 14:39:09.582651 1920086 ProcessGroupNCCL.cpp:4834] [PG ID 0 PG GUID 0 Rank 401]  using GPU 1 as device used by this process is currently unknown. This can potentially cause a hang if this rank to GPU mapping is incorrect. You can pecify device_id in init_process_group() to force use of a particular device.
WARNING: Logging before InitGoogleLogging() is written to STDERR
W0304 14:39:09.582791 1931315 ProcessGroupNCCL.cpp:4834] [PG ID 0 PG GUID 0 Rank 170]  using GPU 2 as device used by this process is currently unknown. This can potentially cause a hang if this rank to GPU mapping is incorrect. You can pecify device_id in init_process_group() to force use of a particular device.
WARNING: Logging before InitGoogleLogging() is written to STDERR
W0304 14:39:09.582859 2009546 ProcessGroupNCCL.cpp:4834] [PG ID 0 PG GUID 0 Rank 461]  using GPU 5 as device used by this process is currently unknown. This can potentially cause a hang if this rank to GPU mapping is incorrect. You can pecify device_id in init_process_group() to force use of a particular device.
WARNING: Logging before InitGoogleLogging() is written to STDERR
W0304 14:39:09.582852 2045118 ProcessGroupNCCL.cpp:4834] [PG ID 0 PG GUID 0 Rank 177]  using GPU 1 as device used by this process is currently unknown. This can potentially cause a hang if this rank to GPU mapping is incorrect. You can pecify device_id in init_process_group() to force use of a particular device.
WARNING: Logging before InitGoogleLogging() is written to STDERR
W0304 14:39:09.582933 2010206 ProcessGroupNCCL.cpp:4834] [PG ID 0 PG GUID 0 Rank 508]  using GPU 4 as device used by this process is currently unknown. This can potentially cause a hang if this rank to GPU mapping is incorrect. You can pecify device_id in init_process_group() to force use of a particular device.
WARNING: Logging before InitGoogleLogging() is written to STDERR
W0304 14:39:09.583092 2117458 ProcessGroupNCCL.cpp:4834] [PG ID 0 PG GUID 0 Rank 231]  using GPU 7 as device used by this process is currently unknown. This can potentially cause a hang if this rank to GPU mapping is incorrect. You can pecify device_id in init_process_group() to force use of a particular device.
WARNING: Logging before InitGoogleLogging() is written to STDERR
W0304 14:39:09.583062 2042958 ProcessGroupNCCL.cpp:4834] [PG ID 0 PG GUID 0 Rank 209]  using GPU 1 as device used by this process is currently unknown. This can potentially cause a hang if this rank to GPU mapping is incorrect. You can pecify device_id in init_process_group() to force use of a particular device.
WARNING: Logging before InitGoogleLogging() is written to STDERR
W0304 14:39:09.583042 1931491 ProcessGroupNCCL.cpp:4834] [PG ID 0 PG GUID 0 Rank 164]  using GPU 4 as device used by this process is currently unknown. This can potentially cause a hang if this rank to GPU mapping is incorrect. You can pecify device_id in init_process_group() to force use of a particular device.
WARNING: Logging before InitGoogleLogging() is written to STDERR
W0304 14:39:09.583081 1912362 ProcessGroupNCCL.cpp:4834] [PG ID 0 PG GUID 0 Rank 397]  using GPU 5 as device used by this process is currently unknown. This can potentially cause a hang if this rank to GPU mapping is incorrect. You can pecify device_id in init_process_group() to force use of a particular device.
WARNING: Logging before InitGoogleLogging() is written to STDERR
W0304 14:39:09.583061 1931490 ProcessGroupNCCL.cpp:4834] [PG ID 0 PG GUID 0 Rank 165]  using GPU 5 as device used by this process is currently unknown. This can potentially cause a hang if this rank to GPU mapping is incorrect. You can pecify device_id in init_process_group() to force use of a particular device.
WARNING: Logging before InitGoogleLogging() is written to STDERR
W0304 14:39:09.583060 1932301 ProcessGroupNCCL.cpp:4834] [PG ID 0 PG GUID 0 Rank 145]  using GPU 1 as device used by this process is currently unknown. This can potentially cause a hang if this rank to GPU mapping is incorrect. You can pecify device_id in init_process_group() to force use of a particular device.
WARNING: Logging before InitGoogleLogging() is written to STDERR
W0304 14:39:09.583191 2009121 ProcessGroupNCCL.cpp:4834] [PG ID 0 PG GUID 0 Rank 465]  using GPU 1 as device used by this process is currently unknown. This can potentially cause a hang if this rank to GPU mapping is incorrect. You can pecify device_id in init_process_group() to force use of a particular device.
WARNING: Logging before InitGoogleLogging() is written to STDERR
W0304 14:39:09.583318 2117492 ProcessGroupNCCL.cpp:4834] [PG ID 0 PG GUID 0 Rank 225]  using GPU 1 as device used by this process is currently unknown. This can potentially cause a hang if this rank to GPU mapping is incorrect. You can pecify device_id in init_process_group() to force use of a particular device.
WARNING: Logging before InitGoogleLogging() is written to STDERR
W0304 14:39:09.583370 1920294 ProcessGroupNCCL.cpp:4834] [PG ID 0 PG GUID 0 Rank 389]  using GPU 5 as device used by this process is currently unknown. This can potentially cause a hang if this rank to GPU mapping is incorrect. You can pecify device_id in init_process_group() to force use of a particular device.
WARNING: Logging before InitGoogleLogging() is written to STDERR
W0304 14:39:09.583516 1914909 ProcessGroupNCCL.cpp:4834] [PG ID 0 PG GUID 0 Rank 424]  using GPU 0 as device used by this process is currently unknown. This can potentially cause a hang if this rank to GPU mapping is incorrect. You can pecify device_id in init_process_group() to force use of a particular device.
WARNING: Logging before InitGoogleLogging() is written to STDERR
W0304 14:39:09.583721 2009611 ProcessGroupNCCL.cpp:4834] [PG ID 0 PG GUID 0 Rank 453]  using GPU 5 as device used by this process is currently unknown. This can potentially cause a hang if this rank to GPU mapping is incorrect. You can pecify device_id in init_process_group() to force use of a particular device.
WARNING: Logging before InitGoogleLogging() is written to STDERR
W0304 14:39:09.583894 2008906 ProcessGroupNCCL.cpp:4834] [PG ID 0 PG GUID 0 Rank 467]  using GPU 3 as device used by this process is currently unknown. This can potentially cause a hang if this rank to GPU mapping is incorrect. You can pecify device_id in init_process_group() to force use of a particular device.
WARNING: Logging before InitGoogleLogging() is written to STDERR
W0304 14:39:09.584071 2117512 ProcessGroupNCCL.cpp:4834] [PG ID 0 PG GUID 0 Rank 228]  using GPU 4 as device used by this process is currently unknown. This can potentially cause a hang if this rank to GPU mapping is incorrect. You can pecify device_id in init_process_group() to force use of a particular device.
WARNING: Logging before InitGoogleLogging() is written to STDERR
W0304 14:39:09.584012 1931407 ProcessGroupNCCL.cpp:4834] [PG ID 0 PG GUID 0 Rank 167]  using GPU 7 as device used by this process is currently unknown. This can potentially cause a hang if this rank to GPU mapping is incorrect. You can pecify device_id in init_process_group() to force use of a particular device.
WARNING: Logging before InitGoogleLogging() is written to STDERR
W0304 14:39:09.584184 2117362 ProcessGroupNCCL.cpp:4834] [PG ID 0 PG GUID 0 Rank 229]  using GPU 5 as device used by this process is currently unknown. This can potentially cause a hang if this rank to GPU mapping is incorrect. You can pecify device_id in init_process_group() to force use of a particular device.
WARNING: Logging before InitGoogleLogging() is written to STDERR
W0304 14:39:09.584342 1920263 ProcessGroupNCCL.cpp:4834] [PG ID 0 PG GUID 0 Rank 403]  using GPU 3 as device used by this process is currently unknown. This can potentially cause a hang if this rank to GPU mapping is incorrect. You can pecify device_id in init_process_group() to force use of a particular device.
WARNING: Logging before InitGoogleLogging() is written to STDERR
W0304 14:39:09.584648 1931430 ProcessGroupNCCL.cpp:4834] [PG ID 0 PG GUID 0 Rank 161]  using GPU 1 as device used by this process is currently unknown. This can potentially cause a hang if this rank to GPU mapping is incorrect. You can pecify device_id in init_process_group() to force use of a particular device.
WARNING: Logging before InitGoogleLogging() is written to STDERR
W0304 14:39:09.584940 1931029 ProcessGroupNCCL.cpp:4834] [PG ID 0 PG GUID 0 Rank 168]  using GPU 0 as device used by this process is currently unknown. This can potentially cause a hang if this rank to GPU mapping is incorrect. You can pecify device_id in init_process_group() to force use of a particular device.
WARNING: Logging before InitGoogleLogging() is written to STDERR
W0304 14:39:09.585115 2116798 ProcessGroupNCCL.cpp:4834] [PG ID 0 PG GUID 0 Rank 232]  using GPU 0 as device used by this process is currently unknown. This can potentially cause a hang if this rank to GPU mapping is incorrect. You can pecify device_id in init_process_group() to force use of a particular device.
WARNING: Logging before InitGoogleLogging() is written to STDERR
W0304 14:39:09.585289 1931316 ProcessGroupNCCL.cpp:4834] [PG ID 0 PG GUID 0 Rank 173]  using GPU 5 as device used by this process is currently unknown. This can potentially cause a hang if this rank to GPU mapping is incorrect. You can pecify device_id in init_process_group() to force use of a particular device.
WARNING: Logging before InitGoogleLogging() is written to STDERR
W0304 14:39:09.585258 2008521 ProcessGroupNCCL.cpp:4834] [PG ID 0 PG GUID 0 Rank 496]  using GPU 0 as device used by this process is currently unknown. This can potentially cause a hang if this rank to GPU mapping is incorrect. You can pecify device_id in init_process_group() to force use of a particular device.
WARNING: Logging before InitGoogleLogging() is written to STDERR
W0304 14:39:09.585394 1925072 ProcessGroupNCCL.cpp:4834] [PG ID 0 PG GUID 0 Rank 154]  using GPU 2 as device used by this process is currently unknown. This can potentially cause a hang if this rank to GPU mapping is incorrect. You can pecify device_id in init_process_group() to force use of a particular device.
WARNING: Logging before InitGoogleLogging() is written to STDERR
W0304 14:39:09.585477 2012158 ProcessGroupNCCL.cpp:4834] [PG ID 0 PG GUID 0 Rank 441]  using GPU 1 as device used by this process is currently unknown. This can potentially cause a hang if this rank to GPU mapping is incorrect. You can pecify device_id in init_process_group() to force use of a particular device.
WARNING: Logging before InitGoogleLogging() is written to STDERR
W0304 14:39:09.585580 1932323 ProcessGroupNCCL.cpp:4834] [PG ID 0 PG GUID 0 Rank 149]  using GPU 5 as device used by this process is currently unknown. This can potentially cause a hang if this rank to GPU mapping is incorrect. You can pecify device_id in init_process_group() to force use of a particular device.
WARNING: Logging before InitGoogleLogging() is written to STDERR
W0304 14:39:09.585631 2116726 ProcessGroupNCCL.cpp:4834] [PG ID 0 PG GUID 0 Rank 237]  using GPU 5 as device used by this process is currently unknown. This can potentially cause a hang if this rank to GPU mapping is incorrect. You can pecify device_id in init_process_group() to force use of a particular device.
WARNING: Logging before InitGoogleLogging() is written to STDERR
W0304 14:39:09.585635 1921564 ProcessGroupNCCL.cpp:4834] [PG ID 0 PG GUID 0 Rank 432]  using GPU 0 as device used by this process is currently unknown. This can potentially cause a hang if this rank to GPU mapping is incorrect. You can pecify device_id in init_process_group() to force use of a particular device.
WARNING: Logging before InitGoogleLogging() is written to STDERR
W0304 14:39:09.585662 2010193 ProcessGroupNCCL.cpp:4834] [PG ID 0 PG GUID 0 Rank 505]  using GPU 1 as device used by this process is currently unknown. This can potentially cause a hang if this rank to GPU mapping is incorrect. You can pecify device_id in init_process_group() to force use of a particular device.
WARNING: Logging before InitGoogleLogging() is written to STDERR
W0304 14:39:09.585803 2042918 ProcessGroupNCCL.cpp:4834] [PG ID 0 PG GUID 0 Rank 213]  using GPU 5 as device used by this process is currently unknown. This can potentially cause a hang if this rank to GPU mapping is incorrect. You can pecify device_id in init_process_group() to force use of a particular device.
WARNING: Logging before InitGoogleLogging() is written to STDERR
W0304 14:39:09.586061 2009829 ProcessGroupNCCL.cpp:4834] [PG ID 0 PG GUID 0 Rank 478]  using GPU 6 as device used by this process is currently unknown. This can potentially cause a hang if this rank to GPU mapping is incorrect. You can pecify device_id in init_process_group() to force use of a particular device.
WARNING: Logging before InitGoogleLogging() is written to STDERR
W0304 14:39:09.586237 2044134 ProcessGroupNCCL.cpp:4834] [PG ID 0 PG GUID 0 Rank 218]  using GPU 2 as device used by this process is currently unknown. This can potentially cause a hang if this rank to GPU mapping is incorrect. You can pecify device_id in init_process_group() to force use of a particular device.
WARNING: Logging before InitGoogleLogging() is written to STDERR
W0304 14:39:09.586400 2045138 ProcessGroupNCCL.cpp:4834] [PG ID 0 PG GUID 0 Rank 178]  using GPU 2 as device used by this process is currently unknown. This can potentially cause a hang if this rank to GPU mapping is incorrect. You can pecify device_id in init_process_group() to force use of a particular device.
WARNING: Logging before InitGoogleLogging() is written to STDERR
W0304 14:39:09.586639 2009673 ProcessGroupNCCL.cpp:4834] [PG ID 0 PG GUID 0 Rank 483]  using GPU 3 as device used by this process is currently unknown. This can potentially cause a hang if this rank to GPU mapping is incorrect. You can pecify device_id in init_process_group() to force use of a particular device.
WARNING: Logging before InitGoogleLogging() is written to STDERR
W0304 14:39:09.586746 2117383 ProcessGroupNCCL.cpp:4834] [PG ID 0 PG GUID 0 Rank 244]  using GPU 4 as device used by this process is currently unknown. This can potentially cause a hang if this rank to GPU mapping is incorrect. You can pecify device_id in init_process_group() to force use of a particular device.
WARNING: Logging before InitGoogleLogging() is written to STDERR
W0304 14:39:09.587116 1921278 ProcessGroupNCCL.cpp:4834] [PG ID 0 PG GUID 0 Rank 419]  using GPU 3 as device used by this process is currently unknown. This can potentially cause a hang if this rank to GPU mapping is incorrect. You can pecify device_id in init_process_group() to force use of a particular device.
WARNING: Logging before InitGoogleLogging() is written to STDERR
W0304 14:39:09.587214 2045018 ProcessGroupNCCL.cpp:4834] [PG ID 0 PG GUID 0 Rank 182]  using GPU 6 as device used by this process is currently unknown. This can potentially cause a hang if this rank to GPU mapping is incorrect. You can pecify device_id in init_process_group() to force use of a particular device.
WARNING: Logging before InitGoogleLogging() is written to STDERR
W0304 14:39:09.587265 1931406 ProcessGroupNCCL.cpp:4834] [PG ID 0 PG GUID 0 Rank 166]  using GPU 6 as device used by this process is currently unknown. This can potentially cause a hang if this rank to GPU mapping is incorrect. You can pecify device_id in init_process_group() to force use of a particular device.
WARNING: Logging before InitGoogleLogging() is written to STDERR
W0304 14:39:09.587253 2045086 ProcessGroupNCCL.cpp:4834] [PG ID 0 PG GUID 0 Rank 180]  using GPU 4 as device used by this process is currently unknown. This can potentially cause a hang if this rank to GPU mapping is incorrect. You can pecify device_id in init_process_group() to force use of a particular device.
WARNING: Logging before InitGoogleLogging() is written to STDERR
W0304 14:39:09.587445 1919614 ProcessGroupNCCL.cpp:4834] [PG ID 0 PG GUID 0 Rank 414]  using GPU 6 as device used by this process is currently unknown. This can potentially cause a hang if this rank to GPU mapping is incorrect. You can pecify device_id in init_process_group() to force use of a particular device.
WARNING: Logging before InitGoogleLogging() is written to STDERR
W0304 14:39:09.587553 2116704 ProcessGroupNCCL.cpp:4834] [PG ID 0 PG GUID 0 Rank 239]  using GPU 7 as device used by this process is currently unknown. This can potentially cause a hang if this rank to GPU mapping is incorrect. You can pecify device_id in init_process_group() to force use of a particular device.
WARNING: Logging before InitGoogleLogging() is written to STDERR
W0304 14:39:09.587679 2117363 ProcessGroupNCCL.cpp:4834] [PG ID 0 PG GUID 0 Rank 230]  using GPU 6 as device used by this process is currently unknown. This can potentially cause a hang if this rank to GPU mapping is incorrect. You can pecify device_id in init_process_group() to force use of a particular device.
WARNING: Logging before InitGoogleLogging() is written to STDERR
W0304 14:39:09.587649 1931246 ProcessGroupNCCL.cpp:4834] [PG ID 0 PG GUID 0 Rank 175]  using GPU 7 as device used by this process is currently unknown. This can potentially cause a hang if this rank to GPU mapping is incorrect. You can pecify device_id in init_process_group() to force use of a particular device.
WARNING: Logging before InitGoogleLogging() is written to STDERR
W0304 14:39:09.587664 2117277 ProcessGroupNCCL.cpp:4834] [PG ID 0 PG GUID 0 Rank 246]  using GPU 6 as device used by this process is currently unknown. This can potentially cause a hang if this rank to GPU mapping is incorrect. You can pecify device_id in init_process_group() to force use of a particular device.
WARNING: Logging before InitGoogleLogging() is written to STDERR
W0304 14:39:09.587916 2117384 ProcessGroupNCCL.cpp:4834] [PG ID 0 PG GUID 0 Rank 242]  using GPU 2 as device used by this process is currently unknown. This can potentially cause a hang if this rank to GPU mapping is incorrect. You can pecify device_id in init_process_group() to force use of a particular device.
WARNING: Logging before InitGoogleLogging() is written to STDERR
W0304 14:39:09.587935 1920103 ProcessGroupNCCL.cpp:4834] [PG ID 0 PG GUID 0 Rank 407]  using GPU 7 as device used by this process is currently unknown. This can potentially cause a hang if this rank to GPU mapping is incorrect. You can pecify device_id in init_process_group() to force use of a particular device.
WARNING: Logging before InitGoogleLogging() is written to STDERR
W0304 14:39:09.587940 2044201 ProcessGroupNCCL.cpp:4834] [PG ID 0 PG GUID 0 Rank 222]  using GPU 6 as device used by this process is currently unknown. This can potentially cause a hang if this rank to GPU mapping is incorrect. You can pecify device_id in init_process_group() to force use of a particular device.
WARNING: Logging before InitGoogleLogging() is written to STDERR
W0304 14:39:09.587972 2009122 ProcessGroupNCCL.cpp:4834] [PG ID 0 PG GUID 0 Rank 471]  using GPU 7 as device used by this process is currently unknown. This can potentially cause a hang if this rank to GPU mapping is incorrect. You can pecify device_id in init_process_group() to force use of a particular device.
WARNING: Logging before InitGoogleLogging() is written to STDERR
W0304 14:39:09.588196 2117510 ProcessGroupNCCL.cpp:4834] [PG ID 0 PG GUID 0 Rank 226]  using GPU 2 as device used by this process is currently unknown. This can potentially cause a hang if this rank to GPU mapping is incorrect. You can pecify device_id in init_process_group() to force use of a particular device.
WARNING: Logging before InitGoogleLogging() is written to STDERR
W0304 14:39:09.588209 2009561 ProcessGroupNCCL.cpp:4834] [PG ID 0 PG GUID 0 Rank 486]  using GPU 6 as device used by this process is currently unknown. This can potentially cause a hang if this rank to GPU mapping is incorrect. You can pecify device_id in init_process_group() to force use of a particular device.
WARNING: Logging before InitGoogleLogging() is written to STDERR
W0304 14:39:09.588290 2117276 ProcessGroupNCCL.cpp:4834] [PG ID 0 PG GUID 0 Rank 240]  using GPU 0 as device used by this process is currently unknown. This can potentially cause a hang if this rank to GPU mapping is incorrect. You can pecify device_id in init_process_group() to force use of a particular device.
WARNING: Logging before InitGoogleLogging() is written to STDERR
W0304 14:39:09.588461 1925063 ProcessGroupNCCL.cpp:4834] [PG ID 0 PG GUID 0 Rank 158]  using GPU 6 as device used by this process is currently unknown. This can potentially cause a hang if this rank to GPU mapping is incorrect. You can pecify device_id in init_process_group() to force use of a particular device.
WARNING: Logging before InitGoogleLogging() is written to STDERR
W0304 14:39:09.588661 2010283 ProcessGroupNCCL.cpp:4834] [PG ID 0 PG GUID 0 Rank 504]  using GPU 0 as device used by this process is currently unknown. This can potentially cause a hang if this rank to GPU mapping is incorrect. You can pecify device_id in init_process_group() to force use of a particular device.
WARNING: Logging before InitGoogleLogging() is written to STDERR
W0304 14:39:09.588636 1912361 ProcessGroupNCCL.cpp:4834] [PG ID 0 PG GUID 0 Rank 393]  using GPU 1 as device used by this process is currently unknown. This can potentially cause a hang if this rank to GPU mapping is incorrect. You can pecify device_id in init_process_group() to force use of a particular device.
WARNING: Logging before InitGoogleLogging() is written to STDERR
W0304 14:39:09.588740 2045154 ProcessGroupNCCL.cpp:4834] [PG ID 0 PG GUID 0 Rank 176]  using GPU 0 as device used by this process is currently unknown. This can potentially cause a hang if this rank to GPU mapping is incorrect. You can pecify device_id in init_process_group() to force use of a particular device.
WARNING: Logging before InitGoogleLogging() is written to STDERR
W0304 14:39:09.588871 2011998 ProcessGroupNCCL.cpp:4834] [PG ID 0 PG GUID 0 Rank 440]  using GPU 0 as device used by this process is currently unknown. This can potentially cause a hang if this rank to GPU mapping is incorrect. You can pecify device_id in init_process_group() to force use of a particular device.
WARNING: Logging before InitGoogleLogging() is written to STDERR
W0304 14:39:09.589030 2044024 ProcessGroupNCCL.cpp:4834] [PG ID 0 PG GUID 0 Rank 221]  using GPU 5 as device used by this process is currently unknown. This can potentially cause a hang if this rank to GPU mapping is incorrect. You can pecify device_id in init_process_group() to force use of a particular device.
WARNING: Logging before InitGoogleLogging() is written to STDERR
W0304 14:39:09.589224 1921287 ProcessGroupNCCL.cpp:4834] [PG ID 0 PG GUID 0 Rank 422]  using GPU 6 as device used by this process is currently unknown. This can potentially cause a hang if this rank to GPU mapping is incorrect. You can pecify device_id in init_process_group() to force use of a particular device.
WARNING: Logging before InitGoogleLogging() is written to STDERR
W0304 14:39:09.589303 1925158 ProcessGroupNCCL.cpp:4834] [PG ID 0 PG GUID 0 Rank 157]  using GPU 5 as device used by this process is currently unknown. This can potentially cause a hang if this rank to GPU mapping is incorrect. You can pecify device_id in init_process_group() to force use of a particular device.
WARNING: Logging before InitGoogleLogging() is written to STDERR
W0304 14:39:09.589813 1925161 ProcessGroupNCCL.cpp:4834] [PG ID 0 PG GUID 0 Rank 153]  using GPU 1 as device used by this process is currently unknown. This can potentially cause a hang if this rank to GPU mapping is incorrect. You can pecify device_id in init_process_group() to force use of a particular device.
WARNING: Logging before InitGoogleLogging() is written to STDERR
W0304 14:39:09.589946 2043999 ProcessGroupNCCL.cpp:4834] [PG ID 0 PG GUID 0 Rank 217]  using GPU 1 as device used by this process is currently unknown. This can potentially cause a hang if this rank to GPU mapping is incorrect. You can pecify device_id in init_process_group() to force use of a particular device.
WARNING: Logging before InitGoogleLogging() is written to STDERR
W0304 14:39:09.590051 2008265 ProcessGroupNCCL.cpp:4834] [PG ID 0 PG GUID 0 Rank 491]  using GPU 3 as device used by this process is currently unknown. This can potentially cause a hang if this rank to GPU mapping is incorrect. You can pecify device_id in init_process_group() to force use of a particular device.
WARNING: Logging before InitGoogleLogging() is written to STDERR
W0304 14:39:09.590163 2009472 ProcessGroupNCCL.cpp:4834] [PG ID 0 PG GUID 0 Rank 457]  using GPU 1 as device used by this process is currently unknown. This can potentially cause a hang if this rank to GPU mapping is incorrect. You can pecify device_id in init_process_group() to force use of a particular device.
WARNING: Logging before InitGoogleLogging() is written to STDERR
W0304 14:39:09.590329 1931153 ProcessGroupNCCL.cpp:4834] [PG ID 0 PG GUID 0 Rank 172]  using GPU 4 as device used by this process is currently unknown. This can potentially cause a hang if this rank to GPU mapping is incorrect. You can pecify device_id in init_process_group() to force use of a particular device.
WARNING: Logging before InitGoogleLogging() is written to STDERR
W0304 14:39:09.590389 2116686 ProcessGroupNCCL.cpp:4834] [PG ID 0 PG GUID 0 Rank 236]  using GPU 4 as device used by this process is currently unknown. This can potentially cause a hang if this rank to GPU mapping is incorrect. You can pecify device_id in init_process_group() to force use of a particular device.
WARNING: Logging before InitGoogleLogging() is written to STDERR
W0304 14:39:09.590468 1931389 ProcessGroupNCCL.cpp:4834] [PG ID 0 PG GUID 0 Rank 162]  using GPU 2 as device used by this process is currently unknown. This can potentially cause a hang if this rank to GPU mapping is incorrect. You can pecify device_id in init_process_group() to force use of a particular device.
WARNING: Logging before InitGoogleLogging() is written to STDERR
W0304 14:39:09.590817 2008580 ProcessGroupNCCL.cpp:4834] [PG ID 0 PG GUID 0 Rank 500]  using GPU 4 as device used by this process is currently unknown. This can potentially cause a hang if this rank to GPU mapping is incorrect. You can pecify device_id in init_process_group() to force use of a particular device.
WARNING: Logging before InitGoogleLogging() is written to STDERR
W0304 14:39:09.590924 2045038 ProcessGroupNCCL.cpp:4834] [PG ID 0 PG GUID 0 Rank 179]  using GPU 3 as device used by this process is currently unknown. This can potentially cause a hang if this rank to GPU mapping is incorrect. You can pecify device_id in init_process_group() to force use of a particular device.
WARNING: Logging before InitGoogleLogging() is written to STDERR
W0304 14:39:09.591112 1915087 ProcessGroupNCCL.cpp:4834] [PG ID 0 PG GUID 0 Rank 427]  using GPU 3 as device used by this process is currently unknown. This can potentially cause a hang if this rank to GPU mapping is incorrect. You can pecify device_id in init_process_group() to force use of a particular device.
WARNING: Logging before InitGoogleLogging() is written to STDERR
W0304 14:39:09.591400 1921271 ProcessGroupNCCL.cpp:4834] [PG ID 0 PG GUID 0 Rank 418]  using GPU 2 as device used by this process is currently unknown. This can potentially cause a hang if this rank to GPU mapping is incorrect. You can pecify device_id in init_process_group() to force use of a particular device.
WARNING: Logging before InitGoogleLogging() is written to STDERR
W0304 14:39:09.591195 2009684 ProcessGroupNCCL.cpp:4834] [PG ID 0 PG GUID 0 Rank 482]  using GPU 2 as device used by this process is currently unknown. This can potentially cause a hang if this rank to GPU mapping is incorrect. You can pecify device_id in init_process_group() to force use of a particular device.
WARNING: Logging before InitGoogleLogging() is written to STDERR
W0304 14:39:09.591532 2010292 ProcessGroupNCCL.cpp:4834] [PG ID 0 PG GUID 0 Rank 509]  using GPU 5 as device used by this process is currently unknown. This can potentially cause a hang if this rank to GPU mapping is incorrect. You can pecify device_id in init_process_group() to force use of a particular device.
WARNING: Logging before InitGoogleLogging() is written to STDERR
W0304 14:39:09.591665 2008519 ProcessGroupNCCL.cpp:4834] [PG ID 0 PG GUID 0 Rank 501]  using GPU 5 as device used by this process is currently unknown. This can potentially cause a hang if this rank to GPU mapping is incorrect. You can pecify device_id in init_process_group() to force use of a particular device.
WARNING: Logging before InitGoogleLogging() is written to STDERR
W0304 14:39:09.591897 1931217 ProcessGroupNCCL.cpp:4834] [PG ID 0 PG GUID 0 Rank 174]  using GPU 6 as device used by this process is currently unknown. This can potentially cause a hang if this rank to GPU mapping is incorrect. You can pecify device_id in init_process_group() to force use of a particular device.
WARNING: Logging before InitGoogleLogging() is written to STDERR
W0304 14:39:09.592095 1921563 ProcessGroupNCCL.cpp:4834] [PG ID 0 PG GUID 0 Rank 436]  using GPU 4 as device used by this process is currently unknown. This can potentially cause a hang if this rank to GPU mapping is incorrect. You can pecify device_id in init_process_group() to force use of a particular device.
WARNING: Logging before InitGoogleLogging() is written to STDERR
W0304 14:39:09.592141 2116732 ProcessGroupNCCL.cpp:4834] [PG ID 0 PG GUID 0 Rank 238]  using GPU 6 as device used by this process is currently unknown. This can potentially cause a hang if this rank to GPU mapping is incorrect. You can pecify device_id in init_process_group() to force use of a particular device.
WARNING: Logging before InitGoogleLogging() is written to STDERR
W0304 14:39:09.592286 2012172 ProcessGroupNCCL.cpp:4834] [PG ID 0 PG GUID 0 Rank 445]  using GPU 5 as device used by this process is currently unknown. This can potentially cause a hang if this rank to GPU mapping is incorrect. You can pecify device_id in init_process_group() to force use of a particular device.
WARNING: Logging before InitGoogleLogging() is written to STDERR
W0304 14:39:09.592511 2117248 ProcessGroupNCCL.cpp:4834] [PG ID 0 PG GUID 0 Rank 243]  using GPU 3 as device used by this process is currently unknown. This can potentially cause a hang if this rank to GPU mapping is incorrect. You can pecify device_id in init_process_group() to force use of a particular device.
WARNING: Logging before InitGoogleLogging() is written to STDERR
W0304 14:39:09.592952 2009648 ProcessGroupNCCL.cpp:4834] [PG ID 0 PG GUID 0 Rank 487]  using GPU 7 as device used by this process is currently unknown. This can potentially cause a hang if this rank to GPU mapping is incorrect. You can pecify device_id in init_process_group() to force use of a particular device.
WARNING: Logging before InitGoogleLogging() is written to STDERR
W0304 14:39:09.594305 1921453 ProcessGroupNCCL.cpp:4834] [PG ID 0 PG GUID 0 Rank 437]  using GPU 5 as device used by this process is currently unknown. This can potentially cause a hang if this rank to GPU mapping is incorrect. You can pecify device_id in init_process_group() to force use of a particular device.
WARNING: Logging before InitGoogleLogging() is written to STDERR
W0304 14:39:09.594470 1921315 ProcessGroupNCCL.cpp:4834] [PG ID 0 PG GUID 0 Rank 423]  using GPU 7 as device used by this process is currently unknown. This can potentially cause a hang if this rank to GPU mapping is incorrect. You can pecify device_id in init_process_group() to force use of a particular device.
WARNING: Logging before InitGoogleLogging() is written to STDERR
W0304 14:39:09.595026 2008308 ProcessGroupNCCL.cpp:4834] [PG ID 0 PG GUID 0 Rank 494]  using GPU 6 as device used by this process is currently unknown. This can potentially cause a hang if this rank to GPU mapping is incorrect. You can pecify device_id in init_process_group() to force use of a particular device.
WARNING: Logging before InitGoogleLogging() is written to STDERR
W0304 14:39:09.595112 1915082 ProcessGroupNCCL.cpp:4834] [PG ID 0 PG GUID 0 Rank 430]  using GPU 6 as device used by this process is currently unknown. This can potentially cause a hang if this rank to GPU mapping is incorrect. You can pecify device_id in init_process_group() to force use of a particular device.
WARNING: Logging before InitGoogleLogging() is written to STDERR
W0304 14:39:09.597476 2008652 ProcessGroupNCCL.cpp:4834] [PG ID 0 PG GUID 0 Rank 503]  using GPU 7 as device used by this process is currently unknown. This can potentially cause a hang if this rank to GPU mapping is incorrect. You can pecify device_id in init_process_group() to force use of a particular device.
WARNING: Logging before InitGoogleLogging() is written to STDERR
W0304 14:39:09.597852 1921435 ProcessGroupNCCL.cpp:4834] [PG ID 0 PG GUID 0 Rank 439]  using GPU 7 as device used by this process is currently unknown. This can potentially cause a hang if this rank to GPU mapping is incorrect. You can pecify device_id in init_process_group() to force use of a particular device.
WARNING: Logging before InitGoogleLogging() is written to STDERR
W0304 14:39:09.598131 2008413 ProcessGroupNCCL.cpp:4834] [PG ID 0 PG GUID 0 Rank 490]  using GPU 2 as device used by this process is currently unknown. This can potentially cause a hang if this rank to GPU mapping is incorrect. You can pecify device_id in init_process_group() to force use of a particular device.
WARNING: Logging before InitGoogleLogging() is written to STDERR
W0304 14:39:09.598652 2008320 ProcessGroupNCCL.cpp:4834] [PG ID 0 PG GUID 0 Rank 495]  using GPU 7 as device used by this process is currently unknown. This can potentially cause a hang if this rank to GPU mapping is incorrect. You can pecify device_id in init_process_group() to force use of a particular device.
WARNING: Logging before InitGoogleLogging() is written to STDERR
W0304 14:39:09.598780 1914950 ProcessGroupNCCL.cpp:4834] [PG ID 0 PG GUID 0 Rank 426]  using GPU 2 as device used by this process is currently unknown. This can potentially cause a hang if this rank to GPU mapping is incorrect. You can pecify device_id in init_process_group() to force use of a particular device.
WARNING: Logging before InitGoogleLogging() is written to STDERR
W0304 14:39:09.599318 1914991 ProcessGroupNCCL.cpp:4834] [PG ID 0 PG GUID 0 Rank 431]  using GPU 7 as device used by this process is currently unknown. This can potentially cause a hang if this rank to GPU mapping is incorrect. You can pecify device_id in init_process_group() to force use of a particular device.
WARNING: Logging before InitGoogleLogging() is written to STDERR
W0304 14:39:09.599378 2012244 ProcessGroupNCCL.cpp:4834] [PG ID 0 PG GUID 0 Rank 447]  using GPU 7 as device used by this process is currently unknown. This can potentially cause a hang if this rank to GPU mapping is incorrect. You can pecify device_id in init_process_group() to force use of a particular device.
WARNING: Logging before InitGoogleLogging() is written to STDERR
W0304 14:39:09.599645 2010220 ProcessGroupNCCL.cpp:4834] [PG ID 0 PG GUID 0 Rank 511]  using GPU 7 as device used by this process is currently unknown. This can potentially cause a hang if this rank to GPU mapping is incorrect. You can pecify device_id in init_process_group() to force use of a particular device.
WARNING: Logging before InitGoogleLogging() is written to STDERR
W0304 14:39:09.601027 1921422 ProcessGroupNCCL.cpp:4834] [PG ID 0 PG GUID 0 Rank 434]  using GPU 2 as device used by this process is currently unknown. This can potentially cause a hang if this rank to GPU mapping is incorrect. You can pecify device_id in init_process_group() to force use of a particular device.
WARNING: Logging before InitGoogleLogging() is written to STDERR
W0304 14:39:09.601125 1921390 ProcessGroupNCCL.cpp:4834] [PG ID 0 PG GUID 0 Rank 435]  using GPU 3 as device used by this process is currently unknown. This can potentially cause a hang if this rank to GPU mapping is incorrect. You can pecify device_id in init_process_group() to force use of a particular device.
WARNING: Logging before InitGoogleLogging() is written to STDERR
W0304 14:39:09.601120 2008712 ProcessGroupNCCL.cpp:4834] [PG ID 0 PG GUID 0 Rank 499]  using GPU 3 as device used by this process is currently unknown. This can potentially cause a hang if this rank to GPU mapping is incorrect. You can pecify device_id in init_process_group() to force use of a particular device.
WARNING: Logging before InitGoogleLogging() is written to STDERR
W0304 14:39:09.601454 2008681 ProcessGroupNCCL.cpp:4834] [PG ID 0 PG GUID 0 Rank 498]  using GPU 2 as device used by this process is currently unknown. This can potentially cause a hang if this rank to GPU mapping is incorrect. You can pecify device_id in init_process_group() to force use of a particular device.
WARNING: Logging before InitGoogleLogging() is written to STDERR
W0304 14:39:09.601611 2010205 ProcessGroupNCCL.cpp:4834] [PG ID 0 PG GUID 0 Rank 507]  using GPU 3 as device used by this process is currently unknown. This can potentially cause a hang if this rank to GPU mapping is incorrect. You can pecify device_id in init_process_group() to force use of a particular device.
WARNING: Logging before InitGoogleLogging() is written to STDERR
W0304 14:39:09.601581 2011996 ProcessGroupNCCL.cpp:4834] [PG ID 0 PG GUID 0 Rank 443]  using GPU 3 as device used by this process is currently unknown. This can potentially cause a hang if this rank to GPU mapping is incorrect. You can pecify device_id in init_process_group() to force use of a particular device.
WARNING: Logging before InitGoogleLogging() is written to STDERR
W0304 14:39:09.601728 2012004 ProcessGroupNCCL.cpp:4834] [PG ID 0 PG GUID 0 Rank 446]  using GPU 6 as device used by this process is currently unknown. This can potentially cause a hang if this rank to GPU mapping is incorrect. You can pecify device_id in init_process_group() to force use of a particular device.
WARNING: Logging before InitGoogleLogging() is written to STDERR
W0304 14:39:09.602237 2010198 ProcessGroupNCCL.cpp:4834] [PG ID 0 PG GUID 0 Rank 510]  using GPU 6 as device used by this process is currently unknown. This can potentially cause a hang if this rank to GPU mapping is incorrect. You can pecify device_id in init_process_group() to force use of a particular device.
WARNING: Logging before InitGoogleLogging() is written to STDERR
W0304 14:39:09.602876 2008696 ProcessGroupNCCL.cpp:4834] [PG ID 0 PG GUID 0 Rank 502]  using GPU 6 as device used by this process is currently unknown. This can potentially cause a hang if this rank to GPU mapping is incorrect. You can pecify device_id in init_process_group() to force use of a particular device.
WARNING: Logging before InitGoogleLogging() is written to STDERR
W0304 14:39:09.603035 1921442 ProcessGroupNCCL.cpp:4834] [PG ID 0 PG GUID 0 Rank 438]  using GPU 6 as device used by this process is currently unknown. This can potentially cause a hang if this rank to GPU mapping is incorrect. You can pecify device_id in init_process_group() to force use of a particular device.
WARNING: Logging before InitGoogleLogging() is written to STDERR
W0304 14:39:09.604744 2010295 ProcessGroupNCCL.cpp:4834] [PG ID 0 PG GUID 0 Rank 506]  using GPU 2 as device used by this process is currently unknown. This can potentially cause a hang if this rank to GPU mapping is incorrect. You can pecify device_id in init_process_group() to force use of a particular device.
WARNING: Logging before InitGoogleLogging() is written to STDERR
W0304 14:39:09.604866 2012121 ProcessGroupNCCL.cpp:4834] [PG ID 0 PG GUID 0 Rank 442]  using GPU 2 as device used by this process is currently unknown. This can potentially cause a hang if this rank to GPU mapping is incorrect. You can pecify device_id in init_process_group() to force use of a particular device.
WARNING: Logging before InitGoogleLogging() is written to STDERR
W0304 14:39:09.716907 1404487 ProcessGroupNCCL.cpp:4834] [PG ID 0 PG GUID 0 Rank 754]  using GPU 2 as device used by this process is currently unknown. This can potentially cause a hang if this rank to GPU mapping is incorrect. You can pecify device_id in init_process_group() to force use of a particular device.
WARNING: Logging before InitGoogleLogging() is written to STDERR
W0304 14:39:09.717219 1408729 ProcessGroupNCCL.cpp:4834] [PG ID 0 PG GUID 0 Rank 690]  using GPU 2 as device used by this process is currently unknown. This can potentially cause a hang if this rank to GPU mapping is incorrect. You can pecify device_id in init_process_group() to force use of a particular device.
WARNING: Logging before InitGoogleLogging() is written to STDERR
W0304 14:39:09.718029 1403428 ProcessGroupNCCL.cpp:4834] [PG ID 0 PG GUID 0 Rank 722]  using GPU 2 as device used by this process is currently unknown. This can potentially cause a hang if this rank to GPU mapping is incorrect. You can pecify device_id in init_process_group() to force use of a particular device.
WARNING: Logging before InitGoogleLogging() is written to STDERR
W0304 14:39:09.718113 1498861 ProcessGroupNCCL.cpp:4834] [PG ID 0 PG GUID 0 Rank 658]  using GPU 2 as device used by this process is currently unknown. This can potentially cause a hang if this rank to GPU mapping is incorrect. You can pecify device_id in init_process_group() to force use of a particular device.
WARNING: Logging before InitGoogleLogging() is written to STDERR
W0304 14:39:09.719791 1403310 ProcessGroupNCCL.cpp:4834] [PG ID 0 PG GUID 0 Rank 718]  using GPU 6 as device used by this process is currently unknown. This can potentially cause a hang if this rank to GPU mapping is incorrect. You can pecify device_id in init_process_group() to force use of a particular device.
WARNING: Logging before InitGoogleLogging() is written to STDERR
W0304 14:39:09.720012 1404581 ProcessGroupNCCL.cpp:4834] [PG ID 0 PG GUID 0 Rank 730]  using GPU 2 as device used by this process is currently unknown. This can potentially cause a hang if this rank to GPU mapping is incorrect. You can pecify device_id in init_process_group() to force use of a particular device.
WARNING: Logging before InitGoogleLogging() is written to STDERR
W0304 14:39:09.720120 1502176 ProcessGroupNCCL.cpp:4834] [PG ID 0 PG GUID 0 Rank 654]  using GPU 6 as device used by this process is currently unknown. This can potentially cause a hang if this rank to GPU mapping is incorrect. You can pecify device_id in init_process_group() to force use of a particular device.
WARNING: Logging before InitGoogleLogging() is written to STDERR
W0304 14:39:09.720322 1398198 ProcessGroupNCCL.cpp:4834] [PG ID 0 PG GUID 0 Rank 738]  using GPU 2 as device used by this process is currently unknown. This can potentially cause a hang if this rank to GPU mapping is incorrect. You can pecify device_id in init_process_group() to force use of a particular device.
WARNING: Logging before InitGoogleLogging() is written to STDERR
W0304 14:39:09.720819 1403429 ProcessGroupNCCL.cpp:4834] [PG ID 0 PG GUID 0 Rank 714]  using GPU 2 as device used by this process is currently unknown. This can potentially cause a hang if this rank to GPU mapping is incorrect. You can pecify device_id in init_process_group() to force use of a particular device.
WARNING: Logging before InitGoogleLogging() is written to STDERR
W0304 14:39:09.720758 1499541 ProcessGroupNCCL.cpp:4834] [PG ID 0 PG GUID 0 Rank 674]  using GPU 2 as device used by this process is currently unknown. This can potentially cause a hang if this rank to GPU mapping is incorrect. You can pecify device_id in init_process_group() to force use of a particular device.
WARNING: Logging before InitGoogleLogging() is written to STDERR
W0304 14:39:09.720574 1502211 ProcessGroupNCCL.cpp:4834] [PG ID 0 PG GUID 0 Rank 650]  using GPU 2 as device used by this process is currently unknown. This can potentially cause a hang if this rank to GPU mapping is incorrect. You can pecify device_id in init_process_group() to force use of a particular device.
WARNING: Logging before InitGoogleLogging() is written to STDERR
W0304 14:39:09.721203 1408748 ProcessGroupNCCL.cpp:4834] [PG ID 0 PG GUID 0 Rank 694]  using GPU 6 as device used by this process is currently unknown. This can potentially cause a hang if this rank to GPU mapping is incorrect. You can pecify device_id in init_process_group() to force use of a particular device.
WARNING: Logging before InitGoogleLogging() is written to STDERR
W0304 14:39:09.721101 1499380 ProcessGroupNCCL.cpp:4834] [PG ID 0 PG GUID 0 Rank 666]  using GPU 2 as device used by this process is currently unknown. This can potentially cause a hang if this rank to GPU mapping is incorrect. You can pecify device_id in init_process_group() to force use of a particular device.
WARNING: Logging before InitGoogleLogging() is written to STDERR
W0304 14:39:09.721386 1404488 ProcessGroupNCCL.cpp:4834] [PG ID 0 PG GUID 0 Rank 758]  using GPU 6 as device used by this process is currently unknown. This can potentially cause a hang if this rank to GPU mapping is incorrect. You can pecify device_id in init_process_group() to force use of a particular device.
WARNING: Logging before InitGoogleLogging() is written to STDERR
W0304 14:39:09.721427 1407397 ProcessGroupNCCL.cpp:4834] [PG ID 0 PG GUID 0 Rank 698]  using GPU 2 as device used by this process is currently unknown. This can potentially cause a hang if this rank to GPU mapping is incorrect. You can pecify device_id in init_process_group() to force use of a particular device.
WARNING: Logging before InitGoogleLogging() is written to STDERR
W0304 14:39:09.721647 1402691 ProcessGroupNCCL.cpp:4834] [PG ID 0 PG GUID 0 Rank 762]  using GPU 2 as device used by this process is currently unknown. This can potentially cause a hang if this rank to GPU mapping is incorrect. You can pecify device_id in init_process_group() to force use of a particular device.
WARNING: Logging before InitGoogleLogging() is written to STDERR
W0304 14:39:09.721850 1407465 ProcessGroupNCCL.cpp:4834] [PG ID 0 PG GUID 0 Rank 702]  using GPU 6 as device used by this process is currently unknown. This can potentially cause a hang if this rank to GPU mapping is incorrect. You can pecify device_id in init_process_group() to force use of a particular device.
WARNING: Logging before InitGoogleLogging() is written to STDERR
W0304 14:39:09.721750 1402772 ProcessGroupNCCL.cpp:4834] [PG ID 0 PG GUID 0 Rank 766]  using GPU 6 as device used by this process is currently unknown. This can potentially cause a hang if this rank to GPU mapping is incorrect. You can pecify device_id in init_process_group() to force use of a particular device.
WARNING: Logging before InitGoogleLogging() is written to STDERR
W0304 14:39:09.722287 1499358 ProcessGroupNCCL.cpp:4834] [PG ID 0 PG GUID 0 Rank 670]  using GPU 6 as device used by this process is currently unknown. This can potentially cause a hang if this rank to GPU mapping is incorrect. You can pecify device_id in init_process_group() to force use of a particular device.
WARNING: Logging before InitGoogleLogging() is written to STDERR
W0304 14:39:09.722663 1404802 ProcessGroupNCCL.cpp:4834] [PG ID 0 PG GUID 0 Rank 734]  using GPU 6 as device used by this process is currently unknown. This can potentially cause a hang if this rank to GPU mapping is incorrect. You can pecify device_id in init_process_group() to force use of a particular device.
WARNING: Logging before InitGoogleLogging() is written to STDERR
W0304 14:39:09.723451 1403341 ProcessGroupNCCL.cpp:4834] [PG ID 0 PG GUID 0 Rank 726]  using GPU 6 as device used by this process is currently unknown. This can potentially cause a hang if this rank to GPU mapping is incorrect. You can pecify device_id in init_process_group() to force use of a particular device.
WARNING: Logging before InitGoogleLogging() is written to STDERR
W0304 14:39:09.724098 1498899 ProcessGroupNCCL.cpp:4834] [PG ID 0 PG GUID 0 Rank 662]  using GPU 6 as device used by this process is currently unknown. This can potentially cause a hang if this rank to GPU mapping is incorrect. You can pecify device_id in init_process_group() to force use of a particular device.
WARNING: Logging before InitGoogleLogging() is written to STDERR
W0304 14:39:09.725862 1398145 ProcessGroupNCCL.cpp:4834] [PG ID 0 PG GUID 0 Rank 742]  using GPU 6 as device used by this process is currently unknown. This can potentially cause a hang if this rank to GPU mapping is incorrect. You can pecify device_id in init_process_group() to force use of a particular device.
WARNING: Logging before InitGoogleLogging() is written to STDERR
W0304 14:39:09.726176 1499364 ProcessGroupNCCL.cpp:4834] [PG ID 0 PG GUID 0 Rank 678]  using GPU 6 as device used by this process is currently unknown. This can potentially cause a hang if this rank to GPU mapping is incorrect. You can pecify device_id in init_process_group() to force use of a particular device.
WARNING: Logging before InitGoogleLogging() is written to STDERR
W0304 14:39:09.726914 1405992 ProcessGroupNCCL.cpp:4834] [PG ID 0 PG GUID 0 Rank 706]  using GPU 2 as device used by this process is currently unknown. This can potentially cause a hang if this rank to GPU mapping is incorrect. You can pecify device_id in init_process_group() to force use of a particular device.
WARNING: Logging before InitGoogleLogging() is written to STDERR
W0304 14:39:09.727725 1405991 ProcessGroupNCCL.cpp:4834] [PG ID 0 PG GUID 0 Rank 710]  using GPU 6 as device used by this process is currently unknown. This can potentially cause a hang if this rank to GPU mapping is incorrect. You can pecify device_id in init_process_group() to force use of a particular device.
WARNING: Logging before InitGoogleLogging() is written to STDERR
W0304 14:39:09.728390 1496548 ProcessGroupNCCL.cpp:4834] [PG ID 0 PG GUID 0 Rank 642]  using GPU 2 as device used by this process is currently unknown. This can potentially cause a hang if this rank to GPU mapping is incorrect. You can pecify device_id in init_process_group() to force use of a particular device.
WARNING: Logging before InitGoogleLogging() is written to STDERR
W0304 14:39:09.729872 1496349 ProcessGroupNCCL.cpp:4834] [PG ID 0 PG GUID 0 Rank 646]  using GPU 6 as device used by this process is currently unknown. This can potentially cause a hang if this rank to GPU mapping is incorrect. You can pecify device_id in init_process_group() to force use of a particular device.
WARNING: Logging before InitGoogleLogging() is written to STDERR
W0304 14:39:09.730787 1409296 ProcessGroupNCCL.cpp:4834] [PG ID 0 PG GUID 0 Rank 682]  using GPU 2 as device used by this process is currently unknown. This can potentially cause a hang if this rank to GPU mapping is incorrect. You can pecify device_id in init_process_group() to force use of a particular device.
WARNING: Logging before InitGoogleLogging() is written to STDERR
W0304 14:39:09.731168 1403796 ProcessGroupNCCL.cpp:4834] [PG ID 0 PG GUID 0 Rank 746]  using GPU 2 as device used by this process is currently unknown. This can potentially cause a hang if this rank to GPU mapping is incorrect. You can pecify device_id in init_process_group() to force use of a particular device.
WARNING: Logging before InitGoogleLogging() is written to STDERR
W0304 14:39:09.733705 1409403 ProcessGroupNCCL.cpp:4834] [PG ID 0 PG GUID 0 Rank 686]  using GPU 6 as device used by this process is currently unknown. This can potentially cause a hang if this rank to GPU mapping is incorrect. You can pecify device_id in init_process_group() to force use of a particular device.
WARNING: Logging before InitGoogleLogging() is written to STDERR
W0304 14:39:09.734061 1403652 ProcessGroupNCCL.cpp:4834] [PG ID 0 PG GUID 0 Rank 750]  using GPU 6 as device used by this process is currently unknown. This can potentially cause a hang if this rank to GPU mapping is incorrect. You can pecify device_id in init_process_group() to force use of a particular device.
WARNING: Logging before InitGoogleLogging() is written to STDERR
W0304 14:39:09.734992 1408861 ProcessGroupNCCL.cpp:4834] [PG ID 0 PG GUID 0 Rank 691]  using GPU 3 as device used by this process is currently unknown. This can potentially cause a hang if this rank to GPU mapping is incorrect. You can pecify device_id in init_process_group() to force use of a particular device.
WARNING: Logging before InitGoogleLogging() is written to STDERR
W0304 14:39:09.735529 1404486 ProcessGroupNCCL.cpp:4834] [PG ID 0 PG GUID 0 Rank 755]  using GPU 3 as device used by this process is currently unknown. This can potentially cause a hang if this rank to GPU mapping is incorrect. You can pecify device_id in init_process_group() to force use of a particular device.
WARNING: Logging before InitGoogleLogging() is written to STDERR
W0304 14:39:09.737567 1403284 ProcessGroupNCCL.cpp:4834] [PG ID 0 PG GUID 0 Rank 727]  using GPU 7 as device used by this process is currently unknown. This can potentially cause a hang if this rank to GPU mapping is incorrect. You can pecify device_id in init_process_group() to force use of a particular device.
WARNING: Logging before InitGoogleLogging() is written to STDERR
W0304 14:39:09.737722 1403427 ProcessGroupNCCL.cpp:4834] [PG ID 0 PG GUID 0 Rank 723]  using GPU 3 as device used by this process is currently unknown. This can potentially cause a hang if this rank to GPU mapping is incorrect. You can pecify device_id in init_process_group() to force use of a particular device.
WARNING: Logging before InitGoogleLogging() is written to STDERR
W0304 14:39:09.737951 1499027 ProcessGroupNCCL.cpp:4834] [PG ID 0 PG GUID 0 Rank 659]  using GPU 3 as device used by this process is currently unknown. This can potentially cause a hang if this rank to GPU mapping is incorrect. You can pecify device_id in init_process_group() to force use of a particular device.
WARNING: Logging before InitGoogleLogging() is written to STDERR
W0304 14:39:09.738261 1499025 ProcessGroupNCCL.cpp:4834] [PG ID 0 PG GUID 0 Rank 663]  using GPU 7 as device used by this process is currently unknown. This can potentially cause a hang if this rank to GPU mapping is incorrect. You can pecify device_id in init_process_group() to force use of a particular device.
WARNING: Logging before InitGoogleLogging() is written to STDERR
W0304 14:39:09.738538 1499482 ProcessGroupNCCL.cpp:4834] [PG ID 0 PG GUID 0 Rank 667]  using GPU 3 as device used by this process is currently unknown. This can potentially cause a hang if this rank to GPU mapping is incorrect. You can pecify device_id in init_process_group() to force use of a particular device.
WARNING: Logging before InitGoogleLogging() is written to STDERR
W0304 14:39:09.738873 1404803 ProcessGroupNCCL.cpp:4834] [PG ID 0 PG GUID 0 Rank 731]  using GPU 3 as device used by this process is currently unknown. This can potentially cause a hang if this rank to GPU mapping is incorrect. You can pecify device_id in init_process_group() to force use of a particular device.
WARNING: Logging before InitGoogleLogging() is written to STDERR
W0304 14:39:09.739053 1402596 ProcessGroupNCCL.cpp:4834] [PG ID 0 PG GUID 0 Rank 763]  using GPU 3 as device used by this process is currently unknown. This can potentially cause a hang if this rank to GPU mapping is incorrect. You can pecify device_id in init_process_group() to force use of a particular device.
WARNING: Logging before InitGoogleLogging() is written to STDERR
W0304 14:39:09.740111 1402773 ProcessGroupNCCL.cpp:4834] [PG ID 0 PG GUID 0 Rank 767]  using GPU 7 as device used by this process is currently unknown. This can potentially cause a hang if this rank to GPU mapping is incorrect. You can pecify device_id in init_process_group() to force use of a particular device.
WARNING: Logging before InitGoogleLogging() is written to STDERR
W0304 14:39:09.740360 1407448 ProcessGroupNCCL.cpp:4834] [PG ID 0 PG GUID 0 Rank 699]  using GPU 3 as device used by this process is currently unknown. This can potentially cause a hang if this rank to GPU mapping is incorrect. You can pecify device_id in init_process_group() to force use of a particular device.
WARNING: Logging before InitGoogleLogging() is written to STDERR
W0304 14:39:09.740841 1407373 ProcessGroupNCCL.cpp:4834] [PG ID 0 PG GUID 0 Rank 703]  using GPU 7 as device used by this process is currently unknown. This can potentially cause a hang if this rank to GPU mapping is incorrect. You can pecify device_id in init_process_group() to force use of a particular device.
WARNING: Logging before InitGoogleLogging() is written to STDERR
W0304 14:39:09.740906 1404324 ProcessGroupNCCL.cpp:4834] [PG ID 0 PG GUID 0 Rank 757]  using GPU 5 as device used by this process is currently unknown. This can potentially cause a hang if this rank to GPU mapping is incorrect. You can pecify device_id in init_process_group() to force use of a particular device.
WARNING: Logging before InitGoogleLogging() is written to STDERR
W0304 14:39:09.741405 1408753 ProcessGroupNCCL.cpp:4834] [PG ID 0 PG GUID 0 Rank 693]  using GPU 5 as device used by this process is currently unknown. This can potentially cause a hang if this rank to GPU mapping is incorrect. You can pecify device_id in init_process_group() to force use of a particular device.
WARNING: Logging before InitGoogleLogging() is written to STDERR
W0304 14:39:09.741698 1405881 ProcessGroupNCCL.cpp:4834] [PG ID 0 PG GUID 0 Rank 711]  using GPU 7 as device used by this process is currently unknown. This can potentially cause a hang if this rank to GPU mapping is incorrect. You can pecify device_id in init_process_group() to force use of a particular device.
WARNING: Logging before InitGoogleLogging() is written to STDERR
W0304 14:39:09.742398 1502150 ProcessGroupNCCL.cpp:4834] [PG ID 0 PG GUID 0 Rank 655]  using GPU 7 as device used by this process is currently unknown. This can potentially cause a hang if this rank to GPU mapping is incorrect. You can pecify device_id in init_process_group() to force use of a particular device.
WARNING: Logging before InitGoogleLogging() is written to STDERR
W0304 14:39:09.742400 1404583 ProcessGroupNCCL.cpp:4834] [PG ID 0 PG GUID 0 Rank 733]  using GPU 5 as device used by this process is currently unknown. This can potentially cause a hang if this rank to GPU mapping is incorrect. You can pecify device_id in init_process_group() to force use of a particular device.
WARNING: Logging before InitGoogleLogging() is written to STDERR
W0304 14:39:09.742501 1404508 ProcessGroupNCCL.cpp:4834] [PG ID 0 PG GUID 0 Rank 753]  using GPU 1 as device used by this process is currently unknown. This can potentially cause a hang if this rank to GPU mapping is incorrect. You can pecify device_id in init_process_group() to force use of a particular device.
WARNING: Logging before InitGoogleLogging() is written to STDERR
W0304 14:39:09.742585 1502108 ProcessGroupNCCL.cpp:4834] [PG ID 0 PG GUID 0 Rank 648]  using GPU 0 as device used by this process is currently unknown. This can potentially cause a hang if this rank to GPU mapping is incorrect. You can pecify device_id in init_process_group() to force use of a particular device.
WARNING: Logging before InitGoogleLogging() is written to STDERR
W0304 14:39:09.743047 1403232 ProcessGroupNCCL.cpp:4834] [PG ID 0 PG GUID 0 Rank 712]  using GPU 0 as device used by this process is currently unknown. This can potentially cause a hang if this rank to GPU mapping is incorrect. You can pecify device_id in init_process_group() to force use of a particular device.
WARNING: Logging before InitGoogleLogging() is written to STDERR
W0304 14:39:09.743120 1499395 ProcessGroupNCCL.cpp:4834] [PG ID 0 PG GUID 0 Rank 671]  using GPU 7 as device used by this process is currently unknown. This can potentially cause a hang if this rank to GPU mapping is incorrect. You can pecify device_id in init_process_group() to force use of a particular device.
WARNING: Logging before InitGoogleLogging() is written to STDERR
W0304 14:39:09.743177 1499481 ProcessGroupNCCL.cpp:4834] [PG ID 0 PG GUID 0 Rank 669]  using GPU 5 as device used by this process is currently unknown. This can potentially cause a hang if this rank to GPU mapping is incorrect. You can pecify device_id in init_process_group() to force use of a particular device.
WARNING: Logging before InitGoogleLogging() is written to STDERR
W0304 14:39:09.743289 1404616 ProcessGroupNCCL.cpp:4834] [PG ID 0 PG GUID 0 Rank 735]  using GPU 7 as device used by this process is currently unknown. This can potentially cause a hang if this rank to GPU mapping is incorrect. You can pecify device_id in init_process_group() to force use of a particular device.
WARNING: Logging before InitGoogleLogging() is written to STDERR
W0304 14:39:09.743376 1403423 ProcessGroupNCCL.cpp:4834] [PG ID 0 PG GUID 0 Rank 719]  using GPU 7 as device used by this process is currently unknown. This can potentially cause a hang if this rank to GPU mapping is incorrect. You can pecify device_id in init_process_group() to force use of a particular device.
WARNING: Logging before InitGoogleLogging() is written to STDERR
W0304 14:39:09.743497 1499033 ProcessGroupNCCL.cpp:4834] [PG ID 0 PG GUID 0 Rank 660]  using GPU 4 as device used by this process is currently unknown. This can potentially cause a hang if this rank to GPU mapping is incorrect. You can pecify device_id in init_process_group() to force use of a particular device.
WARNING: Logging before InitGoogleLogging() is written to STDERR
W0304 14:39:09.743517 1403431 ProcessGroupNCCL.cpp:4834] [PG ID 0 PG GUID 0 Rank 725]  using GPU 5 as device used by this process is currently unknown. This can potentially cause a hang if this rank to GPU mapping is incorrect. You can pecify device_id in init_process_group() to force use of a particular device.
WARNING: Logging before InitGoogleLogging() is written to STDERR
W0304 14:39:09.743633 1498880 ProcessGroupNCCL.cpp:4834] [PG ID 0 PG GUID 0 Rank 661]  using GPU 5 as device used by this process is currently unknown. This can potentially cause a hang if this rank to GPU mapping is incorrect. You can pecify device_id in init_process_group() to force use of a particular device.
WARNING: Logging before InitGoogleLogging() is written to STDERR
W0304 14:39:09.743633 1408731 ProcessGroupNCCL.cpp:4834] [PG ID 0 PG GUID 0 Rank 689]  using GPU 1 as device used by this process is currently unknown. This can potentially cause a hang if this rank to GPU mapping is incorrect. You can pecify device_id in init_process_group() to force use of a particular device.
WARNING: Logging before InitGoogleLogging() is written to STDERR
W0304 14:39:09.743765 1404339 ProcessGroupNCCL.cpp:4834] [PG ID 0 PG GUID 0 Rank 756]  using GPU 4 as device used by this process is currently unknown. This can potentially cause a hang if this rank to GPU mapping is incorrect. You can pecify device_id in init_process_group() to force use of a particular device.
WARNING: Logging before InitGoogleLogging() is written to STDERR
W0304 14:39:09.743845 1408864 ProcessGroupNCCL.cpp:4834] [PG ID 0 PG GUID 0 Rank 692]  using GPU 4 as device used by this process is currently unknown. This can potentially cause a hang if this rank to GPU mapping is incorrect. You can pecify device_id in init_process_group() to force use of a particular device.
WARNING: Logging before InitGoogleLogging() is written to STDERR
W0304 14:39:09.743868 1496376 ProcessGroupNCCL.cpp:4834] [PG ID 0 PG GUID 0 Rank 647]  using GPU 7 as device used by this process is currently unknown. This can potentially cause a hang if this rank to GPU mapping is incorrect. You can pecify device_id in init_process_group() to force use of a particular device.
WARNING: Logging before InitGoogleLogging() is written to STDERR
W0304 14:39:09.743927 1403331 ProcessGroupNCCL.cpp:4834] [PG ID 0 PG GUID 0 Rank 724]  using GPU 4 as device used by this process is currently unknown. This can potentially cause a hang if this rank to GPU mapping is incorrect. You can pecify device_id in init_process_group() to force use of a particular device.
WARNING: Logging before InitGoogleLogging() is written to STDERR
W0304 14:39:09.744236 1407395 ProcessGroupNCCL.cpp:4834] [PG ID 0 PG GUID 0 Rank 701]  using GPU 5 as device used by this process is currently unknown. This can potentially cause a hang if this rank to GPU mapping is incorrect. You can pecify device_id in init_process_group() to force use of a particular device.
WARNING: Logging before InitGoogleLogging() is written to STDERR
W0304 14:39:09.744282 1403230 ProcessGroupNCCL.cpp:4834] [PG ID 0 PG GUID 0 Rank 713]  using GPU 1 as device used by this process is currently unknown. This can potentially cause a hang if this rank to GPU mapping is incorrect. You can pecify device_id in init_process_group() to force use of a particular device.
WARNING: Logging before InitGoogleLogging() is written to STDERR
W0304 14:39:09.744416 1402693 ProcessGroupNCCL.cpp:4834] [PG ID 0 PG GUID 0 Rank 765]  using GPU 5 as device used by this process is currently unknown. This can potentially cause a hang if this rank to GPU mapping is incorrect. You can pecify device_id in init_process_group() to force use of a particular device.
WARNING: Logging before InitGoogleLogging() is written to STDERR
W0304 14:39:09.744446 1405828 ProcessGroupNCCL.cpp:4834] [PG ID 0 PG GUID 0 Rank 707]  using GPU 3 as device used by this process is currently unknown. This can potentially cause a hang if this rank to GPU mapping is incorrect. You can pecify device_id in init_process_group() to force use of a particular device.
WARNING: Logging before InitGoogleLogging() is written to STDERR
W0304 14:39:09.744516 1499346 ProcessGroupNCCL.cpp:4834] [PG ID 0 PG GUID 0 Rank 677]  using GPU 5 as device used by this process is currently unknown. This can potentially cause a hang if this rank to GPU mapping is incorrect. You can pecify device_id in init_process_group() to force use of a particular device.
WARNING: Logging before InitGoogleLogging() is written to STDERR
W0304 14:39:09.744553 1408859 ProcessGroupNCCL.cpp:4834] [PG ID 0 PG GUID 0 Rank 688]  using GPU 0 as device used by this process is currently unknown. This can potentially cause a hang if this rank to GPU mapping is incorrect. You can pecify device_id in init_process_group() to force use of a particular device.
WARNING: Logging before InitGoogleLogging() is written to STDERR
W0304 14:39:09.744688 1398150 ProcessGroupNCCL.cpp:4834] [PG ID 0 PG GUID 0 Rank 741]  using GPU 5 as device used by this process is currently unknown. This can potentially cause a hang if this rank to GPU mapping is incorrect. You can pecify device_id in init_process_group() to force use of a particular device.
WARNING: Logging before InitGoogleLogging() is written to STDERR
W0304 14:39:09.744607 1404278 ProcessGroupNCCL.cpp:4834] [PG ID 0 PG GUID 0 Rank 752]  using GPU 0 as device used by this process is currently unknown. This can potentially cause a hang if this rank to GPU mapping is incorrect. You can pecify device_id in init_process_group() to force use of a particular device.
WARNING: Logging before InitGoogleLogging() is written to STDERR
W0304 14:39:09.744768 1402594 ProcessGroupNCCL.cpp:4834] [PG ID 0 PG GUID 0 Rank 760]  using GPU 0 as device used by this process is currently unknown. This can potentially cause a hang if this rank to GPU mapping is incorrect. You can pecify device_id in init_process_group() to force use of a particular device.
WARNING: Logging before InitGoogleLogging() is written to STDERR
W0304 14:39:09.744792 1407454 ProcessGroupNCCL.cpp:4834] [PG ID 0 PG GUID 0 Rank 696]  using GPU 0 as device used by this process is currently unknown. This can potentially cause a hang if this rank to GPU mapping is incorrect. You can pecify device_id in init_process_group() to force use of a particular device.
WARNING: Logging before InitGoogleLogging() is written to STDERR
W0304 14:39:09.744845 1502109 ProcessGroupNCCL.cpp:4834] [PG ID 0 PG GUID 0 Rank 649]  using GPU 1 as device used by this process is currently unknown. This can potentially cause a hang if this rank to GPU mapping is incorrect. You can pecify device_id in init_process_group() to force use of a particular device.
WARNING: Logging before InitGoogleLogging() is written to STDERR
W0304 14:39:09.745239 1398134 ProcessGroupNCCL.cpp:4834] [PG ID 0 PG GUID 0 Rank 740]  using GPU 4 as device used by this process is currently unknown. This can potentially cause a hang if this rank to GPU mapping is incorrect. You can pecify device_id in init_process_group() to force use of a particular device.
WARNING: Logging before InitGoogleLogging() is written to STDERR
W0304 14:39:09.745215 1403280 ProcessGroupNCCL.cpp:4834] [PG ID 0 PG GUID 0 Rank 721]  using GPU 1 as device used by this process is currently unknown. This can potentially cause a hang if this rank to GPU mapping is incorrect. You can pecify device_id in init_process_group() to force use of a particular device.
WARNING: Logging before InitGoogleLogging() is written to STDERR
W0304 14:39:09.745251 1409301 ProcessGroupNCCL.cpp:4834] [PG ID 0 PG GUID 0 Rank 683]  using GPU 3 as device used by this process is currently unknown. This can potentially cause a hang if this rank to GPU mapping is incorrect. You can pecify device_id in init_process_group() to force use of a particular device.
WARNING: Logging before InitGoogleLogging() is written to STDERR
W0304 14:39:09.745345 1407449 ProcessGroupNCCL.cpp:4834] [PG ID 0 PG GUID 0 Rank 697]  using GPU 1 as device used by this process is currently unknown. This can potentially cause a hang if this rank to GPU mapping is incorrect. You can pecify device_id in init_process_group() to force use of a particular device.
WARNING: Logging before InitGoogleLogging() is written to STDERR
W0304 14:39:09.745519 1403782 ProcessGroupNCCL.cpp:4834] [PG ID 0 PG GUID 0 Rank 747]  using GPU 3 as device used by this process is currently unknown. This can potentially cause a hang if this rank to GPU mapping is incorrect. You can pecify device_id in init_process_group() to force use of a particular device.
WARNING: Logging before InitGoogleLogging() is written to STDERR
W0304 14:39:09.745553 1498850 ProcessGroupNCCL.cpp:4834] [PG ID 0 PG GUID 0 Rank 657]  using GPU 1 as device used by this process is currently unknown. This can potentially cause a hang if this rank to GPU mapping is incorrect. You can pecify device_id in init_process_group() to force use of a particular device.
WARNING: Logging before InitGoogleLogging() is written to STDERR
W0304 14:39:09.745568 1403246 ProcessGroupNCCL.cpp:4834] [PG ID 0 PG GUID 0 Rank 717]  using GPU 5 as device used by this process is currently unknown. This can potentially cause a hang if this rank to GPU mapping is incorrect. You can pecify device_id in init_process_group() to force use of a particular device.
WARNING: Logging before InitGoogleLogging() is written to STDERR
W0304 14:39:09.745718 1405793 ProcessGroupNCCL.cpp:4834] [PG ID 0 PG GUID 0 Rank 705]  using GPU 1 as device used by this process is currently unknown. This can potentially cause a hang if this rank to GPU mapping is incorrect. You can pecify device_id in init_process_group() to force use of a particular device.
WARNING: Logging before InitGoogleLogging() is written to STDERR
W0304 14:39:09.745844 1403427 ProcessGroupNCCL.cpp:4834] [PG ID 0 PG GUID 0 Rank 716]  using GPU 4 as device used by this process is currently unknown. This can potentially cause a hang if this rank to GPU mapping is incorrect. You can pecify device_id in init_process_group() to force use of a particular device.
WARNING: Logging before InitGoogleLogging() is written to STDERR
W0304 14:39:09.745887 1502119 ProcessGroupNCCL.cpp:4834] [PG ID 0 PG GUID 0 Rank 653]  using GPU 5 as device used by this process is currently unknown. This can potentially cause a hang if this rank to GPU mapping is incorrect. You can pecify device_id in init_process_group() to force use of a particular device.
WARNING: Logging before InitGoogleLogging() is written to STDERR
W0304 14:39:09.745945 1403292 ProcessGroupNCCL.cpp:4834] [PG ID 0 PG GUID 0 Rank 715]  using GPU 3 as device used by this process is currently unknown. This can potentially cause a hang if this rank to GPU mapping is incorrect. You can pecify device_id in init_process_group() to force use of a particular device.
WARNING: Logging before InitGoogleLogging() is written to STDERR
W0304 14:39:09.746006 1407396 ProcessGroupNCCL.cpp:4834] [PG ID 0 PG GUID 0 Rank 700]  using GPU 4 as device used by this process is currently unknown. This can potentially cause a hang if this rank to GPU mapping is incorrect. You can pecify device_id in init_process_group() to force use of a particular device.
WARNING: Logging before InitGoogleLogging() is written to STDERR
W0304 14:39:09.746019 1502107 ProcessGroupNCCL.cpp:4834] [PG ID 0 PG GUID 0 Rank 652]  using GPU 4 as device used by this process is currently unknown. This can potentially cause a hang if this rank to GPU mapping is incorrect. You can pecify device_id in init_process_group() to force use of a particular device.
WARNING: Logging before InitGoogleLogging() is written to STDERR
W0304 14:39:09.746050 1402602 ProcessGroupNCCL.cpp:4834] [PG ID 0 PG GUID 0 Rank 761]  using GPU 1 as device used by this process is currently unknown. This can potentially cause a hang if this rank to GPU mapping is incorrect. You can pecify device_id in init_process_group() to force use of a particular device.
WARNING: Logging before InitGoogleLogging() is written to STDERR
W0304 14:39:09.746060 1402748 ProcessGroupNCCL.cpp:4834] [PG ID 0 PG GUID 0 Rank 764]  using GPU 4 as device used by this process is currently unknown. This can potentially cause a hang if this rank to GPU mapping is incorrect. You can pecify device_id in init_process_group() to force use of a particular device.
WARNING: Logging before InitGoogleLogging() is written to STDERR
W0304 14:39:09.746363 1499026 ProcessGroupNCCL.cpp:4834] [PG ID 0 PG GUID 0 Rank 656]  using GPU 0 as device used by this process is currently unknown. This can potentially cause a hang if this rank to GPU mapping is incorrect. You can pecify device_id in init_process_group() to force use of a particular device.
WARNING: Logging before InitGoogleLogging() is written to STDERR
W0304 14:39:09.746472 1398130 ProcessGroupNCCL.cpp:4834] [PG ID 0 PG GUID 0 Rank 739]  using GPU 3 as device used by this process is currently unknown. This can potentially cause a hang if this rank to GPU mapping is incorrect. You can pecify device_id in init_process_group() to force use of a particular device.
WARNING: Logging before InitGoogleLogging() is written to STDERR
W0304 14:39:09.746451 1405994 ProcessGroupNCCL.cpp:4834] [PG ID 0 PG GUID 0 Rank 709]  using GPU 5 as device used by this process is currently unknown. This can potentially cause a hang if this rank to GPU mapping is incorrect. You can pecify device_id in init_process_group() to force use of a particular device.
WARNING: Logging before InitGoogleLogging() is written to STDERR
W0304 14:39:09.746428 1496549 ProcessGroupNCCL.cpp:4834] [PG ID 0 PG GUID 0 Rank 643]  using GPU 3 as device used by this process is currently unknown. This can potentially cause a hang if this rank to GPU mapping is incorrect. You can pecify device_id in init_process_group() to force use of a particular device.
WARNING: Logging before InitGoogleLogging() is written to STDERR
W0304 14:39:09.746570 1499365 ProcessGroupNCCL.cpp:4834] [PG ID 0 PG GUID 0 Rank 676]  using GPU 4 as device used by this process is currently unknown. This can potentially cause a hang if this rank to GPU mapping is incorrect. You can pecify device_id in init_process_group() to force use of a particular device.
WARNING: Logging before InitGoogleLogging() is written to STDERR
W0304 14:39:09.746794 1398076 ProcessGroupNCCL.cpp:4834] [PG ID 0 PG GUID 0 Rank 737]  using GPU 1 as device used by this process is currently unknown. This can potentially cause a hang if this rank to GPU mapping is incorrect. You can pecify device_id in init_process_group() to force use of a particular device.
WARNING: Logging before InitGoogleLogging() is written to STDERR
W0304 14:39:09.746798 1398102 ProcessGroupNCCL.cpp:4834] [PG ID 0 PG GUID 0 Rank 736]  using GPU 0 as device used by this process is currently unknown. This can potentially cause a hang if this rank to GPU mapping is incorrect. You can pecify device_id in init_process_group() to force use of a particular device.
WARNING: Logging before InitGoogleLogging() is written to STDERR
W0304 14:39:09.746984 1398199 ProcessGroupNCCL.cpp:4834] [PG ID 0 PG GUID 0 Rank 743]  using GPU 7 as device used by this process is currently unknown. This can potentially cause a hang if this rank to GPU mapping is incorrect. You can pecify device_id in init_process_group() to force use of a particular device.
WARNING: Logging before InitGoogleLogging() is written to STDERR
W0304 14:39:09.746923 1499549 ProcessGroupNCCL.cpp:4834] [PG ID 0 PG GUID 0 Rank 673]  using GPU 1 as device used by this process is currently unknown. This can potentially cause a hang if this rank to GPU mapping is incorrect. You can pecify device_id in init_process_group() to force use of a particular device.
WARNING: Logging before InitGoogleLogging() is written to STDERR
W0304 14:39:09.747112 1496340 ProcessGroupNCCL.cpp:4834] [PG ID 0 PG GUID 0 Rank 641]  using GPU 1 as device used by this process is currently unknown. This can potentially cause a hang if this rank to GPU mapping is incorrect. You can pecify device_id in init_process_group() to force use of a particular device.
WARNING: Logging before InitGoogleLogging() is written to STDERR
W0304 14:39:09.747117 1499532 ProcessGroupNCCL.cpp:4834] [PG ID 0 PG GUID 0 Rank 675]  using GPU 3 as device used by this process is currently unknown. This can potentially cause a hang if this rank to GPU mapping is incorrect. You can pecify device_id in init_process_group() to force use of a particular device.
WARNING: Logging before InitGoogleLogging() is written to STDERR
W0304 14:39:09.747161 1404625 ProcessGroupNCCL.cpp:4834] [PG ID 0 PG GUID 0 Rank 732]  using GPU 4 as device used by this process is currently unknown. This can potentially cause a hang if this rank to GPU mapping is incorrect. You can pecify device_id in init_process_group() to force use of a particular device.
WARNING: Logging before InitGoogleLogging() is written to STDERR
W0304 14:39:09.747130 1499478 ProcessGroupNCCL.cpp:4834] [PG ID 0 PG GUID 0 Rank 672]  using GPU 0 as device used by this process is currently unknown. This can potentially cause a hang if this rank to GPU mapping is incorrect. You can pecify device_id in init_process_group() to force use of a particular device.
WARNING: Logging before InitGoogleLogging() is written to STDERR
W0304 14:39:09.747193 1499372 ProcessGroupNCCL.cpp:4834] [PG ID 0 PG GUID 0 Rank 668]  using GPU 4 as device used by this process is currently unknown. This can potentially cause a hang if this rank to GPU mapping is incorrect. You can pecify device_id in init_process_group() to force use of a particular device.
WARNING: Logging before InitGoogleLogging() is written to STDERR
W0304 14:39:09.747207 1499336 ProcessGroupNCCL.cpp:4834] [PG ID 0 PG GUID 0 Rank 665]  using GPU 1 as device used by this process is currently unknown. This can potentially cause a hang if this rank to GPU mapping is incorrect. You can pecify device_id in init_process_group() to force use of a particular device.
WARNING: Logging before InitGoogleLogging() is written to STDERR
W0304 14:39:09.747272 1403251 ProcessGroupNCCL.cpp:4834] [PG ID 0 PG GUID 0 Rank 720]  using GPU 0 as device used by this process is currently unknown. This can potentially cause a hang if this rank to GPU mapping is incorrect. You can pecify device_id in init_process_group() to force use of a particular device.
WARNING: Logging before InitGoogleLogging() is written to STDERR
W0304 14:39:09.747428 1499379 ProcessGroupNCCL.cpp:4834] [PG ID 0 PG GUID 0 Rank 679]  using GPU 7 as device used by this process is currently unknown. This can potentially cause a hang if this rank to GPU mapping is incorrect. You can pecify device_id in init_process_group() to force use of a particular device.
WARNING: Logging before InitGoogleLogging() is written to STDERR
W0304 14:39:09.747640 1404804 ProcessGroupNCCL.cpp:4834] [PG ID 0 PG GUID 0 Rank 728]  using GPU 0 as device used by this process is currently unknown. This can potentially cause a hang if this rank to GPU mapping is incorrect. You can pecify device_id in init_process_group() to force use of a particular device.
WARNING: Logging before InitGoogleLogging() is written to STDERR
W0304 14:39:09.747645 1496366 ProcessGroupNCCL.cpp:4834] [PG ID 0 PG GUID 0 Rank 645]  using GPU 5 as device used by this process is currently unknown. This can potentially cause a hang if this rank to GPU mapping is incorrect. You can pecify device_id in init_process_group() to force use of a particular device.
WARNING: Logging before InitGoogleLogging() is written to STDERR
W0304 14:39:09.747910 1499321 ProcessGroupNCCL.cpp:4834] [PG ID 0 PG GUID 0 Rank 664]  using GPU 0 as device used by this process is currently unknown. This can potentially cause a hang if this rank to GPU mapping is incorrect. You can pecify device_id in init_process_group() to force use of a particular device.
WARNING: Logging before InitGoogleLogging() is written to STDERR
W0304 14:39:09.747918 1408844 ProcessGroupNCCL.cpp:4834] [PG ID 0 PG GUID 0 Rank 695]  using GPU 7 as device used by this process is currently unknown. This can potentially cause a hang if this rank to GPU mapping is incorrect. You can pecify device_id in init_process_group() to force use of a particular device.
WARNING: Logging before InitGoogleLogging() is written to STDERR
W0304 14:39:09.748025 1403797 ProcessGroupNCCL.cpp:4834] [PG ID 0 PG GUID 0 Rank 751]  using GPU 7 as device used by this process is currently unknown. This can potentially cause a hang if this rank to GPU mapping is incorrect. You can pecify device_id in init_process_group() to force use of a particular device.
WARNING: Logging before InitGoogleLogging() is written to STDERR
W0304 14:39:09.748026 1404801 ProcessGroupNCCL.cpp:4834] [PG ID 0 PG GUID 0 Rank 729]  using GPU 1 as device used by this process is currently unknown. This can potentially cause a hang if this rank to GPU mapping is incorrect. You can pecify device_id in init_process_group() to force use of a particular device.
WARNING: Logging before InitGoogleLogging() is written to STDERR
W0304 14:39:09.748247 1405840 ProcessGroupNCCL.cpp:4834] [PG ID 0 PG GUID 0 Rank 708]  using GPU 4 as device used by this process is currently unknown. This can potentially cause a hang if this rank to GPU mapping is incorrect. You can pecify device_id in init_process_group() to force use of a particular device.
WARNING: Logging before InitGoogleLogging() is written to STDERR
W0304 14:39:09.748339 1502175 ProcessGroupNCCL.cpp:4834] [PG ID 0 PG GUID 0 Rank 651]  using GPU 3 as device used by this process is currently unknown. This can potentially cause a hang if this rank to GPU mapping is incorrect. You can pecify device_id in init_process_group() to force use of a particular device.
WARNING: Logging before InitGoogleLogging() is written to STDERR
W0304 14:39:09.748637 1409402 ProcessGroupNCCL.cpp:4834] [PG ID 0 PG GUID 0 Rank 687]  using GPU 7 as device used by this process is currently unknown. This can potentially cause a hang if this rank to GPU mapping is incorrect. You can pecify device_id in init_process_group() to force use of a particular device.
WARNING: Logging before InitGoogleLogging() is written to STDERR
W0304 14:39:09.748714 1404323 ProcessGroupNCCL.cpp:4834] [PG ID 0 PG GUID 0 Rank 759]  using GPU 7 as device used by this process is currently unknown. This can potentially cause a hang if this rank to GPU mapping is incorrect. You can pecify device_id in init_process_group() to force use of a particular device.
WARNING: Logging before InitGoogleLogging() is written to STDERR
W0304 14:39:09.749815 1405743 ProcessGroupNCCL.cpp:4834] [PG ID 0 PG GUID 0 Rank 704]  using GPU 0 as device used by this process is currently unknown. This can potentially cause a hang if this rank to GPU mapping is incorrect. You can pecify device_id in init_process_group() to force use of a particular device.
WARNING: Logging before InitGoogleLogging() is written to STDERR
W0304 14:39:09.750041 1496547 ProcessGroupNCCL.cpp:4834] [PG ID 0 PG GUID 0 Rank 644]  using GPU 4 as device used by this process is currently unknown. This can potentially cause a hang if this rank to GPU mapping is incorrect. You can pecify device_id in init_process_group() to force use of a particular device.
WARNING: Logging before InitGoogleLogging() is written to STDERR
W0304 14:39:09.750953 1409257 ProcessGroupNCCL.cpp:4834] [PG ID 0 PG GUID 0 Rank 681]  using GPU 1 as device used by this process is currently unknown. This can potentially cause a hang if this rank to GPU mapping is incorrect. You can pecify device_id in init_process_group() to force use of a particular device.
WARNING: Logging before InitGoogleLogging() is written to STDERR
W0304 14:39:09.751015 1496541 ProcessGroupNCCL.cpp:4834] [PG ID 0 PG GUID 0 Rank 640]  using GPU 0 as device used by this process is currently unknown. This can potentially cause a hang if this rank to GPU mapping is incorrect. You can pecify device_id in init_process_group() to force use of a particular device.
WARNING: Logging before InitGoogleLogging() is written to STDERR
W0304 14:39:09.751390 1409408 ProcessGroupNCCL.cpp:4834] [PG ID 0 PG GUID 0 Rank 684]  using GPU 4 as device used by this process is currently unknown. This can potentially cause a hang if this rank to GPU mapping is incorrect. You can pecify device_id in init_process_group() to force use of a particular device.
WARNING: Logging before InitGoogleLogging() is written to STDERR
W0304 14:39:09.751943 1409219 ProcessGroupNCCL.cpp:4834] [PG ID 0 PG GUID 0 Rank 680]  using GPU 0 as device used by this process is currently unknown. This can potentially cause a hang if this rank to GPU mapping is incorrect. You can pecify device_id in init_process_group() to force use of a particular device.
WARNING: Logging before InitGoogleLogging() is written to STDERR
W0304 14:39:09.752729 1409295 ProcessGroupNCCL.cpp:4834] [PG ID 0 PG GUID 0 Rank 685]  using GPU 5 as device used by this process is currently unknown. This can potentially cause a hang if this rank to GPU mapping is incorrect. You can pecify device_id in init_process_group() to force use of a particular device.
WARNING: Logging before InitGoogleLogging() is written to STDERR
W0304 14:39:09.752794 1403794 ProcessGroupNCCL.cpp:4834] [PG ID 0 PG GUID 0 Rank 748]  using GPU 4 as device used by this process is currently unknown. This can potentially cause a hang if this rank to GPU mapping is incorrect. You can pecify device_id in init_process_group() to force use of a particular device.
WARNING: Logging before InitGoogleLogging() is written to STDERR
W0304 14:39:09.753338 1403648 ProcessGroupNCCL.cpp:4834] [PG ID 0 PG GUID 0 Rank 745]  using GPU 1 as device used by this process is currently unknown. This can potentially cause a hang if this rank to GPU mapping is incorrect. You can pecify device_id in init_process_group() to force use of a particular device.
WARNING: Logging before InitGoogleLogging() is written to STDERR
W0304 14:39:09.753496 1403651 ProcessGroupNCCL.cpp:4834] [PG ID 0 PG GUID 0 Rank 744]  using GPU 0 as device used by this process is currently unknown. This can potentially cause a hang if this rank to GPU mapping is incorrect. You can pecify device_id in init_process_group() to force use of a particular device.
WARNING: Logging before InitGoogleLogging() is written to STDERR
W0304 14:39:09.753654 1403793 ProcessGroupNCCL.cpp:4834] [PG ID 0 PG GUID 0 Rank 749]  using GPU 5 as device used by this process is currently unknown. This can potentially cause a hang if this rank to GPU mapping is incorrect. You can pecify device_id in init_process_group() to force use of a particular device.
[WARNING  | megatron.core.rerun_state_machine]: RerunStateMachine initialized in mode disabled
WARNING: Logging before InitGoogleLogging() is written to STDERR
W0304 14:39:10.460836 1402206 ProcessGroupNCCL.cpp:4834] [PG ID 0 PG GUID 0 Rank 777]  using GPU 1 as device used by this process is currently unknown. This can potentially cause a hang if this rank to GPU mapping is incorrect. You can pecify device_id in init_process_group() to force use of a particular device.
WARNING: Logging before InitGoogleLogging() is written to STDERR
W0304 14:39:10.460984 1358806 ProcessGroupNCCL.cpp:4834] [PG ID 0 PG GUID 0 Rank 833]  using GPU 1 as device used by this process is currently unknown. This can potentially cause a hang if this rank to GPU mapping is incorrect. You can pecify device_id in init_process_group() to force use of a particular device.
WARNING: Logging before InitGoogleLogging() is written to STDERR
W0304 14:39:10.461591 1365523 ProcessGroupNCCL.cpp:4834] [PG ID 0 PG GUID 0 Rank 853]  using GPU 5 as device used by this process is currently unknown. This can potentially cause a hang if this rank to GPU mapping is incorrect. You can pecify device_id in init_process_group() to force use of a particular device.
WARNING: Logging before InitGoogleLogging() is written to STDERR
W0304 14:39:10.461740 1404677 ProcessGroupNCCL.cpp:4834] [PG ID 0 PG GUID 0 Rank 889]  using GPU 1 as device used by this process is currently unknown. This can potentially cause a hang if this rank to GPU mapping is incorrect. You can pecify device_id in init_process_group() to force use of a particular device.
WARNING: Logging before InitGoogleLogging() is written to STDERR
W0304 14:39:10.462311 1404576 ProcessGroupNCCL.cpp:4834] [PG ID 0 PG GUID 0 Rank 789]  using GPU 5 as device used by this process is currently unknown. This can potentially cause a hang if this rank to GPU mapping is incorrect. You can pecify device_id in init_process_group() to force use of a particular device.
WARNING: Logging before InitGoogleLogging() is written to STDERR
W0304 14:39:10.462430 1403321 ProcessGroupNCCL.cpp:4834] [PG ID 0 PG GUID 0 Rank 769]  using GPU 1 as device used by this process is currently unknown. This can potentially cause a hang if this rank to GPU mapping is incorrect. You can pecify device_id in init_process_group() to force use of a particular device.
WARNING: Logging before InitGoogleLogging() is written to STDERR
W0304 14:39:10.462495 1364108 ProcessGroupNCCL.cpp:4834] [PG ID 0 PG GUID 0 Rank 801]  using GPU 1 as device used by this process is currently unknown. This can potentially cause a hang if this rank to GPU mapping is incorrect. You can pecify device_id in init_process_group() to force use of a particular device.
WARNING: Logging before InitGoogleLogging() is written to STDERR
W0304 14:39:10.462496 1364253 ProcessGroupNCCL.cpp:4834] [PG ID 0 PG GUID 0 Rank 825]  using GPU 1 as device used by this process is currently unknown. This can potentially cause a hang if this rank to GPU mapping is incorrect. You can pecify device_id in init_process_group() to force use of a particular device.
WARNING: Logging before InitGoogleLogging() is written to STDERR
W0304 14:39:10.462639 1365389 ProcessGroupNCCL.cpp:4834] [PG ID 0 PG GUID 0 Rank 841]  using GPU 1 as device used by this process is currently unknown. This can potentially cause a hang if this rank to GPU mapping is incorrect. You can pecify device_id in init_process_group() to force use of a particular device.
WARNING: Logging before InitGoogleLogging() is written to STDERR
W0304 14:39:10.463125 1404783 ProcessGroupNCCL.cpp:4834] [PG ID 0 PG GUID 0 Rank 893]  using GPU 5 as device used by this process is currently unknown. This can potentially cause a hang if this rank to GPU mapping is incorrect. You can pecify device_id in init_process_group() to force use of a particular device.
WARNING: Logging before InitGoogleLogging() is written to STDERR
W0304 14:39:10.463384 1363956 ProcessGroupNCCL.cpp:4834] [PG ID 0 PG GUID 0 Rank 865]  using GPU 1 as device used by this process is currently unknown. This can potentially cause a hang if this rank to GPU mapping is incorrect. You can pecify device_id in init_process_group() to force use of a particular device.
WARNING: Logging before InitGoogleLogging() is written to STDERR
W0304 14:39:10.463400 1363801 ProcessGroupNCCL.cpp:4834] [PG ID 0 PG GUID 0 Rank 869]  using GPU 5 as device used by this process is currently unknown. This can potentially cause a hang if this rank to GPU mapping is incorrect. You can pecify device_id in init_process_group() to force use of a particular device.
WARNING: Logging before InitGoogleLogging() is written to STDERR
W0304 14:39:10.463724 1405149 ProcessGroupNCCL.cpp:4834] [PG ID 0 PG GUID 0 Rank 873]  using GPU 1 as device used by this process is currently unknown. This can potentially cause a hang if this rank to GPU mapping is incorrect. You can pecify device_id in init_process_group() to force use of a particular device.
WARNING: Logging before InitGoogleLogging() is written to STDERR
W0304 14:39:10.463807 1364146 ProcessGroupNCCL.cpp:4834] [PG ID 0 PG GUID 0 Rank 805]  using GPU 5 as device used by this process is currently unknown. This can potentially cause a hang if this rank to GPU mapping is incorrect. You can pecify device_id in init_process_group() to force use of a particular device.
WARNING: Logging before InitGoogleLogging() is written to STDERR
W0304 14:39:10.463828 1364370 ProcessGroupNCCL.cpp:4834] [PG ID 0 PG GUID 0 Rank 829]  using GPU 5 as device used by this process is currently unknown. This can potentially cause a hang if this rank to GPU mapping is incorrect. You can pecify device_id in init_process_group() to force use of a particular device.
WARNING: Logging before InitGoogleLogging() is written to STDERR
W0304 14:39:10.463936 1365522 ProcessGroupNCCL.cpp:4834] [PG ID 0 PG GUID 0 Rank 849]  using GPU 1 as device used by this process is currently unknown. This can potentially cause a hang if this rank to GPU mapping is incorrect. You can pecify device_id in init_process_group() to force use of a particular device.
WARNING: Logging before InitGoogleLogging() is written to STDERR
W0304 14:39:10.464208 1405325 ProcessGroupNCCL.cpp:4834] [PG ID 0 PG GUID 0 Rank 885]  using GPU 5 as device used by this process is currently unknown. This can potentially cause a hang if this rank to GPU mapping is incorrect. You can pecify device_id in init_process_group() to force use of a particular device.
WARNING: Logging before InitGoogleLogging() is written to STDERR
W0304 14:39:10.464190 1365027 ProcessGroupNCCL.cpp:4834] [PG ID 0 PG GUID 0 Rank 821]  using GPU 5 as device used by this process is currently unknown. This can potentially cause a hang if this rank to GPU mapping is incorrect. You can pecify device_id in init_process_group() to force use of a particular device.
WARNING: Logging before InitGoogleLogging() is written to STDERR
W0304 14:39:10.464426 1404373 ProcessGroupNCCL.cpp:4834] [PG ID 0 PG GUID 0 Rank 785]  using GPU 1 as device used by this process is currently unknown. This can potentially cause a hang if this rank to GPU mapping is incorrect. You can pecify device_id in init_process_group() to force use of a particular device.
WARNING: Logging before InitGoogleLogging() is written to STDERR
W0304 14:39:10.464457 1364439 ProcessGroupNCCL.cpp:4834] [PG ID 0 PG GUID 0 Rank 809]  using GPU 1 as device used by this process is currently unknown. This can potentially cause a hang if this rank to GPU mapping is incorrect. You can pecify device_id in init_process_group() to force use of a particular device.
WARNING: Logging before InitGoogleLogging() is written to STDERR
W0304 14:39:10.464600 1402259 ProcessGroupNCCL.cpp:4834] [PG ID 0 PG GUID 0 Rank 781]  using GPU 5 as device used by this process is currently unknown. This can potentially cause a hang if this rank to GPU mapping is incorrect. You can pecify device_id in init_process_group() to force use of a particular device.
WARNING: Logging before InitGoogleLogging() is written to STDERR
W0304 14:39:10.464645 1365472 ProcessGroupNCCL.cpp:4834] [PG ID 0 PG GUID 0 Rank 845]  using GPU 5 as device used by this process is currently unknown. This can potentially cause a hang if this rank to GPU mapping is incorrect. You can pecify device_id in init_process_group() to force use of a particular device.
WARNING: Logging before InitGoogleLogging() is written to STDERR
W0304 14:39:10.465245 1364385 ProcessGroupNCCL.cpp:4834] [PG ID 0 PG GUID 0 Rank 813]  using GPU 5 as device used by this process is currently unknown. This can potentially cause a hang if this rank to GPU mapping is incorrect. You can pecify device_id in init_process_group() to force use of a particular device.
WARNING: Logging before InitGoogleLogging() is written to STDERR
W0304 14:39:10.465368 1402020 ProcessGroupNCCL.cpp:4834] [PG ID 0 PG GUID 0 Rank 793]  using GPU 1 as device used by this process is currently unknown. This can potentially cause a hang if this rank to GPU mapping is incorrect. You can pecify device_id in init_process_group() to force use of a particular device.
WARNING: Logging before InitGoogleLogging() is written to STDERR
W0304 14:39:10.465780 1366613 ProcessGroupNCCL.cpp:4834] [PG ID 0 PG GUID 0 Rank 857]  using GPU 1 as device used by this process is currently unknown. This can potentially cause a hang if this rank to GPU mapping is incorrect. You can pecify device_id in init_process_group() to force use of a particular device.
WARNING: Logging before InitGoogleLogging() is written to STDERR
W0304 14:39:10.466097 1402259 ProcessGroupNCCL.cpp:4834] [PG ID 0 PG GUID 0 Rank 797]  using GPU 5 as device used by this process is currently unknown. This can potentially cause a hang if this rank to GPU mapping is incorrect. You can pecify device_id in init_process_group() to force use of a particular device.
WARNING: Logging before InitGoogleLogging() is written to STDERR
W0304 14:39:10.466351 1366679 ProcessGroupNCCL.cpp:4834] [PG ID 0 PG GUID 0 Rank 861]  using GPU 5 as device used by this process is currently unknown. This can potentially cause a hang if this rank to GPU mapping is incorrect. You can pecify device_id in init_process_group() to force use of a particular device.
WARNING: Logging before InitGoogleLogging() is written to STDERR
W0304 14:39:10.467303 1405143 ProcessGroupNCCL.cpp:4834] [PG ID 0 PG GUID 0 Rank 877]  using GPU 5 as device used by this process is currently unknown. This can potentially cause a hang if this rank to GPU mapping is incorrect. You can pecify device_id in init_process_group() to force use of a particular device.
WARNING: Logging before InitGoogleLogging() is written to STDERR
W0304 14:39:10.468919 1405135 ProcessGroupNCCL.cpp:4834] [PG ID 0 PG GUID 0 Rank 881]  using GPU 1 as device used by this process is currently unknown. This can potentially cause a hang if this rank to GPU mapping is incorrect. You can pecify device_id in init_process_group() to force use of a particular device.
WARNING: Logging before InitGoogleLogging() is written to STDERR
W0304 14:39:10.469087 1365111 ProcessGroupNCCL.cpp:4834] [PG ID 0 PG GUID 0 Rank 817]  using GPU 1 as device used by this process is currently unknown. This can potentially cause a hang if this rank to GPU mapping is incorrect. You can pecify device_id in init_process_group() to force use of a particular device.
WARNING: Logging before InitGoogleLogging() is written to STDERR
W0304 14:39:10.470593 1358815 ProcessGroupNCCL.cpp:4834] [PG ID 0 PG GUID 0 Rank 837]  using GPU 5 as device used by this process is currently unknown. This can potentially cause a hang if this rank to GPU mapping is incorrect. You can pecify device_id in init_process_group() to force use of a particular device.
WARNING: Logging before InitGoogleLogging() is written to STDERR
W0304 14:39:10.470846 1403213 ProcessGroupNCCL.cpp:4834] [PG ID 0 PG GUID 0 Rank 773]  using GPU 5 as device used by this process is currently unknown. This can potentially cause a hang if this rank to GPU mapping is incorrect. You can pecify device_id in init_process_group() to force use of a particular device.
[WARNING  | megatron.core.rerun_state_machine]: RerunStateMachine initialized in mode disabled
[WARNING  | megatron.core.rerun_state_machine]: RerunStateMachine initialized in mode disabled
[WARNING  | megatron.core.rerun_state_machine]: RerunStateMachine initialized in mode disabled
[WARNING  | megatron.core.rerun_state_machine]: RerunStateMachine initialized in mode disabled
[WARNING  | megatron.core.rerun_state_machine]: RerunStateMachine initialized in mode disabled
[WARNING  | megatron.core.rerun_state_machine]: RerunStateMachine initialized in mode disabled
WARNING: Logging before InitGoogleLogging() is written to STDERR
W0304 14:39:13.326174 1404787 ProcessGroupNCCL.cpp:4834] [PG ID 0 PG GUID 0 Rank 895]  using GPU 7 as device used by this process is currently unknown. This can potentially cause a hang if this rank to GPU mapping is incorrect. You can pecify device_id in init_process_group() to force use of a particular device.
WARNING: Logging before InitGoogleLogging() is written to STDERR
W0304 14:39:13.326830 1404793 ProcessGroupNCCL.cpp:4834] [PG ID 0 PG GUID 0 Rank 891]  using GPU 3 as device used by this process is currently unknown. This can potentially cause a hang if this rank to GPU mapping is incorrect. You can pecify device_id in init_process_group() to force use of a particular device.
WARNING: Logging before InitGoogleLogging() is written to STDERR
W0304 14:39:13.327328 1366788 ProcessGroupNCCL.cpp:4834] [PG ID 0 PG GUID 0 Rank 859]  using GPU 3 as device used by this process is currently unknown. This can potentially cause a hang if this rank to GPU mapping is incorrect. You can pecify device_id in init_process_group() to force use of a particular device.
WARNING: Logging before InitGoogleLogging() is written to STDERR
W0304 14:39:13.327710 1402257 ProcessGroupNCCL.cpp:4834] [PG ID 0 PG GUID 0 Rank 795]  using GPU 3 as device used by this process is currently unknown. This can potentially cause a hang if this rank to GPU mapping is incorrect. You can pecify device_id in init_process_group() to force use of a particular device.
WARNING: Logging before InitGoogleLogging() is written to STDERR
W0304 14:39:13.327648 1364271 ProcessGroupNCCL.cpp:4834] [PG ID 0 PG GUID 0 Rank 831]  using GPU 7 as device used by this process is currently unknown. This can potentially cause a hang if this rank to GPU mapping is incorrect. You can pecify device_id in init_process_group() to force use of a particular device.
WARNING: Logging before InitGoogleLogging() is written to STDERR
W0304 14:39:13.328088 1402227 ProcessGroupNCCL.cpp:4834] [PG ID 0 PG GUID 0 Rank 779]  using GPU 3 as device used by this process is currently unknown. This can potentially cause a hang if this rank to GPU mapping is incorrect. You can pecify device_id in init_process_group() to force use of a particular device.
WARNING: Logging before InitGoogleLogging() is written to STDERR
W0304 14:39:13.328266 1363752 ProcessGroupNCCL.cpp:4834] [PG ID 0 PG GUID 0 Rank 867]  using GPU 3 as device used by this process is currently unknown. This can potentially cause a hang if this rank to GPU mapping is incorrect. You can pecify device_id in init_process_group() to force use of a particular device.
WARNING: Logging before InitGoogleLogging() is written to STDERR
W0304 14:39:13.328436 1363796 ProcessGroupNCCL.cpp:4834] [PG ID 0 PG GUID 0 Rank 871]  using GPU 7 as device used by this process is currently unknown. This can potentially cause a hang if this rank to GPU mapping is incorrect. You can pecify device_id in init_process_group() to force use of a particular device.
WARNING: Logging before InitGoogleLogging() is written to STDERR
W0304 14:39:13.328317 1364317 ProcessGroupNCCL.cpp:4834] [PG ID 0 PG GUID 0 Rank 807]  using GPU 7 as device used by this process is currently unknown. This can potentially cause a hang if this rank to GPU mapping is incorrect. You can pecify device_id in init_process_group() to force use of a particular device.
WARNING: Logging before InitGoogleLogging() is written to STDERR
W0304 14:39:13.328440 1403190 ProcessGroupNCCL.cpp:4834] [PG ID 0 PG GUID 0 Rank 775]  using GPU 7 as device used by this process is currently unknown. This can potentially cause a hang if this rank to GPU mapping is incorrect. You can pecify device_id in init_process_group() to force use of a particular device.
WARNING: Logging before InitGoogleLogging() is written to STDERR
W0304 14:39:13.328457 1364309 ProcessGroupNCCL.cpp:4834] [PG ID 0 PG GUID 0 Rank 803]  using GPU 3 as device used by this process is currently unknown. This can potentially cause a hang if this rank to GPU mapping is incorrect. You can pecify device_id in init_process_group() to force use of a particular device.
WARNING: Logging before InitGoogleLogging() is written to STDERR
W0304 14:39:13.328470 1358816 ProcessGroupNCCL.cpp:4834] [PG ID 0 PG GUID 0 Rank 835]  using GPU 3 as device used by this process is currently unknown. This can potentially cause a hang if this rank to GPU mapping is incorrect. You can pecify device_id in init_process_group() to force use of a particular device.
WARNING: Logging before InitGoogleLogging() is written to STDERR
W0304 14:39:13.328722 1403172 ProcessGroupNCCL.cpp:4834] [PG ID 0 PG GUID 0 Rank 771]  using GPU 3 as device used by this process is currently unknown. This can potentially cause a hang if this rank to GPU mapping is incorrect. You can pecify device_id in init_process_group() to force use of a particular device.
WARNING: Logging before InitGoogleLogging() is written to STDERR
W0304 14:39:13.328608 1402384 ProcessGroupNCCL.cpp:4834] [PG ID 0 PG GUID 0 Rank 783]  using GPU 7 as device used by this process is currently unknown. This can potentially cause a hang if this rank to GPU mapping is incorrect. You can pecify device_id in init_process_group() to force use of a particular device.
WARNING: Logging before InitGoogleLogging() is written to STDERR
W0304 14:39:13.328645 1364316 ProcessGroupNCCL.cpp:4834] [PG ID 0 PG GUID 0 Rank 827]  using GPU 3 as device used by this process is currently unknown. This can potentially cause a hang if this rank to GPU mapping is incorrect. You can pecify device_id in init_process_group() to force use of a particular device.
WARNING: Logging before InitGoogleLogging() is written to STDERR
W0304 14:39:13.328845 1358818 ProcessGroupNCCL.cpp:4834] [PG ID 0 PG GUID 0 Rank 839]  using GPU 7 as device used by this process is currently unknown. This can potentially cause a hang if this rank to GPU mapping is incorrect. You can pecify device_id in init_process_group() to force use of a particular device.
WARNING: Logging before InitGoogleLogging() is written to STDERR
W0304 14:39:13.329576 1365433 ProcessGroupNCCL.cpp:4834] [PG ID 0 PG GUID 0 Rank 843]  using GPU 3 as device used by this process is currently unknown. This can potentially cause a hang if this rank to GPU mapping is incorrect. You can pecify device_id in init_process_group() to force use of a particular device.
WARNING: Logging before InitGoogleLogging() is written to STDERR
W0304 14:39:13.330260 1404524 ProcessGroupNCCL.cpp:4834] [PG ID 0 PG GUID 0 Rank 791]  using GPU 7 as device used by this process is currently unknown. This can potentially cause a hang if this rank to GPU mapping is incorrect. You can pecify device_id in init_process_group() to force use of a particular device.
WARNING: Logging before InitGoogleLogging() is written to STDERR
W0304 14:39:13.330327 1365428 ProcessGroupNCCL.cpp:4834] [PG ID 0 PG GUID 0 Rank 847]  using GPU 7 as device used by this process is currently unknown. This can potentially cause a hang if this rank to GPU mapping is incorrect. You can pecify device_id in init_process_group() to force use of a particular device.
WARNING: Logging before InitGoogleLogging() is written to STDERR
W0304 14:39:13.330446 1402258 ProcessGroupNCCL.cpp:4834] [PG ID 0 PG GUID 0 Rank 799]  using GPU 7 as device used by this process is currently unknown. This can potentially cause a hang if this rank to GPU mapping is incorrect. You can pecify device_id in init_process_group() to force use of a particular device.
WARNING: Logging before InitGoogleLogging() is written to STDERR
W0304 14:39:13.330456 1365842 ProcessGroupNCCL.cpp:4834] [PG ID 0 PG GUID 0 Rank 855]  using GPU 7 as device used by this process is currently unknown. This can potentially cause a hang if this rank to GPU mapping is incorrect. You can pecify device_id in init_process_group() to force use of a particular device.
WARNING: Logging before InitGoogleLogging() is written to STDERR
W0304 14:39:13.331033 1366701 ProcessGroupNCCL.cpp:4834] [PG ID 0 PG GUID 0 Rank 863]  using GPU 7 as device used by this process is currently unknown. This can potentially cause a hang if this rank to GPU mapping is incorrect. You can pecify device_id in init_process_group() to force use of a particular device.
WARNING: Logging before InitGoogleLogging() is written to STDERR
W0304 14:39:13.330969 1405123 ProcessGroupNCCL.cpp:4834] [PG ID 0 PG GUID 0 Rank 875]  using GPU 3 as device used by this process is currently unknown. This can potentially cause a hang if this rank to GPU mapping is incorrect. You can pecify device_id in init_process_group() to force use of a particular device.
WARNING: Logging before InitGoogleLogging() is written to STDERR
W0304 14:39:13.331220 1364362 ProcessGroupNCCL.cpp:4834] [PG ID 0 PG GUID 0 Rank 811]  using GPU 3 as device used by this process is currently unknown. This can potentially cause a hang if this rank to GPU mapping is incorrect. You can pecify device_id in init_process_group() to force use of a particular device.
WARNING: Logging before InitGoogleLogging() is written to STDERR
W0304 14:39:13.331914 1405150 ProcessGroupNCCL.cpp:4834] [PG ID 0 PG GUID 0 Rank 879]  using GPU 7 as device used by this process is currently unknown. This can potentially cause a hang if this rank to GPU mapping is incorrect. You can pecify device_id in init_process_group() to force use of a particular device.
WARNING: Logging before InitGoogleLogging() is written to STDERR
W0304 14:39:13.332134 1364411 ProcessGroupNCCL.cpp:4834] [PG ID 0 PG GUID 0 Rank 815]  using GPU 7 as device used by this process is currently unknown. This can potentially cause a hang if this rank to GPU mapping is incorrect. You can pecify device_id in init_process_group() to force use of a particular device.
WARNING: Logging before InitGoogleLogging() is written to STDERR
W0304 14:39:13.332195 1405155 ProcessGroupNCCL.cpp:4834] [PG ID 0 PG GUID 0 Rank 887]  using GPU 7 as device used by this process is currently unknown. This can potentially cause a hang if this rank to GPU mapping is incorrect. You can pecify device_id in init_process_group() to force use of a particular device.
WARNING: Logging before InitGoogleLogging() is written to STDERR
W0304 14:39:13.332319 1365705 ProcessGroupNCCL.cpp:4834] [PG ID 0 PG GUID 0 Rank 851]  using GPU 3 as device used by this process is currently unknown. This can potentially cause a hang if this rank to GPU mapping is incorrect. You can pecify device_id in init_process_group() to force use of a particular device.
WARNING: Logging before InitGoogleLogging() is written to STDERR
W0304 14:39:13.332414 1404651 ProcessGroupNCCL.cpp:4834] [PG ID 0 PG GUID 0 Rank 787]  using GPU 3 as device used by this process is currently unknown. This can potentially cause a hang if this rank to GPU mapping is incorrect. You can pecify device_id in init_process_group() to force use of a particular device.
WARNING: Logging before InitGoogleLogging() is written to STDERR
W0304 14:39:13.332480 1405334 ProcessGroupNCCL.cpp:4834] [PG ID 0 PG GUID 0 Rank 883]  using GPU 3 as device used by this process is currently unknown. This can potentially cause a hang if this rank to GPU mapping is incorrect. You can pecify device_id in init_process_group() to force use of a particular device.
WARNING: Logging before InitGoogleLogging() is written to STDERR
W0304 14:39:13.333122 1364931 ProcessGroupNCCL.cpp:4834] [PG ID 0 PG GUID 0 Rank 819]  using GPU 3 as device used by this process is currently unknown. This can potentially cause a hang if this rank to GPU mapping is incorrect. You can pecify device_id in init_process_group() to force use of a particular device.
WARNING: Logging before InitGoogleLogging() is written to STDERR
W0304 14:39:13.333315 1365112 ProcessGroupNCCL.cpp:4834] [PG ID 0 PG GUID 0 Rank 823]  using GPU 7 as device used by this process is currently unknown. This can potentially cause a hang if this rank to GPU mapping is incorrect. You can pecify device_id in init_process_group() to force use of a particular device.
WARNING: Logging before InitGoogleLogging() is written to STDERR
W0304 14:39:13.384569 1365113 ProcessGroupNCCL.cpp:4834] [PG ID 0 PG GUID 0 Rank 820]  using GPU 4 as device used by this process is currently unknown. This can potentially cause a hang if this rank to GPU mapping is incorrect. You can pecify device_id in init_process_group() to force use of a particular device.
WARNING: Logging before InitGoogleLogging() is written to STDERR
W0304 14:39:13.384883 1405327 ProcessGroupNCCL.cpp:4834] [PG ID 0 PG GUID 0 Rank 884]  using GPU 4 as device used by this process is currently unknown. This can potentially cause a hang if this rank to GPU mapping is incorrect. You can pecify device_id in init_process_group() to force use of a particular device.
WARNING: Logging before InitGoogleLogging() is written to STDERR
W0304 14:39:13.386197 1404861 ProcessGroupNCCL.cpp:4834] [PG ID 0 PG GUID 0 Rank 892]  using GPU 4 as device used by this process is currently unknown. This can potentially cause a hang if this rank to GPU mapping is incorrect. You can pecify device_id in init_process_group() to force use of a particular device.
WARNING: Logging before InitGoogleLogging() is written to STDERR
W0304 14:39:13.386353 1364889 ProcessGroupNCCL.cpp:4834] [PG ID 0 PG GUID 0 Rank 816]  using GPU 0 as device used by this process is currently unknown. This can potentially cause a hang if this rank to GPU mapping is incorrect. You can pecify device_id in init_process_group() to force use of a particular device.
WARNING: Logging before InitGoogleLogging() is written to STDERR
W0304 14:39:13.386868 1405326 ProcessGroupNCCL.cpp:4834] [PG ID 0 PG GUID 0 Rank 880]  using GPU 0 as device used by this process is currently unknown. This can potentially cause a hang if this rank to GPU mapping is incorrect. You can pecify device_id in init_process_group() to force use of a particular device.
WARNING: Logging before InitGoogleLogging() is written to STDERR
W0304 14:39:13.386852 1402376 ProcessGroupNCCL.cpp:4834] [PG ID 0 PG GUID 0 Rank 776]  using GPU 0 as device used by this process is currently unknown. This can potentially cause a hang if this rank to GPU mapping is incorrect. You can pecify device_id in init_process_group() to force use of a particular device.
WARNING: Logging before InitGoogleLogging() is written to STDERR
W0304 14:39:13.387199 1364272 ProcessGroupNCCL.cpp:4834] [PG ID 0 PG GUID 0 Rank 828]  using GPU 4 as device used by this process is currently unknown. This can potentially cause a hang if this rank to GPU mapping is incorrect. You can pecify device_id in init_process_group() to force use of a particular device.
WARNING: Logging before InitGoogleLogging() is written to STDERR
W0304 14:39:13.387358 1358812 ProcessGroupNCCL.cpp:4834] [PG ID 0 PG GUID 0 Rank 836]  using GPU 4 as device used by this process is currently unknown. This can potentially cause a hang if this rank to GPU mapping is incorrect. You can pecify device_id in init_process_group() to force use of a particular device.
WARNING: Logging before InitGoogleLogging() is written to STDERR
W0304 14:39:13.387527 1403178 ProcessGroupNCCL.cpp:4834] [PG ID 0 PG GUID 0 Rank 772]  using GPU 4 as device used by this process is currently unknown. This can potentially cause a hang if this rank to GPU mapping is incorrect. You can pecify device_id in init_process_group() to force use of a particular device.
WARNING: Logging before InitGoogleLogging() is written to STDERR
W0304 14:39:13.388079 1365520 ProcessGroupNCCL.cpp:4834] [PG ID 0 PG GUID 0 Rank 840]  using GPU 0 as device used by this process is currently unknown. This can potentially cause a hang if this rank to GPU mapping is incorrect. You can pecify device_id in init_process_group() to force use of a particular device.
WARNING: Logging before InitGoogleLogging() is written to STDERR
W0304 14:39:13.389148 1402038 ProcessGroupNCCL.cpp:4834] [PG ID 0 PG GUID 0 Rank 796]  using GPU 4 as device used by this process is currently unknown. This can potentially cause a hang if this rank to GPU mapping is incorrect. You can pecify device_id in init_process_group() to force use of a particular device.
WARNING: Logging before InitGoogleLogging() is written to STDERR
W0304 14:39:13.389828 1358848 ProcessGroupNCCL.cpp:4834] [PG ID 0 PG GUID 0 Rank 832]  using GPU 0 as device used by this process is currently unknown. This can potentially cause a hang if this rank to GPU mapping is incorrect. You can pecify device_id in init_process_group() to force use of a particular device.
WARNING: Logging before InitGoogleLogging() is written to STDERR
W0304 14:39:13.389955 1366676 ProcessGroupNCCL.cpp:4834] [PG ID 0 PG GUID 0 Rank 860]  using GPU 4 as device used by this process is currently unknown. This can potentially cause a hang if this rank to GPU mapping is incorrect. You can pecify device_id in init_process_group() to force use of a particular device.
WARNING: Logging before InitGoogleLogging() is written to STDERR
W0304 14:39:13.390206 1404857 ProcessGroupNCCL.cpp:4834] [PG ID 0 PG GUID 0 Rank 888]  using GPU 0 as device used by this process is currently unknown. This can potentially cause a hang if this rank to GPU mapping is incorrect. You can pecify device_id in init_process_group() to force use of a particular device.
WARNING: Logging before InitGoogleLogging() is written to STDERR
W0304 14:39:13.390182 1404523 ProcessGroupNCCL.cpp:4834] [PG ID 0 PG GUID 0 Rank 786]  using GPU 2 as device used by this process is currently unknown. This can potentially cause a hang if this rank to GPU mapping is incorrect. You can pecify device_id in init_process_group() to force use of a particular device.
WARNING: Logging before InitGoogleLogging() is written to STDERR
W0304 14:39:13.390262 1404650 ProcessGroupNCCL.cpp:4834] [PG ID 0 PG GUID 0 Rank 784]  using GPU 0 as device used by this process is currently unknown. This can potentially cause a hang if this rank to GPU mapping is incorrect. You can pecify device_id in init_process_group() to force use of a particular device.
WARNING: Logging before InitGoogleLogging() is written to STDERR
W0304 14:39:13.390197 1363818 ProcessGroupNCCL.cpp:4834] [PG ID 0 PG GUID 0 Rank 868]  using GPU 4 as device used by this process is currently unknown. This can potentially cause a hang if this rank to GPU mapping is incorrect. You can pecify device_id in init_process_group() to force use of a particular device.
WARNING: Logging before InitGoogleLogging() is written to STDERR
W0304 14:39:13.390242 1403323 ProcessGroupNCCL.cpp:4834] [PG ID 0 PG GUID 0 Rank 768]  using GPU 0 as device used by this process is currently unknown. This can potentially cause a hang if this rank to GPU mapping is incorrect. You can pecify device_id in init_process_group() to force use of a particular device.
WARNING: Logging before InitGoogleLogging() is written to STDERR
W0304 14:39:13.390244 1365701 ProcessGroupNCCL.cpp:4834] [PG ID 0 PG GUID 0 Rank 848]  using GPU 0 as device used by this process is currently unknown. This can potentially cause a hang if this rank to GPU mapping is incorrect. You can pecify device_id in init_process_group() to force use of a particular device.
WARNING: Logging before InitGoogleLogging() is written to STDERR
W0304 14:39:13.390450 1364254 ProcessGroupNCCL.cpp:4834] [PG ID 0 PG GUID 0 Rank 824]  using GPU 0 as device used by this process is currently unknown. This can potentially cause a hang if this rank to GPU mapping is incorrect. You can pecify device_id in init_process_group() to force use of a particular device.
WARNING: Logging before InitGoogleLogging() is written to STDERR
W0304 14:39:13.390663 1364310 ProcessGroupNCCL.cpp:4834] [PG ID 0 PG GUID 0 Rank 804]  using GPU 4 as device used by this process is currently unknown. This can potentially cause a hang if this rank to GPU mapping is incorrect. You can pecify device_id in init_process_group() to force use of a particular device.
WARNING: Logging before InitGoogleLogging() is written to STDERR
W0304 14:39:13.390969 1363927 ProcessGroupNCCL.cpp:4834] [PG ID 0 PG GUID 0 Rank 864]  using GPU 0 as device used by this process is currently unknown. This can potentially cause a hang if this rank to GPU mapping is incorrect. You can pecify device_id in init_process_group() to force use of a particular device.
WARNING: Logging before InitGoogleLogging() is written to STDERR
W0304 14:39:13.391001 1365524 ProcessGroupNCCL.cpp:4834] [PG ID 0 PG GUID 0 Rank 850]  using GPU 2 as device used by this process is currently unknown. This can potentially cause a hang if this rank to GPU mapping is incorrect. You can pecify device_id in init_process_group() to force use of a particular device.
WARNING: Logging before InitGoogleLogging() is written to STDERR
W0304 14:39:13.391160 1364173 ProcessGroupNCCL.cpp:4834] [PG ID 0 PG GUID 0 Rank 800]  using GPU 0 as device used by this process is currently unknown. This can potentially cause a hang if this rank to GPU mapping is incorrect. You can pecify device_id in init_process_group() to force use of a particular device.
WARNING: Logging before InitGoogleLogging() is written to STDERR
W0304 14:39:13.391424 1405131 ProcessGroupNCCL.cpp:4834] [PG ID 0 PG GUID 0 Rank 878]  using GPU 6 as device used by this process is currently unknown. This can potentially cause a hang if this rank to GPU mapping is incorrect. You can pecify device_id in init_process_group() to force use of a particular device.
WARNING: Logging before InitGoogleLogging() is written to STDERR
W0304 14:39:13.391382 1366789 ProcessGroupNCCL.cpp:4834] [PG ID 0 PG GUID 0 Rank 856]  using GPU 0 as device used by this process is currently unknown. This can potentially cause a hang if this rank to GPU mapping is incorrect. You can pecify device_id in init_process_group() to force use of a particular device.
WARNING: Logging before InitGoogleLogging() is written to STDERR
W0304 14:39:13.391812 1402016 ProcessGroupNCCL.cpp:4834] [PG ID 0 PG GUID 0 Rank 794]  using GPU 2 as device used by this process is currently unknown. This can potentially cause a hang if this rank to GPU mapping is incorrect. You can pecify device_id in init_process_group() to force use of a particular device.
WARNING: Logging before InitGoogleLogging() is written to STDERR
W0304 14:39:13.391937 1364438 ProcessGroupNCCL.cpp:4834] [PG ID 0 PG GUID 0 Rank 814]  using GPU 6 as device used by this process is currently unknown. This can potentially cause a hang if this rank to GPU mapping is incorrect. You can pecify device_id in init_process_group() to force use of a particular device.
WARNING: Logging before InitGoogleLogging() is written to STDERR
W0304 14:39:13.392056 1405133 ProcessGroupNCCL.cpp:4834] [PG ID 0 PG GUID 0 Rank 872]  using GPU 0 as device used by this process is currently unknown. This can potentially cause a hang if this rank to GPU mapping is incorrect. You can pecify device_id in init_process_group() to force use of a particular device.
WARNING: Logging before InitGoogleLogging() is written to STDERR
W0304 14:39:13.392140 1402015 ProcessGroupNCCL.cpp:4834] [PG ID 0 PG GUID 0 Rank 792]  using GPU 0 as device used by this process is currently unknown. This can potentially cause a hang if this rank to GPU mapping is incorrect. You can pecify device_id in init_process_group() to force use of a particular device.
WARNING: Logging before InitGoogleLogging() is written to STDERR
W0304 14:39:13.392284 1402269 ProcessGroupNCCL.cpp:4834] [PG ID 0 PG GUID 0 Rank 780]  using GPU 4 as device used by this process is currently unknown. This can potentially cause a hang if this rank to GPU mapping is incorrect. You can pecify device_id in init_process_group() to force use of a particular device.
WARNING: Logging before InitGoogleLogging() is written to STDERR
W0304 14:39:13.392323 1364306 ProcessGroupNCCL.cpp:4834] [PG ID 0 PG GUID 0 Rank 808]  using GPU 0 as device used by this process is currently unknown. This can potentially cause a hang if this rank to GPU mapping is incorrect. You can pecify device_id in init_process_group() to force use of a particular device.
WARNING: Logging before InitGoogleLogging() is written to STDERR
W0304 14:39:13.392345 1403211 ProcessGroupNCCL.cpp:4834] [PG ID 0 PG GUID 0 Rank 774]  using GPU 6 as device used by this process is currently unknown. This can potentially cause a hang if this rank to GPU mapping is incorrect. You can pecify device_id in init_process_group() to force use of a particular device.
WARNING: Logging before InitGoogleLogging() is written to STDERR
W0304 14:39:13.392350 1402392 ProcessGroupNCCL.cpp:4834] [PG ID 0 PG GUID 0 Rank 782]  using GPU 6 as device used by this process is currently unknown. This can potentially cause a hang if this rank to GPU mapping is incorrect. You can pecify device_id in init_process_group() to force use of a particular device.
WARNING: Logging before InitGoogleLogging() is written to STDERR
W0304 14:39:13.392462 1402284 ProcessGroupNCCL.cpp:4834] [PG ID 0 PG GUID 0 Rank 778]  using GPU 2 as device used by this process is currently unknown. This can potentially cause a hang if this rank to GPU mapping is incorrect. You can pecify device_id in init_process_group() to force use of a particular device.
WARNING: Logging before InitGoogleLogging() is written to STDERR
W0304 14:39:13.392612 1358849 ProcessGroupNCCL.cpp:4834] [PG ID 0 PG GUID 0 Rank 834]  using GPU 2 as device used by this process is currently unknown. This can potentially cause a hang if this rank to GPU mapping is incorrect. You can pecify device_id in init_process_group() to force use of a particular device.
WARNING: Logging before InitGoogleLogging() is written to STDERR
W0304 14:39:13.392603 1366677 ProcessGroupNCCL.cpp:4834] [PG ID 0 PG GUID 0 Rank 858]  using GPU 2 as device used by this process is currently unknown. This can potentially cause a hang if this rank to GPU mapping is incorrect. You can pecify device_id in init_process_group() to force use of a particular device.
WARNING: Logging before InitGoogleLogging() is written to STDERR
W0304 14:39:13.392643 1403322 ProcessGroupNCCL.cpp:4834] [PG ID 0 PG GUID 0 Rank 770]  using GPU 2 as device used by this process is currently unknown. This can potentially cause a hang if this rank to GPU mapping is incorrect. You can pecify device_id in init_process_group() to force use of a particular device.
WARNING: Logging before InitGoogleLogging() is written to STDERR
W0304 14:39:13.392931 1358800 ProcessGroupNCCL.cpp:4834] [PG ID 0 PG GUID 0 Rank 838]  using GPU 6 as device used by this process is currently unknown. This can potentially cause a hang if this rank to GPU mapping is incorrect. You can pecify device_id in init_process_group() to force use of a particular device.
WARNING: Logging before InitGoogleLogging() is written to STDERR
W0304 14:39:13.393232 1366692 ProcessGroupNCCL.cpp:4834] [PG ID 0 PG GUID 0 Rank 862]  using GPU 6 as device used by this process is currently unknown. This can potentially cause a hang if this rank to GPU mapping is incorrect. You can pecify device_id in init_process_group() to force use of a particular device.
WARNING: Logging before InitGoogleLogging() is written to STDERR
W0304 14:39:13.393313 1365521 ProcessGroupNCCL.cpp:4834] [PG ID 0 PG GUID 0 Rank 844]  using GPU 4 as device used by this process is currently unknown. This can potentially cause a hang if this rank to GPU mapping is incorrect. You can pecify device_id in init_process_group() to force use of a particular device.
WARNING: Logging before InitGoogleLogging() is written to STDERR
W0304 14:39:13.393676 1364105 ProcessGroupNCCL.cpp:4834] [PG ID 0 PG GUID 0 Rank 802]  using GPU 2 as device used by this process is currently unknown. This can potentially cause a hang if this rank to GPU mapping is incorrect. You can pecify device_id in init_process_group() to force use of a particular device.
WARNING: Logging before InitGoogleLogging() is written to STDERR
W0304 14:39:13.393882 1365397 ProcessGroupNCCL.cpp:4834] [PG ID 0 PG GUID 0 Rank 842]  using GPU 2 as device used by this process is currently unknown. This can potentially cause a hang if this rank to GPU mapping is incorrect. You can pecify device_id in init_process_group() to force use of a particular device.
WARNING: Logging before InitGoogleLogging() is written to STDERR
W0304 14:39:13.393909 1404758 ProcessGroupNCCL.cpp:4834] [PG ID 0 PG GUID 0 Rank 890]  using GPU 2 as device used by this process is currently unknown. This can potentially cause a hang if this rank to GPU mapping is incorrect. You can pecify device_id in init_process_group() to force use of a particular device.
WARNING: Logging before InitGoogleLogging() is written to STDERR
W0304 14:39:13.393874 1365520 ProcessGroupNCCL.cpp:4834] [PG ID 0 PG GUID 0 Rank 854]  using GPU 6 as device used by this process is currently unknown. This can potentially cause a hang if this rank to GPU mapping is incorrect. You can pecify device_id in init_process_group() to force use of a particular device.
WARNING: Logging before InitGoogleLogging() is written to STDERR
W0304 14:39:13.393913 1404487 ProcessGroupNCCL.cpp:4834] [PG ID 0 PG GUID 0 Rank 790]  using GPU 6 as device used by this process is currently unknown. This can potentially cause a hang if this rank to GPU mapping is incorrect. You can pecify device_id in init_process_group() to force use of a particular device.
WARNING: Logging before InitGoogleLogging() is written to STDERR
W0304 14:39:13.393951 1363939 ProcessGroupNCCL.cpp:4834] [PG ID 0 PG GUID 0 Rank 870]  using GPU 6 as device used by this process is currently unknown. This can potentially cause a hang if this rank to GPU mapping is incorrect. You can pecify device_id in init_process_group() to force use of a particular device.
WARNING: Logging before InitGoogleLogging() is written to STDERR
W0304 14:39:13.393971 1365850 ProcessGroupNCCL.cpp:4834] [PG ID 0 PG GUID 0 Rank 852]  using GPU 4 as device used by this process is currently unknown. This can potentially cause a hang if this rank to GPU mapping is incorrect. You can pecify device_id in init_process_group() to force use of a particular device.
WARNING: Logging before InitGoogleLogging() is written to STDERR
W0304 14:39:13.393963 1405130 ProcessGroupNCCL.cpp:4834] [PG ID 0 PG GUID 0 Rank 876]  using GPU 4 as device used by this process is currently unknown. This can potentially cause a hang if this rank to GPU mapping is incorrect. You can pecify device_id in init_process_group() to force use of a particular device.
WARNING: Logging before InitGoogleLogging() is written to STDERR
W0304 14:39:13.394040 1402260 ProcessGroupNCCL.cpp:4834] [PG ID 0 PG GUID 0 Rank 798]  using GPU 6 as device used by this process is currently unknown. This can potentially cause a hang if this rank to GPU mapping is incorrect. You can pecify device_id in init_process_group() to force use of a particular device.
WARNING: Logging before InitGoogleLogging() is written to STDERR
W0304 14:39:13.394163 1404649 ProcessGroupNCCL.cpp:4834] [PG ID 0 PG GUID 0 Rank 788]  using GPU 4 as device used by this process is currently unknown. This can potentially cause a hang if this rank to GPU mapping is incorrect. You can pecify device_id in init_process_group() to force use of a particular device.
WARNING: Logging before InitGoogleLogging() is written to STDERR
W0304 14:39:13.394371 1365471 ProcessGroupNCCL.cpp:4834] [PG ID 0 PG GUID 0 Rank 846]  using GPU 6 as device used by this process is currently unknown. This can potentially cause a hang if this rank to GPU mapping is incorrect. You can pecify device_id in init_process_group() to force use of a particular device.
WARNING: Logging before InitGoogleLogging() is written to STDERR
W0304 14:39:13.394366 1363730 ProcessGroupNCCL.cpp:4834] [PG ID 0 PG GUID 0 Rank 866]  using GPU 2 as device used by this process is currently unknown. This can potentially cause a hang if this rank to GPU mapping is incorrect. You can pecify device_id in init_process_group() to force use of a particular device.
WARNING: Logging before InitGoogleLogging() is written to STDERR
W0304 14:39:13.394511 1364348 ProcessGroupNCCL.cpp:4834] [PG ID 0 PG GUID 0 Rank 812]  using GPU 4 as device used by this process is currently unknown. This can potentially cause a hang if this rank to GPU mapping is incorrect. You can pecify device_id in init_process_group() to force use of a particular device.
WARNING: Logging before InitGoogleLogging() is written to STDERR
W0304 14:39:13.394548 1364314 ProcessGroupNCCL.cpp:4834] [PG ID 0 PG GUID 0 Rank 806]  using GPU 6 as device used by this process is currently unknown. This can potentially cause a hang if this rank to GPU mapping is incorrect. You can pecify device_id in init_process_group() to force use of a particular device.
WARNING: Logging before InitGoogleLogging() is written to STDERR
W0304 14:39:13.394722 1405129 ProcessGroupNCCL.cpp:4834] [PG ID 0 PG GUID 0 Rank 886]  using GPU 6 as device used by this process is currently unknown. This can potentially cause a hang if this rank to GPU mapping is incorrect. You can pecify device_id in init_process_group() to force use of a particular device.
WARNING: Logging before InitGoogleLogging() is written to STDERR
W0304 14:39:13.394876 1364315 ProcessGroupNCCL.cpp:4834] [PG ID 0 PG GUID 0 Rank 810]  using GPU 2 as device used by this process is currently unknown. This can potentially cause a hang if this rank to GPU mapping is incorrect. You can pecify device_id in init_process_group() to force use of a particular device.
WARNING: Logging before InitGoogleLogging() is written to STDERR
W0304 14:39:13.394878 1405122 ProcessGroupNCCL.cpp:4834] [PG ID 0 PG GUID 0 Rank 874]  using GPU 2 as device used by this process is currently unknown. This can potentially cause a hang if this rank to GPU mapping is incorrect. You can pecify device_id in init_process_group() to force use of a particular device.
WARNING: Logging before InitGoogleLogging() is written to STDERR
W0304 14:39:13.395290 1365119 ProcessGroupNCCL.cpp:4834] [PG ID 0 PG GUID 0 Rank 822]  using GPU 6 as device used by this process is currently unknown. This can potentially cause a hang if this rank to GPU mapping is incorrect. You can pecify device_id in init_process_group() to force use of a particular device.
WARNING: Logging before InitGoogleLogging() is written to STDERR
W0304 14:39:13.395376 1364252 ProcessGroupNCCL.cpp:4834] [PG ID 0 PG GUID 0 Rank 826]  using GPU 2 as device used by this process is currently unknown. This can potentially cause a hang if this rank to GPU mapping is incorrect. You can pecify device_id in init_process_group() to force use of a particular device.
WARNING: Logging before InitGoogleLogging() is written to STDERR
W0304 14:39:13.396957 1405133 ProcessGroupNCCL.cpp:4834] [PG ID 0 PG GUID 0 Rank 882]  using GPU 2 as device used by this process is currently unknown. This can potentially cause a hang if this rank to GPU mapping is incorrect. You can pecify device_id in init_process_group() to force use of a particular device.
WARNING: Logging before InitGoogleLogging() is written to STDERR
W0304 14:39:13.397017 1404803 ProcessGroupNCCL.cpp:4834] [PG ID 0 PG GUID 0 Rank 894]  using GPU 6 as device used by this process is currently unknown. This can potentially cause a hang if this rank to GPU mapping is incorrect. You can pecify device_id in init_process_group() to force use of a particular device.
WARNING: Logging before InitGoogleLogging() is written to STDERR
W0304 14:39:13.397408 1364906 ProcessGroupNCCL.cpp:4834] [PG ID 0 PG GUID 0 Rank 818]  using GPU 2 as device used by this process is currently unknown. This can potentially cause a hang if this rank to GPU mapping is incorrect. You can pecify device_id in init_process_group() to force use of a particular device.
WARNING: Logging before InitGoogleLogging() is written to STDERR
W0304 14:39:13.398686 1364371 ProcessGroupNCCL.cpp:4834] [PG ID 0 PG GUID 0 Rank 830]  using GPU 6 as device used by this process is currently unknown. This can potentially cause a hang if this rank to GPU mapping is incorrect. You can pecify device_id in init_process_group() to force use of a particular device.
[WARNING  | megatron.core.rerun_state_machine]: RerunStateMachine initialized in mode disabled
[WARNING  | megatron.core.rerun_state_machine]: RerunStateMachine initialized in mode disabled
[WARNING  | megatron.core.rerun_state_machine]: RerunStateMachine initialized in mode disabled
[WARNING  | megatron.core.rerun_state_machine]: RerunStateMachine initialized in mode disabled
[WARNING  | megatron.core.rerun_state_machine]: RerunStateMachine initialized in mode disabled
[WARNING  | megatron.core.rerun_state_machine]: RerunStateMachine initialized in mode disabled
[WARNING  | megatron.core.rerun_state_machine]: RerunStateMachine initialized in mode disabled
[WARNING  | megatron.core.rerun_state_machine]: RerunStateMachine initialized in mode disabled
WARNING: Logging before InitGoogleLogging() is written to STDERR
W0304 14:39:15.846869 1923236 ProcessGroupNCCL.cpp:4834] [PG ID 0 PG GUID 0 Rank 317]  using GPU 5 as device used by this process is currently unknown. This can potentially cause a hang if this rank to GPU mapping is incorrect. You can pecify device_id in init_process_group() to force use of a particular device.
WARNING: Logging before InitGoogleLogging() is written to STDERR
W0304 14:39:15.847681 1919140 ProcessGroupNCCL.cpp:4834] [PG ID 0 PG GUID 0 Rank 381]  using GPU 5 as device used by this process is currently unknown. This can potentially cause a hang if this rank to GPU mapping is incorrect. You can pecify device_id in init_process_group() to force use of a particular device.
WARNING: Logging before InitGoogleLogging() is written to STDERR
W0304 14:39:15.847813 1919171 ProcessGroupNCCL.cpp:4834] [PG ID 0 PG GUID 0 Rank 372]  using GPU 4 as device used by this process is currently unknown. This can potentially cause a hang if this rank to GPU mapping is incorrect. You can pecify device_id in init_process_group() to force use of a particular device.
WARNING: Logging before InitGoogleLogging() is written to STDERR
W0304 14:39:15.848208 1923346 ProcessGroupNCCL.cpp:4834] [PG ID 0 PG GUID 0 Rank 313]  using GPU 1 as device used by this process is currently unknown. This can potentially cause a hang if this rank to GPU mapping is incorrect. You can pecify device_id in init_process_group() to force use of a particular device.
WARNING: Logging before InitGoogleLogging() is written to STDERR
W0304 14:39:15.848455 2112990 ProcessGroupNCCL.cpp:4834] [PG ID 0 PG GUID 0 Rank 257]  using GPU 1 as device used by this process is currently unknown. This can potentially cause a hang if this rank to GPU mapping is incorrect. You can pecify device_id in init_process_group() to force use of a particular device.
WARNING: Logging before InitGoogleLogging() is written to STDERR
W0304 14:39:15.848486 2024083 ProcessGroupNCCL.cpp:4834] [PG ID 0 PG GUID 0 Rank 265]  using GPU 1 as device used by this process is currently unknown. This can potentially cause a hang if this rank to GPU mapping is incorrect. You can pecify device_id in init_process_group() to force use of a particular device.
WARNING: Logging before InitGoogleLogging() is written to STDERR
W0304 14:39:15.850454 2024064 ProcessGroupNCCL.cpp:4834] [PG ID 0 PG GUID 0 Rank 264]  using GPU 0 as device used by this process is currently unknown. This can potentially cause a hang if this rank to GPU mapping is incorrect. You can pecify device_id in init_process_group() to force use of a particular device.
WARNING: Logging before InitGoogleLogging() is written to STDERR
W0304 14:39:15.850383 1919390 ProcessGroupNCCL.cpp:4834] [PG ID 0 PG GUID 0 Rank 364]  using GPU 4 as device used by this process is currently unknown. This can potentially cause a hang if this rank to GPU mapping is incorrect. You can pecify device_id in init_process_group() to force use of a particular device.
WARNING: Logging before InitGoogleLogging() is written to STDERR
W0304 14:39:15.850498 1914234 ProcessGroupNCCL.cpp:4834] [PG ID 0 PG GUID 0 Rank 321]  using GPU 1 as device used by this process is currently unknown. This can potentially cause a hang if this rank to GPU mapping is incorrect. You can pecify device_id in init_process_group() to force use of a particular device.
WARNING: Logging before InitGoogleLogging() is written to STDERR
W0304 14:39:15.850637 1920136 ProcessGroupNCCL.cpp:4834] [PG ID 0 PG GUID 0 Rank 328]  using GPU 0 as device used by this process is currently unknown. This can potentially cause a hang if this rank to GPU mapping is incorrect. You can pecify device_id in init_process_group() to force use of a particular device.
WARNING: Logging before InitGoogleLogging() is written to STDERR
W0304 14:39:15.851496 1919262 ProcessGroupNCCL.cpp:4834] [PG ID 0 PG GUID 0 Rank 377]  using GPU 1 as device used by this process is currently unknown. This can potentially cause a hang if this rank to GPU mapping is incorrect. You can pecify device_id in init_process_group() to force use of a particular device.
WARNING: Logging before InitGoogleLogging() is written to STDERR
W0304 14:39:15.851402 1739926 ProcessGroupNCCL.cpp:4834] [PG ID 0 PG GUID 0 Rank 305]  using GPU 1 as device used by this process is currently unknown. This can potentially cause a hang if this rank to GPU mapping is incorrect. You can pecify device_id in init_process_group() to force use of a particular device.
WARNING: Logging before InitGoogleLogging() is written to STDERR
W0304 14:39:15.851768 2024703 ProcessGroupNCCL.cpp:4834] [PG ID 0 PG GUID 0 Rank 272]  using GPU 0 as device used by this process is currently unknown. This can potentially cause a hang if this rank to GPU mapping is incorrect. You can pecify device_id in init_process_group() to force use of a particular device.
WARNING: Logging before InitGoogleLogging() is written to STDERR
W0304 14:39:15.852320 1933061 ProcessGroupNCCL.cpp:4834] [PG ID 0 PG GUID 0 Rank 300]  using GPU 4 as device used by this process is currently unknown. This can potentially cause a hang if this rank to GPU mapping is incorrect. You can pecify device_id in init_process_group() to force use of a particular device.
WARNING: Logging before InitGoogleLogging() is written to STDERR
W0304 14:39:15.852357 1918921 ProcessGroupNCCL.cpp:4834] [PG ID 0 PG GUID 0 Rank 369]  using GPU 1 as device used by this process is currently unknown. This can potentially cause a hang if this rank to GPU mapping is incorrect. You can pecify device_id in init_process_group() to force use of a particular device.
WARNING: Logging before InitGoogleLogging() is written to STDERR
W0304 14:39:15.852335 2025360 ProcessGroupNCCL.cpp:4834] [PG ID 0 PG GUID 0 Rank 280]  using GPU 0 as device used by this process is currently unknown. This can potentially cause a hang if this rank to GPU mapping is incorrect. You can pecify device_id in init_process_group() to force use of a particular device.
WARNING: Logging before InitGoogleLogging() is written to STDERR
W0304 14:39:15.852408 1917440 ProcessGroupNCCL.cpp:4834] [PG ID 0 PG GUID 0 Rank 336]  using GPU 0 as device used by this process is currently unknown. This can potentially cause a hang if this rank to GPU mapping is incorrect. You can pecify device_id in init_process_group() to force use of a particular device.
WARNING: Logging before InitGoogleLogging() is written to STDERR
W0304 14:39:15.852558 1930616 ProcessGroupNCCL.cpp:4834] [PG ID 0 PG GUID 0 Rank 289]  using GPU 1 as device used by this process is currently unknown. This can potentially cause a hang if this rank to GPU mapping is incorrect. You can pecify device_id in init_process_group() to force use of a particular device.
WARNING: Logging before InitGoogleLogging() is written to STDERR
W0304 14:39:15.852757 1919479 ProcessGroupNCCL.cpp:4834] [PG ID 0 PG GUID 0 Rank 344]  using GPU 0 as device used by this process is currently unknown. This can potentially cause a hang if this rank to GPU mapping is incorrect. You can pecify device_id in init_process_group() to force use of a particular device.
tp_group: [[0, 1, 2, 3], [4, 5, 6, 7], [8, 9, 10, 11], [12, 13, 14, 15], [16, 17, 18, 19], [20, 21, 22, 23], [24, 25, 26, 27], [28, 29, 30, 31], [32, 33, 34, 35], [36, 37, 38, 39], [40, 41, 42, 43], [44, 45, 46, 47], [48, 49, 50, 51], [52, 53, 54, 55], [56, 57, 58, 59], [60, 61, 62, 63], [64, 65, 66, 67], [68, 69, 70, 71], [72, 73, 74, 75], [76, 77, 78, 79], [80, 81, 82, 83], [84, 85, 86, 87], [88, 89, 90, 91], [92, 93, 94, 95], [96, 97, 98, 99], [100, 101, 102, 103], [104, 105, 106, 107], [108, 109, 110, 111], [112, 113, 114, 115], [116, 117, 118, 119], [120, 121, 122, 123], [124, 125, 126, 127], [128, 129, 130, 131], [132, 133, 134, 135], [136, 137, 138, 139], [140, 141, 142, 143], [144, 145, 146, 147], [148, 149, 150, 151], [152, 153, 154, 155], [156, 157, 158, 159], [160, 161, 162, 163], [164, 165, 166, 167], [168, 169, 170, 171], [172, 173, 174, 175], [176, 177, 178, 179], [180, 181, 182, 183], [184, 185, 186, 187], [188, 189, 190, 191], [192, 193, 194, 195], [196, 197, 198, 199], [200, 201, 202, 203], [204, 205, 206, 207], [208, 209, 210, 211], [212, 213, 214, 215], [216, 217, 218, 219], [220, 221, 222, 223], [224, 225, 226, 227], [228, 229, 230, 231], [232, 233, 234, 235], [236, 237, 238, 239], [240, 241, 242, 243], [244, 245, 246, 247], [248, 249, 250, 251], [252, 253, 254, 255], [256, 257, 258, 259], [260, 261, 262, 263], [264, 265, 266, 267], [268, 269, 270, 271], [272, 273, 274, 275], [276, 277, 278, 279], [280, 281, 282, 283], [284, 285, 286, 287], [288, 289, 290, 291], [292, 293, 294, 295], [296, 297, 298, 299], [300, 301, 302, 303], [304, 305, 306, 307], [308, 309, 310, 311], [312, 313, 314, 315], [316, 317, 318, 319], [320, 321, 322, 323], [324, 325, 326, 327], [328, 329, 330, 331], [332, 333, 334, 335], [336, 337, 338, 339], [340, 341, 342, 343], [344, 345, 346, 347], [348, 349, 350, 351], [352, 353, 354, 355], [356, 357, 358, 359], [360, 361, 362, 363], [364, 365, 366, 367], [368, 369, 370, 371], [372, 373, 374, 375], [376, 377, 378, 379], [380, 381, 382, 383], [384, 385, 386, 387], [388, 389, 390, 391], [392, 393, 394, 395], [396, 397, 398, 399], [400, 401, 402, 403], [404, 405, 406, 407], [408, 409, 410, 411], [412, 413, 414, 415], [416, 417, 418, 419], [420, 421, 422, 423], [424, 425, 426, 427], [428, 429, 430, 431], [432, 433, 434, 435], [436, 437, 438, 439], [440, 441, 442, 443], [444, 445, 446, 447], [448, 449, 450, 451], [452, 453, 454, 455], [456, 457, 458, 459], [460, 461, 462, 463], [464, 465, 466, 467], [468, 469, 470, 471], [472, 473, 474, 475], [476, 477, 478, 479], [480, 481, 482, 483], [484, 485, 486, 487], [488, 489, 490, 491], [492, 493, 494, 495], [496, 497, 498, 499], [500, 501, 502, 503], [504, 505, 506, 507], [508, 509, 510, 511], [512, 513, 514, 515], [516, 517, 518, 519], [520, 521, 522, 523], [524, 525, 526, 527], [528, 529, 530, 531], [532, 533, 534, 535], [536, 537, 538, 539], [540, 541, 542, 543], [544, 545, 546, 547], [548, 549, 550, 551], [552, 553, 554, 555], [556, 557, 558, 559], [560, 561, 562, 563], [564, 565, 566, 567], [568, 569, 570, 571], [572, 573, 574, 575], [576, 577, 578, 579], [580, 581, 582, 583], [584, 585, 586, 587], [588, 589, 590, 591], [592, 593, 594, 595], [596, 597, 598, 599], [600, 601, 602, 603], [604, 605, 606, 607], [608, 609, 610, 611], [612, 613, 614, 615], [616, 617, 618, 619], [620, 621, 622, 623], [624, 625, 626, 627], [628, 629, 630, 631], [632, 633, 634, 635], [636, 637, 638, 639], [640, 641, 642, 643], [644, 645, 646, 647], [648, 649, 650, 651], [652, 653, 654, 655], [656, 657, 658, 659], [660, 661, 662, 663], [664, 665, 666, 667], [668, 669, 670, 671], [672, 673, 674, 675], [676, 677, 678, 679], [680, 681, 682, 683], [684, 685, 686, 687], [688, 689, 690, 691], [692, 693, 694, 695], [696, 697, 698, 699], [700, 701, 702, 703], [704, 705, 706, 707], [708, 709, 710, 711], [712, 713, 714, 715], [716, 717, 718, 719], [720, 721, 722, 723], [724, 725, 726, 727], [728, 729, 730, 731], [732, 733, 734, 735], [736, 737, 738, 739], [740, 741, 742, 743], [744, 745, 746, 747], [748, 749, 750, 751], [752, 753, 754, 755], [756, 757, 758, 759], [760, 761, 762WARNING: Logging before InitGoogleLogging() is written to STDERR
W0304 14:39:15.853169 2024183 ProcessGroupNCCL.cpp:4834] [PG ID 0 PG GUID 0 Rank 268]  using GPU 4 as device used by this process is currently unknown. This can potentially cause a hang if this rank to GPU mapping is incorrect. You can pecify device_id in init_process_group() to force use of a particular device.
WARNING: Logging before InitGoogleLogging() is written to STDERR
W0304 14:39:15.853046 1919476 ProcessGroupNCCL.cpp:4834] [PG ID 0 PG GUID 0 Rank 365]  using GPU 5 as device used by this process is currently unknown. This can potentially cause a hang if this rank to GPU mapping is incorrect. You can pecify device_id in init_process_group() to force use of a particular device.
WARNING: Logging before InitGoogleLogging() is written to STDERR
W0304 14:39:15.850910 1920338 ProcessGroupNCCL.cpp:4834] [PG ID 0 PG GUID 0 Rank 329]  using GPU 1 as device used by this process is currently unknown. This can potentially cause a hang if this rank to GPU mapping is incorrect. You can pecify device_id in init_process_group() to force use of a particular device.
WARNING: Logging before InitGoogleLogging() is written to STDERR
W0304 14:39:15.852326 1739972 ProcessGroupNCCL.cpp:4834] [PG ID 0 PG GUID 0 Rank 308]  using GPU 4 as device used by this process is currently unknown. This can potentially cause a hang if this rank to GPU mapping is incorrect. You can pecify device_id in init_process_group() to force use of a particular device.
WARNING: Logging before InitGoogleLogging() is written to STDERR
W0304 14:39:15.852813 2024741 ProcessGroupNCCL.cpp:4834] [PG ID 0 PG GUID 0 Rank 277]  using GPU 5 as device used by this process is currently unknown. This can potentially cause a hang if this rank to GPU mapping is incorrect. You can pecify device_id in init_process_group() to force use of a particular device.
WARNING: Logging before InitGoogleLogging() is written to STDERR
W0304 14:39:15.852725 1932966 ProcessGroupNCCL.cpp:4834] [PG ID 0 PG GUID 0 Rank 301]  using GPU 5 as device used by this process is currently unknown. This can potentially cause a hang if this rank to GPU mapping is incorrect. You can pecify device_id in init_process_group() to force use of a particular device.
WARNING: Logging before InitGoogleLogging() is written to STDERR
W0304 14:39:15.853178 1919121 ProcessGroupNCCL.cpp:4834] [PG ID 0 PG GUID 0 Rank 373]  using GPU 5 as device used by this process is currently unknown. This can potentially cause a hang if this rank to GPU mapping is incorrect. You can pecify device_id in init_process_group() to force use of a particular device.
WARNING: Logging before InitGoogleLogging() is written to STDERR
W0304 14:39:15.852988 2025499 ProcessGroupNCCL.cpp:4834] [PG ID 0 PG GUID 0 Rank 281]  using GPU 1 as device used by this process is currently unknown. This can potentially cause a hang if this rank to GPU mapping is incorrect. You can pecify device_id in init_process_group() to force use of a particular device.
WARNING: Logging before InitGoogleLogging() is written to STDERR
W0304 14:39:15.853168 1917432 ProcessGroupNCCL.cpp:4834] [PG ID 0 PG GUID 0 Rank 340]  using GPU 4 as device used by this process is currently unknown. This can potentially cause a hang if this rank to GPU mapping is incorrect. You can pecify device_id in init_process_group() to force use of a particular device.
, 763], [764, 765, 766, 767], [768, 769, 770, 771], [772, 773, 774, 775], [776, 777, 778, 779], [780, 781, 782, 783], [784, 785, 786, 787], [788, 789, 790, 791], [792, 793, 794, 795], [796, 797, 798, 799], [800, 801, 802, 803], [804, 805, 806, 807], [808, 809, 810, 811], [812, 813, 814, 815], [816, 817, 818, 819], [820, 821, 822, 823], [824, 825, 826, 827], [828, 829, 830, 831], [832, 833, 834, 835], [836, 837, 838, 839], [840, 841, 842, 843], [844, 845, 846, 847], [848, 849, 850, 851], [852, 853, 854, 855], [856, 857, 858, 859], [860, 861, 862, 863], [864, 865, 866, 867], [868, 869, 870, 871], [872, 873, 874, 875], [876, 877, 878, 879], [880, 881, 882, 883], [884, 885, 886, 887], [888, 889, 890, 891], [892, 893, 894, 895], [896, 897, 898, 899], [900, 901, 902, 903], [904, 905, 906, 907], [908, 909, 910, 911], [912, 913, 914, 915], [916, 917, 918, 919], [920, 921, 922, 923], [924, 925, 926, 927], [928, 929, 930, 931], [932, 933, 934, 935], [936, 937, 938, 939], [940, 941, 942, 943], [944, 945, 946, 947], [948, 949, 950, 951], [952, 953, 954, 955], [956, 957, 958, 959], [960, 961, 962, 963], [964, 965, 966, 967], [968, 969, 970, 971], [972, 973, 974, 975], [976, 977, 978, 979], [980, 981, 982, 983], [984, 985, 986, 987], [988, 989, 990, 991], [992, 993, 994, 995], [996, 997, 998, 999], [1000, 1001, 1002, 1003], [1004, 1005, 1006, 1007], [1008, 1009, 1010, 1011], [1012, 1013, 1014, 1015], [1016, 1017, 1018, 1019], [1020, 1021, 1022, 1023]]
pp_group: [[0, 128, 256, 384, 512, 640, 768, 896], [1, 129, 257, 385, 513, 641, 769, 897], [2, 130, 258, 386, 514, 642, 770, 898], [3, 131, 259, 387, 515, 643, 771, 899], [4, 132, 260, 388, 516, 644, 772, 900], [5, 133, 261, 389, 517, 645, 773, 901], [6, 134, 262, 390, 518, 646, 774, 902], [7, 135, 263, 391, 519, 647, 775, 903], [8, 136, 264, 392, 520, 648, 776, 904], [9, 137, 265, 393, 521, 649, 777, 905], [10, 138, 266, 394, 522, 650, 778, 906], [11, 139, 267, 395, 523, 651, 779, 907], [12, 140, 268, 396, 524, 652, 780, 908], [13, 141, 269, 397, 525, 653, 781, 909], [14, 142, 270, 398, 526, 654, 782, 910], [15, 143, 271, 399, 527, 655, 783, 911], [16, 144, 272, 400, 528, 656, 784, 912], [17, 145, 273, 401, 529, 657, 785, 913], [18, 146, 274, 402, 530, 658, 786, 914], [19, 147, 275, 403, 531, 659, 787, 915], [20, 148, 276, 404, 532, 660, 788, 916], [21, 149, 277, 405, 533, 661, 789, 917], [22, 150, 278, 406, 534, 662, 790, 918], [23, 151, 279, 407, 535, 663, 791, 919], [24, 152, 280, 408, 536, 664, 792, 920], [25, 153, 281, 409, 537, 665, 793, 921], [26, 154, 282, 410, 538, 666, 794, 922], [27, 155, 283, 411, 539, 667, 795, 923], [28, 156, 284, 412, 540, 668, 796, 924], [29, 157, 285, 413, 541, 669, 797, 925], [30, 158, 286, 414, 542, 670, 798, 926], [31, 159, 287, 415, 543, 671, 799, 927], [32, 160, 288, 416, 544, 672, 800, 928], [33, 161, 289, 417, 545, 673, 801, 929], [34, 162, 290, 418, 546, 674, 802, 930], [35, 163, 291, 419, 547, 675, 803, 931], [36, 164, 292, 420, 548, 676, 804, 932], [37, 165, 293, 421, 549, 677, 805, 933], [38, 166, 294, 422, 550, 678, 806, 934], [39, 167, 295, 423, 551, 679, 807, 935], [40, 168, 296, 424, 552, 680, 808, 936], [41, 169, 297, 425, 553, 681, 809, 937], [42, 170, 298, 426, 554, 682, 810, 938], [43, 171, 299, 427, 555, 683, 811, 939], [44, 172, 300, 428, 556, 684, 812, 940], [45, 173, 301, 429, 557, 685, 813, 941], [46, 174, 302, 430, 558, 686, 814, 942], [47, 175, 303, 431, 559, 687, 815, 943], [48, 176, 304, 432, 560, 688, 816, 944], [49, 177, 305, 433, 561, 689, 817, 945], [50, 178, 306, 434, 562, 690, 818, 946], [51, 179, 307, 435, 563, 691, 819, 947], [52, 180, 308, 436, 564, 692, 820, 948], [53, 181, 309, 437, 565, 693, 821, 949], [54, 182, 310, 438, 566, 694, 822, 950], [55, 183, 311, 439, 567, 695, 823, 951], [56, 184, 312, 440, 568, 696, 824, 952], [57, 185, 313, 441, 569, 697, 825, 953], [58, 186, 314, 442, 570, 698, 826, 954], [59, 187, 315, 443, 571, 699, 827, 955], [60, 188, 316, 444, 572, 700, 828, 956], [61, 189, 317, 445, 573, 701, 829, 957], [62, 190, 318, 446, 574, 702, 830, 958], [63, 191, 319, 447, 575, 703, 831, 959], [64, 192,WARNING: Logging before InitGoogleLogging() is written to STDERR
W0304 14:39:15.853376 1739973 ProcessGroupNCCL.cpp:4834] [PG ID 0 PG GUID 0 Rank 309]  using GPU 5 as device used by this process is currently unknown. This can potentially cause a hang if this rank to GPU mapping is incorrect. You can pecify device_id in init_process_group() to force use of a particular device.
WARNING: Logging before InitGoogleLogging() is written to STDERR
W0304 14:39:15.853195 1917525 ProcessGroupNCCL.cpp:4834] [PG ID 0 PG GUID 0 Rank 341]  using GPU 5 as device used by this process is currently unknown. This can potentially cause a hang if this rank to GPU mapping is incorrect. You can pecify device_id in init_process_group() to force use of a particular device.
 320, 448, 576, 704, 832, 960], [65, 193, 321, 449, 577, 705, 833, 961], [66, 194, 322, 450, 578, 706, 834, 962], [67, 195, 323, 451, 579, 707, 835, 963], [68, 196, 324, 452, 580, 708, 836, 964], [69, 197, 325, 453, 581, 709, 837, 965], [70, 198, 326, 454, 582, 710, 838, 966], [71, 199, 327, 455, 583, 711, 839, 967], [72, 200, 328, 456, 584, 712, 840, 968], [73, 201, 329, 457, 585, 713, 841, 969], [74, 202, 330, 458, 586, 714, 842, 970], [75, 203, 331, 459, 587, 715, 843, 971], [76, 204, 332, 460, 588, 716, 844, 972], [77, 205, 333, 461, 589, 717, 845, 973], [78, 206, 334, 462, 590, 718, 846, 974], [79, 207, 335, 463, 591, 719, 847, 975], [80, 208, 336, 464, 592, 720, 848, 976], [81, 209, 337, 465, 593, 721, 849, 977], [82, 210, 338, 466, 594, 722, 850, 978], [83, 211, 339, 467, 595, 723, 851, 979], [84, 212, 340, 468, 596, 724, 852, 980], [85, 213, 341, 469, 597, 725, 853, 981], [86, 214, 342, 470, 598, 726, 854, 982], [87, 215, 343, 471, 599, 727, 855, 983], [88, 216, 344, 472, 600, 728, 856, 984], [89, 217, 345, 473, 601, 729, 857, 985], [90, 218, 346, 474, 602, 730, 858, 986], [91, 219, 347, 475, 603, 731, 859, 987], [92, 220, 348, 476, 604, 732, 860, 988], [93, 221, 349, 477, 605, 733, 861, 989], [94, 222, 350, 478, 606, 734, 862, 990], [95, 223, 351, 479, 607, 735, 863, 991], [96, 224, 352, 480, 608, 736, 864, 992], [97, 225, 353, 481, 609, 737, 865, 993], [98, 226, 354, 482, 610, 738, 866, 994], [99, 227, 355, 483, 611, 739, 867, 995], [100, 228, 356, 484, 612, 740, 868, 996], [101, 229, 357, 485, 613, 741, 869, 997], [102, 230, 358, 486, 614, 742, 870, 998], [103, 231, 359, 487, 615, 743, 871, 999], [104, 232, 360, 488, 616, 744, 872, 1000], [105, 233, 361, 489, 617, 745, 873, 1001], [106, 234, 362, 490, 618, 746, 874, 1002], [107, 235, 363, 491, 619, 747, 875, 1003], [108, 236, 364, 492, 620, 748, 876, 1004], [109, 237, 365, 493, 621, 749, 877, 1005], [110, 238, 366, 494, 622, 750, 878, 1006], [111, 239, 367, 495, 623, 751, 879, 1007], [112, 240, 368, 496, 624, 752, 880, 1008], [113, 241, 369, 497, 625, 753, 881, 1009], [114, 242, 370, 498, 626, 754, 882, 1010], [115, 243, 371, 499, 627, 755, 883, 1011], [116, 244, 372, 500, 628, 756, 884, 1012], [117, 245, 373, 501, 629, 757, 885, 1013], [118, 246, 374, 502, 630, 758, 886, 1014], [119, 247, 375, 503, 631, 759, 887, 1015], [120, 248, 376, 504, 632, 760, 888, 1016], [121, 249, 377, 505, 633, 761, 889, 1017], [122, 250, 378, 506, 634, 762, 890, 1018], [123, 251, 379, 507, 635, 763, 891, 1019], [124, 252, 380, 508, 636, 764, 892, 1020], [125, 253, 381, 509, 637, 765, 893, 1021], [126, 254, 382, 510, 638, 766, 894, 1022], [127, 255, 383, 511, 639, 767, 895, 1023]]
dp_group: [[0, 4, 8, 12, 16, 20, 24, 28, 32, 36, 40, 44, 48, 52, 56, 60, 64, 68, 72, 76, 80, 84, 88, 92, 96, 100, 104, 108, 112, 116, 120, 124], [1, 5, 9, 13, 17, 21, 25, 29, 33, 37, 41, 45, 49, 53, 57, 61, 65, 69, 73, 77, 81, 85, 89, 93, 97, 101, 105, 109, 113, 117, 121, 125], [2, 6, 10, 14, 18, 22, 26, 30, 34, 38, 42, 46, 50, 54, 58, 62, 66, 70, 74, 78, 82, 86, 90, 94, 98, 102, 106, 110, 114, 118, 122, 126], [3, 7, 11, 15, 19, 23, 27, 31, 35, 39, 43, 47, 51, 55, 59, 63, 67, 71, 75, 79, 83, 87, 91, 95, 99, 103, 107, 111, 115, 119, 123, 127], [128, 132, 136, 140, 144, 148, 152, 156, 160, 164, 168, 172, 176, 180, 184, 188, 192, 196, 200, 204, 208, 212, 216, 220, 224, 228, 232, 236, 240, 244, 248, 252], [129, 133, 137, 141, 145, 149, 153, 157, 161, 165, 169, 173, 177, 181, 185, 189, 193, 197, 201, 205, 209, 213, 217, 221, 225, 229, 233, 237, 241, 245, 249, 253], [130, 134, 138, 142, 146, 150, 154, 158, 162, 166, 170, 174, 178, 182, 186, 190, 194, 198, 202, 206, 210, 214, 218, 222, 226, 230, 234, 238, 242, 246, 250, 254], [131, 135, 139, 143, 147, 151, 155, 159, 163, 167, 171, 175, 179, 183, 187, 191, 195, 199, 203, 207, 211, 215, 219, 223, 227, 231, 235, 239, 243, 247, 251, 255], [256, 260, 264, 268, 272, 276, 280, 284, 288, 292, 296, 300, 304, 308, 312, 316, 320, 324, 328, 332, 336, 340, 344, 348, 352, 356, 360, 364, 368, 372, 376, 380], [257, 261, 265, 269, 273, 277, 281, 285, 289, 293, 297, 301, 305, 309, 313, 317, 321, 325, 329, 333, 337, 341, 345, 349, 353, 357, 361, 365, 369, 373, 377, 381], [258, 262, 266, 270, 274, 278, 282, 286, 290, 294, 298, 302, 306, 310, 314, 318, 322, 326, 330, 334, 338, 342, 346, 350, 354, 358, 362, 366, 370, 374, 378, 382], [259, 263, 267, 271, 275, 279, 283, 287, 291, 295, 299, 303, 307, 311, 315, 319, 323, 327, 331, 335, 339, 343, 347, 351, 355, 359, 363, 367, 371, 375, 379, 383], [384, 388, 392, 396, 400, 404, 408, 412, 416, 420, 424, 428, 432, 436, 440, 444, 448, 452, 456, 460, 464, 468, 472, 476, 480, 484, 488, 492, 496, 500, 504, 508], [385, 389, 393, 397, 401, 405, 409, 413, 417, 421, 425, 429, 433, 437, 441, 445, 449, 453, 457, 461, 465, 469, 473, 477, 481, 485, 489, 493, 497, 501, 505, 509], [386, 390, 394, 398, 402, 406, 410, 414, 418, 422, 426, 430, 434, 438, 442, 446, 450, 454, 458, 462, 466, 470, 474, 478, 482, 486, 490, 494, 498, 502, 506, 510], [387, 391, 395, 399, 403, 407, 411, 415, 419, 423, 427, 431, 435, 439, 443, 447, 451, 455, 459, 463, 467, 471, 475, 479, 483, 487, 491, 495, 499, 503, 507, 511], [512, 516, 520, 524, 528, 532, 536, 540, 544, 548, 552, 556, 560, 564, 568, 572, 576, 580, 584, 588, 592, 596, 600, 604, 608, 612, 616, 620, 624, 628, 632, 636], [513, 517, 521, 525, 529, 533, 537, 541, 545, 549, 553, 557, 561, 565, 569, 573, 577, 581, 585, 589, 593, 597, 601, 605, 609, 613, 617, 621, 625, 629, 633, 637], [514, 518, 522, 526, 530, 534, 538, 542, 546, 550, 554, 558, 562, 566, 570, 574, 578, 582, 586, 590, 594, 598, 602, 606, 610, 614, 618, 622, 626, 630, 634, 638], [515, 519, 523, 527, 531, 535, 539, 543, 547, 551, 555, 559, 563, 567, 571, 575, 579, 583, 587, 591, 595, 599, 603, 607, 611, 615, 619, 623, 627, 631, 635, 639], [640, 644, 648, 652, 656, 660, 664, 668, 672, 676, 680, 684, 688, 692, 696, 700, 704, 708, 712, 716, 720, 724, 728, 732, 736, 740, 744, 748, 752, 756, 760, 764], [641, 645, 649, 653, 657, 661, 665, 669, 673, 677, 681, 685, 689, 693, 697, 701, 705, 709, 713, 717, 721, 725, 729, 733, 737, 741, 745, 749, 753, 757, 761, 765], [642, 646, 650, 654, 658, 662, 666, 670, 674, 678, 682, 686, 690, 694, 698, 702, 706, 710, 714, 718, 722, 726, 730, 734, 738, 742, 746, 750, 754, 758, 762, 766], [643, 647, 651, 655, 659, 663, 667, 671, 675, 679, 683, 687, 691, 695, 699, 703, 707, 711, 715, 719, 723, 727, 731, 735, 739, 743, 747, 751, 755, 759, 763, 767], [768, 772, 776, 780, 784, 788, 792, 796, 800, 804, 808, 812, 816, 820, 824, 828, 832, 836, 840, 844, 848, 852, 856, 860, 864, 868, 872, 876, 880, 884, 888, 892], [769, 773, 777, 781, 785, 789, 793, 797, 801, 805, 809, 813, 817, 821, 825, 829, 833, 837, 841, 845, 849, 853, 857, 861, 865, 869, 873, 877, 881, 885, 889, 893], [770, 774, 778, 782, 786, 790, 794, 798, 802, 806, 810, 814, 818, 822, 826, 830, 834, 838, 842, 846, 850, 854, 858, 862, 866, 870, 874, 878, 882, 886, 890, 894], [771, 775, 779, 783, 787, 791, 795, 799, 803, 807, 811, 815, 819, 823, 827, 831, 835, 839, 843, 847, 851, 855, 859, 863, 867, 871, 875, 879, 883, 887, 891, 895], [896, 900, 904, 908, 912, 916, 920, 924, 928, 932, 936, 940, 944, 948, 952, 956, 960, 964, 968, 972, 976, 980, 984, 988, 992, 996, 1000, 1004, 1008, 1012, 1016, 1020], [897, 901, 905, 909, 913, 917, 921, 925, 929, 933, 937, 941, 945, 949, 953, 957, 961, 965, 969, 973, 977, 981, 985, 989, 993, 997, 1001, 1005, 1009, 1013, 1017, 1021], [898, 902, 906, 910, 914, 918, 922, 926, 930, 934, 938, 942, 946, 950, 954, 958, 962, 966, 970, 974, 978, 982, 986, 990, 994, 998, 1002, 1006, 1010, 1014, 1018, 1022], [899, 903, 907, 911, 915, 919, 923, 927, 931, 935, 939, 943, 947, 951, 955, 959, 963, 967, 971, 975, 979, 983, 987, 991, 995, 999, 1003, 1007, 1011, 1015, 1019, 1023]]
ep_group: [[0, 1, 2, 3, 4, 5, 6, 7, 8, 9, 10, 11, 12, 13, 14, 15, 16, 17, 18, 19, 20, 21, 22, 23, 24, 25, 26, 27, 28, 29, 30, 31, 32, 33, 34, 35, 36, 37, 38, 39, 40, 41, 42, 43, 44, 45, 46, 47, 48, 49, 50, 51, 52, 53, 54, 55, 56, 57, 58, 59, 60, 61, 62, 63], [64, 65, 66, 67, 68, 69, 70, 71, 72, 73, 74, 75, 76, 77, 78, 79, 80, 81, 82, 83, 84, 85, 86, 87, 88, 89, 90, 91, 92, 93, 94, 95, 96, 97, 98, 99, 100, 101, WARNING: Logging before InitGoogleLogging() is written to STDERR
W0304 14:39:15.854030 1920337 ProcessGroupNCCL.cpp:4834] [PG ID 0 PG GUID 0 Rank 332]  using GPU 4 as device used by this process is currently unknown. This can potentially cause a hang if this rank to GPU mapping is incorrect. You can pecify device_id in init_process_group() to force use of a particular device.
WARNING: Logging before InitGoogleLogging() is written to STDERR
W0304 14:39:15.854063 2024182 ProcessGroupNCCL.cpp:4834] [PG ID 0 PG GUID 0 Rank 269]  using GPU 5 as device used by this process is currently unknown. This can potentially cause a hang if this rank to GPU mapping is incorrect. You can pecify device_id in init_process_group() to force use of a particular device.
WARNING: Logging before InitGoogleLogging() is written to STDERR
W0304 14:39:15.854090 2112869 ProcessGroupNCCL.cpp:4834] [PG ID 0 PG GUID 0 Rank 261]  using GPU 5 as device used by this process is currently unknown. This can potentially cause a hang if this rank to GPU mapping is incorrect. You can pecify device_id in init_process_group() to force use of a particular device.
102, 103, 104, 105, 106, 107, 108, 109, 110, 111, 112, 113, 114, 115, 116, 117, 118, 119, 120, 121, 122, 123, 124, 125, 126, 127], [128, 129, 130, 131, 132, 133, 134, 135, 136, 137, 138, 139, 140, 141, 142, 143, 144, 145, 146, 147, 148, 149, 150, 151, 152, 153, 154, 155, 156, 157, 158, 159, 160, 161, 162, 163, 164, 165, 166, 167, 168, 169, 170, 171, 172, 173, 174, 175, 176, 177, 178, 179, 180, 181, 182, 183, 184, 185, 186, 187, 188, 189, 190, 191], [192, 193, 194, 195, 196, 197, 198, 199, 200, 201, 202, 203, 204, 205, 206, 207, 208, 209, 210, 211, 212, 213, 214, 215, 216, 217, 218, 219, 220, 221, 222, 223, 224, 225, 226, 227, 228, 229, 230, 231, 232, 233, 234, 235, 236, 237, 238, 239, 240, 241, 242, 243, 244, 245, 246, 247, 248, 249, 250, 251, 252, 253, 254, 255], [256, 257, 258, 259, 260, 261, 262, 263, 264, 265, 266, 267, 268, 269, 270, 271, 272, 273, 274, 275, 276, 277, 278, 279, 280, 281, 282, 283, 284, 285, 286, 287, 288, 289, 290, 291, 292, 293, 294, 295, 296, 297, 298, 299, 300, 301, 302, 303, 304, 305, 306, 307, 308, 309, 310, 311, 312, 313, 314, 315, 316, 317, 318, 319], [320, 321, 322, 323, 324, 325, 326, 327, 328, 329, 330, 331, 332, 333, 334, 335, 336, 337, 338, 339, 340, 341, 342, 343, 344, 345, 346, 347, 348, 349, 350, 351, 352, 353, 354, 355, 356, 357, 358, 359, 360, 361, 362, 363, 364, 365, 366, 367, 368, 369, 370, 371, 372, 373, 374, 375, 376, 377, 378, 379, 380, 381, 382, 383], [384, 385, 386, 387, 388, 389, 390, 391, 392, 393, 394, 395, 396, 397, 398, 399, 400, 401, 402, 403, 404, 405, 406, 407, 408, 409, 410, 411, 412, 413, 414, 415, 416, 417, 418, 419, 420, 421, 422, 423, 424, 425, 426, 427, 428, 429, 430, 431, 432, 433, 434, 435, 436, 437, 438, 439, 440, 441, 442, 443, 444, 445, 446, 447], [448, 449, 450, 451, 452, 453, 454, 455, 456, 457, 458, 459, 460, 461, 462, 463, 464, 465, 466, 467, 468, 469, 470, 471, 472, 473, 474, 475, 476, 477, 478, 479, 480, 481, 482, 483, 484, 485, 486, 487, 488, 489, 490, 491, 492, 493, 494, 495, 496, 497, 498, 499, 500, 501, 502, 503, 504, 505, 506, 507, 508, 509, 510, 511], [512, 513, 514, 515, 516, 517, 518, 519, 520, 521, 522, 523, 524, 525, 526, 527, 528, 529, 530, 531, 532, 533, 534, 535, 536, 537, 538, 539, 540, 541, 542, 543, 544, 545, 546, 547, 548, 549, 550, 551, 552, 553, 554, 555, 556, 557, 558, 559, 560, 561, 562, 563, 564, 565, 566, 567, 568, 569, 570, 571, 572, 573, 574, 575], [576, 577, 578, 579, 580, 581, 582, 583, 584, 585, 586, 587, 588, 589, 590, 591, 592, 593, 594, 595, 596, 597, 598, 599, 600, 601, 602, 603, 604, 605, 606, 607, 608, 609, 610, 611, 612, 613, 614, 615, 616, 617, 618, 619, 620, 621, 622, 623, 624, 625, 626, 627, 628, 629, 630, 631, 632, 633, 634, 635, 636, 637, 638, 639], [640, 641, 642, 643, 644, 645, 646, 647, 648, 649, 650, 651, 652, 653, 654, 655, 656, 657, 658, 659, 660, 661, 662, 663, 664, 665, 666, 667, 668, 669, 670, 671, 672, 673, 674, 675, 676, 677, 678, 679, 680, 681, 682, 683, 684, 685, 686, 687, 688, 689, 690, 691, 692, 693, 694, 695, 696, 697, 698, 699, 700, 701, 702, 703], [704, 705, 706, 707, 708, 709, 710, 711, 712, 713, 714, 715, 716, 717, 718, 719, 720, 721, 722, 723, 724, 725, 726, 727, 728, 729, 730, 731, 732, 733, 734, 735, 736, 737, 738, 739, 740, 741, 742, 743, 744, 745, 746, 747, 748, 749, 750, 751, 752, 753, 754, 755, 756, 757, 758, 759, 760, 761, 762, 763, 764, 765, 766, 767], [768, 769, 770, 771, 772, 773, 774, 775, 776, 777, 778, 779, 780, 781, 782, 783, 784, 785, 786, 787, 788, 789, 790, 791, 792, 793, 794, 795, 796, 797, 798, 799, 800, 801, 802, 803, 804, 805, 806, 807, 808, 809, 810, 811, 812, 813, 814, 815, 816, 817, 818, 819, 820, 821, 822, 823, 824, 825, 826, 827, 828, 829, 830, 831], [832, 833, 834, 835, 836, 837, 838, 839, 840, 841, 842, 843, 844, 845, 846, 847, 848, 849, 850, 851, 852, 853, 854, 855, 856, 857, 858, 859, 860, 861, 862, 863, 864, 865, 866, 867, 868, 869, 870, 871, 872, 873, 874, 875, 876, 877, 878, 879, 880, 881, 882, 883, 884, 885, 886, 887, 888, 889, 890, 891, 892, 893, 894, 895], [896, 897, 898, 899, 900, 901, 902, 903, 904, 905, 906, 907, 908, 909, 910, 911, 912, 913, 914, 915, 916, 917, 918, 919, 920, 921, 922, 923, 924, 925, 926, 927, 928, 929, 930, 931, 932, 933, 934, 935, 936, 937, 938, 939, 940, 941, 942, 943, 944, 945, 946, 947, 948, 949, 950, 951, 952, 953, 954, 955, 956, 957, 958, 959], [960, 961, 962, 963, 964, 965, 966, 967, 968, 969, 970, 971, 972, 973, 974, 975, 976, 977, 978, 979, 980, 981, 982, 983, 984, 985, 986, 987, 988, 989, 990, 991, 992, 993, 994, 995, 996, 997, 998, 999, 1000, 1001, 1002, 1003, 1004, 1005, 1006, 1007, 1008, 1009, 1010, 1011, 1012, 1013, 1014, 1015, 1016, 1017, 1018, 1019, 1020, 1021, 1022, 1023]]
etp_group: [[0], [1], [2], [3], [4], [5], [6], [7], [8], [9], [10], [11], [12], [13], [14], [15], [16], [17], [18], [19], [20], [21], [22], [23], [24], [25], [26], [27], [28], [29], [30], [31], [32], [33], [34], [35], [36], [37], [38], [39], [40], [41], [42], [43], [44], [45], [46], [47], [48], [49], [50], [51], [52], [53], [54], [55], [56], [57], [58], [59], [60], [61], [62], [63], [64], [65], [66], [67], [68], [69], [70], [71], [72], [73], [74], [75], [76], [77], [78], [79], [80], [81], [82], [83], [84], [85], [86], [87], [88], [89], [90], [91], [92], [93], [94], [95], [96], [97], [98], [99], [100], [101], [102], [103], [104], [105], [106], [107], [108], [109], [110], [111], [112], [113], [114], [115], [116], [117], [118], [119], [120], [121], [122], [123], [124], [125], [126], [127], [128], [129], [130], [131], [132], [133], [134], [135], [136], [137], [138], [139], [140], [141], [142], [143], [144], [145], [146], [147], [148], [149], [150], [151], [152], [153], [154], [155], [156], [157], [158], [159], [160], [161], [162], [163], [164], [165], [166], [167], [168], [169], [170], [171], [172], [173], [174], [175], [176], [177], [178], [179], [180], [181], [182], [183], [184], [185], [186], [187], [188], [189], [190], [191], [192], [193], [194], [195], [196], [197], [198], [199], [200], [201], [202], [203], [204], [205], [206], [207], [208], [209], [210], [211], [212], [213], [214], [215], [216], [217], [218], [219], [220], [221], [222], [223], [224], [225], [226], [227], [228], [229], [230], [231], [232], [233], [234], [235], [236], [237], [238], [239], [240], [241], [242], [243], [244], [245], [246], [247], [248], [249], [250], [251], [252], [253], [254], [255], [256], [257], [258], [259], [260], [261], [262], [263], [264], [265], [266], [267], [268], [269], [270], [271], [272], [273], [274], [275], [276], [277], [278], [279], [280], [281], [282], [283], [284], [285], [286], [287], [288], [289], [290], [291], [292], [293], [294], [295], [296], [297], [298], [299], [300], [301], [302], [303], [304], [305], [306], [307], [308], [309], [310], [311], [312], [313], [314], [315], [316], [317], [318], [319], [320], [321], [322], [323], [324], [325], [326], [327], [328], [329], [330], [331], [332], [333], [334], [335], [336], [337], [338], [339], [340], [341], [342], [343], [344], [345], [346], [347], [348], [349], [350], [351], [352], [353], [354], [355], [356], [357], [358], [359], [360], [361], [362], [363], [364], [365], [366], [367], [368], [369], [370], [371], [372], [373], [374], [375], [376], [377], [378], [379], [380], [381], [382], [383], [384], [385], [386], [387], [388], [389], [390], [391], [392], [393], [394], [395], [396], [397], [398], [399], [400], [401], [402], [403], [404], [405], [406], [407], [408], [409], [410], [411], [412], [413], [414], [415], [416], [417], [418], [419], [420], [421], [422], [423], [424], [425], [426], [427], [428], [429], [430], [431], [432], [433], [434], [435], [436], [437], [438], [439], [440], [441], [442], [443], [444], [445], [446], [447], [448], [449], [450], [451], [452], [453], [454], [455], [456], [457], [458], [459], [460], [461], [462], [463], [464], [465], [466], [467], [468], [469], [470], [471], [472], [473], [474], [475], [476], [477], [478], [479], [480], [481], [482], [483], [484], [485], [486], [487], [488], [489], [490], [491], [492], [493], [494], [495], [496], [497], [498], [499], [500], [501], [502], [503], [504], [505], [506], [507], [508], [509], [510], [511], [512], [513], [514], [515], [516], [517], [518], [519], [520], [521], [522], [523], [524], [525], [526], [527], [528], [529], [530], [531], [532], [533], [534], [535], [536], [537], [538], [539], [540], [541], [542], [543], [544], [545], [546], [547], [548], [549], [550], [551], [552], [553], [554], [555], [556], [557], [558], [559], [560], [561], [562], [563], [564], [565], [566], [567], [568], [569], [570], [571], [572], [573], [574], [575], [576], [577], [578], [579], [580], [581], [582], [583], [584], [585], [586], [587], [588], [589], [590], [591], [592], [593], [594], [595], [596], [597], [598], [599], [600], [601], [602], [603], [604], [605], [606], [607], [608], [609], [610], [611], [612], [613], [614], [615], [616], [617], [618], [619], [620], [621], [622], [623], [624], [625], [626], [627], [628], [629], [630], [631], [632], [633], [634], [635], [636], [637], [638], [639], [640], [641], [642], [643], [644], [645], [646], [647], [648], [649], [650], [651], [652], [653], [654], [655], [656], [657], [658], [659], [660], [661], [662], [663], [664], [665], [666], [667], [668], [669], [670], [671], [672], [673], [674], [675], [676], [677], [678], [679], [680], [681], [682], [683], [684], [685], [686], [687], [688], [689], [690], [691], [692], [693], [694], [695], [696], [697], [698], [699], [700], [701], [702], [703], [704], [705], [706], [707], [708], [709], [710], [711], [712], [713], [714], [715], [716], [717], [718], [719], [720], [721], [722], [723], [724], [725], [726], [727], [728], [729], [730], [731], [732], [733], [734], [735], [736], [737], [738], [739], [740], [741], [742], [743], [744], [745], [746], [747], [748], [749], [750], [751], [752], [753], [754], [755], [756], [757], [758], [759], [760], [761], [762], [763], [764], [765], [766], [767], [768], [769], [770], [771], [772], [773], [774], [775], [776], [777], [778], [779], [780], [781], [782], [783], [784], [785], [786], [787], [788], [789], [790], [791], [792], [793], [794], [795], [796], [797], [798], [799], [800], [801], [802], [803], [804], [805], [806], [807], [808], [809], [810], [811], [812], [813], [814], [815], [816], [817], [818], [819], [820], [821], [822], [823], [824], [825], [826], [827], [828], [829], [830], [831], [832], [833], [834], [835], [836], [837], [838], [839], [840], [841], [842], [843], [844], [845], [846], [847], [848], [849], [850], [851], [852], [853], [854], [855], [856], [857], [858], [859], [860], [861], [862], [863], [864], [865], [866], [867], [868], [869], [870], [871], [872], [873], [874], [875], [876], [877], [878], [879], [880], [881], [882], [883], [884], [885], [886], [887], [888], [889], [890], [891], [892], [893], [894], [895], [896], [897], [898], [899], [900], [901], [902], [903], [904], [905], [906], [907], [908], [909], [910], [911], [912], [913], [914], [915], [916], [917], [918], [919], [920], [921], [922], [923], [924], [925], [926], [927], [928], [929], [930], [931], [932], [933], [934], [935], [936], [937], [938], [939], [940], [941], [942], [943], [944], [945], [946], [947], [948], [949], [950], [951], [952], [953], [954], [955], [956], [957], [958], [959], [960], [961], [962], [963], [964], [965], [966], [967], [968], [969], [970], [971], [972], [973], [974], [975], [976], [977], [978], [979], [980], [981], [982], [983], [984], [985], [986], [987], [988], [989], [990], [991], [992], [993], [994], [995], [996], [997], [998], [999], [1000], [1001], [1002], [1003], [1004], [1005], [1006], [1007], [1008], [1009], [1010], [1011], [1012], [1013], [1014], [1015], [1016], [1017], [1018], [1019], [1020], [1021], [1022], [1023]]
edp_group: [[0, 64], [1, 65], [2, 66], [3, 67], [4, 68], [5, 69], [6, 70], [7, 71], [8, 72], [9, 73], [10, 74], [11, 75], [12, 76], [13, 77], [14, 78], [15, 79], [16, 80], [17, 81], [18, 82], [19, 83], [20, 84], [21, 85], [22, 86], [23, 87], [24, 88], [25, 89], [26, 90], [27, 91], [28, 92], [29, 93], [30, 94], [31, 95], [32, 96], [33, 97], [34, 98], [35, 99], [36, 100], [37, 101], [38, 102], [39, 103], [40, 104], [41, 105], [42, 106], [43, 107], [44, 108], [45, 109], [46, 110], [47, 111], [48, 112], [49, 113], [50, 114], [51, 115], [52, 116], [53, 117], [54, 118], [55, 119], [56, 120], [57, 121], [58, 122], [59, 123], [60, 124], [61, 125], [62, 126], [63, 127], [128, 192], [129, 193], [130, 194], [131, 195], [132, 196], [133, 197], [134, 198], [135, 199], [136, 200], [137, 201], [138, 202], [139, 203], [140, 204], [141, 205], [142, 206], [143, 207], [144, 208], [145, 209], [146, 210], [147, 211], [148, 212], [149, 213], [150, 214], [151, 215], [152, 216], [153, 217], [154, 218], [155, 219], [156, 220], [157, 221], [158, 222], [159, 223], [160, 224], [161, 225], [162, 226], [163, 227], [164, 228], [165, 229], [166, 230], [167, 231], [168, 232], [169, 233], [170, 234], [171, 235], [172, 236], [173, 237], [174, 238], [175, 239], [176, 240], [177, 241], [178, 242], [179, 243], [180, 244], [181, 245], [182, 246], [183, 247], [184, 248], [185, 249], [186, 250], [187, 251], [188, 252], [189, 253], [190, 254], [191, 255], [256, 320], [257, 321], [258, 322], [259, 323], [260, 324], [261, 325], [262, 326], [263, 327], [264, 328], [265, 329], [266, 330], [267, 331], [268, 332], [269, 333], [270, 334], [271, 335], [272, 336], [273, 337], [274, 338], [275, 339], [276, 340], [277, 341], [278, 342], [279, 343], [280, 344], [281, 345], [282, 346], [283, 347], [284, 348], [285, 349], [286, 350], [287, 351], [288, 352], [289, 353], [290, 354], [291, 355], [292, 356], [293, 357], [294, 358], [295, 359], [296, 360], [297, 361], [298, 362], [299, 363], [300, 364], [301, 365], [302, 366], [303, 367], [304, 368], [305, 369], [306, 370], [307, 371], [308, 372], [309, 373], [310, 374], [311, 375], [312, 376], [313, 377], [314, 378], [315, 379], [316, 380], [317, 381], [318, 382], [319, 383], [384, 448], [385, 449], [386, 450], [387, 451], [388, 452], [389, 453], [390, 454], [391, 455], [392, 456], [393, 457], [394, 458], [395, 459], [396, 460], [397, 461], [398, 462], [399, 463], [400, 464], [401, 465], [402, 466], [403, 467], [404, 468], [405, 469], [406, 470], [407, 471], [408, 472], [409, 473], [410, 474], [411, 475], [412, 476], [413, 477], [414, 478], [415, 479], [416, 480], [417, 481], [418, 482], [419, 483], [420, 484], [421, 485], [422, 486], [423, 487], [424, 488], [425, 489], [426, 490], [427, 491], [428, 492], [429, 493], [430, 494], [431, 495], [432, 496], [433, 497], [434, 498], [435, 499], [436, 500], [437, 501], [438, 502], [439, 503], [440, 504], [441, 505], [442, 506], [443, 507], [444, 508], [445, 509], [446, 510], [447, 511], [512, 576], [513, 577], [514, 578], [515, 579], [516, 580], [517, 581], [518, 582], [519, 583], [520, 584], [521, 585], [522, 586], [523, 587], [524, 588], [525, 589], [526, 590], [527, 591], [528, 592], [529, 593], [530, 594], [531, 595], [532, 596], [533, 597], [534, 598], [535, 599], [536, 600], [537, 601], [538, 602], [539, 603], [540, 604], [541, 605], [542, 606], [543, 607], [544, 608], [545, 609], [546, 610], [547, 611], [548, 612], [549, 613], [550, 614], [551, 615], [552, 616], [553, 617], [554, 618], [555, 619], [556, 620], [557, 621], [558, 622], [559, 623], [560, 624], [561, 625], [562, 626], [563, 627], [564, 628], [565, 629], [566, 630], [567, 631], [568, 632], [569, 633], [570, 634], [571, 635], [572, 636], [573, 637], [574, 638], [575, 639], [640, 704], [641, 705], [642, 706], [643, 707], [644, 708], [645, 709], [646, 710], [647, 711], [648, 712], [649, 713], [650, 714], [651, 715], [652, 716], [653, 717], [654, 718], [655, 719], [656, 720], [657, 721], [658, 722], [659, 723], [660, 724], [661, 725], [662, 726], [663, 727], [664, 728], [665, 729], [666, 730], [667, 731], [668, 732], [669, 733], [670, 734], [671, 735], [672, 736], [673, 737], [674, 738], [675, 739], [676, 740], [677, 741], [678, 742], [679, 743], [680, 744], [681, 745], [682, 746], [683, 747], [684, 748], [685, 749], [686, 750], [687, 751], [688, 752], [689, 753], [690, 754], [691, 755], [692, 756], [693, 757], [694, 758], [695, 759], [696, 760], [697, 761], [698, 762], [699, 763], [700, 764], [701, 765], [702, 766], [703, 767], [768, 832], [769, 833], [770, 834], [771, 835], [772, 836], [773, 837], [774, 838], [775, 839], [776, 840], [777, 841], [778, 842], [779, 843], [780, 844], [781, 845], [782, 846], [783, 847], [784, 848], [785, 849], [786, 850], [787, 851], [788, 852], [789, 853], [790, 854], [791, 855], [792, 856], [793, 857], [794, 858], [795, 859], [796, 860], [797, 861], [798, 862], [799, 863], [800, 864], [801, 865], [802, 866], [803, 867], [804, 868], [805, 869], [806, 870], [807, 871], [808, 872], [809, 873], [810, 874], [811, 875], [812, 876], [813, 877], [814, 878], [815, 879], [816, 880], [817, 881], [818, 882], [819, 883], [820, 884], [821, 885], [822, 886], [823, 887], [824, 888], [825, 889], [826, 890], [827, 891], [828, 892], [829, 893], [830, 894], [831, 895], [896, 960], [897, 961], [898, 962], [899, 963], [900, 964], [901, 965], [902, 966], [903, 967], [904, 968], [905, 969], [906, 970], [907, 971], [908, 972], [909, 973], [910, 974], [911, 975], [912, 976], [913, 977], [914, 978], [915, 979], [916, 980], [917, 981], [918, 982], [919, 983], [920, 984], [921, 985], [922, 986], [923, 987], [924, 988], [925, 989], [926, 990], [927, 991], [928, 992], [929, 993], [930, 994], [931, 995], [932, 996], [933, 997], [934, 998], [935, 999], [936, 1000], [937, 1001], [938, 1002], [939, 1003], [940, 1004], [941, 1005], [942, 1006], [943, 1007], [944, 1008], [945, 1009], [946, 1010], [947, 1011], [948, 1012], [949, 1013], [950, 1014], [951, 1015], [952, 1016], [953, 1017], [954, 1018], [955, 1019], [956, 1020], [957, 1021], [958, 1022], [959, 1023]]
cp_group: [[0], [1], [2], [3], [4], [5], [6], [7], [8], [9], [10], [11], [12], [13], [14], [15], [16], [17], [18], [19], [20], [21], [22], [23], [24], [25], [26], [27], [28], [29], [30], [31], [32], [33], [34], [35], [36], [37], [38], [39], [40], [41], [42], [43], [44], [45], [46], [47], [48], [49], [50], [51], [52], [53], [54], [55], [56], [57], [58], [59], [60], [61], [62], [63], [64], [65], [66], [67], [68], [69], [70], [71], [72], [73], [74], [75], [76], [77], [78], [79], [80], [81], [82], [83], [84], [85], [86], [87], [88], [89], [90], [91], [92], [93], [94], [95], [96], [97], [98], [99], [100], [101], [102], [103], [104], [105], [106], [107], [108], [109], [110], [111], [112], [113], [114], [115], [116], [117], [118], [119], [120], [121], [122], [123], [124], [125], [126], [127], [128], [129], [130], [131], [132], [133], [134], [135], [136], [137], [138], [139], [140], [141], [142], [143], [144], [145], [146], [147], [148], [149], [150], [151], [152], [153], [154], [155], [156], [157], [158], [159], [160], [161], [162], [163], [164], [165], [166], [167], [168], [169], [170], [171], [172], [173], [174], [175], [176], [177], [178], [179], [180], [181], [182], [183], [184], [185], [186], [187], [188], [189], [190], [191], [192], [193], [194], [195], [196], [197], [198], [199], [200], [201], [202], [203], [204], [205], [206], [207], [208], [209], [210], [211], [212], [213], [214], [215], [216], [217], [218], [219], [220], [221], [222], [223], [224], [225], [226], [227], [228], [229], [230], [231], [232], [233], [234], [235], [236], [237], [238], [239], [240], [241], [242], [243], [244], [245], [246], [247], [248], [249], [250], [251], [252], [253], [254], [255], [256], [257], [258], [259], [260], [261], [262], [263], [264], [265], [266], [267], [268], [269], [270], [271], [272], [273], [274], [275], [276], [277], [278], [279], [280], [281], [282], [283], [284], [285], [286], [287], [288], [289], [290], [291], [292], [293], [294], [295], [296], [297], [298], [299], [300], [301], [302], [303], [304], [305], [306], [307], [308], [309], [310], [311], [312], [313], [314], [315], [316], [317], [318], [319], [320], [321], [322], [323], [324], [325], [326], [327], [328], [329], [330], [331], [332], [333], [334], [335], [336], [337], [338], [339], [340], [341], [342], [343], [344], [345], [346], [347], [348], [349], [350], [351], [352], [353], [354], [355], [356], [357], [358], [359], [360], [361], [362], [363], [364], [365], [366], [367], [368], [369], [370], [371], [372], [373], [374], [375], [376], [377], [378], [379], [380], [381], [382], [383], [384], [385], [386], [387], [388], [389], [390], [391], [392], [393], [394], [395], [396], [397], [398], [399], [400], [401], [402], [403], [404], [405], [406], [407], [408], [409], [410], [411], [412], [413], [414], [415], [416], [417], [418], [419], [420], [421], [422], [423], [424], [425], [426], [427], [428], [429], [430], [431], [432], [433], [434], [435], [436], [437], [438], [439], [440], [441], [442], [443], [444], [445], [446], [447], [448], [449], [450], [451], [452], [453], [454], [455], [456], [457], [458], [459], [460], [461], [462], [463], [464], [465], [466], [467], [468], [469], [470], [471], [472], [473], [474], [475], [476], [477], [478], [479], [480], [481], [482], [483], [484], [485], [486], [487], [488], [489], [490], [491], [492], [493], [494], [495], [496], [497], [498], [499], [500], [501], [502], [503], [504], [505], [506], [507], [508], [509], [510], [511], [512], [513], [514], [515], [516], [517], [518], [519], [520], [521], [522], [523], [524], [525], [526], [527], [528], [529], [530], [531], [532], [533], [534], [535], [536], [537], [538], [539], [540], [541], [542], [543], [544], [545], [546], [547], [548], [549], [550], [551], [552], [553], [554], [555], [556], [557], [558], [559], [560], [561], [562], [563], [564], [565], [566], [567], [568], [569], [570], [571], [572], [573], [574], [575], [576], [577], [578], [579], [580], [581], [582], [583], [584], [585], [586], [587], [588], [589], [590], [591], [592], [593], [594], [595], [596], [597], [598], [5WARNING: Logging before InitGoogleLogging() is written to STDERR
W0304 14:39:15.854327 1919332 ProcessGroupNCCL.cpp:4834] [PG ID 0 PG GUID 0 Rank 380]  using GPU 4 as device used by this process is currently unknown. This can potentially cause a hang if this rank to GPU mapping is incorrect. You can pecify device_id in init_process_group() to force use of a particular device.
99], [600], [601], [602], [603], [604], [605], [606], [607], [608], [609], [610], [611], [612], [613], [614], [615], [616], [617], [618], [619], [620], [621], [622], [623], [624], [625], [626], [627], [628], [629], [630], [631], [632], [633], [634], [635], [636], [637], [638], [639], [640], [641], [642], [643], [644], [645], [646], [647], [648], [649], [650], [651], [652], [653], [654], [655], [656], [657], [658], [659], [660], [661], [662], [663], [664], [665], [666], [667], [668], [669], [670], [671], [672], [673], [674], [675], [676], [677], [678], [679], [680], [681], [682], [683], [684], [685], [686], [687], [688], [689], [690], [691], [692], [693], [694], [695], [696], [697], [698], [699], [700], [701], [702], [703], [704], [705], [706], [707], [708], [709], [710], [711], [712], [713], [714], [715], [716], [717], [718], [719], [720], [721], [722], [723], [724], [725], [726], [727], [728], [729], [730], [731], [732], [733], [734], [735], [736], [737], [738], [739], [740], [741], [742], [743], [744], [745], [746], [747], [748], [749], [750], [751], [752], [753], [754], [755], [756], [757], [758], [759], [760], [761], [762], [763], [764], [765], [766], [767], [768], [769], [770], [771], [772], [773], [774], [775], [776], [777], [778], [779], [780], [781], [782], [783], [784], [785], [786], [787], [788], [789], [790], [791], [792], [793], [794], [795], [796], [797], [798], [799], [800], [801], [802], [803], [804], [805], [806], [807], [808], [809], [810], [811], [812], [813], [814], [815], [816], [817], [818], [819], [820], [821], [822], [823], [824], [825], [826], [827], [828], [829], [830], [831], [832], [833], [834], [835], [836], [837], [838], [839], [840], [841], [842], [843], [844], [845], [846], [847], [848], [849], [850], [851], [852], [853], [854], [855], [856], [857], [858], [859], [860], [861], [862], [863], [864], [865], [866], [867], [868], [869], [870], [871], [872], [873], [874], [875], [876], [877], [878], [879], [880], [881], [882], [883], [884], [885], [886], [887], [888], [889], [890], [891], [892], [893], [894], [895], [896], [897], [898], [899], [900], [901], [902], [903], [904], [905], [906], [907], [908], [909], [910], [911], [912], [913], [914], [915], [916], [917], [918], [919], [920], [921], [922], [923], [924], [925], [926], [927], [928], [929], [930], [931], [932], [933], [934], [935], [936], [937], [938], [939], [940], [941], [942], [943], [944], [945], [946], [947], [948], [949], [950], [951], [952], [953], [954], [955], [956], [957], [958], [959], [960], [961], [962], [963], [964], [965], [966], [967], [968], [969], [970], [971], [972], [973], [974], [975], [976], [977], [978], [979], [980], [981], [982], [983], [984], [985], [986], [987], [988], [989], [990], [991], [992], [993], [994], [995], [996], [997], [998], [999], [1000], [1001], [1002], [1003], [1004], [1005], [1006], [1007], [1008], [1009], [1010], [1011], [1012], [1013], [1014], [1015], [1016], [1017], [1018], [1019], [1020], [1021], [1022], [1023]]
WARNING: Logging before InitGoogleLogging() is written to STDERR
W0304 14:39:15.854324 2024774 ProcessGroupNCCL.cpp:4834] [PG ID 0 PG GUID 0 Rank 273]  using GPU 1 as device used by this process is currently unknown. This can potentially cause a hang if this rank to GPU mapping is incorrect. You can pecify device_id in init_process_group() to force use of a particular device.
tp-cp_group: [[0, 1, 2, 3], [4, 5, 6, 7], [8, 9, 10, 11], [12, 13, 14, 15], [16, 17, 18, 19], [20, 21, 22, 23], [24, 25, 26, 27], [28, 29, 30, 31], [32, 33, 34, 35], [36, 37, 38, 39], [40, 41, 42, 43], [44, 45, 46, 47], [48, 49, 50, 51], [52, 53, 54, 55], [56, 57, 58, 59], [60, 61, 62, 63], [64, 65, 66, 67], [68, 69, 70, 71], [72, 73, 74, 75], [76, 77, 78, 79], [80, 81, 82, 83], [84, 85, 86, 87], [88, 89, 90, 91], [92, 93, 94, 95], [96, 97, 98, 99], [100, 101, 102, 103], [104, 105, 106, 107], [108, 109, 110, 111], [112, 113, 114, 115], [116, 117, 118, 119], [120, 121, 122, 123], [124, 125, 126, 127], [128, 129, 130, 131], [132, 133, 134, 135], [136, 137, 138, 139], [140, 141, 142, 143], [144, 145, 146, 147], [148, 149, 150, 151], [152, 153, 154, 155], [156, 157, 158, 159], [160, 161, 162, 163], [164, 165, 166, 167], [168, 169, 170, 171], [172, 173, 174, 175], [176, 177, 178, 179], [180, 181, 182, 183], [184, 185, 186, 187], [188, 189, 190, 191], [192, 193, 194, 195], [196, 197, 198, 199], [200, 201, 202, 203], [204, 205, 206, 207], [208, 209, 210, 211], [212, 213, 214, 215], [216, 217, 218, 219], [220, 221, 222, 223], [224, 225, 226, 227], [228, 229, 230, 231], [232, 233, 234, 235], [236, 237, 238, 239], [240, 241, 242, 243], [244, 245, 246, 247], [248, 249, 250, 251], [252, 253, 254, 255], [256, 257, 258, 259], [260, 261, 262, 263], [264, 265, 266, 267], [268, 269, 270, 271], [272, 273, 274, 275], [276, 277, 278, 279], [280, 281, 282, 283], [284, 285, 286, 287], [288, 289, 290, 291], [292, 293, 294, 295], [296, 297, 298, 299], [300, 301, 302, 303], [304, 305, 306, 307], [308, 309, 310, 311], [312, 313, 314, 315], [316, 317, 318, 319], [320, 321, 322, 323], [324, 325, 326, 327], [328, 329, 330, 331], [332, 333, 334, 335], [336, 337, 338, 339], [340, 341, 342, 343], [344, 345, 346, 347], [348, 349, 350, 351], [352, 353, 354, 355], [356, 357, 358, 359], [360, 361, 362, 363], [364, 365, 366, 367], [368, 369, 370, 371], [372, 373, 374, 375], [376, 377, 378, 379], [380, 381, 382, 383], [384, 385, 386, 387], [388, 389, 390, 391], [392, 393, 394, 395], [396, 397, 398, 399], [400, 401, 402, 403], [404, 405, 406, 407], [408, 409, 410, 411], [412, 413, 414, 415], [416, 417, 418, 419], [420, 421, 422, 423], [424, 425, 426, 427], [428, 429, 430, 431], [432, 433, 434, 435], [436, 437, 438, 439], [440, 441, 442, 443], [444, 445, 446, 447], [448, 449, 450, 451], [452, 453, 454, 455], [456, 457, 458, 459], [460, 461, 462, 463], [464, 465, 466, 467], [468, 469, 470, 471], [472, 473, 474, 475], [476, 477, 478, 479], [480, 481, 482, 483], [484, 485, 486, 487], [488, 489, 490, 491], [492, 493, 494, 495], [496, 497, 498, 499], [500, 501, 502, 503], [504, 505, 506, 507], [508, 509, 510, 511], [512, 513, 514, 515], [516, 517, 518, 519], [520, 521, 522, 523], [524, 525, 526, 527], [528, 529, 530, 531], [532, 533, 534, 535], [536, 537, 538, 539], [540, 541, 542, 543], [544, 545, 546, 547], [548, 549, 550, 551], [552, 553, 554, 555], [556, 557, 558, 559], [560, 561, 562, 563], [564, 565, 566, 567], [568, 569, 570, 571], [572, 573, 574, 575], [576, 577, 578, 579], [580, 581, 582, 583], [584, 585, 586, 587], [588, 589, 590, 591], [592, 593, 594, 595], [596, 597, 598, 599], [600, 601, 602, 603], [604, 605, 606, 607], [608, 609, 610, 611], [612, 613, 614, 615], [616, 617, 618, 619], [620, 621, 622, 623], [624, 625, 626, 627], [628, 629, 630, 631], [632, 633, 634, 635], [636, 637, 638, 639], [640, 641, 642, 643], [644, 645, 646, 647], [648, 649, 650, 651], [652, 653, 654, 655], [656, 657, 658, 659], [660, 661, 662, 663], [664, 665, 666, 667], [668, 669, 670, 671], [672, 673, 674, 675], [676, 677, 678, 679], [680, 681, 682, 683], [684, 685, 686, 687], [688, 689, 690, 691], [692, 693, 694, 695], [696, 697, 698, 699], [700, 701, 702, 703], [704, 705, 706, 707], [708, 709, 710, 711], [712, 713, 714, 715], [716, 717, 718, 719], [720, 721, 722, 723], [724, 725, 726, 727], [728, 729, 730, 731], [732, 733, 734, 735], [736, 737, 738, 739], [740, 741, 742, 743], [744, 745, 746, 747], [748, 749, 750, 751], [752, 753, 754, 755], [756, 757, 758, 759], [760, 761, WARNING: Logging before InitGoogleLogging() is written to STDERR
W0304 14:39:15.854899 1914163 ProcessGroupNCCL.cpp:4834] [PG ID 0 PG GUID 0 Rank 320]  using GPU 0 as device used by this process is currently unknown. This can potentially cause a hang if this rank to GPU mapping is incorrect. You can pecify device_id in init_process_group() to force use of a particular device.
WARNING: Logging before InitGoogleLogging() is written to STDERR
W0304 14:39:15.855125 1920133 ProcessGroupNCCL.cpp:4834] [PG ID 0 PG GUID 0 Rank 333]  using GPU 5 as device used by this process is currently unknown. This can potentially cause a hang if this rank to GPU mapping is incorrect. You can pecify device_id in init_process_group() to force use of a particular device.
WARNING: Logging before InitGoogleLogging() is written to STDERR
W0304 14:39:15.855453 2112854 ProcessGroupNCCL.cpp:4834] [PG ID 0 PG GUID 0 Rank 256]  using GPU 0 as device used by this process is currently unknown. This can potentially cause a hang if this rank to GPU mapping is incorrect. You can pecify device_id in init_process_group() to force use of a particular device.
WARNING: Logging before InitGoogleLogging() is written to STDERR
W0304 14:39:15.855609 1739881 ProcessGroupNCCL.cpp:4834] [PG ID 0 PG GUID 0 Rank 304]  using GPU 0 as device used by this process is currently unknown. This can potentially cause a hang if this rank to GPU mapping is incorrect. You can pecify device_id in init_process_group() to force use of a particular device.
WARNING: Logging before InitGoogleLogging() is written to STDERR
W0304 14:39:15.855659 1920367 ProcessGroupNCCL.cpp:4834] [PG ID 0 PG GUID 0 Rank 352]  using GPU 0 as device used by this process is currently unknown. This can potentially cause a hang if this rank to GPU mapping is incorrect. You can pecify device_id in init_process_group() to force use of a particular device.
762, 763], [764, 765, 766, 767], [768, 769, 770, 771], [772, 773, 774, 775], [776, 777, 778, 779], [780, 781, 782, 783], [784, 785, 786, 787], [788, 789, 790, 791], [792, 793, 794, 795], [796, 797, 798, 799], [800, 801, 802, 803], [804, 805, 806, 807], [808, 809, 810, 811], [812, 813, 814, 815], [816, 817, 818, 819], [820, 821, 822, 823], [824, 825, 826, 827], [828, 829, 830, 831], [832, 833, 834, 835], [836, 837, 838, 839], [840, 841, 842, 843], [844, 845, 846, 847], [848, 849, 850, 851], [852, 853, 854, 855], [856, 857, 858, 859], [860, 861, 862, 863], [864, 865, 866, 867], [868, 869, 870, 871], [872, 873, 874, 875], [876, 877, 878, 879], [880, 881, 882, 883], [884, 885, 886, 887], [888, 889, 890, 891], [892, 893, 894, 895], [896, 897, 898, 899], [900, 901, 902, 903], [904, 905, 906, 907], [908, 909, 910, 911], [912, 913, 914, 915], [916, 917, 918, 919], [920, 921, 922, 923], [924, 925, 926, 927], [928, 929, 930, 931], [932, 933, 934, 935], [936, 937, 938, 939], [940, 941, 942, 943], [944, 945, 946, 947], [948, 949, 950, 951], [952, 953, 954, 955], [956, 957, 958, 959], [960, 961, 962, 963], [964, 965, 966, 967], [968, 969, 970, 971], [972, 973, 974, 975], [976, 977, 978, 979], [980, 981, 982, 983], [984, 985, 986, 987], [988, 989, 990, 991], [992, 993, 994, 995], [996, 997, 998, 999], [1000, 1001, 1002, 1003], [1004, 1005, 1006, 1007], [1008, 1009, 1010, 1011], [1012, 1013, 1014, 1015], [1016, 1017, 1018, 1019], [1020, 1021, 1022, 1023]]
WARNING: Logging before InitGoogleLogging() is written to STDERR
W0304 14:39:15.855790 1923237 ProcessGroupNCCL.cpp:4834] [PG ID 0 PG GUID 0 Rank 312]  using GPU 0 as device used by this process is currently unknown. This can potentially cause a hang if this rank to GPU mapping is incorrect. You can pecify device_id in init_process_group() to force use of a particular device.
WARNING: Logging before InitGoogleLogging() is written to STDERR
W0304 14:39:15.855878 2025450 ProcessGroupNCCL.cpp:4834] [PG ID 0 PG GUID 0 Rank 285]  using GPU 5 as device used by this process is currently unknown. This can potentially cause a hang if this rank to GPU mapping is incorrect. You can pecify device_id in init_process_group() to force use of a particular device.
WARNING: Logging before InitGoogleLogging() is written to STDERR
W0304 14:39:15.855978 1923345 ProcessGroupNCCL.cpp:4834] [PG ID 0 PG GUID 0 Rank 316]  using GPU 4 as device used by this process is currently unknown. This can potentially cause a hang if this rank to GPU mapping is incorrect. You can pecify device_id in init_process_group() to force use of a particular device.
WARNING: Logging before InitGoogleLogging() is written to STDERR
W0304 14:39:15.855968 2024739 ProcessGroupNCCL.cpp:4834] [PG ID 0 PG GUID 0 Rank 276]  using GPU 4 as device used by this process is currently unknown. This can potentially cause a hang if this rank to GPU mapping is incorrect. You can pecify device_id in init_process_group() to force use of a particular device.
WARNING: Logging before InitGoogleLogging() is written to STDERR
W0304 14:39:15.856092 1919129 ProcessGroupNCCL.cpp:4834] [PG ID 0 PG GUID 0 Rank 368]  using GPU 0 as device used by this process is currently unknown. This can potentially cause a hang if this rank to GPU mapping is incorrect. You can pecify device_id in init_process_group() to force use of a particular device.
WARNING: Logging before InitGoogleLogging() is written to STDERR
W0304 14:39:15.856140 1917421 ProcessGroupNCCL.cpp:4834] [PG ID 0 PG GUID 0 Rank 337]  using GPU 1 as device used by this process is currently unknown. This can potentially cause a hang if this rank to GPU mapping is incorrect. You can pecify device_id in init_process_group() to force use of a particular device.
embd-pp_group: [[0, 896], [1, 897], [2, 898], [3, 899], [4, 900], [5, 901], [6, 902], [7, 903], [8, 904], [9, 905], [10, 906], [11, 907], [12, 908], [13, 909], [14, 910], [15, 911], [16, 912], [17, 913], [18, 914], [19, 915], [20, 916], [21, 917], [22, 918], [23, 919], [24, 920], [25, 921], [26, 922], [27, 923], [28, 924], [29, 925], [30, 926], [31, 927], [32, 928], [33, 929], [34, 930], [35, 931], [36, 932], [37, 933], [38, 934], [39, 935], [40, 936], [41, 937], [42, 938], [43, 939], [44, 940], [45, 941], [46, 942], [47, 943], [48, 944], [49, 945], [50, 946], [51, 947], [52, 948], [53, 949], [54, 950], [55, 951], [56, 952], [57, 953], [58, 954], [59, 955], [60, 956], [61, 957], [62, 958], [63, 959], [64, 960], [65, 961], [66, 962], [67, 963], [68, 964], [69, 965], [70, 966], [71, 967], [72, 968], [73, 969], [74, 970], [75, 971], [76, 972], [77, 973], [78, 974], [79, 975], [80, 976], [81, 977], [82, 978], [83, 979], [84, 980], [85, 981], [86, 982], [87, 983], [88, 984], [89, 985], [90, 986], [91, 987], [92, 988], [93, 989], [94, 990], [95, 991], [96, 992], [97, 993], [98, 994], [99, 995], [100, 996], [101, 997], [102, 998], [103, 999], [104, 1000], [105, 1001], [106, 1002], [107, 1003], [108, 1004], [109, 1005], [110, 1006], [111, 1007], [112, 1008], [113, 1009], [114, 1010], [115, 1011], [116, 1012], [117, 1013], [118, 1014], [119, 1015], [120, 1016], [121, 1017], [122, 1018], [123, 1019], [124, 1020], [125, 1021], [126, 1022], [127, 1023]]
pos_embd-pp_group: [[0], [1], [2], [3], [4], [5], [6], [7], [8], [9], [10], [11], [12], [13], [14], [15], [16], [17], [18], [19], [20], [21], [22], [23], [24], [25], [26], [27], [28], [29], [30], [31], [32], [33], [34], [35], [36], [37], [38], [39], [40], [41], [42], [43], [44], [45], [46], [47], [48], [49], [50], [51], [52], [53], [54], [55], [56], [57], [58], [59], [60], [61], [62], [63], [64], [65], [66], [67], [68], [69], [70], [71], [72], [73], [74], [75], [76], [77], [78], [79], [80], [81], [82], [83], [84], [85], [86], [87], [88], [89], [90], [91], [92], [93], [94], [95], [96], [97], [98], [99], [100], [101], [102], [103], [104], [105], [106], [107], [108], [109], [110], [111], [112], [113], [114], [115], [116], [117], [118], [119], [120], [121], [122], [123], [124], [125], [126], [127]]
tp-ep_group: [[0, 1, 2, 3, 4, 5, 6, 7, 8, 9, 10, 11, 12, 13, 14, 15, 16, 17, 18, 19, 20, 21, 22, 23, 24, 25, 26, 27, 28, 29, 30, 31, 32, 33, 34, 35, 36, 37, 38, 39, 40, 41, 42, 43, 44, 45, 46, 47, 48, 49, 50, 51, 52, 53, 54, 55, 56, 57, 58, 59, 60, 61, 62, 63], [64, 65, 66, 67, 68, 69, 70, 71, 72, 73, 74, 75, 76, 77, 78, 79, 80, 81, 82, 83, 84, 85, 86, 87, 88, 89, 90, 91, 92, 93, 94, 95, 96, 97, 98, 99, 100, 101, 102, 103, 104, 105, 106, 107, 108, 109, 110, 111, 112, 113, 114, 115, 116, 117, 118, 119, 120, 121, 122, 123, 124, 125, 126, 127], [128, 129, 130, 131, 132, 133, 134, 135, 136, 137, 138, 139, 140, 141, 142, 143, 144, 145, 146, 147, 148, 149, 150, 151, 152, 153, 154, 155, 156, 157, 158, 159, 160, 161, 162, 163, 164, 165, 166, 167, 168, 169, 170, 171, 172, 173, 174, 175, 176, 177, 178, 179, 180, 181, 182, 183, 184, 185, 186, 187, 188, 189, 190, 191], [192, 193, 194, 195, 196, 197, 198, 199, 200, 201, 202, 203, 204, 205, 206, 207, 208, 209, 210, 211, 212, 213, 214, 215, 216, 217, 218, 219, 220, 221, 222, 223, 224, 225, 226, 227, 228, 229, 230, 231, 232, 233, 234, 235, 236, 237, 238, 239, 240, 241, 242, 243, 244, 245, 246, 247, 248, 249, 250, 251, 252, 253, 254, 255], [256, 257, 258, 259, 260, 261, 262, 263, 264, 265, 266, 267, 268, 269, 270, 271, 272, 273, 274, 275, 276, 277, 278, 279, 280, 281, 282, 283, 284, 285, 286, 287, 288, 289, 290, 291, 292, 293, 294, 295, 296, 297, 298, 299, 300, 301, 302, 303, 304, 305, 306, 307, 308, 309, 310, 311, 312, 313, 314, 315, 316, 317, 318, 319], [320, 321, 322, 323, 324, 325, 326, 327, 328, 329, 330, 331, 332, 333, 334, 335, 336, 337, 338, 339, 340, 341, 342, 343, 344, 345, 346, 347, 348, 349, 350, 351, 352, 353, 354, 355, 356, 357, 358, 359, 360, 361, 362, 363, 364, 365, 366, 367, 368, 369, 370, 371, 372, 373, 374, 375, 376, 377, 378, 379, 380, 381, 382, 383], [384, 385, 386, 387, 388, 389, 390, 391, 392, 393, 394, 395, 396, 397, 398, 399, 400, 401, 402, 403, 404, 405, 406, 407, 408, 409, 410, 411, 412, 413, 414, 415, 416, 417, 418, 419, 420, 421, 422, 423, 424, 425, 426, 427, 428, 429, 430, 431, 432, 433, 434, 435, 436, 437, 438, 439, 440, 441, 442, 443, 444, 445, 446, 447], [448, 449, 450, 451, 452, 453, 454, 455, 456, 457, 458, 459, 460, 461, 462, 463, 464, 465, 466, 467, 468, 469, 470, 471, 472, 473, 474, 475, 476, 477, 478, 479, 480, 481, 482, 483, 484, 485, 486, 487, 488, 489, 490, 491, 492, 493, 494, 495, 496, 497, 498, 499, 500, 501, 502, 503, 504, 505, 506, 507, 508, 509, 510, 511], [512, 513, 514, 515, 516, 517, 518, 519, 520, 521, 522, 523, 524, 525, 526, 527, 528, 529, 530, 531, 532, 533, 534, 535, 536, 537, 538, 539, 540, 541, 542, 543, 544, 545, 546, 547, 548, 549, 550, 551, 552, 553, 554, 555, 556, 557, 558, 559, 560, 561, 562, 563, 564, 565, 566, 567, 568, 569, 570, 571, 572, 573, 574, 575], [576, 577, 578, 579, 580, 581, 582, 583, 584, 585, 586, 587, 588, 589, 590, 591, 592, 593, 594, 595, 596, 597, 598, 599, 600, 601, 602, 603, 604, 605, 606, 607, 608, 609, 610, 611, 612, 613, 614, 615, 616, 617, 618, 619, 620, 621, 622, 623, 624, 625, 626, 627, 628, 629, 630, 631, 632, 633, 634, 635, 636, 637, 638, 639], [640, 641, 642, 643, 644, 645, 646, 647, 648, 649, 650, 651, 652, 653, 654, 655, 656, 657, 658, 659, 660, 661, 662, 663, 664, 665, 666, 667, 668, 669, 670, 671, 672, 673, 674, 675, 676, 677, 678, 679, 680, 681, 682, 683, 684, 685, 686, 687, 688, 689, 690, 691, 692, 693, 694, 695, 696, 697, 698, 699, 700, 701, 702, 703], [704, 705, 706, 707, 708, 709, 710, 711, 712, 713, 714, 715, 716, 717, 718, 719, 720, 721, 722, 723, 724, 725, 726, 727, 728, 729, 730, 731, 732, 733, 734, 735, 736, 737, 738, 739, 740, 741, 742, 743, 744, 745, 746, 747, 748, 749, 750, 751, 752, 753, 754, 755, 756, 757, 758, 759, 760, 761, 762, 763, 764, 765, 766, 767], [768, 769, 770, 771, 772, 773, 774, 775, 776, 777, 778, 779, 780, 781, 782, 783, 784, 785, 786, 787, 788, 789, 790, 791, 792, 793, 794, 795, 796, 797, 798, 799, 800, 801, 802, 803, 804, 805, 806, 807, 808, 809, 810, 811, 812, 813, 814, 815, 816, 817, 818, 819, 820, 821, 822, 823, 824, 825, 826, 827, 828, 829, 830, 831], [832, 833, 834, 835, 836, 837, 838, 839, 840, 841, 842, 843, 844, 845, 846, 847, 848, 849, 850, 851, 852, 853, 854, 855, 856, 857, 858, 859, 860, 861, 862, 863, 864, 865, 866, 867, 868, 869, 870, 871, 872, 873, 874, 875, 876, 877, 878, 879, 880, 881, 882, 883, 884, 885, 886, 887, 888, 889, 890, 891, 892, 893, 894, 895], [896, 897, 898, 899, 900, 901, 902, 903, 904, 905, 906, 907, 908, 909, 910, 911, 912, 913, 914, 915, 916, 917, 918, 919, 920, 921, 922, 923, 924, 925, 926, 927, 928, 929, 930, 931, 932, 933, 934, 935, 936, 937, 938, 939, 940, 941, 942, 943, 944, 945, 946, 947, 948, 949, 950, 951, 952, 953, 954, 955, 956, 957, 958, 959], [960, 961, 962, 963, 964, 965, 966, 967, 968, 969, 970, 971, 972, 973, 974, 975, 976, 977, 978, 979, 980, 981, 982, 983, 984, 985, 986, 987, 988, 989, 990, 991, 992, 993, 994, 995, 996, 997, 998, 999, 1000, 1001, 1002, 1003, 1004, 1005, 1006, 1007, 1008, 1009, 1010, 1011, 1012, 1013, 1014, 1015, 1016, 1017, 1018, 1019, 1020, 1021, 1022, 1023]]
tp-dp-cp_group: [[0, 1, 2, 3, 4, 5, 6, 7, 8, 9, 10, 11, 12, 13, 14, 15, 16, 17, 18, 19, 20, 21, 22, 23, 24, 25, 26, 27, 28, 29, 30, 31, 32, 33, 34, 35, 36, 37, 38, 39, 40, 41, 42, 43, 44, 45, 46, 47, 48, 49, 50, 51, 52, 53, 54, 55, 56, 57, 58, 59, 60, 61, 62, 63, 64, 65, 66, 67, 68, 69, 70, 71, 72, 73, 74, 75, 76, 77, 78, 79, 80, 81, 82, 83, 84, 85, 86, 87, 88, 89, 90, 91, 92, 93, 94, 95, 96, 97, 98, 99, 100, 101, 102, 103, 104, 105, 106, 107, 108, 109, 110, 111, 112, 113, 114, 115, 116, 117, 118, 119, 120, 121, 122, 123, 124, 125, 126, 127], [128, 129, 130, 131, 132, 133, 134, 135, 136, 137, 138, 139, 140, 141, 142, 143, 144, 145, 146, 147, 148, 149, 150, 151, 152, 153, 154, 155, 156, 157, 158, 159, 160, 161, 162, 163, 164, 165, 166, 167, 168, 169, 170, 171, 172, 173, 174, 175, 176, 177, 178, 179, 180, 181, 182, 183, 184, 185, 186, 187, 188, 189, 190, 191, 192, 193, 194, 195, 196, 197, 198, 199, 200, 201, 202, 203, 204, 205, 206, 207, 208, 209, 210, 211, 212, 213, 214, 215, 216, 217, 218, 219, 220, 221, 222, 223, 224, 225, 226, 227, 228, 229, 230, 231, 232, 233, 234, 235, 236, 237, 238, 239, 240, 241, 242, 243, 244, 245, 246, 247, 248, 249, 250, 251, 252, 253, 254, 255], [256, 257, 258, 259, 260, 261, 262, 263, 264, 265, 266, 267, 268, 269, 270, 271, 272, 273, 274, 275, 276, 277, 278, 279, 280, 281, 282, 283, 284, 285, 286, 287, 288, 289, 290, 291, 292, 293, 294, 295, 296, 297, 298, 299, 300, 301, 302, 303, 304, 305, 306, 307, 308, 309, 310, 311, 312, 313, 314, 315, 316, 317, 318, 319, 320, 321, 322, 323, 324, 325, 326, 327, 328, 329, 330, 331, 332, 333, 334, 335, 336, 337, 338, 339, 340, 341, 342, 343, 344, 345, 346, 347, 348, 349, 350, 351, 352, 353, 354, 355, 356, 357, 358, 359, 360, 361, 362, 363, 364, 365, 366, 367, 368, 369, 370, 371, 372, 373, 374, 375, 376, 377, 378, 379, 380, 381, 382, 383], [384, 385, 386, 387, 388, 389, 390, 391, 392, 393, 394, 395, 396, 397, 398, 399, 400, 401, 402, 403, 404, 405, 406, 407, 408, 409, 410, 411, 412, 413, 414, 415, 416, 417, 418, 419, 420, 421, 422, 423, 424, 425, 426, 427, 428, 429, 430, 431, 432, 433, 434, 435, 436, 437, 438, 439, 440, 441, 442, 443, 444, 445, 446, 447, 448, 449, 450, 451, 452, 453, 454, 455, 456, 457, 458, 459, 460, 461, 462, 463, 464, 465, 466, 467, 468, 469, 470, 471, 472, 473, 474, 475, 476, 477, 478, 479, 480, 481, 482, 483, 484, 485, 486, 487, 488, 489, 490, 491, 492, 493, 494, 495, 496, 497, 498, 499, 500, 501, 502, 503, 504, 505, 506, 507, 508, 509, 510, 511], [512, 513, 514, 515, 516, 517, 518, 519, 520, 521, 522, 523, 524, 525, 526, 527, 528, 529, 530, 531, 532, 533, 534, 535, 536, 537, 538, 539, 540, 541, 542, 543, 544, 545, 546, 547, 548, 549, 550, 551, 552, 553, 554, 555, 556, 557, 558, 559, 560, 561, 562, 563, 564, 565, 566, 567, 568, 569, 570, 571, 572, 573, 574, 575, 576, 577, 578, 579, 580, 581, 582, 583, 584, 585, 586, 587, 588, 589, 590, 591, 592, 593, 594, 595, 596, 597, 598, 599, 600, 601, 602, 603, 604, 605, 606, 607, 608, 609, 610, 611, 612, 613, 614, 615, 616, 617, 618, 619, 620, 621, 622, 623, 624, 625, 626, 627, 628, 629, 630, 631, 632, 633, 634, 635, 636, 637, 638, 639], [640, 641, 642, 643, 644, 645, 646, 647, 648, 649, 650, 651, 652, 653, 654, 655, 656, 657, 658, 659, 660, 661, 662, 663, 664, 665, 666, 667, 668, 669, 670, 671, 672, 673, 674, 675, 676, 677, 678, 679, 680, 681, 682, 683, 684, 685, 686, 687, 688, 689, 690, 691, 692, 693, 694, 695, 696, 697, 698, 699, 700, 701, 702, 703, 704, 705, 706, 707, 708, 709, 710, 711, 712, 713, 714, 715, 716, 717, 718, 719, 720, 721, 722, 723, 724, 725, 726, 727, 728, 729, 730, 731, 732, 733, 734, 735, 736, 737, 738, 739, 740, 741, 742, 743, 744, 745, 746, 747, 748, 749, 750, 751, 752, 753, 754, 755, 756, 757, 758, 759, 760, 761, 762, 763, 764, 765, 766, 767], [768, 769, 770, 771, 772, 773, 774, 775, 776, 777, 778, 779, 780, 781, 782, 783, 784, 785, 786, 787, 788, 789, 790, 791, 792, 793, 794, 795, 796, 797, 798, 799, 800, 801, 802, 803, 804, 805, 806, 807, 808, 809, 810, 811, 812, 813, 814, 815, 816, 817, 818, 819, 820, 821, 822, 823, 824, 825, 826, 827, 828, 829, 830, 831, 832, 833, 834, 835, 836, 837, 838, 839, 840, 841, 842, 843, 844, 845, 846, 847, 848, 849, 850, 851, 852, 853, 854, 855, 856, 857, 858, 859, 860, 861, 862, 863, 864, 865, 866, 867, 868, 869, 870, 871, 872, 873, 874, 875, 876, 877, 878, 879, 880, 881, 882, 883, 884, 885, 886, 887, 888, 889, 890, 891, 892, 893, 894, 895], [896, 897, 898, 899, 900, 901, 902, 903, 904, 905, 906, 907, 908, 909, 910, 911, 912, 913, 914, 915, 916, 917, 918, 919, 920, 921, 922, 923, 924, 925, 926, 927, 928, 929, 930, 931, 932, 933, 934, 935, 936, 937, 938, 939, 940, 941, 942, 943, 944, 945, 946, 947, 948, 949, 950, 951, 952, 953, 954, 955, 956, 957, 958, 959, 960, 961, 962, 963, 964, 965, 966, 967, 968, 969, 970, 971, 972, 973, 974, 975, 976, 977, 978, 979, 980, 981, 982, 983, 984, 985, 986, 987, 988, 989, 990, 991, 992, 993, 994, 995, 996, 997, 998, 999, 1000, 1001, 1002, 1003, 1004, 1005, 1006, 1007, 1008, 1009, 1010, 1011, 1012, 1013, 1014, 1015, 1016, 1017, 1018, 1019, 1020, 1021, 1022, 1023]]
tp-pp_group: [[0, 1, 2, 3, 128, 129, 130, 131, 256, 257, 258, 259, 384, 385, 386, 387, 512, 513, 514, 515, 640, 641, 642, 643, 768, 769, 770, 771, 896, 897, 898, 899], [4, 5, 6, 7, 132, 133, 134, 135, 260, 261, 262, 263, 388, 389, 390, 391, 516, 517, 518, 519, 644, 645, 646, 647, 772, 773, 774, 775, 900, 901, 902, 903], [8, 9, 10, 11, 136, 137, 138, 139, 264, 265, 266, 267, 392, 393, 394, 395, 520, 521, 522, 523, 648, 649, 650, 651, 776, 777, 778, 779, 904, 905, 906, 907], [12, 13, 14, 15, 140, 141, 142, 143, 268, 269, 270, 271, 396, 397, 398, 399, 524, 525, 526, 527, 652, 653, 654, 655, 780, 781, 782, 783, 908, 909, 910, 911], [16, 17, 18, 19, 144, 145, 146, 147, 272, 273, 274, 275, 400, 401, 402, 403, 528, 529, 530, 531, 656, 657, 658, 659, 784, 785, 786, 787, 912, 913, 914, 915], [20, 21, 22, 23, 148, 149, 150, 151, 276, 277, 278, 279, 404, 405, 406, 407, 532, 533, 534, 535, 660, 661, 662, 663, 788, 789, 790, 791, 916, 917, 918, 919], [24, 25, 26, 27, 152, 153, 154, 155, 280, 281, 282, 283, 408, 409, 410, 411, 536, 537, 538, 539, 664, 665, 666, 667, 792, 793, 794, 795, 920, 921, 922, 923], [28, 29, 30, 31, 156, 157, 158, 159, 284, 285, 286, 287, 412, 413, 414, 415, 540, 541, 542, 543, 668, 669, 670, 671, 796, 797, 798, 799, 924, 925, 926, 927], [32, 33, 34, 35, 160, 161, 162, 163, 288, 289, 290, 291, 416, 417, 418, 419, 544, 545, 546, 547, 672, 673, 674, 675, 800, 801, 802, 803, 928, 929, 930, 931], [36, 37, 38, 39, 164, 165, 166, 167, 292, 293, 294, 295, 420, 421, 422, 423, 548, 549, 550, 551, 676, 677, 678, 679, 804, 805, 806, 807, 932, 933, 934, 935], [40, 41, 42, 43, 168, 169, 170, 171, 296, 297, 298, 299, 424, 425, 426, 427, 552, 553, 554, 555, 680, 681, 682, 683, 808, 809, 810, 811, 936, 937, 938, 939], [44, 45, 46, 47, 172, 173, 174, 175, 300, 301, 302, 303, 428, 429, 430, 431, 556, 557, 558, 559, 684, 685, 686, 687, 812, 813, 814, 815, 940, 941, 942, 943], [48, 49, 50, 51, 176, 177, 178, 179, 304, 305, 306, 307, 432, 433, 434, 435, 560, 561, 562, 563, 688, 689, 690, 691, 816, 817, 818, 819, 944, 945, 946, 947], [52, 53, 54, 55, 180, 181, 182, 183, 308, 309, 310, 311, 436, 437, 438, 439, 564, 565, 566, 567, 692, 693, 694, 695, 820, 821, 822, 823, 948, 949, 950, 951], [56, 57, 58, 59, 184, 185, 186, 187, 312, 313, 314, 315, 440, 441, 442, 443, 568, 569, 570, 571, 696, 697, 698, 699, 824, 825, 826, 827, 952, 953, 954, 955], [60, 61, 62, 63, 188, 189, 190, 191, 316, 317, 318, 319, 444, 445, 446, 447, 572, 573, 574, 575, 700, 701, 702, 703, 828, 829, 830, 831, 956, 957, 958, 959], [64, 65, 66, 67, 192, 193, 194, 195, 320, 321, 322, 323, 448, 449, 450, 451, 576, 577, 578, 579, 704, 705, 706, 707, 832, 833, 834, 835, 960, 961, 962, 963], [68, 69, 70, 71, 196, 197, 198, 199, 324, 325, 326, 327, 452, 453, 454, 455, 580, 581, 582, 583, 708, 709, 710, 711, 836, 837, 838, 839, 964, 965, 966, 967], [72, 73, 74, 75, 200, 201, 202, 203, 328, 329, 330, 331, 456, 457, 458, 459, 584, 585, 586, 587, 712, 713, 714, 715, 840, 841, 842, 843, 968, 969, 970, 971], [76, 77, 78, 79, 204, 205, 206, 207, 332, 333, 334, 335, 460, 461, 462, 463, 588, 589, 590, 591, 716, 717, 718, 719, 844, 845, 846, 847, 972, 973, 974, 975], [80, 81, 82, 83, 208, 209, 210, 211, 336, 337, 338, 339, 464, 465, 466, 467, 592, 593, 594, 595, 720, 721, 722, 723, 848, 849, 850, 851, 976, 977, 978, 979], [84, 85, 86, 87, 212, 213, 214, 215, 340, 341, 342, 343, 468, 469, 470, 471, 596, 597, 598, 599, 724, 725, 726, 727, 852, 853, 854, 855, 980, 981, 982, 983], [88, 89, 90, 91, 216, 217, 218, 219, 344, 345, 346, 347, 472, 473, 474, 475, 600, 601, 602, 603, 728, 729, 730, 731, 856, 857, 858, 859, 984, 985, 986, 987], [92, 93, 94, 95, 220, 221, 222, 223, 348, 349, 350, 351, 476, 477, 478, 479, 604, 605, 606, 607, 732, 733, 734, 735, 860, 861, 862, 863, 988, 989, 990, 991], [96, 97, 98, 99, 224, 225, 226, 227, 352, 353, 354, 355, 480, 481, 482, 483, 608, 609, 610, 611, 736, 737, 738, 739, 864, 865, 866, 867, 992, 993, 994, 995], [100, 101, 102, 103, 228, 229, 230, 231, 356, 357, 358, 359, 484, 485, 486, 487, 612, 613, 614, 615, 740, 741, 742, 743, 868, 869, 870, 871, 996, 997, 998, 999], [104, 105, 106, 107, 232, 233, 234, 235, 360, 361, 362, 363, 488, 489, 490, 491, 616, 617, 618, 619, 744, 745, 746, 747, 872, 873, 874, 875, 1000, 1001, 1002, 1003], [108, 109, 110, 111, 236, 237, 238, 239, 364, 365, 366, 367, 492, 493, 494, 495, 620, 621, 622, 623, 748, 749, 750, 751, 876, 877, 878, 879, 1004, 1005, 1006, 1007], [112, 113, 114, 115, 240, 241, 242, 243, 368, 369, 370, 371, 496, 497, 498, 499, 624, 625, 626, 627, 752, 753, 754, 755, 880, 881, 882, 883, 1008, 1009, 1010, 1011], [116, 117, 118, 119, 244, 245, 246, 247, 372, 373, 374, 375, 500, 501, 502, 503, 628, 629, 630, 631, 756, 757, 758, 759, 884, 885, 886, 887, 1012, 1013, 1014, 1015], [120, 121, 122, 123, 248, 249, 250, 251, 376, 377, 378, 379, 504, 505, 506, 507, 632, 633, 634, 635, 760, 761, 762, 763, 888, 889, 890, 891, 1016, 1017, 1018, 1019], [124, 125, 126, 127, 252, 253, 254, 255, 380, 381, 382, 383, 508, 509, 510, 511, 636, 637, 638, 639, 764, 765, 766, 767, 892, 893, 894, 895, 1020, 1021, 1022, 1023]]
dp-cp_group: [[0, 4, 8, 12, 16, 20, 24, 28, 32, 36, 40, 44, 48, 52, 56, 60, 64, 68, 72, 76, 80, 84, 88, 92, 96, 100, 104, 108, 112, 116, 120, 124], [1, 5, 9, 13, 17, 21, 25, 29, 33, 37, 41, 45, 49, 53, 57, 61, 65, 69, 73, 77, 81, 85, 89, 93, 97, 101, 105, 109, 113, 117, 121, 125], [2, 6, 10, 14, 18, 22, 26, 30, 34, 38, 42, 46, 50, 54, 58, 62, 66, 70, 74, 78, 82, 86, 90, 94, 98, 102, 106, 110, 114, 118, 122, 126], [3, 7, 11, 15, 19, 23, 27, 31, 35, 39, 43, 47, 51, 55, 59, 63, 67, 71, 75, 79, 83, 87, 91, 95, 99, 103, 107, 111, 115, 119, 123, 127], [128, 132, 136, 140, 144, 148, 152, 156, 160, 164, 168, 172, 176, 180, 184, 188, 192, 196, 200, 204, 208, 212, 216, 220, 224, 228, 232, 236, 240, 244, 248, 252], [129, 133, 137, 141, 145, 149, 153, 157, 161, 165, 169, 173, 177, 181, 185, 189, 193, 197, 201, 205, 209, 213, 217, 221, 225, 229, 233, 237, 241, 245, 249, 253], [130, 134, 138, 142, 146, 150, 154, 158, 162, 166, 170, 174, 178, 182, 186, 190, 194, 198, 202, 206, 210, 214, 218, 222, 226, 230, 234, 238, 242, 246, 250, 254], [131, 135, 139, 143, 147, 151, 155, 159, 163, 167, 171, 175, 179, 183, 187, 191, 195, 199, 203, 207, 211, 215, 219, 223, 227, 231, 235, 239, 243, 247, 251, 255], [256, 260, 264, 268, 272, 276, 280, 284, 288, 292, 296, 300, 304, 308, 312, 316, 320, 324, 328, 332, 336, 340, 344, 348, 352, 356, 360, 364, 368, 372, 376, 380], [257, 261, 265, 269, 273, 277, 281, 285, 289, 293, 297, 301, 305, 309, 313, 317, 321, 325, 329, 333, 337, 341, 345, 349, 353, 357, 361, 365, 369, 373, 377, 381], [258, 262, 266, 270, 274, 278, 282, 286, 290, 294, 298, 302, 306, 310, 314, 318, 322, 326, 330, 334, 338, 342, 346, 350, 354, 358, 362, 366, 370, 374, 378, 382], [259, 263, 267, 271, 275, 279, 283, 287, 291, 295, 299, 303, 307, 311, 315, 319, 323, 327, 331, 335, 339, 343, 347, 351, 355, 359, 363, 367, 371, 375, 379, 383], [384, 388, 392, 396, 400, 404, 408, 412, 416, 420, 424, 428, 432, 436, 440, 444, 448, 452, 456, 460, 464, 468, 472, 476, 480, 484, 488, 492, 496, 500, 504, 508], [385, 389, 393, 397, 401, 405, 409, 413, 417, 421, 425, 429, 433, 437, 441, 445, 449, 453, 457, 461, 465, 469, 473, 477, 481, 485, 489, 493, 497, 501, 505, 509], [386, 390, 394, 398, 402, 406, 410, 414, 418, 422, 426, 430, 434, 438, 442, 446, 450, 454, 458, 462, 466, 470, 474, 478, 482, 486, 490, 494, 498, 502, 506, 510], [387, 391, 395, 399, 403, 407, 411, 415, 419, 423, 427, 431, 435, 439, 443, 447, 451, 455, 459, 463, 467, 471, 475, 479, 483, 487, 491, 495, 499, 503, 507, 511], [512, 516, 520, 524, 528, 532, 536, 540, 544, 548, 552, 556, 560, 564, 568, 572, 576, 580, 584, 588, 592, 596, 600, 604, 608, 612, 616, 620, 624, 628, 632, 636], [513, 517, 521, 525, 529, 533, 537, 541, 545, 549, 553, 557, 561, 565, 569, 573, 577, 581, 585, 589, 593, 597, 601, 605, 609, 613, 617, 621, 625, 629, 633, 637], [514, 518, 522, 526, 530, 534, 538, 542, 546, 550, 554, 558, 562, 566, 570, 574, 578, 582, 586, 590, 594, 598, 602, 606, 610, 614, 618, 622, 626, 630, 634, 638], [515, 519, 523, 527, 531, 535, 539, 543, 547, 551, 555, 559, 563, 567, 571, 575, 579, 583, 587, 591, 595, 599, 603, 607, 611, 615, 619, 623, 627, 631, 635, 639], [640, 644, 648, 652, 656, 660, 664, 668, 672, 676, 680, 684, 688, 692, 696, 700, 704, 708, 712, 716, 720, 724, 728, 732, 736, 740, 744, 748, 752, 756, 760, 764], [641, 645, 649, 653, 657, 661, 665, 669, 673, 677, 681, 685, 689, 693, 697, 701, 705, 709, 713, 717, 721, 725, 729, 733, 737, 741, 745, 749, 753, 757, 761, 765], [642, 646, 650, 654, 658, 662, 666, 670, 674, 678, 682, 686, 690, 694, 698, 702, 706, 710, 714, 718, 722, 726, 730, 734, 738, 742, 746, 750, 754, 758, 762, 766], [643, 647, 651, 655, 659, 663, 667, 671, 675, 679, 683, 687, 691, 695, 699, 703, 707, 711, 715, 719, 723, 727, 731, 735, 739, 743, 747, 751, 755, 759, 763, 767], [768, 772, 776, 780, 784, 788, 792, 796, 800, 804, 808, 812, 816, 820, 824, 828, 832, 836, 840, 844, 848, 852, 856, 860, 864, 868, 872, 876, 880, 884, 888, 892], [769, 773, 777, 781, 785, 789, 793, 797, 801, 805, 809, 813, 817, 821, 825, 829, 833, 837, 841, 845, 849, 853, 857, 861, 865, 869, 873, 877, 881, 885, 889, 893], [770, 774, 778, 782, 786, 790, 794, 798, 802, 806, 810, 814, 818, 822, 826, 830, 834, 838, 842, 846, 850, 854, 858, 862, 866, 870, 874, 878, 882, 886, 890, 894], [771, 775, 779, 783, 787, 791, 795, 799, 803, 807, 811, 815, 819, 823, 827, 831, 835, 839, 843, 847, 851, 855, 859, 863, 867, 871, 875, 879, 883, 887, 891, 895], [896, 900, 904, 908, 912, 916, 920, 924, 928, 932, 936, 940, 944, 948, 952, 956, 960, 964, 968, 972, 976, 980, 984, 988, 992, 996, 1000, 1004, 1008, 1012, 1016, 1020], [897, 901, 905, 909, 913, 917, 921, 925, 929, 933, 937, 941, 945, 949, 953, 957, 961, 965, 969, 973, 977, 981, 985, 989, 993, 997, 1001, 1005, 1009, 1013, 1017, 1021], [898, 902, 906, 910, 914, 918, 922, 926, 930, 934, 938, 942, 946, 950, 954, 958, 962, 966, 970, 974, 978, 982, 986, 990, 994, 998, 1002, 1006, 1010, 1014, 1018, 1022], [899, 903, 907, 911, 915, 919, 923, 927, 931, 935, 939, 943, 947, 951, 955, 959, 963, 967, 971, 975, 979, 983, 987, 991, 995, 999, 1003, 1007, 1011, 1015, 1019, 1023]]
> initialized tensor model parallel with size 4
> initialized pipeline model parallel with size 8
> setting random seeds to 1234 ...
WARNING: Logging before InitGoogleLogging() is written to STDERR
W0304 14:39:15.855702 1919610 ProcessGroupNCCL.cpp:4834] [PG ID 0 PG GUID 0 Rank 345]  using GPU 1 as device used by this process is currently unknown. This can potentially cause a hang if this rank to GPU mapping is incorrect. You can pecify device_id in init_process_group() to force use of a particular device.
WARNING: Logging before InitGoogleLogging() is written to STDERR
W0304 14:39:15.856401 1930601 ProcessGroupNCCL.cpp:4834] [PG ID 0 PG GUID 0 Rank 288]  using GPU 0 as device used by this process is currently unknown. This can potentially cause a hang if this rank to GPU mapping is incorrect. You can pecify device_id in init_process_group() to force use of a particular device.
WARNING: Logging before InitGoogleLogging() is written to STDERR
W0304 14:39:15.856539 2025473 ProcessGroupNCCL.cpp:4834] [PG ID 0 PG GUID 0 Rank 284]  using GPU 4 as device used by this process is currently unknown. This can potentially cause a hang if this rank to GPU mapping is incorrect. You can pecify device_id in init_process_group() to force use of a particular device.
WARNING: Logging before InitGoogleLogging() is written to STDERR
W0304 14:39:15.856597 1920470 ProcessGroupNCCL.cpp:4834] [PG ID 0 PG GUID 0 Rank 353]  using GPU 1 as device used by this process is currently unknown. This can potentially cause a hang if this rank to GPU mapping is incorrect. You can pecify device_id in init_process_group() to force use of a particular device.
WARNING: Logging before InitGoogleLogging() is written to STDERR
W0304 14:39:15.856627 1919172 ProcessGroupNCCL.cpp:4834] [PG ID 0 PG GUID 0 Rank 374]  using GPU 6 as device used by this process is currently unknown. This can potentially cause a hang if this rank to GPU mapping is incorrect. You can pecify device_id in init_process_group() to force use of a particular device.
WARNING: Logging before InitGoogleLogging() is written to STDERR
W0304 14:39:15.856688 1919335 ProcessGroupNCCL.cpp:4834] [PG ID 0 PG GUID 0 Rank 360]  using GPU 0 as device used by this process is currently unknown. This can potentially cause a hang if this rank to GPU mapping is incorrect. You can pecify device_id in init_process_group() to force use of a particular device.
WARNING: Logging before InitGoogleLogging() is written to STDERR
W0304 14:39:15.856854 1919261 ProcessGroupNCCL.cpp:4834] [PG ID 0 PG GUID 0 Rank 376]  using GPU 0 as device used by this process is currently unknown. This can potentially cause a hang if this rank to GPU mapping is incorrect. You can pecify device_id in init_process_group() to force use of a particular device.
WARNING: Logging before InitGoogleLogging() is written to STDERR
W0304 14:39:15.857153 1923344 ProcessGroupNCCL.cpp:4834] [PG ID 0 PG GUID 0 Rank 314]  using GPU 2 as device used by this process is currently unknown. This can potentially cause a hang if this rank to GPU mapping is incorrect. You can pecify device_id in init_process_group() to force use of a particular device.
WARNING: Logging before InitGoogleLogging() is written to STDERR
W0304 14:39:15.857393 1914248 ProcessGroupNCCL.cpp:4834] [PG ID 0 PG GUID 0 Rank 324]  using GPU 4 as device used by this process is currently unknown. This can potentially cause a hang if this rank to GPU mapping is incorrect. You can pecify device_id in init_process_group() to force use of a particular device.
WARNING: Logging before InitGoogleLogging() is written to STDERR
W0304 14:39:15.857024 1933137 ProcessGroupNCCL.cpp:4834] [PG ID 0 PG GUID 0 Rank 296]  using GPU 0 as device used by this process is currently unknown. This can potentially cause a hang if this rank to GPU mapping is incorrect. You can pecify device_id in init_process_group() to force use of a particular device.
WARNING: Logging before InitGoogleLogging() is written to STDERR
W0304 14:39:15.855726 1919602 ProcessGroupNCCL.cpp:4834] [PG ID 0 PG GUID 0 Rank 348]  using GPU 4 as device used by this process is currently unknown. This can potentially cause a hang if this rank to GPU mapping is incorrect. You can pecify device_id in init_process_group() to force use of a particular device.
WARNING: Logging before InitGoogleLogging() is written to STDERR
W0304 14:39:15.857216 1930850 ProcessGroupNCCL.cpp:4834] [PG ID 0 PG GUID 0 Rank 292]  using GPU 4 as device used by this process is currently unknown. This can potentially cause a hang if this rank to GPU mapping is incorrect. You can pecify device_id in init_process_group() to force use of a particular device.
WARNING: Logging before InitGoogleLogging() is written to STDERR
W0304 14:39:15.857136 1919326 ProcessGroupNCCL.cpp:4834] [PG ID 0 PG GUID 0 Rank 361]  using GPU 1 as device used by this process is currently unknown. This can potentially cause a hang if this rank to GPU mapping is incorrect. You can pecify device_id in init_process_group() to force use of a particular device.
WARNING: Logging before InitGoogleLogging() is written to STDERR
W0304 14:39:15.857267 1919318 ProcessGroupNCCL.cpp:4834] [PG ID 0 PG GUID 0 Rank 382]  using GPU 6 as device used by this process is currently unknown. This can potentially cause a hang if this rank to GPU mapping is incorrect. You can pecify device_id in init_process_group() to force use of a particular device.
WARNING: Logging before InitGoogleLogging() is written to STDERR
W0304 14:39:15.857204 1923292 ProcessGroupNCCL.cpp:4834] [PG ID 0 PG GUID 0 Rank 318]  using GPU 6 as device used by this process is currently unknown. This can potentially cause a hang if this rank to GPU mapping is incorrect. You can pecify device_id in init_process_group() to force use of a particular device.
WARNING: Logging before InitGoogleLogging() is written to STDERR
W0304 14:39:15.856730 1919642 ProcessGroupNCCL.cpp:4834] [PG ID 0 PG GUID 0 Rank 349]  using GPU 5 as device used by this process is currently unknown. This can potentially cause a hang if this rank to GPU mapping is incorrect. You can pecify device_id in init_process_group() to force use of a particular device.
WARNING: Logging before InitGoogleLogging() is written to STDERR
W0304 14:39:15.858019 1919144 ProcessGroupNCCL.cpp:4834] [PG ID 0 PG GUID 0 Rank 378]  using GPU 2 as device used by this process is currently unknown. This can potentially cause a hang if this rank to GPU mapping is incorrect. You can pecify device_id in init_process_group() to force use of a particular device.
WARNING: Logging before InitGoogleLogging() is written to STDERR
W0304 14:39:15.858130 1920515 ProcessGroupNCCL.cpp:4834] [PG ID 0 PG GUID 0 Rank 356]  using GPU 4 as device used by this process is currently unknown. This can potentially cause a hang if this rank to GPU mapping is incorrect. You can pecify device_id in init_process_group() to force use of a particular device.
WARNING: Logging before InitGoogleLogging() is written to STDERR
W0304 14:39:15.858204 1739870 ProcessGroupNCCL.cpp:4834] [PG ID 0 PG GUID 0 Rank 310]  using GPU 6 as device used by this process is currently unknown. This can potentially cause a hang if this rank to GPU mapping is incorrect. You can pecify device_id in init_process_group() to force use of a particular device.
WARNING: Logging before InitGoogleLogging() is written to STDERR
W0304 14:39:15.858345 1933146 ProcessGroupNCCL.cpp:4834] [PG ID 0 PG GUID 0 Rank 297]  using GPU 1 as device used by this process is currently unknown. This can potentially cause a hang if this rank to GPU mapping is incorrect. You can pecify device_id in init_process_group() to force use of a particular device.
WARNING: Logging before InitGoogleLogging() is written to STDERR
W0304 14:39:15.858320 1930912 ProcessGroupNCCL.cpp:4834] [PG ID 0 PG GUID 0 Rank 293]  using GPU 5 as device used by this process is currently unknown. This can potentially cause a hang if this rank to GPU mapping is incorrect. You can pecify device_id in init_process_group() to force use of a particular device.
WARNING: Logging before InitGoogleLogging() is written to STDERR
W0304 14:39:15.858314 2112887 ProcessGroupNCCL.cpp:4834] [PG ID 0 PG GUID 0 Rank 260]  using GPU 4 as device used by this process is currently unknown. This can potentially cause a hang if this rank to GPU mapping is incorrect. You can pecify device_id in init_process_group() to force use of a particular device.
WARNING: Logging before InitGoogleLogging() is written to STDERR
W0304 14:39:15.858829 1914225 ProcessGroupNCCL.cpp:4834] [PG ID 0 PG GUID 0 Rank 325]  using GPU 5 as device used by this process is currently unknown. This can potentially cause a hang if this rank to GPU mapping is incorrect. You can pecify device_id in init_process_group() to force use of a particular device.
WARNING: Logging before InitGoogleLogging() is written to STDERR
W0304 14:39:15.858785 1920366 ProcessGroupNCCL.cpp:4834] [PG ID 0 PG GUID 0 Rank 357]  using GPU 5 as device used by this process is currently unknown. This can potentially cause a hang if this rank to GPU mapping is incorrect. You can pecify device_id in init_process_group() to force use of a particular device.
WARNING: Logging before InitGoogleLogging() is written to STDERR
W0304 14:39:15.859431 1923261 ProcessGroupNCCL.cpp:4834] [PG ID 0 PG GUID 0 Rank 319]  using GPU 7 as device used by this process is currently unknown. This can potentially cause a hang if this rank to GPU mapping is incorrect. You can pecify device_id in init_process_group() to force use of a particular device.
WARNING: Logging before InitGoogleLogging() is written to STDERR
W0304 14:39:15.859743 1919185 ProcessGroupNCCL.cpp:4834] [PG ID 0 PG GUID 0 Rank 383]  using GPU 7 as device used by this process is currently unknown. This can potentially cause a hang if this rank to GPU mapping is incorrect. You can pecify device_id in init_process_group() to force use of a particular device.
WARNING: Logging before InitGoogleLogging() is written to STDERR
W0304 14:39:15.861056 1918931 ProcessGroupNCCL.cpp:4834] [PG ID 0 PG GUID 0 Rank 375]  using GPU 7 as device used by this process is currently unknown. This can potentially cause a hang if this rank to GPU mapping is incorrect. You can pecify device_id in init_process_group() to force use of a particular device.
WARNING: Logging before InitGoogleLogging() is written to STDERR
W0304 14:39:15.862048 1739945 ProcessGroupNCCL.cpp:4834] [PG ID 0 PG GUID 0 Rank 311]  using GPU 7 as device used by this process is currently unknown. This can potentially cause a hang if this rank to GPU mapping is incorrect. You can pecify device_id in init_process_group() to force use of a particular device.
WARNING: Logging before InitGoogleLogging() is written to STDERR
W0304 14:39:15.862223 2024081 ProcessGroupNCCL.cpp:4834] [PG ID 0 PG GUID 0 Rank 270]  using GPU 6 as device used by this process is currently unknown. This can potentially cause a hang if this rank to GPU mapping is incorrect. You can pecify device_id in init_process_group() to force use of a particular device.
WARNING: Logging before InitGoogleLogging() is written to STDERR
W0304 14:39:15.862182 1918940 ProcessGroupNCCL.cpp:4834] [PG ID 0 PG GUID 0 Rank 370]  using GPU 2 as device used by this process is currently unknown. This can potentially cause a hang if this rank to GPU mapping is incorrect. You can pecify device_id in init_process_group() to force use of a particular device.
WARNING: Logging before InitGoogleLogging() is written to STDERR
W0304 14:39:15.862463 1923242 ProcessGroupNCCL.cpp:4834] [PG ID 0 PG GUID 0 Rank 315]  using GPU 3 as device used by this process is currently unknown. This can potentially cause a hang if this rank to GPU mapping is incorrect. You can pecify device_id in init_process_group() to force use of a particular device.
WARNING: Logging before InitGoogleLogging() is written to STDERR
W0304 14:39:15.862843 1919226 ProcessGroupNCCL.cpp:4834] [PG ID 0 PG GUID 0 Rank 379]  using GPU 3 as device used by this process is currently unknown. This can potentially cause a hang if this rank to GPU mapping is incorrect. You can pecify device_id in init_process_group() to force use of a particular device.
WARNING: Logging before InitGoogleLogging() is written to STDERR
W0304 14:39:15.863113 1739939 ProcessGroupNCCL.cpp:4834] [PG ID 0 PG GUID 0 Rank 306]  using GPU 2 as device used by this process is currently unknown. This can potentially cause a hang if this rank to GPU mapping is incorrect. You can pecify device_id in init_process_group() to force use of a particular device.
WARNING: Logging before InitGoogleLogging() is written to STDERR
W0304 14:39:15.863336 1920142 ProcessGroupNCCL.cpp:4834] [PG ID 0 PG GUID 0 Rank 334]  using GPU 6 as device used by this process is currently unknown. This can potentially cause a hang if this rank to GPU mapping is incorrect. You can pecify device_id in init_process_group() to force use of a particular device.
WARNING: Logging before InitGoogleLogging() is written to STDERR
W0304 14:39:15.863351 1920340 ProcessGroupNCCL.cpp:4834] [PG ID 0 PG GUID 0 Rank 331]  using GPU 3 as device used by this process is currently unknown. This can potentially cause a hang if this rank to GPU mapping is incorrect. You can pecify device_id in init_process_group() to force use of a particular device.
WARNING: Logging before InitGoogleLogging() is written to STDERR
W0304 14:39:15.863550 1918958 ProcessGroupNCCL.cpp:4834] [PG ID 0 PG GUID 0 Rank 371]  using GPU 3 as device used by this process is currently unknown. This can potentially cause a hang if this rank to GPU mapping is incorrect. You can pecify device_id in init_process_group() to force use of a particular device.
WARNING: Logging before InitGoogleLogging() is written to STDERR
W0304 14:39:15.864022 2024122 ProcessGroupNCCL.cpp:4834] [PG ID 0 PG GUID 0 Rank 267]  using GPU 3 as device used by this process is currently unknown. This can potentially cause a hang if this rank to GPU mapping is incorrect. You can pecify device_id in init_process_group() to force use of a particular device.
WARNING: Logging before InitGoogleLogging() is written to STDERR
W0304 14:39:15.865080 2113046 ProcessGroupNCCL.cpp:4834] [PG ID 0 PG GUID 0 Rank 258]  using GPU 2 as device used by this process is currently unknown. This can potentially cause a hang if this rank to GPU mapping is incorrect. You can pecify device_id in init_process_group() to force use of a particular device.
WARNING: Logging before InitGoogleLogging() is written to STDERR
W0304 14:39:15.865600 1914184 ProcessGroupNCCL.cpp:4834] [PG ID 0 PG GUID 0 Rank 326]  using GPU 6 as device used by this process is currently unknown. This can potentially cause a hang if this rank to GPU mapping is incorrect. You can pecify device_id in init_process_group() to force use of a particular device.
WARNING: Logging before InitGoogleLogging() is written to STDERR
W0304 14:39:15.865916 2113047 ProcessGroupNCCL.cpp:4834] [PG ID 0 PG GUID 0 Rank 262]  using GPU 6 as device used by this process is currently unknown. This can potentially cause a hang if this rank to GPU mapping is incorrect. You can pecify device_id in init_process_group() to force use of a particular device.
WARNING: Logging before InitGoogleLogging() is written to STDERR
W0304 14:39:15.866201 1739865 ProcessGroupNCCL.cpp:4834] [PG ID 0 PG GUID 0 Rank 307]  using GPU 3 as device used by this process is currently unknown. This can potentially cause a hang if this rank to GPU mapping is incorrect. You can pecify device_id in init_process_group() to force use of a particular device.
WARNING: Logging before InitGoogleLogging() is written to STDERR
W0304 14:39:15.866465 1920162 ProcessGroupNCCL.cpp:4834] [PG ID 0 PG GUID 0 Rank 330]  using GPU 2 as device used by this process is currently unknown. This can potentially cause a hang if this rank to GPU mapping is incorrect. You can pecify device_id in init_process_group() to force use of a particular device.
WARNING: Logging before InitGoogleLogging() is written to STDERR
W0304 14:39:15.866611 2113045 ProcessGroupNCCL.cpp:4834] [PG ID 0 PG GUID 0 Rank 259]  using GPU 3 as device used by this process is currently unknown. This can potentially cause a hang if this rank to GPU mapping is incorrect. You can pecify device_id in init_process_group() to force use of a particular device.
WARNING: Logging before InitGoogleLogging() is written to STDERR
W0304 14:39:15.867376 2024112 ProcessGroupNCCL.cpp:4834] [PG ID 0 PG GUID 0 Rank 271]  using GPU 7 as device used by this process is currently unknown. This can potentially cause a hang if this rank to GPU mapping is incorrect. You can pecify device_id in init_process_group() to force use of a particular device.
WARNING: Logging before InitGoogleLogging() is written to STDERR
W0304 14:39:15.867421 1917526 ProcessGroupNCCL.cpp:4834] [PG ID 0 PG GUID 0 Rank 339]  using GPU 3 as device used by this process is currently unknown. This can potentially cause a hang if this rank to GPU mapping is incorrect. You can pecify device_id in init_process_group() to force use of a particular device.
WARNING: Logging before InitGoogleLogging() is written to STDERR
W0304 14:39:15.867412 1920339 ProcessGroupNCCL.cpp:4834] [PG ID 0 PG GUID 0 Rank 335]  using GPU 7 as device used by this process is currently unknown. This can potentially cause a hang if this rank to GPU mapping is incorrect. You can pecify device_id in init_process_group() to force use of a particular device.
WARNING: Logging before InitGoogleLogging() is written to STDERR
W0304 14:39:15.867583 1917430 ProcessGroupNCCL.cpp:4834] [PG ID 0 PG GUID 0 Rank 338]  using GPU 2 as device used by this process is currently unknown. This can potentially cause a hang if this rank to GPU mapping is incorrect. You can pecify device_id in init_process_group() to force use of a particular device.
WARNING: Logging before InitGoogleLogging() is written to STDERR
W0304 14:39:15.867491 2112868 ProcessGroupNCCL.cpp:4834] [PG ID 0 PG GUID 0 Rank 263]  using GPU 7 as device used by this process is currently unknown. This can potentially cause a hang if this rank to GPU mapping is incorrect. You can pecify device_id in init_process_group() to force use of a particular device.
WARNING: Logging before InitGoogleLogging() is written to STDERR
W0304 14:39:15.867690 2024767 ProcessGroupNCCL.cpp:4834] [PG ID 0 PG GUID 0 Rank 278]  using GPU 6 as device used by this process is currently unknown. This can potentially cause a hang if this rank to GPU mapping is incorrect. You can pecify device_id in init_process_group() to force use of a particular device.
WARNING: Logging before InitGoogleLogging() is written to STDERR
W0304 14:39:15.867947 1914174 ProcessGroupNCCL.cpp:4834] [PG ID 0 PG GUID 0 Rank 327]  using GPU 7 as device used by this process is currently unknown. This can potentially cause a hang if this rank to GPU mapping is incorrect. You can pecify device_id in init_process_group() to force use of a particular device.
WARNING: Logging before InitGoogleLogging() is written to STDERR
W0304 14:39:15.868232 2024719 ProcessGroupNCCL.cpp:4834] [PG ID 0 PG GUID 0 Rank 274]  using GPU 2 as device used by this process is currently unknown. This can potentially cause a hang if this rank to GPU mapping is incorrect. You can pecify device_id in init_process_group() to force use of a particular device.
WARNING: Logging before InitGoogleLogging() is written to STDERR
W0304 14:39:15.868515 2024066 ProcessGroupNCCL.cpp:4834] [PG ID 0 PG GUID 0 Rank 266]  using GPU 2 as device used by this process is currently unknown. This can potentially cause a hang if this rank to GPU mapping is incorrect. You can pecify device_id in init_process_group() to force use of a particular device.
WARNING: Logging before InitGoogleLogging() is written to STDERR
W0304 14:39:15.868707 1914185 ProcessGroupNCCL.cpp:4834] [PG ID 0 PG GUID 0 Rank 323]  using GPU 3 as device used by this process is currently unknown. This can potentially cause a hang if this rank to GPU mapping is incorrect. You can pecify device_id in init_process_group() to force use of a particular device.
WARNING: Logging before InitGoogleLogging() is written to STDERR
W0304 14:39:15.868894 1919655 ProcessGroupNCCL.cpp:4834] [PG ID 0 PG GUID 0 Rank 346]  using GPU 2 as device used by this process is currently unknown. This can potentially cause a hang if this rank to GPU mapping is incorrect. You can pecify device_id in init_process_group() to force use of a particular device.
WARNING: Logging before InitGoogleLogging() is written to STDERR
W0304 14:39:15.869220 2024743 ProcessGroupNCCL.cpp:4834] [PG ID 0 PG GUID 0 Rank 275]  using GPU 3 as device used by this process is currently unknown. This can potentially cause a hang if this rank to GPU mapping is incorrect. You can pecify device_id in init_process_group() to force use of a particular device.
WARNING: Logging before InitGoogleLogging() is written to STDERR
W0304 14:39:15.869498 1930670 ProcessGroupNCCL.cpp:4834] [PG ID 0 PG GUID 0 Rank 294]  using GPU 6 as device used by this process is currently unknown. This can potentially cause a hang if this rank to GPU mapping is incorrect. You can pecify device_id in init_process_group() to force use of a particular device.
WARNING: Logging before InitGoogleLogging() is written to STDERR
W0304 14:39:15.869896 1920430 ProcessGroupNCCL.cpp:4834] [PG ID 0 PG GUID 0 Rank 358]  using GPU 6 as device used by this process is currently unknown. This can potentially cause a hang if this rank to GPU mapping is incorrect. You can pecify device_id in init_process_group() to force use of a particular device.
WARNING: Logging before InitGoogleLogging() is written to STDERR
W0304 14:39:15.869783 1919514 ProcessGroupNCCL.cpp:4834] [PG ID 0 PG GUID 0 Rank 350]  using GPU 6 as device used by this process is currently unknown. This can potentially cause a hang if this rank to GPU mapping is incorrect. You can pecify device_id in init_process_group() to force use of a particular device.
WARNING: Logging before InitGoogleLogging() is written to STDERR
W0304 14:39:15.870337 1914173 ProcessGroupNCCL.cpp:4834] [PG ID 0 PG GUID 0 Rank 322]  using GPU 2 as device used by this process is currently unknown. This can potentially cause a hang if this rank to GPU mapping is incorrect. You can pecify device_id in init_process_group() to force use of a particular device.
WARNING: Logging before InitGoogleLogging() is written to STDERR
W0304 14:39:15.871317 2025491 ProcessGroupNCCL.cpp:4834] [PG ID 0 PG GUID 0 Rank 286]  using GPU 6 as device used by this process is currently unknown. This can potentially cause a hang if this rank to GPU mapping is incorrect. You can pecify device_id in init_process_group() to force use of a particular device.
WARNING: Logging before InitGoogleLogging() is written to STDERR
W0304 14:39:15.871359 2025361 ProcessGroupNCCL.cpp:4834] [PG ID 0 PG GUID 0 Rank 282]  using GPU 2 as device used by this process is currently unknown. This can potentially cause a hang if this rank to GPU mapping is incorrect. You can pecify device_id in init_process_group() to force use of a particular device.
WARNING: Logging before InitGoogleLogging() is written to STDERR
W0304 14:39:15.872032 1920490 ProcessGroupNCCL.cpp:4834] [PG ID 0 PG GUID 0 Rank 354]  using GPU 2 as device used by this process is currently unknown. This can potentially cause a hang if this rank to GPU mapping is incorrect. You can pecify device_id in init_process_group() to force use of a particular device.
WARNING: Logging before InitGoogleLogging() is written to STDERR
W0304 14:39:15.873054 1930884 ProcessGroupNCCL.cpp:4834] [PG ID 0 PG GUID 0 Rank 290]  using GPU 2 as device used by this process is currently unknown. This can potentially cause a hang if this rank to GPU mapping is incorrect. You can pecify device_id in init_process_group() to force use of a particular device.
WARNING: Logging before InitGoogleLogging() is written to STDERR
W0304 14:39:15.873293 1920365 ProcessGroupNCCL.cpp:4834] [PG ID 0 PG GUID 0 Rank 359]  using GPU 7 as device used by this process is currently unknown. This can potentially cause a hang if this rank to GPU mapping is incorrect. You can pecify device_id in init_process_group() to force use of a particular device.
WARNING: Logging before InitGoogleLogging() is written to STDERR
W0304 14:39:15.873442 1919474 ProcessGroupNCCL.cpp:4834] [PG ID 0 PG GUID 0 Rank 367]  using GPU 7 as device used by this process is currently unknown. This can potentially cause a hang if this rank to GPU mapping is incorrect. You can pecify device_id in init_process_group() to force use of a particular device.
WARNING: Logging before InitGoogleLogging() is written to STDERR
W0304 14:39:15.874015 2025359 ProcessGroupNCCL.cpp:4834] [PG ID 0 PG GUID 0 Rank 283]  using GPU 3 as device used by this process is currently unknown. This can potentially cause a hang if this rank to GPU mapping is incorrect. You can pecify device_id in init_process_group() to force use of a particular device.
WARNING: Logging before InitGoogleLogging() is written to STDERR
W0304 14:39:15.873978 1917447 ProcessGroupNCCL.cpp:4834] [PG ID 0 PG GUID 0 Rank 343]  using GPU 7 as device used by this process is currently unknown. This can potentially cause a hang if this rank to GPU mapping is incorrect. You can pecify device_id in init_process_group() to force use of a particular device.
WARNING: Logging before InitGoogleLogging() is written to STDERR
W0304 14:39:15.874118 1930911 ProcessGroupNCCL.cpp:4834] [PG ID 0 PG GUID 0 Rank 295]  using GPU 7 as device used by this process is currently unknown. This can potentially cause a hang if this rank to GPU mapping is incorrect. You can pecify device_id in init_process_group() to force use of a particular device.
WARNING: Logging before InitGoogleLogging() is written to STDERR
W0304 14:39:15.874342 1919491 ProcessGroupNCCL.cpp:4834] [PG ID 0 PG GUID 0 Rank 347]  using GPU 3 as device used by this process is currently unknown. This can potentially cause a hang if this rank to GPU mapping is incorrect. You can pecify device_id in init_process_group() to force use of a particular device.
WARNING: Logging before InitGoogleLogging() is written to STDERR
W0304 14:39:15.874344 1917428 ProcessGroupNCCL.cpp:4834] [PG ID 0 PG GUID 0 Rank 342]  using GPU 6 as device used by this process is currently unknown. This can potentially cause a hang if this rank to GPU mapping is incorrect. You can pecify device_id in init_process_group() to force use of a particular device.
WARNING: Logging before InitGoogleLogging() is written to STDERR
W0304 14:39:15.874724 2024753 ProcessGroupNCCL.cpp:4834] [PG ID 0 PG GUID 0 Rank 279]  using GPU 7 as device used by this process is currently unknown. This can potentially cause a hang if this rank to GPU mapping is incorrect. You can pecify device_id in init_process_group() to force use of a particular device.
WARNING: Logging before InitGoogleLogging() is written to STDERR
W0304 14:39:15.874734 1933138 ProcessGroupNCCL.cpp:4834] [PG ID 0 PG GUID 0 Rank 299]  using GPU 3 as device used by this process is currently unknown. This can potentially cause a hang if this rank to GPU mapping is incorrect. You can pecify device_id in init_process_group() to force use of a particular device.
WARNING: Logging before InitGoogleLogging() is written to STDERR
W0304 14:39:15.875732 1919475 ProcessGroupNCCL.cpp:4834] [PG ID 0 PG GUID 0 Rank 363]  using GPU 3 as device used by this process is currently unknown. This can potentially cause a hang if this rank to GPU mapping is incorrect. You can pecify device_id in init_process_group() to force use of a particular device.
WARNING: Logging before InitGoogleLogging() is written to STDERR
W0304 14:39:15.875727 1920529 ProcessGroupNCCL.cpp:4834] [PG ID 0 PG GUID 0 Rank 355]  using GPU 3 as device used by this process is currently unknown. This can potentially cause a hang if this rank to GPU mapping is incorrect. You can pecify device_id in init_process_group() to force use of a particular device.
WARNING: Logging before InitGoogleLogging() is written to STDERR
W0304 14:39:15.875545 1919661 ProcessGroupNCCL.cpp:4834] [PG ID 0 PG GUID 0 Rank 351]  using GPU 7 as device used by this process is currently unknown. This can potentially cause a hang if this rank to GPU mapping is incorrect. You can pecify device_id in init_process_group() to force use of a particular device.
WARNING: Logging before InitGoogleLogging() is written to STDERR
W0304 14:39:15.876379 1930626 ProcessGroupNCCL.cpp:4834] [PG ID 0 PG GUID 0 Rank 291]  using GPU 3 as device used by this process is currently unknown. This can potentially cause a hang if this rank to GPU mapping is incorrect. You can pecify device_id in init_process_group() to force use of a particular device.
WARNING: Logging before InitGoogleLogging() is written to STDERR
W0304 14:39:15.876720 2025400 ProcessGroupNCCL.cpp:4834] [PG ID 0 PG GUID 0 Rank 287]  using GPU 7 as device used by this process is currently unknown. This can potentially cause a hang if this rank to GPU mapping is incorrect. You can pecify device_id in init_process_group() to force use of a particular device.
WARNING: Logging before InitGoogleLogging() is written to STDERR
W0304 14:39:15.876828 1932982 ProcessGroupNCCL.cpp:4834] [PG ID 0 PG GUID 0 Rank 302]  using GPU 6 as device used by this process is currently unknown. This can potentially cause a hang if this rank to GPU mapping is incorrect. You can pecify device_id in init_process_group() to force use of a particular device.
WARNING: Logging before InitGoogleLogging() is written to STDERR
W0304 14:39:15.876888 1919348 ProcessGroupNCCL.cpp:4834] [PG ID 0 PG GUID 0 Rank 366]  using GPU 6 as device used by this process is currently unknown. This can potentially cause a hang if this rank to GPU mapping is incorrect. You can pecify device_id in init_process_group() to force use of a particular device.
WARNING: Logging before InitGoogleLogging() is written to STDERR
W0304 14:39:15.878201 1919473 ProcessGroupNCCL.cpp:4834] [PG ID 0 PG GUID 0 Rank 362]  using GPU 2 as device used by this process is currently unknown. This can potentially cause a hang if this rank to GPU mapping is incorrect. You can pecify device_id in init_process_group() to force use of a particular device.
WARNING: Logging before InitGoogleLogging() is written to STDERR
W0304 14:39:15.879171 1932921 ProcessGroupNCCL.cpp:4834] [PG ID 0 PG GUID 0 Rank 298]  using GPU 2 as device used by this process is currently unknown. This can potentially cause a hang if this rank to GPU mapping is incorrect. You can pecify device_id in init_process_group() to force use of a particular device.
WARNING: Logging before InitGoogleLogging() is written to STDERR
W0304 14:39:15.879447 1909001 ProcessGroupNCCL.cpp:4834] [PG ID 0 PG GUID 0 Rank 84]  using GPU 4 as device used by this process is currently unknown. This can potentially cause a hang if this rank to GPU mapping is incorrect. You can pecify device_id in init_process_group() to force use of a particular device.
WARNING: Logging before InitGoogleLogging() is written to STDERR
W0304 14:39:15.880302 1932962 ProcessGroupNCCL.cpp:4834] [PG ID 0 PG GUID 0 Rank 303]  using GPU 7 as device used by this process is currently unknown. This can potentially cause a hang if this rank to GPU mapping is incorrect. You can pecify device_id in init_process_group() to force use of a particular device.
WARNING: Logging before InitGoogleLogging() is written to STDERR
W0304 14:39:15.880343 1891634 ProcessGroupNCCL.cpp:4834] [PG ID 0 PG GUID 0 Rank 12]  using GPU 4 as device used by this process is currently unknown. This can potentially cause a hang if this rank to GPU mapping is incorrect. You can pecify device_id in init_process_group() to force use of a particular device.
WARNING: Logging before InitGoogleLogging() is written to STDERR
W0304 14:39:15.880460 1893335 ProcessGroupNCCL.cpp:4834] [PG ID 0 PG GUID 0 Rank 20]  using GPU 4 as device used by this process is currently unknown. This can potentially cause a hang if this rank to GPU mapping is incorrect. You can pecify device_id in init_process_group() to force use of a particular device.
WARNING: Logging before InitGoogleLogging() is written to STDERR
W0304 14:39:15.881008 1909069 ProcessGroupNCCL.cpp:4834] [PG ID 0 PG GUID 0 Rank 76]  using GPU 4 as device used by this process is currently unknown. This can potentially cause a hang if this rank to GPU mapping is incorrect. You can pecify device_id in init_process_group() to force use of a particular device.
WARNING: Logging before InitGoogleLogging() is written to STDERR
W0304 14:39:15.882822 1909009 ProcessGroupNCCL.cpp:4834] [PG ID 0 PG GUID 0 Rank 80]  using GPU 0 as device used by this process is currently unknown. This can potentially cause a hang if this rank to GPU mapping is incorrect. You can pecify device_id in init_process_group() to force use of a particular device.
WARNING: Logging before InitGoogleLogging() is written to STDERR
W0304 14:39:15.882954 1947810 ProcessGroupNCCL.cpp:4834] [PG ID 0 PG GUID 0 Rank 60]  using GPU 4 as device used by this process is currently unknown. This can potentially cause a hang if this rank to GPU mapping is incorrect. You can pecify device_id in init_process_group() to force use of a particular device.
WARNING: Logging before InitGoogleLogging() is written to STDERR
W0304 14:39:15.883173 1925832 ProcessGroupNCCL.cpp:4834] [PG ID 0 PG GUID 0 Rank 68]  using GPU 4 as device used by this process is currently unknown. This can potentially cause a hang if this rank to GPU mapping is incorrect. You can pecify device_id in init_process_group() to force use of a particular device.
WARNING: Logging before InitGoogleLogging() is written to STDERR
W0304 14:39:15.882969 1893453 ProcessGroupNCCL.cpp:4834] [PG ID 0 PG GUID 0 Rank 16]  using GPU 0 as device used by this process is currently unknown. This can potentially cause a hang if this rank to GPU mapping is incorrect. You can pecify device_id in init_process_group() to force use of a particular device.
WARNING: Logging before InitGoogleLogging() is written to STDERR
W0304 14:39:15.883471 1947855 ProcessGroupNCCL.cpp:4834] [PG ID 0 PG GUID 0 Rank 56]  using GPU 0 as device used by this process is currently unknown. This can potentially cause a hang if this rank to GPU mapping is incorrect. You can pecify device_id in init_process_group() to force use of a particular device.
WARNING: Logging before InitGoogleLogging() is written to STDERR
W0304 14:39:15.883841 1963703 ProcessGroupNCCL.cpp:4834] [PG ID 0 PG GUID 0 Rank 124]  using GPU 4 as device used by this process is currently unknown. This can potentially cause a hang if this rank to GPU mapping is incorrect. You can pecify device_id in init_process_group() to force use of a particular device.
WARNING: Logging before InitGoogleLogging() is written to STDERR
W0304 14:39:15.883859 1949926 ProcessGroupNCCL.cpp:4834] [PG ID 0 PG GUID 0 Rank 24]  using GPU 0 as device used by this process is currently unknown. This can potentially cause a hang if this rank to GPU mapping is incorrect. You can pecify device_id in init_process_group() to force use of a particular device.
WARNING: Logging before InitGoogleLogging() is written to STDERR
W0304 14:39:15.883997 1945479 ProcessGroupNCCL.cpp:4834] [PG ID 0 PG GUID 0 Rank 88]  using GPU 0 as device used by this process is currently unknown. This can potentially cause a hang if this rank to GPU mapping is incorrect. You can pecify device_id in init_process_group() to force use of a particular device.
WARNING: Logging before InitGoogleLogging() is written to STDERR
W0304 14:39:15.884145 2222247 ProcessGroupNCCL.cpp:4834] [PG ID 0 PG GUID 0 Rank 4]  using GPU 4 as device used by this process is currently unknown. This can potentially cause a hang if this rank to GPU mapping is incorrect. You can pecify device_id in init_process_group() to force use of a particular device.
WARNING: Logging before InitGoogleLogging() is written to STDERR
W0304 14:39:15.884132 1944370 ProcessGroupNCCL.cpp:4834] [PG ID 0 PG GUID 0 Rank 100]  using GPU 4 as device used by this process is currently unknown. This can potentially cause a hang if this rank to GPU mapping is incorrect. You can pecify device_id in init_process_group() to force use of a particular device.
WARNING: Logging before InitGoogleLogging() is written to STDERR
W0304 14:39:15.884337 1948859 ProcessGroupNCCL.cpp:4834] [PG ID 0 PG GUID 0 Rank 44]  using GPU 4 as device used by this process is currently unknown. This can potentially cause a hang if this rank to GPU mapping is incorrect. You can pecify device_id in init_process_group() to force use of a particular device.
WARNING: Logging before InitGoogleLogging() is written to STDERR
W0304 14:39:15.884352 1968390 ProcessGroupNCCL.cpp:4834] [PG ID 0 PG GUID 0 Rank 108]  using GPU 4 as device used by this process is currently unknown. This can potentially cause a hang if this rank to GPU mapping is incorrect. You can pecify device_id in init_process_group() to force use of a particular device.
WARNING: Logging before InitGoogleLogging() is written to STDERR
W0304 14:39:15.884349 1947562 ProcessGroupNCCL.cpp:4834] [PG ID 0 PG GUID 0 Rank 32]  using GPU 0 as device used by this process is currently unknown. This can potentially cause a hang if this rank to GPU mapping is incorrect. You can pecify device_id in init_process_group() to force use of a particular device.
WARNING: Logging before InitGoogleLogging() is written to STDERR
W0304 14:39:15.884644 1947559 ProcessGroupNCCL.cpp:4834] [PG ID 0 PG GUID 0 Rank 36]  using GPU 4 as device used by this process is currently unknown. This can potentially cause a hang if this rank to GPU mapping is incorrect. You can pecify device_id in init_process_group() to force use of a particular device.
WARNING: Logging before InitGoogleLogging() is written to STDERR
W0304 14:39:15.884807 1963729 ProcessGroupNCCL.cpp:4834] [PG ID 0 PG GUID 0 Rank 120]  using GPU 0 as device used by this process is currently unknown. This can potentially cause a hang if this rank to GPU mapping is incorrect. You can pecify device_id in init_process_group() to force use of a particular device.
WARNING: Logging before InitGoogleLogging() is written to STDERR
W0304 14:39:15.885111 1891601 ProcessGroupNCCL.cpp:4834] [PG ID 0 PG GUID 0 Rank 8]  using GPU 0 as device used by this process is currently unknown. This can potentially cause a hang if this rank to GPU mapping is incorrect. You can pecify device_id in init_process_group() to force use of a particular device.
WARNING: Logging before InitGoogleLogging() is written to STDERR
W0304 14:39:15.885586 1947609 ProcessGroupNCCL.cpp:4834] [PG ID 0 PG GUID 0 Rank 48]  using GPU 0 as device used by this process is currently unknown. This can potentially cause a hang if this rank to GPU mapping is incorrect. You can pecify device_id in init_process_group() to force use of a particular device.
WARNING: Logging before InitGoogleLogging() is written to STDERR
W0304 14:39:15.885646 1948729 ProcessGroupNCCL.cpp:4834] [PG ID 0 PG GUID 0 Rank 40]  using GPU 0 as device used by this process is currently unknown. This can potentially cause a hang if this rank to GPU mapping is incorrect. You can pecify device_id in init_process_group() to force use of a particular device.
WARNING: Logging before InitGoogleLogging() is written to STDERR
W0304 14:39:15.885802 1943873 ProcessGroupNCCL.cpp:4834] [PG ID 0 PG GUID 0 Rank 112]  using GPU 0 as device used by this process is currently unknown. This can potentially cause a hang if this rank to GPU mapping is incorrect. You can pecify device_id in init_process_group() to force use of a particular device.
WARNING: Logging before InitGoogleLogging() is written to STDERR
W0304 14:39:15.886058 1944372 ProcessGroupNCCL.cpp:4834] [PG ID 0 PG GUID 0 Rank 96]  using GPU 0 as device used by this process is currently unknown. This can potentially cause a hang if this rank to GPU mapping is incorrect. You can pecify device_id in init_process_group() to force use of a particular device.
WARNING: Logging before InitGoogleLogging() is written to STDERR
W0304 14:39:15.886073 1947605 ProcessGroupNCCL.cpp:4834] [PG ID 0 PG GUID 0 Rank 52]  using GPU 4 as device used by this process is currently unknown. This can potentially cause a hang if this rank to GPU mapping is incorrect. You can pecify device_id in init_process_group() to force use of a particular device.
> compiling dataset index builder ...
WARNING: Logging before InitGoogleLogging() is written to STDERR
W0304 14:39:15.887046 1925835 ProcessGroupNCCL.cpp:4834] [PG ID 0 PG GUID 0 Rank 64]  using GPU 0 as device used by this process is currently unknown. This can potentially cause a hang if this rank to GPU mapping is incorrect. You can pecify device_id in init_process_group() to force use of a particular device.
WARNING: Logging before InitGoogleLogging() is written to STDERR
W0304 14:39:15.887216 1968388 ProcessGroupNCCL.cpp:4834] [PG ID 0 PG GUID 0 Rank 104]  using GPU 0 as device used by this process is currently unknown. This can potentially cause a hang if this rank to GPU mapping is incorrect. You can pecify device_id in init_process_group() to force use of a particular device.
WARNING: Logging before InitGoogleLogging() is written to STDERR
W0304 14:39:15.887683 1949974 ProcessGroupNCCL.cpp:4834] [PG ID 0 PG GUID 0 Rank 28]  using GPU 4 as device used by this process is currently unknown. This can potentially cause a hang if this rank to GPU mapping is incorrect. You can pecify device_id in init_process_group() to force use of a particular device.
WARNING: Logging before InitGoogleLogging() is written to STDERR
W0304 14:39:15.888123 1943827 ProcessGroupNCCL.cpp:4834] [PG ID 0 PG GUID 0 Rank 116]  using GPU 4 as device used by this process is currently unknown. This can potentially cause a hang if this rank to GPU mapping is incorrect. You can pecify device_id in init_process_group() to force use of a particular device.
WARNING: Logging before InitGoogleLogging() is written to STDERR
W0304 14:39:15.888964 1945482 ProcessGroupNCCL.cpp:4834] [PG ID 0 PG GUID 0 Rank 92]  using GPU 4 as device used by this process is currently unknown. This can potentially cause a hang if this rank to GPU mapping is incorrect. You can pecify device_id in init_process_group() to force use of a particular device.
WARNING: Logging before InitGoogleLogging() is written to STDERR
W0304 14:39:15.889140 1909144 ProcessGroupNCCL.cpp:4834] [PG ID 0 PG GUID 0 Rank 72]  using GPU 0 as device used by this process is currently unknown. This can potentially cause a hang if this rank to GPU mapping is incorrect. You can pecify device_id in init_process_group() to force use of a particular device.
make: Entering directory '/public/home/onescience2026/xingjl/dcu_megatron-core_v0.13.0/Megatron-LM/megatron/core/datasets'
make: Nothing to be done for 'default'.
make: Leaving directory '/public/home/onescience2026/xingjl/dcu_megatron-core_v0.13.0/Megatron-LM/megatron/core/datasets'
>>> done with dataset index builder. Compilation time: 0.065 seconds
WARNING: constraints for invoking optimized fused softmax kernel are not met. We default back to unfused kernel invocations.
> compiling and loading fused kernels ...
WARNING: Logging before InitGoogleLogging() is written to STDERR
W0304 14:39:15.952732 2222088 ProcessGroupNCCL.cpp:4834] [PG ID 0 PG GUID 0 Rank 0]  using GPU 0 as device used by this process is currently unknown. This can potentially cause a hang if this rank to GPU mapping is incorrect. You can pecify device_id in init_process_group() to force use of a particular device.
>>> done with compiling and loading fused kernels. Compilation time: 3.569 seconds
time to initialize megatron (seconds): 23.064
[after megatron is initialized] datetime: 2026-03-04 14:39:21 
building GPT model ...
/opt/hpc/software/app/miniconda3/25.11.0/envs/megatron_train/lib/python3.10/site-packages/transformer_engine/pytorch/cpu_offload.py:693: DeprecationWarning: Offloading weights is deprecated. Using offload_weights=True does not have any effect.
  warnings.warn(
/opt/hpc/software/app/miniconda3/25.11.0/envs/megatron_train/lib/python3.10/site-packages/transformer_engine/pytorch/cpu_offload.py:693: DeprecationWarning: Offloading weights is deprecated. Using offload_weights=True does not have any effect.
  warnings.warn(
/opt/hpc/software/app/miniconda3/25.11.0/envs/megatron_train/lib/python3.10/site-packages/transformer_engine/pytorch/cpu_offload.py:693: DeprecationWarning: Offloading weights is deprecated. Using offload_weights=True does not have any effect.
  warnings.warn(
/opt/hpc/software/app/miniconda3/25.11.0/envs/megatron_train/lib/python3.10/site-packages/transformer_engine/pytorch/cpu_offload.py:693: DeprecationWarning: Offloading weights is deprecated. Using offload_weights=True does not have any effect.
  warnings.warn(
/opt/hpc/software/app/miniconda3/25.11.0/envs/megatron_train/lib/python3.10/site-packages/transformer_engine/pytorch/cpu_offload.py:693: DeprecationWarning: Offloading weights is deprecated. Using offload_weights=True does not have any effect.
  warnings.warn(
/opt/hpc/software/app/miniconda3/25.11.0/envs/megatron_train/lib/python3.10/site-packages/transformer_engine/pytorch/cpu_offload.py:693: DeprecationWarning: Offloading weights is deprecated. Using offload_weights=True does not have any effect.
  warnings.warn(
/opt/hpc/software/app/miniconda3/25.11.0/envs/megatron_train/lib/python3.10/site-packages/transformer_engine/pytorch/cpu_offload.py:693: DeprecationWarning: Offloading weights is deprecated. Using offload_weights=True does not have any effect.
  warnings.warn(
/opt/hpc/software/app/miniconda3/25.11.0/envs/megatron_train/lib/python3.10/site-packages/transformer_engine/pytorch/cpu_offload.py:693: DeprecationWarning: Offloading weights is deprecated. Using offload_weights=True does not have any effect.
  warnings.warn(
/opt/hpc/software/app/miniconda3/25.11.0/envs/megatron_train/lib/python3.10/site-packages/transformer_engine/pytorch/cpu_offload.py:693: DeprecationWarning: Offloading weights is deprecated. Using offload_weights=True does not have any effect.
  warnings.warn(
/opt/hpc/software/app/miniconda3/25.11.0/envs/megatron_train/lib/python3.10/site-packages/transformer_engine/pytorch/cpu_offload.py:693: DeprecationWarning: Offloading weights is deprecated. Using offload_weights=True does not have any effect.
  warnings.warn(
/opt/hpc/software/app/miniconda3/25.11.0/envs/megatron_train/lib/python3.10/site-packages/transformer_engine/pytorch/cpu_offload.py:693: DeprecationWarning: Offloading weights is deprecated. Using offload_weights=True does not have any effect.
  warnings.warn(
/opt/hpc/software/app/miniconda3/25.11.0/envs/megatron_train/lib/python3.10/site-packages/transformer_engine/pytorch/cpu_offload.py:693: DeprecationWarning: Offloading weights is deprecated. Using offload_weights=True does not have any effect.
  warnings.warn(
/opt/hpc/software/app/miniconda3/25.11.0/envs/megatron_train/lib/python3.10/site-packages/transformer_engine/pytorch/cpu_offload.py:693: DeprecationWarning: Offloading weights is deprecated. Using offload_weights=True does not have any effect.
  warnings.warn(
/opt/hpc/software/app/miniconda3/25.11.0/envs/megatron_train/lib/python3.10/site-packages/transformer_engine/pytorch/cpu_offload.py:693: DeprecationWarning: Offloading weights is deprecated. Using offload_weights=True does not have any effect.
  warnings.warn(
/opt/hpc/software/app/miniconda3/25.11.0/envs/megatron_train/lib/python3.10/site-packages/transformer_engine/pytorch/cpu_offload.py:693: DeprecationWarning: Offloading weights is deprecated. Using offload_weights=True does not have any effect.
  warnings.warn(
/opt/hpc/software/app/miniconda3/25.11.0/envs/megatron_train/lib/python3.10/site-packages/transformer_engine/pytorch/cpu_offload.py:693: DeprecationWarning: Offloading weights is deprecated. Using offload_weights=True does not have any effect.
  warnings.warn(
/opt/hpc/software/app/miniconda3/25.11.0/envs/megatron_train/lib/python3.10/site-packages/transformer_engine/pytorch/cpu_offload.py:693: DeprecationWarning: Offloading weights is deprecated. Using offload_weights=True does not have any effect.
  warnings.warn(
/opt/hpc/software/app/miniconda3/25.11.0/envs/megatron_train/lib/python3.10/site-packages/transformer_engine/pytorch/cpu_offload.py:693: DeprecationWarning: Offloading weights is deprecated. Using offload_weights=True does not have any effect.
  warnings.warn(
/opt/hpc/software/app/miniconda3/25.11.0/envs/megatron_train/lib/python3.10/site-packages/transformer_engine/pytorch/cpu_offload.py:693: DeprecationWarning: Offloading weights is deprecated. Using offload_weights=True does not have any effect.
  warnings.warn(
/opt/hpc/software/app/miniconda3/25.11.0/envs/megatron_train/lib/python3.10/site-packages/transformer_engine/pytorch/cpu_offload.py:693: DeprecationWarning: Offloading weights is deprecated. Using offload_weights=True does not have any effect.
  warnings.warn(
/opt/hpc/software/app/miniconda3/25.11.0/envs/megatron_train/lib/python3.10/site-packages/transformer_engine/pytorch/cpu_offload.py:693: DeprecationWarning: Offloading weights is deprecated. Using offload_weights=True does not have any effect.
  warnings.warn(
/opt/hpc/software/app/miniconda3/25.11.0/envs/megatron_train/lib/python3.10/site-packages/transformer_engine/pytorch/cpu_offload.py:693: DeprecationWarning: Offloading weights is deprecated. Using offload_weights=True does not have any effect.
  warnings.warn(
/opt/hpc/software/app/miniconda3/25.11.0/envs/megatron_train/lib/python3.10/site-packages/transformer_engine/pytorch/cpu_offload.py:693: DeprecationWarning: Offloading weights is deprecated. Using offload_weights=True does not have any effect.
  warnings.warn(
/opt/hpc/software/app/miniconda3/25.11.0/envs/megatron_train/lib/python3.10/site-packages/transformer_engine/pytorch/cpu_offload.py:693: DeprecationWarning: Offloading weights is deprecated. Using offload_weights=True does not have any effect.
  warnings.warn(
/opt/hpc/software/app/miniconda3/25.11.0/envs/megatron_train/lib/python3.10/site-packages/transformer_engine/pytorch/cpu_offload.py:693: DeprecationWarning: Offloading weights is deprecated. Using offload_weights=True does not have any effect.
  warnings.warn(
/opt/hpc/software/app/miniconda3/25.11.0/envs/megatron_train/lib/python3.10/site-packages/transformer_engine/pytorch/cpu_offload.py:693: DeprecationWarning: Offloading weights is deprecated. Using offload_weights=True does not have any effect.
  warnings.warn(
/opt/hpc/software/app/miniconda3/25.11.0/envs/megatron_train/lib/python3.10/site-packages/transformer_engine/pytorch/cpu_offload.py:693: DeprecationWarning: Offloading weights is deprecated. Using offload_weights=True does not have any effect.
  warnings.warn(
/opt/hpc/software/app/miniconda3/25.11.0/envs/megatron_train/lib/python3.10/site-packages/transformer_engine/pytorch/cpu_offload.py:693: DeprecationWarning: Offloading weights is deprecated. Using offload_weights=True does not have any effect.
  warnings.warn(
/opt/hpc/software/app/miniconda3/25.11.0/envs/megatron_train/lib/python3.10/site-packages/transformer_engine/pytorch/cpu_offload.py:693: DeprecationWarning: Offloading weights is deprecated. Using offload_weights=True does not have any effect.
  warnings.warn(
/opt/hpc/software/app/miniconda3/25.11.0/envs/megatron_train/lib/python3.10/site-packages/transformer_engine/pytorch/cpu_offload.py:693: DeprecationWarning: Offloading weights is deprecated. Using offload_weights=True does not have any effect.
  warnings.warn(
/opt/hpc/software/app/miniconda3/25.11.0/envs/megatron_train/lib/python3.10/site-packages/transformer_engine/pytorch/cpu_offload.py:693: DeprecationWarning: Offloading weights is deprecated. Using offload_weights=True does not have any effect.
  warnings.warn(
/opt/hpc/software/app/miniconda3/25.11.0/envs/megatron_train/lib/python3.10/site-packages/transformer_engine/pytorch/cpu_offload.py:693: DeprecationWarning: Offloading weights is deprecated. Using offload_weights=True does not have any effect.
  warnings.warn(
/opt/hpc/software/app/miniconda3/25.11.0/envs/megatron_train/lib/python3.10/site-packages/transformer_engine/pytorch/cpu_offload.py:693: DeprecationWarning: Offloading weights is deprecated. Using offload_weights=True does not have any effect.
  warnings.warn(
/opt/hpc/software/app/miniconda3/25.11.0/envs/megatron_train/lib/python3.10/site-packages/transformer_engine/pytorch/cpu_offload.py:693: DeprecationWarning: Offloading weights is deprecated. Using offload_weights=True does not have any effect.
  warnings.warn(
/opt/hpc/software/app/miniconda3/25.11.0/envs/megatron_train/lib/python3.10/site-packages/transformer_engine/pytorch/cpu_offload.py:693: DeprecationWarning: Offloading weights is deprecated. Using offload_weights=True does not have any effect.
  warnings.warn(
/opt/hpc/software/app/miniconda3/25.11.0/envs/megatron_train/lib/python3.10/site-packages/transformer_engine/pytorch/cpu_offload.py:693: DeprecationWarning: Offloading weights is deprecated. Using offload_weights=True does not have any effect.
  warnings.warn(
/opt/hpc/software/app/miniconda3/25.11.0/envs/megatron_train/lib/python3.10/site-packages/transformer_engine/pytorch/cpu_offload.py:693: DeprecationWarning: Offloading weights is deprecated. Using offload_weights=True does not have any effect.
  warnings.warn(
/opt/hpc/software/app/miniconda3/25.11.0/envs/megatron_train/lib/python3.10/site-packages/transformer_engine/pytorch/cpu_offload.py:693: DeprecationWarning: Offloading weights is deprecated. Using offload_weights=True does not have any effect.
  warnings.warn(
/opt/hpc/software/app/miniconda3/25.11.0/envs/megatron_train/lib/python3.10/site-packages/transformer_engine/pytorch/cpu_offload.py:693: DeprecationWarning: Offloading weights is deprecated. Using offload_weights=True does not have any effect.
  warnings.warn(
/opt/hpc/software/app/miniconda3/25.11.0/envs/megatron_train/lib/python3.10/site-packages/transformer_engine/pytorch/cpu_offload.py:693: DeprecationWarning: Offloading weights is deprecated. Using offload_weights=True does not have any effect.
  warnings.warn(
/opt/hpc/software/app/miniconda3/25.11.0/envs/megatron_train/lib/python3.10/site-packages/transformer_engine/pytorch/cpu_offload.py:693: DeprecationWarning: Offloading weights is deprecated. Using offload_weights=True does not have any effect.
  warnings.warn(
/opt/hpc/software/app/miniconda3/25.11.0/envs/megatron_train/lib/python3.10/site-packages/transformer_engine/pytorch/cpu_offload.py:693: DeprecationWarning: Offloading weights is deprecated. Using offload_weights=True does not have any effect.
  warnings.warn(
/opt/hpc/software/app/miniconda3/25.11.0/envs/megatron_train/lib/python3.10/site-packages/transformer_engine/pytorch/cpu_offload.py:693: DeprecationWarning: Offloading weights is deprecated. Using offload_weights=True does not have any effect.
  warnings.warn(
/opt/hpc/software/app/miniconda3/25.11.0/envs/megatron_train/lib/python3.10/site-packages/transformer_engine/pytorch/cpu_offload.py:693: DeprecationWarning: Offloading weights is deprecated. Using offload_weights=True does not have any effect.
  warnings.warn(
/opt/hpc/software/app/miniconda3/25.11.0/envs/megatron_train/lib/python3.10/site-packages/transformer_engine/pytorch/cpu_offload.py:693: DeprecationWarning: Offloading weights is deprecated. Using offload_weights=True does not have any effect.
  warnings.warn(
/opt/hpc/software/app/miniconda3/25.11.0/envs/megatron_train/lib/python3.10/site-packages/transformer_engine/pytorch/cpu_offload.py:693: DeprecationWarning: Offloading weights is deprecated. Using offload_weights=True does not have any effect.
  warnings.warn(
/opt/hpc/software/app/miniconda3/25.11.0/envs/megatron_train/lib/python3.10/site-packages/transformer_engine/pytorch/cpu_offload.py:693: DeprecationWarning: Offloading weights is deprecated. Using offload_weights=True does not have any effect.
  warnings.warn(
/opt/hpc/software/app/miniconda3/25.11.0/envs/megatron_train/lib/python3.10/site-packages/transformer_engine/pytorch/cpu_offload.py:693: DeprecationWarning: Offloading weights is deprecated. Using offload_weights=True does not have any effect.
  warnings.warn(
/opt/hpc/software/app/miniconda3/25.11.0/envs/megatron_train/lib/python3.10/site-packages/transformer_engine/pytorch/cpu_offload.py:693: DeprecationWarning: Offloading weights is deprecated. Using offload_weights=True does not have any effect.
  warnings.warn(
/opt/hpc/software/app/miniconda3/25.11.0/envs/megatron_train/lib/python3.10/site-packages/transformer_engine/pytorch/cpu_offload.py:693: DeprecationWarning: Offloading weights is deprecated. Using offload_weights=True does not have any effect.
  warnings.warn(
/opt/hpc/software/app/miniconda3/25.11.0/envs/megatron_train/lib/python3.10/site-packages/transformer_engine/pytorch/cpu_offload.py:693: DeprecationWarning: Offloading weights is deprecated. Using offload_weights=True does not have any effect.
  warnings.warn(
/opt/hpc/software/app/miniconda3/25.11.0/envs/megatron_train/lib/python3.10/site-packages/transformer_engine/pytorch/cpu_offload.py:693: DeprecationWarning: Offloading weights is deprecated. Using offload_weights=True does not have any effect.
  warnings.warn(
/opt/hpc/software/app/miniconda3/25.11.0/envs/megatron_train/lib/python3.10/site-packages/transformer_engine/pytorch/cpu_offload.py:693: DeprecationWarning: Offloading weights is deprecated. Using offload_weights=True does not have any effect.
  warnings.warn(
/opt/hpc/software/app/miniconda3/25.11.0/envs/megatron_train/lib/python3.10/site-packages/transformer_engine/pytorch/cpu_offload.py:693: DeprecationWarning: Offloading weights is deprecated. Using offload_weights=True does not have any effect.
  warnings.warn(
/opt/hpc/software/app/miniconda3/25.11.0/envs/megatron_train/lib/python3.10/site-packages/transformer_engine/pytorch/cpu_offload.py:693: DeprecationWarning: Offloading weights is deprecated. Using offload_weights=True does not have any effect.
  warnings.warn(
/opt/hpc/software/app/miniconda3/25.11.0/envs/megatron_train/lib/python3.10/site-packages/transformer_engine/pytorch/cpu_offload.py:693: DeprecationWarning: Offloading weights is deprecated. Using offload_weights=True does not have any effect.
  warnings.warn(
/opt/hpc/software/app/miniconda3/25.11.0/envs/megatron_train/lib/python3.10/site-packages/transformer_engine/pytorch/cpu_offload.py:693: DeprecationWarning: Offloading weights is deprecated. Using offload_weights=True does not have any effect.
  warnings.warn(
/opt/hpc/software/app/miniconda3/25.11.0/envs/megatron_train/lib/python3.10/site-packages/transformer_engine/pytorch/cpu_offload.py:693: DeprecationWarning: Offloading weights is deprecated. Using offload_weights=True does not have any effect.
  warnings.warn(
/opt/hpc/software/app/miniconda3/25.11.0/envs/megatron_train/lib/python3.10/site-packages/transformer_engine/pytorch/cpu_offload.py:693: DeprecationWarning: Offloading weights is deprecated. Using offload_weights=True does not have any effect.
  warnings.warn(
/opt/hpc/software/app/miniconda3/25.11.0/envs/megatron_train/lib/python3.10/site-packages/transformer_engine/pytorch/cpu_offload.py:693: DeprecationWarning: Offloading weights is deprecated. Using offload_weights=True does not have any effect.
  warnings.warn(
/opt/hpc/software/app/miniconda3/25.11.0/envs/megatron_train/lib/python3.10/site-packages/transformer_engine/pytorch/cpu_offload.py:693: DeprecationWarning: Offloading weights is deprecated. Using offload_weights=True does not have any effect.
  warnings.warn(
/opt/hpc/software/app/miniconda3/25.11.0/envs/megatron_train/lib/python3.10/site-packages/transformer_engine/pytorch/cpu_offload.py:693: DeprecationWarning: Offloading weights is deprecated. Using offload_weights=True does not have any effect.
  warnings.warn(
/opt/hpc/software/app/miniconda3/25.11.0/envs/megatron_train/lib/python3.10/site-packages/transformer_engine/pytorch/cpu_offload.py:693: DeprecationWarning: Offloading weights is deprecated. Using offload_weights=True does not have any effect.
  warnings.warn(
/opt/hpc/software/app/miniconda3/25.11.0/envs/megatron_train/lib/python3.10/site-packages/transformer_engine/pytorch/cpu_offload.py:693: DeprecationWarning: Offloading weights is deprecated. Using offload_weights=True does not have any effect.
  warnings.warn(
/opt/hpc/software/app/miniconda3/25.11.0/envs/megatron_train/lib/python3.10/site-packages/transformer_engine/pytorch/cpu_offload.py:693: DeprecationWarning: Offloading weights is deprecated. Using offload_weights=True does not have any effect.
  warnings.warn(
/opt/hpc/software/app/miniconda3/25.11.0/envs/megatron_train/lib/python3.10/site-packages/transformer_engine/pytorch/cpu_offload.py:693: DeprecationWarning: Offloading weights is deprecated. Using offload_weights=True does not have any effect.
  warnings.warn(
/opt/hpc/software/app/miniconda3/25.11.0/envs/megatron_train/lib/python3.10/site-packages/transformer_engine/pytorch/cpu_offload.py:693: DeprecationWarning: Offloading weights is deprecated. Using offload_weights=True does not have any effect.
  warnings.warn(
/opt/hpc/software/app/miniconda3/25.11.0/envs/megatron_train/lib/python3.10/site-packages/transformer_engine/pytorch/cpu_offload.py:693: DeprecationWarning: Offloading weights is deprecated. Using offload_weights=True does not have any effect.
  warnings.warn(
/opt/hpc/software/app/miniconda3/25.11.0/envs/megatron_train/lib/python3.10/site-packages/transformer_engine/pytorch/cpu_offload.py:693: DeprecationWarning: Offloading weights is deprecated. Using offload_weights=True does not have any effect.
  warnings.warn(
/opt/hpc/software/app/miniconda3/25.11.0/envs/megatron_train/lib/python3.10/site-packages/transformer_engine/pytorch/cpu_offload.py:693: DeprecationWarning: Offloading weights is deprecated. Using offload_weights=True does not have any effect.
  warnings.warn(
/opt/hpc/software/app/miniconda3/25.11.0/envs/megatron_train/lib/python3.10/site-packages/transformer_engine/pytorch/cpu_offload.py:693: DeprecationWarning: Offloading weights is deprecated. Using offload_weights=True does not have any effect.
  warnings.warn(
/opt/hpc/software/app/miniconda3/25.11.0/envs/megatron_train/lib/python3.10/site-packages/transformer_engine/pytorch/cpu_offload.py:693: DeprecationWarning: Offloading weights is deprecated. Using offload_weights=True does not have any effect.
  warnings.warn(
/opt/hpc/software/app/miniconda3/25.11.0/envs/megatron_train/lib/python3.10/site-packages/transformer_engine/pytorch/cpu_offload.py:693: DeprecationWarning: Offloading weights is deprecated. Using offload_weights=True does not have any effect.
  warnings.warn(
/opt/hpc/software/app/miniconda3/25.11.0/envs/megatron_train/lib/python3.10/site-packages/transformer_engine/pytorch/cpu_offload.py:693: DeprecationWarning: Offloading weights is deprecated. Using offload_weights=True does not have any effect.
  warnings.warn(
/opt/hpc/software/app/miniconda3/25.11.0/envs/megatron_train/lib/python3.10/site-packages/transformer_engine/pytorch/cpu_offload.py:693: DeprecationWarning: Offloading weights is deprecated. Using offload_weights=True does not have any effect.
  warnings.warn(
/opt/hpc/software/app/miniconda3/25.11.0/envs/megatron_train/lib/python3.10/site-packages/transformer_engine/pytorch/cpu_offload.py:693: DeprecationWarning: Offloading weights is deprecated. Using offload_weights=True does not have any effect.
  warnings.warn(
/opt/hpc/software/app/miniconda3/25.11.0/envs/megatron_train/lib/python3.10/site-packages/transformer_engine/pytorch/cpu_offload.py:693: DeprecationWarning: Offloading weights is deprecated. Using offload_weights=True does not have any effect.
  warnings.warn(
/opt/hpc/software/app/miniconda3/25.11.0/envs/megatron_train/lib/python3.10/site-packages/transformer_engine/pytorch/cpu_offload.py:693: DeprecationWarning: Offloading weights is deprecated. Using offload_weights=True does not have any effect.
  warnings.warn(
/opt/hpc/software/app/miniconda3/25.11.0/envs/megatron_train/lib/python3.10/site-packages/transformer_engine/pytorch/cpu_offload.py:693: DeprecationWarning: Offloading weights is deprecated. Using offload_weights=True does not have any effect.
  warnings.warn(
/opt/hpc/software/app/miniconda3/25.11.0/envs/megatron_train/lib/python3.10/site-packages/transformer_engine/pytorch/cpu_offload.py:693: DeprecationWarning: Offloading weights is deprecated. Using offload_weights=True does not have any effect.
  warnings.warn(
/opt/hpc/software/app/miniconda3/25.11.0/envs/megatron_train/lib/python3.10/site-packages/transformer_engine/pytorch/cpu_offload.py:693: DeprecationWarning: Offloading weights is deprecated. Using offload_weights=True does not have any effect.
  warnings.warn(
/opt/hpc/software/app/miniconda3/25.11.0/envs/megatron_train/lib/python3.10/site-packages/transformer_engine/pytorch/cpu_offload.py:693: DeprecationWarning: Offloading weights is deprecated. Using offload_weights=True does not have any effect.
  warnings.warn(
/opt/hpc/software/app/miniconda3/25.11.0/envs/megatron_train/lib/python3.10/site-packages/transformer_engine/pytorch/cpu_offload.py:693: DeprecationWarning: Offloading weights is deprecated. Using offload_weights=True does not have any effect.
  warnings.warn(
/opt/hpc/software/app/miniconda3/25.11.0/envs/megatron_train/lib/python3.10/site-packages/transformer_engine/pytorch/cpu_offload.py:693: DeprecationWarning: Offloading weights is deprecated. Using offload_weights=True does not have any effect.
  warnings.warn(
/opt/hpc/software/app/miniconda3/25.11.0/envs/megatron_train/lib/python3.10/site-packages/transformer_engine/pytorch/cpu_offload.py:693: DeprecationWarning: Offloading weights is deprecated. Using offload_weights=True does not have any effect.
  warnings.warn(
/opt/hpc/software/app/miniconda3/25.11.0/envs/megatron_train/lib/python3.10/site-packages/transformer_engine/pytorch/cpu_offload.py:693: DeprecationWarning: Offloading weights is deprecated. Using offload_weights=True does not have any effect.
  warnings.warn(
/opt/hpc/software/app/miniconda3/25.11.0/envs/megatron_train/lib/python3.10/site-packages/transformer_engine/pytorch/cpu_offload.py:693: DeprecationWarning: Offloading weights is deprecated. Using offload_weights=True does not have any effect.
  warnings.warn(
/opt/hpc/software/app/miniconda3/25.11.0/envs/megatron_train/lib/python3.10/site-packages/transformer_engine/pytorch/cpu_offload.py:693: DeprecationWarning: Offloading weights is deprecated. Using offload_weights=True does not have any effect.
  warnings.warn(
/opt/hpc/software/app/miniconda3/25.11.0/envs/megatron_train/lib/python3.10/site-packages/transformer_engine/pytorch/cpu_offload.py:693: DeprecationWarning: Offloading weights is deprecated. Using offload_weights=True does not have any effect.
  warnings.warn(
/opt/hpc/software/app/miniconda3/25.11.0/envs/megatron_train/lib/python3.10/site-packages/transformer_engine/pytorch/cpu_offload.py:693: DeprecationWarning: Offloading weights is deprecated. Using offload_weights=True does not have any effect.
  warnings.warn(
/opt/hpc/software/app/miniconda3/25.11.0/envs/megatron_train/lib/python3.10/site-packages/transformer_engine/pytorch/cpu_offload.py:693: DeprecationWarning: Offloading weights is deprecated. Using offload_weights=True does not have any effect.
  warnings.warn(
/opt/hpc/software/app/miniconda3/25.11.0/envs/megatron_train/lib/python3.10/site-packages/transformer_engine/pytorch/cpu_offload.py:693: DeprecationWarning: Offloading weights is deprecated. Using offload_weights=True does not have any effect.
  warnings.warn(
/opt/hpc/software/app/miniconda3/25.11.0/envs/megatron_train/lib/python3.10/site-packages/transformer_engine/pytorch/cpu_offload.py:693: DeprecationWarning: Offloading weights is deprecated. Using offload_weights=True does not have any effect.
  warnings.warn(
/opt/hpc/software/app/miniconda3/25.11.0/envs/megatron_train/lib/python3.10/site-packages/transformer_engine/pytorch/cpu_offload.py:693: DeprecationWarning: Offloading weights is deprecated. Using offload_weights=True does not have any effect.
  warnings.warn(
/opt/hpc/software/app/miniconda3/25.11.0/envs/megatron_train/lib/python3.10/site-packages/transformer_engine/pytorch/cpu_offload.py:693: DeprecationWarning: Offloading weights is deprecated. Using offload_weights=True does not have any effect.
  warnings.warn(
/opt/hpc/software/app/miniconda3/25.11.0/envs/megatron_train/lib/python3.10/site-packages/transformer_engine/pytorch/cpu_offload.py:693: DeprecationWarning: Offloading weights is deprecated. Using offload_weights=True does not have any effect.
  warnings.warn(
/opt/hpc/software/app/miniconda3/25.11.0/envs/megatron_train/lib/python3.10/site-packages/transformer_engine/pytorch/cpu_offload.py:693: DeprecationWarning: Offloading weights is deprecated. Using offload_weights=True does not have any effect.
  warnings.warn(
/opt/hpc/software/app/miniconda3/25.11.0/envs/megatron_train/lib/python3.10/site-packages/transformer_engine/pytorch/cpu_offload.py:693: DeprecationWarning: Offloading weights is deprecated. Using offload_weights=True does not have any effect.
  warnings.warn(
/opt/hpc/software/app/miniconda3/25.11.0/envs/megatron_train/lib/python3.10/site-packages/transformer_engine/pytorch/cpu_offload.py:693: DeprecationWarning: Offloading weights is deprecated. Using offload_weights=True does not have any effect.
  warnings.warn(
/opt/hpc/software/app/miniconda3/25.11.0/envs/megatron_train/lib/python3.10/site-packages/transformer_engine/pytorch/cpu_offload.py:693: DeprecationWarning: Offloading weights is deprecated. Using offload_weights=True does not have any effect.
  warnings.warn(
/opt/hpc/software/app/miniconda3/25.11.0/envs/megatron_train/lib/python3.10/site-packages/transformer_engine/pytorch/cpu_offload.py:693: DeprecationWarning: Offloading weights is deprecated. Using offload_weights=True does not have any effect.
  warnings.warn(
/opt/hpc/software/app/miniconda3/25.11.0/envs/megatron_train/lib/python3.10/site-packages/transformer_engine/pytorch/cpu_offload.py:693: DeprecationWarning: Offloading weights is deprecated. Using offload_weights=True does not have any effect.
  warnings.warn(
/opt/hpc/software/app/miniconda3/25.11.0/envs/megatron_train/lib/python3.10/site-packages/transformer_engine/pytorch/cpu_offload.py:693: DeprecationWarning: Offloading weights is deprecated. Using offload_weights=True does not have any effect.
  warnings.warn(
/opt/hpc/software/app/miniconda3/25.11.0/envs/megatron_train/lib/python3.10/site-packages/transformer_engine/pytorch/cpu_offload.py:693: DeprecationWarning: Offloading weights is deprecated. Using offload_weights=True does not have any effect.
  warnings.warn(
/opt/hpc/software/app/miniconda3/25.11.0/envs/megatron_train/lib/python3.10/site-packages/transformer_engine/pytorch/cpu_offload.py:693: DeprecationWarning: Offloading weights is deprecated. Using offload_weights=True does not have any effect.
  warnings.warn(
/opt/hpc/software/app/miniconda3/25.11.0/envs/megatron_train/lib/python3.10/site-packages/transformer_engine/pytorch/cpu_offload.py:693: DeprecationWarning: Offloading weights is deprecated. Using offload_weights=True does not have any effect.
  warnings.warn(
/opt/hpc/software/app/miniconda3/25.11.0/envs/megatron_train/lib/python3.10/site-packages/transformer_engine/pytorch/cpu_offload.py:693: DeprecationWarning: Offloading weights is deprecated. Using offload_weights=True does not have any effect.
  warnings.warn(
/opt/hpc/software/app/miniconda3/25.11.0/envs/megatron_train/lib/python3.10/site-packages/transformer_engine/pytorch/cpu_offload.py:693: DeprecationWarning: Offloading weights is deprecated. Using offload_weights=True does not have any effect.
  warnings.warn(
/opt/hpc/software/app/miniconda3/25.11.0/envs/megatron_train/lib/python3.10/site-packages/transformer_engine/pytorch/cpu_offload.py:693: DeprecationWarning: Offloading weights is deprecated. Using offload_weights=True does not have any effect.
  warnings.warn(
/opt/hpc/software/app/miniconda3/25.11.0/envs/megatron_train/lib/python3.10/site-packages/transformer_engine/pytorch/cpu_offload.py:693: DeprecationWarning: Offloading weights is deprecated. Using offload_weights=True does not have any effect.
  warnings.warn(
/opt/hpc/software/app/miniconda3/25.11.0/envs/megatron_train/lib/python3.10/site-packages/transformer_engine/pytorch/cpu_offload.py:693: DeprecationWarning: Offloading weights is deprecated. Using offload_weights=True does not have any effect.
  warnings.warn(
/opt/hpc/software/app/miniconda3/25.11.0/envs/megatron_train/lib/python3.10/site-packages/transformer_engine/pytorch/cpu_offload.py:693: DeprecationWarning: Offloading weights is deprecated. Using offload_weights=True does not have any effect.
  warnings.warn(
/opt/hpc/software/app/miniconda3/25.11.0/envs/megatron_train/lib/python3.10/site-packages/transformer_engine/pytorch/cpu_offload.py:693: DeprecationWarning: Offloading weights is deprecated. Using offload_weights=True does not have any effect.
  warnings.warn(
/opt/hpc/software/app/miniconda3/25.11.0/envs/megatron_train/lib/python3.10/site-packages/transformer_engine/pytorch/cpu_offload.py:693: DeprecationWarning: Offloading weights is deprecated. Using offload_weights=True does not have any effect.
  warnings.warn(
/opt/hpc/software/app/miniconda3/25.11.0/envs/megatron_train/lib/python3.10/site-packages/transformer_engine/pytorch/cpu_offload.py:693: DeprecationWarning: Offloading weights is deprecated. Using offload_weights=True does not have any effect.
  warnings.warn(
/opt/hpc/software/app/miniconda3/25.11.0/envs/megatron_train/lib/python3.10/site-packages/transformer_engine/pytorch/cpu_offload.py:693: DeprecationWarning: Offloading weights is deprecated. Using offload_weights=True does not have any effect.
  warnings.warn(
/opt/hpc/software/app/miniconda3/25.11.0/envs/megatron_train/lib/python3.10/site-packages/transformer_engine/pytorch/cpu_offload.py:693: DeprecationWarning: Offloading weights is deprecated. Using offload_weights=True does not have any effect.
  warnings.warn(
/opt/hpc/software/app/miniconda3/25.11.0/envs/megatron_train/lib/python3.10/site-packages/transformer_engine/pytorch/cpu_offload.py:693: DeprecationWarning: Offloading weights is deprecated. Using offload_weights=True does not have any effect.
  warnings.warn(
/opt/hpc/software/app/miniconda3/25.11.0/envs/megatron_train/lib/python3.10/site-packages/transformer_engine/pytorch/cpu_offload.py:693: DeprecationWarning: Offloading weights is deprecated. Using offload_weights=True does not have any effect.
  warnings.warn(
/opt/hpc/software/app/miniconda3/25.11.0/envs/megatron_train/lib/python3.10/site-packages/transformer_engine/pytorch/cpu_offload.py:693: DeprecationWarning: Offloading weights is deprecated. Using offload_weights=True does not have any effect.
  warnings.warn(
/opt/hpc/software/app/miniconda3/25.11.0/envs/megatron_train/lib/python3.10/site-packages/transformer_engine/pytorch/cpu_offload.py:693: DeprecationWarning: Offloading weights is deprecated. Using offload_weights=True does not have any effect.
  warnings.warn(
/opt/hpc/software/app/miniconda3/25.11.0/envs/megatron_train/lib/python3.10/site-packages/transformer_engine/pytorch/cpu_offload.py:693: DeprecationWarning: Offloading weights is deprecated. Using offload_weights=True does not have any effect.
  warnings.warn(
/opt/hpc/software/app/miniconda3/25.11.0/envs/megatron_train/lib/python3.10/site-packages/transformer_engine/pytorch/cpu_offload.py:693: DeprecationWarning: Offloading weights is deprecated. Using offload_weights=True does not have any effect.
  warnings.warn(
/opt/hpc/software/app/miniconda3/25.11.0/envs/megatron_train/lib/python3.10/site-packages/transformer_engine/pytorch/cpu_offload.py:693: DeprecationWarning: Offloading weights is deprecated. Using offload_weights=True does not have any effect.
  warnings.warn(
/opt/hpc/software/app/miniconda3/25.11.0/envs/megatron_train/lib/python3.10/site-packages/transformer_engine/pytorch/cpu_offload.py:693: DeprecationWarning: Offloading weights is deprecated. Using offload_weights=True does not have any effect.
  warnings.warn(
/opt/hpc/software/app/miniconda3/25.11.0/envs/megatron_train/lib/python3.10/site-packages/transformer_engine/pytorch/cpu_offload.py:693: DeprecationWarning: Offloading weights is deprecated. Using offload_weights=True does not have any effect.
  warnings.warn(
/opt/hpc/software/app/miniconda3/25.11.0/envs/megatron_train/lib/python3.10/site-packages/transformer_engine/pytorch/cpu_offload.py:693: DeprecationWarning: Offloading weights is deprecated. Using offload_weights=True does not have any effect.
  warnings.warn(
/opt/hpc/software/app/miniconda3/25.11.0/envs/megatron_train/lib/python3.10/site-packages/transformer_engine/pytorch/cpu_offload.py:693: DeprecationWarning: Offloading weights is deprecated. Using offload_weights=True does not have any effect.
  warnings.warn(
/opt/hpc/software/app/miniconda3/25.11.0/envs/megatron_train/lib/python3.10/site-packages/transformer_engine/pytorch/cpu_offload.py:693: DeprecationWarning: Offloading weights is deprecated. Using offload_weights=True does not have any effect.
  warnings.warn(
/opt/hpc/software/app/miniconda3/25.11.0/envs/megatron_train/lib/python3.10/site-packages/transformer_engine/pytorch/cpu_offload.py:693: DeprecationWarning: Offloading weights is deprecated. Using offload_weights=True does not have any effect.
  warnings.warn(
/opt/hpc/software/app/miniconda3/25.11.0/envs/megatron_train/lib/python3.10/site-packages/transformer_engine/pytorch/cpu_offload.py:693: DeprecationWarning: Offloading weights is deprecated. Using offload_weights=True does not have any effect.
  warnings.warn(
/opt/hpc/software/app/miniconda3/25.11.0/envs/megatron_train/lib/python3.10/site-packages/transformer_engine/pytorch/cpu_offload.py:693: DeprecationWarning: Offloading weights is deprecated. Using offload_weights=True does not have any effect.
  warnings.warn(
/opt/hpc/software/app/miniconda3/25.11.0/envs/megatron_train/lib/python3.10/site-packages/transformer_engine/pytorch/cpu_offload.py:693: DeprecationWarning: Offloading weights is deprecated. Using offload_weights=True does not have any effect.
  warnings.warn(
/opt/hpc/software/app/miniconda3/25.11.0/envs/megatron_train/lib/python3.10/site-packages/transformer_engine/pytorch/cpu_offload.py:693: DeprecationWarning: Offloading weights is deprecated. Using offload_weights=True does not have any effect.
  warnings.warn(
/opt/hpc/software/app/miniconda3/25.11.0/envs/megatron_train/lib/python3.10/site-packages/transformer_engine/pytorch/cpu_offload.py:693: DeprecationWarning: Offloading weights is deprecated. Using offload_weights=True does not have any effect.
  warnings.warn(
/opt/hpc/software/app/miniconda3/25.11.0/envs/megatron_train/lib/python3.10/site-packages/transformer_engine/pytorch/cpu_offload.py:693: DeprecationWarning: Offloading weights is deprecated. Using offload_weights=True does not have any effect.
  warnings.warn(
/opt/hpc/software/app/miniconda3/25.11.0/envs/megatron_train/lib/python3.10/site-packages/transformer_engine/pytorch/cpu_offload.py:693: DeprecationWarning: Offloading weights is deprecated. Using offload_weights=True does not have any effect.
  warnings.warn(
/opt/hpc/software/app/miniconda3/25.11.0/envs/megatron_train/lib/python3.10/site-packages/transformer_engine/pytorch/cpu_offload.py:693: DeprecationWarning: Offloading weights is deprecated. Using offload_weights=True does not have any effect.
  warnings.warn(
/opt/hpc/software/app/miniconda3/25.11.0/envs/megatron_train/lib/python3.10/site-packages/transformer_engine/pytorch/cpu_offload.py:693: DeprecationWarning: Offloading weights is deprecated. Using offload_weights=True does not have any effect.
  warnings.warn(
/opt/hpc/software/app/miniconda3/25.11.0/envs/megatron_train/lib/python3.10/site-packages/transformer_engine/pytorch/cpu_offload.py:693: DeprecationWarning: Offloading weights is deprecated. Using offload_weights=True does not have any effect.
  warnings.warn(
/opt/hpc/software/app/miniconda3/25.11.0/envs/megatron_train/lib/python3.10/site-packages/transformer_engine/pytorch/cpu_offload.py:693: DeprecationWarning: Offloading weights is deprecated. Using offload_weights=True does not have any effect.
  warnings.warn(
/opt/hpc/software/app/miniconda3/25.11.0/envs/megatron_train/lib/python3.10/site-packages/transformer_engine/pytorch/cpu_offload.py:693: DeprecationWarning: Offloading weights is deprecated. Using offload_weights=True does not have any effect.
  warnings.warn(
/opt/hpc/software/app/miniconda3/25.11.0/envs/megatron_train/lib/python3.10/site-packages/transformer_engine/pytorch/cpu_offload.py:693: DeprecationWarning: Offloading weights is deprecated. Using offload_weights=True does not have any effect.
  warnings.warn(
/opt/hpc/software/app/miniconda3/25.11.0/envs/megatron_train/lib/python3.10/site-packages/transformer_engine/pytorch/cpu_offload.py:693: DeprecationWarning: Offloading weights is deprecated. Using offload_weights=True does not have any effect.
  warnings.warn(
/opt/hpc/software/app/miniconda3/25.11.0/envs/megatron_train/lib/python3.10/site-packages/transformer_engine/pytorch/cpu_offload.py:693: DeprecationWarning: Offloading weights is deprecated. Using offload_weights=True does not have any effect.
  warnings.warn(
/opt/hpc/software/app/miniconda3/25.11.0/envs/megatron_train/lib/python3.10/site-packages/transformer_engine/pytorch/cpu_offload.py:693: DeprecationWarning: Offloading weights is deprecated. Using offload_weights=True does not have any effect.
  warnings.warn(
/opt/hpc/software/app/miniconda3/25.11.0/envs/megatron_train/lib/python3.10/site-packages/transformer_engine/pytorch/cpu_offload.py:693: DeprecationWarning: Offloading weights is deprecated. Using offload_weights=True does not have any effect.
  warnings.warn(
/opt/hpc/software/app/miniconda3/25.11.0/envs/megatron_train/lib/python3.10/site-packages/transformer_engine/pytorch/cpu_offload.py:693: DeprecationWarning: Offloading weights is deprecated. Using offload_weights=True does not have any effect.
  warnings.warn(
/opt/hpc/software/app/miniconda3/25.11.0/envs/megatron_train/lib/python3.10/site-packages/transformer_engine/pytorch/cpu_offload.py:693: DeprecationWarning: Offloading weights is deprecated. Using offload_weights=True does not have any effect.
  warnings.warn(
/opt/hpc/software/app/miniconda3/25.11.0/envs/megatron_train/lib/python3.10/site-packages/transformer_engine/pytorch/cpu_offload.py:693: DeprecationWarning: Offloading weights is deprecated. Using offload_weights=True does not have any effect.
  warnings.warn(
/opt/hpc/software/app/miniconda3/25.11.0/envs/megatron_train/lib/python3.10/site-packages/transformer_engine/pytorch/cpu_offload.py:693: DeprecationWarning: Offloading weights is deprecated. Using offload_weights=True does not have any effect.
  warnings.warn(
/opt/hpc/software/app/miniconda3/25.11.0/envs/megatron_train/lib/python3.10/site-packages/transformer_engine/pytorch/cpu_offload.py:693: DeprecationWarning: Offloading weights is deprecated. Using offload_weights=True does not have any effect.
  warnings.warn(
/opt/hpc/software/app/miniconda3/25.11.0/envs/megatron_train/lib/python3.10/site-packages/transformer_engine/pytorch/cpu_offload.py:693: DeprecationWarning: Offloading weights is deprecated. Using offload_weights=True does not have any effect.
  warnings.warn(
/opt/hpc/software/app/miniconda3/25.11.0/envs/megatron_train/lib/python3.10/site-packages/transformer_engine/pytorch/cpu_offload.py:693: DeprecationWarning: Offloading weights is deprecated. Using offload_weights=True does not have any effect.
  warnings.warn(
/opt/hpc/software/app/miniconda3/25.11.0/envs/megatron_train/lib/python3.10/site-packages/transformer_engine/pytorch/cpu_offload.py:693: DeprecationWarning: Offloading weights is deprecated. Using offload_weights=True does not have any effect.
  warnings.warn(
/opt/hpc/software/app/miniconda3/25.11.0/envs/megatron_train/lib/python3.10/site-packages/transformer_engine/pytorch/cpu_offload.py:693: DeprecationWarning: Offloading weights is deprecated. Using offload_weights=True does not have any effect.
  warnings.warn(
/opt/hpc/software/app/miniconda3/25.11.0/envs/megatron_train/lib/python3.10/site-packages/transformer_engine/pytorch/cpu_offload.py:693: DeprecationWarning: Offloading weights is deprecated. Using offload_weights=True does not have any effect.
  warnings.warn(
/opt/hpc/software/app/miniconda3/25.11.0/envs/megatron_train/lib/python3.10/site-packages/transformer_engine/pytorch/cpu_offload.py:693: DeprecationWarning: Offloading weights is deprecated. Using offload_weights=True does not have any effect.
  warnings.warn(
/opt/hpc/software/app/miniconda3/25.11.0/envs/megatron_train/lib/python3.10/site-packages/transformer_engine/pytorch/cpu_offload.py:693: DeprecationWarning: Offloading weights is deprecated. Using offload_weights=True does not have any effect.
  warnings.warn(
/opt/hpc/software/app/miniconda3/25.11.0/envs/megatron_train/lib/python3.10/site-packages/transformer_engine/pytorch/cpu_offload.py:693: DeprecationWarning: Offloading weights is deprecated. Using offload_weights=True does not have any effect.
  warnings.warn(
/opt/hpc/software/app/miniconda3/25.11.0/envs/megatron_train/lib/python3.10/site-packages/transformer_engine/pytorch/cpu_offload.py:693: DeprecationWarning: Offloading weights is deprecated. Using offload_weights=True does not have any effect.
  warnings.warn(
/opt/hpc/software/app/miniconda3/25.11.0/envs/megatron_train/lib/python3.10/site-packages/transformer_engine/pytorch/cpu_offload.py:693: DeprecationWarning: Offloading weights is deprecated. Using offload_weights=True does not have any effect.
  warnings.warn(
/opt/hpc/software/app/miniconda3/25.11.0/envs/megatron_train/lib/python3.10/site-packages/transformer_engine/pytorch/cpu_offload.py:693: DeprecationWarning: Offloading weights is deprecated. Using offload_weights=True does not have any effect.
  warnings.warn(
/opt/hpc/software/app/miniconda3/25.11.0/envs/megatron_train/lib/python3.10/site-packages/transformer_engine/pytorch/cpu_offload.py:693: DeprecationWarning: Offloading weights is deprecated. Using offload_weights=True does not have any effect.
  warnings.warn(
/opt/hpc/software/app/miniconda3/25.11.0/envs/megatron_train/lib/python3.10/site-packages/transformer_engine/pytorch/cpu_offload.py:693: DeprecationWarning: Offloading weights is deprecated. Using offload_weights=True does not have any effect.
  warnings.warn(
/opt/hpc/software/app/miniconda3/25.11.0/envs/megatron_train/lib/python3.10/site-packages/transformer_engine/pytorch/cpu_offload.py:693: DeprecationWarning: Offloading weights is deprecated. Using offload_weights=True does not have any effect.
  warnings.warn(
/opt/hpc/software/app/miniconda3/25.11.0/envs/megatron_train/lib/python3.10/site-packages/transformer_engine/pytorch/cpu_offload.py:693: DeprecationWarning: Offloading weights is deprecated. Using offload_weights=True does not have any effect.
  warnings.warn(
/opt/hpc/software/app/miniconda3/25.11.0/envs/megatron_train/lib/python3.10/site-packages/transformer_engine/pytorch/cpu_offload.py:693: DeprecationWarning: Offloading weights is deprecated. Using offload_weights=True does not have any effect.
  warnings.warn(
/opt/hpc/software/app/miniconda3/25.11.0/envs/megatron_train/lib/python3.10/site-packages/transformer_engine/pytorch/cpu_offload.py:693: DeprecationWarning: Offloading weights is deprecated. Using offload_weights=True does not have any effect.
  warnings.warn(
/opt/hpc/software/app/miniconda3/25.11.0/envs/megatron_train/lib/python3.10/site-packages/transformer_engine/pytorch/cpu_offload.py:693: DeprecationWarning: Offloading weights is deprecated. Using offload_weights=True does not have any effect.
  warnings.warn(
/opt/hpc/software/app/miniconda3/25.11.0/envs/megatron_train/lib/python3.10/site-packages/transformer_engine/pytorch/cpu_offload.py:693: DeprecationWarning: Offloading weights is deprecated. Using offload_weights=True does not have any effect.
  warnings.warn(
/opt/hpc/software/app/miniconda3/25.11.0/envs/megatron_train/lib/python3.10/site-packages/transformer_engine/pytorch/cpu_offload.py:693: DeprecationWarning: Offloading weights is deprecated. Using offload_weights=True does not have any effect.
  warnings.warn(
/opt/hpc/software/app/miniconda3/25.11.0/envs/megatron_train/lib/python3.10/site-packages/transformer_engine/pytorch/cpu_offload.py:693: DeprecationWarning: Offloading weights is deprecated. Using offload_weights=True does not have any effect.
  warnings.warn(
/opt/hpc/software/app/miniconda3/25.11.0/envs/megatron_train/lib/python3.10/site-packages/transformer_engine/pytorch/cpu_offload.py:693: DeprecationWarning: Offloading weights is deprecated. Using offload_weights=True does not have any effect.
  warnings.warn(
/opt/hpc/software/app/miniconda3/25.11.0/envs/megatron_train/lib/python3.10/site-packages/transformer_engine/pytorch/cpu_offload.py:693: DeprecationWarning: Offloading weights is deprecated. Using offload_weights=True does not have any effect.
  warnings.warn(
/opt/hpc/software/app/miniconda3/25.11.0/envs/megatron_train/lib/python3.10/site-packages/transformer_engine/pytorch/cpu_offload.py:693: DeprecationWarning: Offloading weights is deprecated. Using offload_weights=True does not have any effect.
  warnings.warn(
/opt/hpc/software/app/miniconda3/25.11.0/envs/megatron_train/lib/python3.10/site-packages/transformer_engine/pytorch/cpu_offload.py:693: DeprecationWarning: Offloading weights is deprecated. Using offload_weights=True does not have any effect.
  warnings.warn(
/opt/hpc/software/app/miniconda3/25.11.0/envs/megatron_train/lib/python3.10/site-packages/transformer_engine/pytorch/cpu_offload.py:693: DeprecationWarning: Offloading weights is deprecated. Using offload_weights=True does not have any effect.
  warnings.warn(
/opt/hpc/software/app/miniconda3/25.11.0/envs/megatron_train/lib/python3.10/site-packages/transformer_engine/pytorch/cpu_offload.py:693: DeprecationWarning: Offloading weights is deprecated. Using offload_weights=True does not have any effect.
  warnings.warn(
/opt/hpc/software/app/miniconda3/25.11.0/envs/megatron_train/lib/python3.10/site-packages/transformer_engine/pytorch/cpu_offload.py:693: DeprecationWarning: Offloading weights is deprecated. Using offload_weights=True does not have any effect.
  warnings.warn(
/opt/hpc/software/app/miniconda3/25.11.0/envs/megatron_train/lib/python3.10/site-packages/transformer_engine/pytorch/cpu_offload.py:693: DeprecationWarning: Offloading weights is deprecated. Using offload_weights=True does not have any effect.
  warnings.warn(
/opt/hpc/software/app/miniconda3/25.11.0/envs/megatron_train/lib/python3.10/site-packages/transformer_engine/pytorch/cpu_offload.py:693: DeprecationWarning: Offloading weights is deprecated. Using offload_weights=True does not have any effect.
  warnings.warn(
/opt/hpc/software/app/miniconda3/25.11.0/envs/megatron_train/lib/python3.10/site-packages/transformer_engine/pytorch/cpu_offload.py:693: DeprecationWarning: Offloading weights is deprecated. Using offload_weights=True does not have any effect.
  warnings.warn(
/opt/hpc/software/app/miniconda3/25.11.0/envs/megatron_train/lib/python3.10/site-packages/transformer_engine/pytorch/cpu_offload.py:693: DeprecationWarning: Offloading weights is deprecated. Using offload_weights=True does not have any effect.
  warnings.warn(
/opt/hpc/software/app/miniconda3/25.11.0/envs/megatron_train/lib/python3.10/site-packages/transformer_engine/pytorch/cpu_offload.py:693: DeprecationWarning: Offloading weights is deprecated. Using offload_weights=True does not have any effect.
  warnings.warn(
/opt/hpc/software/app/miniconda3/25.11.0/envs/megatron_train/lib/python3.10/site-packages/transformer_engine/pytorch/cpu_offload.py:693: DeprecationWarning: Offloading weights is deprecated. Using offload_weights=True does not have any effect.
  warnings.warn(
/opt/hpc/software/app/miniconda3/25.11.0/envs/megatron_train/lib/python3.10/site-packages/transformer_engine/pytorch/cpu_offload.py:693: DeprecationWarning: Offloading weights is deprecated. Using offload_weights=True does not have any effect.
  warnings.warn(
/opt/hpc/software/app/miniconda3/25.11.0/envs/megatron_train/lib/python3.10/site-packages/transformer_engine/pytorch/cpu_offload.py:693: DeprecationWarning: Offloading weights is deprecated. Using offload_weights=True does not have any effect.
  warnings.warn(
/opt/hpc/software/app/miniconda3/25.11.0/envs/megatron_train/lib/python3.10/site-packages/transformer_engine/pytorch/cpu_offload.py:693: DeprecationWarning: Offloading weights is deprecated. Using offload_weights=True does not have any effect.
  warnings.warn(
/opt/hpc/software/app/miniconda3/25.11.0/envs/megatron_train/lib/python3.10/site-packages/transformer_engine/pytorch/cpu_offload.py:693: DeprecationWarning: Offloading weights is deprecated. Using offload_weights=True does not have any effect.
  warnings.warn(
/opt/hpc/software/app/miniconda3/25.11.0/envs/megatron_train/lib/python3.10/site-packages/transformer_engine/pytorch/cpu_offload.py:693: DeprecationWarning: Offloading weights is deprecated. Using offload_weights=True does not have any effect.
  warnings.warn(
/opt/hpc/software/app/miniconda3/25.11.0/envs/megatron_train/lib/python3.10/site-packages/transformer_engine/pytorch/cpu_offload.py:693: DeprecationWarning: Offloading weights is deprecated. Using offload_weights=True does not have any effect.
  warnings.warn(
/opt/hpc/software/app/miniconda3/25.11.0/envs/megatron_train/lib/python3.10/site-packages/transformer_engine/pytorch/cpu_offload.py:693: DeprecationWarning: Offloading weights is deprecated. Using offload_weights=True does not have any effect.
  warnings.warn(
/opt/hpc/software/app/miniconda3/25.11.0/envs/megatron_train/lib/python3.10/site-packages/transformer_engine/pytorch/cpu_offload.py:693: DeprecationWarning: Offloading weights is deprecated. Using offload_weights=True does not have any effect.
  warnings.warn(
/opt/hpc/software/app/miniconda3/25.11.0/envs/megatron_train/lib/python3.10/site-packages/transformer_engine/pytorch/cpu_offload.py:693: DeprecationWarning: Offloading weights is deprecated. Using offload_weights=True does not have any effect.
  warnings.warn(
/opt/hpc/software/app/miniconda3/25.11.0/envs/megatron_train/lib/python3.10/site-packages/transformer_engine/pytorch/cpu_offload.py:693: DeprecationWarning: Offloading weights is deprecated. Using offload_weights=True does not have any effect.
  warnings.warn(
/opt/hpc/software/app/miniconda3/25.11.0/envs/megatron_train/lib/python3.10/site-packages/transformer_engine/pytorch/cpu_offload.py:693: DeprecationWarning: Offloading weights is deprecated. Using offload_weights=True does not have any effect.
  warnings.warn(
/opt/hpc/software/app/miniconda3/25.11.0/envs/megatron_train/lib/python3.10/site-packages/transformer_engine/pytorch/cpu_offload.py:693: DeprecationWarning: Offloading weights is deprecated. Using offload_weights=True does not have any effect.
  warnings.warn(
/opt/hpc/software/app/miniconda3/25.11.0/envs/megatron_train/lib/python3.10/site-packages/transformer_engine/pytorch/cpu_offload.py:693: DeprecationWarning: Offloading weights is deprecated. Using offload_weights=True does not have any effect.
  warnings.warn(
/opt/hpc/software/app/miniconda3/25.11.0/envs/megatron_train/lib/python3.10/site-packages/transformer_engine/pytorch/cpu_offload.py:693: DeprecationWarning: Offloading weights is deprecated. Using offload_weights=True does not have any effect.
  warnings.warn(
/opt/hpc/software/app/miniconda3/25.11.0/envs/megatron_train/lib/python3.10/site-packages/transformer_engine/pytorch/cpu_offload.py:693: DeprecationWarning: Offloading weights is deprecated. Using offload_weights=True does not have any effect.
  warnings.warn(
/opt/hpc/software/app/miniconda3/25.11.0/envs/megatron_train/lib/python3.10/site-packages/transformer_engine/pytorch/cpu_offload.py:693: DeprecationWarning: Offloading weights is deprecated. Using offload_weights=True does not have any effect.
  warnings.warn(
/opt/hpc/software/app/miniconda3/25.11.0/envs/megatron_train/lib/python3.10/site-packages/transformer_engine/pytorch/cpu_offload.py:693: DeprecationWarning: Offloading weights is deprecated. Using offload_weights=True does not have any effect.
  warnings.warn(
/opt/hpc/software/app/miniconda3/25.11.0/envs/megatron_train/lib/python3.10/site-packages/transformer_engine/pytorch/cpu_offload.py:693: DeprecationWarning: Offloading weights is deprecated. Using offload_weights=True does not have any effect.
  warnings.warn(
/opt/hpc/software/app/miniconda3/25.11.0/envs/megatron_train/lib/python3.10/site-packages/transformer_engine/pytorch/cpu_offload.py:693: DeprecationWarning: Offloading weights is deprecated. Using offload_weights=True does not have any effect.
  warnings.warn(
/opt/hpc/software/app/miniconda3/25.11.0/envs/megatron_train/lib/python3.10/site-packages/transformer_engine/pytorch/cpu_offload.py:693: DeprecationWarning: Offloading weights is deprecated. Using offload_weights=True does not have any effect.
  warnings.warn(
/opt/hpc/software/app/miniconda3/25.11.0/envs/megatron_train/lib/python3.10/site-packages/transformer_engine/pytorch/cpu_offload.py:693: DeprecationWarning: Offloading weights is deprecated. Using offload_weights=True does not have any effect.
  warnings.warn(
/opt/hpc/software/app/miniconda3/25.11.0/envs/megatron_train/lib/python3.10/site-packages/transformer_engine/pytorch/cpu_offload.py:693: DeprecationWarning: Offloading weights is deprecated. Using offload_weights=True does not have any effect.
  warnings.warn(
/opt/hpc/software/app/miniconda3/25.11.0/envs/megatron_train/lib/python3.10/site-packages/transformer_engine/pytorch/cpu_offload.py:693: DeprecationWarning: Offloading weights is deprecated. Using offload_weights=True does not have any effect.
  warnings.warn(
/opt/hpc/software/app/miniconda3/25.11.0/envs/megatron_train/lib/python3.10/site-packages/transformer_engine/pytorch/cpu_offload.py:693: DeprecationWarning: Offloading weights is deprecated. Using offload_weights=True does not have any effect.
  warnings.warn(
/opt/hpc/software/app/miniconda3/25.11.0/envs/megatron_train/lib/python3.10/site-packages/transformer_engine/pytorch/cpu_offload.py:693: DeprecationWarning: Offloading weights is deprecated. Using offload_weights=True does not have any effect.
  warnings.warn(
/opt/hpc/software/app/miniconda3/25.11.0/envs/megatron_train/lib/python3.10/site-packages/transformer_engine/pytorch/cpu_offload.py:693: DeprecationWarning: Offloading weights is deprecated. Using offload_weights=True does not have any effect.
  warnings.warn(
/opt/hpc/software/app/miniconda3/25.11.0/envs/megatron_train/lib/python3.10/site-packages/transformer_engine/pytorch/cpu_offload.py:693: DeprecationWarning: Offloading weights is deprecated. Using offload_weights=True does not have any effect.
  warnings.warn(
/opt/hpc/software/app/miniconda3/25.11.0/envs/megatron_train/lib/python3.10/site-packages/transformer_engine/pytorch/cpu_offload.py:693: DeprecationWarning: Offloading weights is deprecated. Using offload_weights=True does not have any effect.
  warnings.warn(
/opt/hpc/software/app/miniconda3/25.11.0/envs/megatron_train/lib/python3.10/site-packages/transformer_engine/pytorch/cpu_offload.py:693: DeprecationWarning: Offloading weights is deprecated. Using offload_weights=True does not have any effect.
  warnings.warn(
/opt/hpc/software/app/miniconda3/25.11.0/envs/megatron_train/lib/python3.10/site-packages/transformer_engine/pytorch/cpu_offload.py:693: DeprecationWarning: Offloading weights is deprecated. Using offload_weights=True does not have any effect.
  warnings.warn(
/opt/hpc/software/app/miniconda3/25.11.0/envs/megatron_train/lib/python3.10/site-packages/transformer_engine/pytorch/cpu_offload.py:693: DeprecationWarning: Offloading weights is deprecated. Using offload_weights=True does not have any effect.
  warnings.warn(
/opt/hpc/software/app/miniconda3/25.11.0/envs/megatron_train/lib/python3.10/site-packages/transformer_engine/pytorch/cpu_offload.py:693: DeprecationWarning: Offloading weights is deprecated. Using offload_weights=True does not have any effect.
  warnings.warn(
/opt/hpc/software/app/miniconda3/25.11.0/envs/megatron_train/lib/python3.10/site-packages/transformer_engine/pytorch/cpu_offload.py:693: DeprecationWarning: Offloading weights is deprecated. Using offload_weights=True does not have any effect.
  warnings.warn(
/opt/hpc/software/app/miniconda3/25.11.0/envs/megatron_train/lib/python3.10/site-packages/transformer_engine/pytorch/cpu_offload.py:693: DeprecationWarning: Offloading weights is deprecated. Using offload_weights=True does not have any effect.
  warnings.warn(
/opt/hpc/software/app/miniconda3/25.11.0/envs/megatron_train/lib/python3.10/site-packages/transformer_engine/pytorch/cpu_offload.py:693: DeprecationWarning: Offloading weights is deprecated. Using offload_weights=True does not have any effect.
  warnings.warn(
/opt/hpc/software/app/miniconda3/25.11.0/envs/megatron_train/lib/python3.10/site-packages/transformer_engine/pytorch/cpu_offload.py:693: DeprecationWarning: Offloading weights is deprecated. Using offload_weights=True does not have any effect.
  warnings.warn(
/opt/hpc/software/app/miniconda3/25.11.0/envs/megatron_train/lib/python3.10/site-packages/transformer_engine/pytorch/cpu_offload.py:693: DeprecationWarning: Offloading weights is deprecated. Using offload_weights=True does not have any effect.
  warnings.warn(
/opt/hpc/software/app/miniconda3/25.11.0/envs/megatron_train/lib/python3.10/site-packages/transformer_engine/pytorch/cpu_offload.py:693: DeprecationWarning: Offloading weights is deprecated. Using offload_weights=True does not have any effect.
  warnings.warn(
/opt/hpc/software/app/miniconda3/25.11.0/envs/megatron_train/lib/python3.10/site-packages/transformer_engine/pytorch/cpu_offload.py:693: DeprecationWarning: Offloading weights is deprecated. Using offload_weights=True does not have any effect.
  warnings.warn(
/opt/hpc/software/app/miniconda3/25.11.0/envs/megatron_train/lib/python3.10/site-packages/transformer_engine/pytorch/cpu_offload.py:693: DeprecationWarning: Offloading weights is deprecated. Using offload_weights=True does not have any effect.
  warnings.warn(
/opt/hpc/software/app/miniconda3/25.11.0/envs/megatron_train/lib/python3.10/site-packages/transformer_engine/pytorch/cpu_offload.py:693: DeprecationWarning: Offloading weights is deprecated. Using offload_weights=True does not have any effect.
  warnings.warn(
/opt/hpc/software/app/miniconda3/25.11.0/envs/megatron_train/lib/python3.10/site-packages/transformer_engine/pytorch/cpu_offload.py:693: DeprecationWarning: Offloading weights is deprecated. Using offload_weights=True does not have any effect.
  warnings.warn(
/opt/hpc/software/app/miniconda3/25.11.0/envs/megatron_train/lib/python3.10/site-packages/transformer_engine/pytorch/cpu_offload.py:693: DeprecationWarning: Offloading weights is deprecated. Using offload_weights=True does not have any effect.
  warnings.warn(
/opt/hpc/software/app/miniconda3/25.11.0/envs/megatron_train/lib/python3.10/site-packages/transformer_engine/pytorch/cpu_offload.py:693: DeprecationWarning: Offloading weights is deprecated. Using offload_weights=True does not have any effect.
  warnings.warn(
/opt/hpc/software/app/miniconda3/25.11.0/envs/megatron_train/lib/python3.10/site-packages/transformer_engine/pytorch/cpu_offload.py:693: DeprecationWarning: Offloading weights is deprecated. Using offload_weights=True does not have any effect.
  warnings.warn(
/opt/hpc/software/app/miniconda3/25.11.0/envs/megatron_train/lib/python3.10/site-packages/transformer_engine/pytorch/cpu_offload.py:693: DeprecationWarning: Offloading weights is deprecated. Using offload_weights=True does not have any effect.
  warnings.warn(
/opt/hpc/software/app/miniconda3/25.11.0/envs/megatron_train/lib/python3.10/site-packages/transformer_engine/pytorch/cpu_offload.py:693: DeprecationWarning: Offloading weights is deprecated. Using offload_weights=True does not have any effect.
  warnings.warn(
/opt/hpc/software/app/miniconda3/25.11.0/envs/megatron_train/lib/python3.10/site-packages/transformer_engine/pytorch/cpu_offload.py:693: DeprecationWarning: Offloading weights is deprecated. Using offload_weights=True does not have any effect.
  warnings.warn(
/opt/hpc/software/app/miniconda3/25.11.0/envs/megatron_train/lib/python3.10/site-packages/transformer_engine/pytorch/cpu_offload.py:693: DeprecationWarning: Offloading weights is deprecated. Using offload_weights=True does not have any effect.
  warnings.warn(
/opt/hpc/software/app/miniconda3/25.11.0/envs/megatron_train/lib/python3.10/site-packages/transformer_engine/pytorch/cpu_offload.py:693: DeprecationWarning: Offloading weights is deprecated. Using offload_weights=True does not have any effect.
  warnings.warn(
/opt/hpc/software/app/miniconda3/25.11.0/envs/megatron_train/lib/python3.10/site-packages/transformer_engine/pytorch/cpu_offload.py:693: DeprecationWarning: Offloading weights is deprecated. Using offload_weights=True does not have any effect.
  warnings.warn(
/opt/hpc/software/app/miniconda3/25.11.0/envs/megatron_train/lib/python3.10/site-packages/transformer_engine/pytorch/cpu_offload.py:693: DeprecationWarning: Offloading weights is deprecated. Using offload_weights=True does not have any effect.
  warnings.warn(
/opt/hpc/software/app/miniconda3/25.11.0/envs/megatron_train/lib/python3.10/site-packages/transformer_engine/pytorch/cpu_offload.py:693: DeprecationWarning: Offloading weights is deprecated. Using offload_weights=True does not have any effect.
  warnings.warn(
/opt/hpc/software/app/miniconda3/25.11.0/envs/megatron_train/lib/python3.10/site-packages/transformer_engine/pytorch/cpu_offload.py:693: DeprecationWarning: Offloading weights is deprecated. Using offload_weights=True does not have any effect.
  warnings.warn(
/opt/hpc/software/app/miniconda3/25.11.0/envs/megatron_train/lib/python3.10/site-packages/transformer_engine/pytorch/cpu_offload.py:693: DeprecationWarning: Offloading weights is deprecated. Using offload_weights=True does not have any effect.
  warnings.warn(
/opt/hpc/software/app/miniconda3/25.11.0/envs/megatron_train/lib/python3.10/site-packages/transformer_engine/pytorch/cpu_offload.py:693: DeprecationWarning: Offloading weights is deprecated. Using offload_weights=True does not have any effect.
  warnings.warn(
/opt/hpc/software/app/miniconda3/25.11.0/envs/megatron_train/lib/python3.10/site-packages/transformer_engine/pytorch/cpu_offload.py:693: DeprecationWarning: Offloading weights is deprecated. Using offload_weights=True does not have any effect.
  warnings.warn(
/opt/hpc/software/app/miniconda3/25.11.0/envs/megatron_train/lib/python3.10/site-packages/transformer_engine/pytorch/cpu_offload.py:693: DeprecationWarning: Offloading weights is deprecated. Using offload_weights=True does not have any effect.
  warnings.warn(
/opt/hpc/software/app/miniconda3/25.11.0/envs/megatron_train/lib/python3.10/site-packages/transformer_engine/pytorch/cpu_offload.py:693: DeprecationWarning: Offloading weights is deprecated. Using offload_weights=True does not have any effect.
  warnings.warn(
/opt/hpc/software/app/miniconda3/25.11.0/envs/megatron_train/lib/python3.10/site-packages/transformer_engine/pytorch/cpu_offload.py:693: DeprecationWarning: Offloading weights is deprecated. Using offload_weights=True does not have any effect.
  warnings.warn(
/opt/hpc/software/app/miniconda3/25.11.0/envs/megatron_train/lib/python3.10/site-packages/transformer_engine/pytorch/cpu_offload.py:693: DeprecationWarning: Offloading weights is deprecated. Using offload_weights=True does not have any effect.
  warnings.warn(
/opt/hpc/software/app/miniconda3/25.11.0/envs/megatron_train/lib/python3.10/site-packages/transformer_engine/pytorch/cpu_offload.py:693: DeprecationWarning: Offloading weights is deprecated. Using offload_weights=True does not have any effect.
  warnings.warn(
/opt/hpc/software/app/miniconda3/25.11.0/envs/megatron_train/lib/python3.10/site-packages/transformer_engine/pytorch/cpu_offload.py:693: DeprecationWarning: Offloading weights is deprecated. Using offload_weights=True does not have any effect.
  warnings.warn(
/opt/hpc/software/app/miniconda3/25.11.0/envs/megatron_train/lib/python3.10/site-packages/transformer_engine/pytorch/cpu_offload.py:693: DeprecationWarning: Offloading weights is deprecated. Using offload_weights=True does not have any effect.
  warnings.warn(
/opt/hpc/software/app/miniconda3/25.11.0/envs/megatron_train/lib/python3.10/site-packages/transformer_engine/pytorch/cpu_offload.py:693: DeprecationWarning: Offloading weights is deprecated. Using offload_weights=True does not have any effect.
  warnings.warn(
/opt/hpc/software/app/miniconda3/25.11.0/envs/megatron_train/lib/python3.10/site-packages/transformer_engine/pytorch/cpu_offload.py:693: DeprecationWarning: Offloading weights is deprecated. Using offload_weights=True does not have any effect.
  warnings.warn(
/opt/hpc/software/app/miniconda3/25.11.0/envs/megatron_train/lib/python3.10/site-packages/transformer_engine/pytorch/cpu_offload.py:693: DeprecationWarning: Offloading weights is deprecated. Using offload_weights=True does not have any effect.
  warnings.warn(
/opt/hpc/software/app/miniconda3/25.11.0/envs/megatron_train/lib/python3.10/site-packages/transformer_engine/pytorch/cpu_offload.py:693: DeprecationWarning: Offloading weights is deprecated. Using offload_weights=True does not have any effect.
  warnings.warn(
/opt/hpc/software/app/miniconda3/25.11.0/envs/megatron_train/lib/python3.10/site-packages/transformer_engine/pytorch/cpu_offload.py:693: DeprecationWarning: Offloading weights is deprecated. Using offload_weights=True does not have any effect.
  warnings.warn(
/opt/hpc/software/app/miniconda3/25.11.0/envs/megatron_train/lib/python3.10/site-packages/transformer_engine/pytorch/cpu_offload.py:693: DeprecationWarning: Offloading weights is deprecated. Using offload_weights=True does not have any effect.
  warnings.warn(
/opt/hpc/software/app/miniconda3/25.11.0/envs/megatron_train/lib/python3.10/site-packages/transformer_engine/pytorch/cpu_offload.py:693: DeprecationWarning: Offloading weights is deprecated. Using offload_weights=True does not have any effect.
  warnings.warn(
/opt/hpc/software/app/miniconda3/25.11.0/envs/megatron_train/lib/python3.10/site-packages/transformer_engine/pytorch/cpu_offload.py:693: DeprecationWarning: Offloading weights is deprecated. Using offload_weights=True does not have any effect.
  warnings.warn(
/opt/hpc/software/app/miniconda3/25.11.0/envs/megatron_train/lib/python3.10/site-packages/transformer_engine/pytorch/cpu_offload.py:693: DeprecationWarning: Offloading weights is deprecated. Using offload_weights=True does not have any effect.
  warnings.warn(
/opt/hpc/software/app/miniconda3/25.11.0/envs/megatron_train/lib/python3.10/site-packages/transformer_engine/pytorch/cpu_offload.py:693: DeprecationWarning: Offloading weights is deprecated. Using offload_weights=True does not have any effect.
  warnings.warn(
/opt/hpc/software/app/miniconda3/25.11.0/envs/megatron_train/lib/python3.10/site-packages/transformer_engine/pytorch/cpu_offload.py:693: DeprecationWarning: Offloading weights is deprecated. Using offload_weights=True does not have any effect.
  warnings.warn(
/opt/hpc/software/app/miniconda3/25.11.0/envs/megatron_train/lib/python3.10/site-packages/transformer_engine/pytorch/cpu_offload.py:693: DeprecationWarning: Offloading weights is deprecated. Using offload_weights=True does not have any effect.
  warnings.warn(
/opt/hpc/software/app/miniconda3/25.11.0/envs/megatron_train/lib/python3.10/site-packages/transformer_engine/pytorch/cpu_offload.py:693: DeprecationWarning: Offloading weights is deprecated. Using offload_weights=True does not have any effect.
  warnings.warn(
/opt/hpc/software/app/miniconda3/25.11.0/envs/megatron_train/lib/python3.10/site-packages/transformer_engine/pytorch/cpu_offload.py:693: DeprecationWarning: Offloading weights is deprecated. Using offload_weights=True does not have any effect.
  warnings.warn(
/opt/hpc/software/app/miniconda3/25.11.0/envs/megatron_train/lib/python3.10/site-packages/transformer_engine/pytorch/cpu_offload.py:693: DeprecationWarning: Offloading weights is deprecated. Using offload_weights=True does not have any effect.
  warnings.warn(
/opt/hpc/software/app/miniconda3/25.11.0/envs/megatron_train/lib/python3.10/site-packages/transformer_engine/pytorch/cpu_offload.py:693: DeprecationWarning: Offloading weights is deprecated. Using offload_weights=True does not have any effect.
  warnings.warn(
/opt/hpc/software/app/miniconda3/25.11.0/envs/megatron_train/lib/python3.10/site-packages/transformer_engine/pytorch/cpu_offload.py:693: DeprecationWarning: Offloading weights is deprecated. Using offload_weights=True does not have any effect.
  warnings.warn(
/opt/hpc/software/app/miniconda3/25.11.0/envs/megatron_train/lib/python3.10/site-packages/transformer_engine/pytorch/cpu_offload.py:693: DeprecationWarning: Offloading weights is deprecated. Using offload_weights=True does not have any effect.
  warnings.warn(
/opt/hpc/software/app/miniconda3/25.11.0/envs/megatron_train/lib/python3.10/site-packages/transformer_engine/pytorch/cpu_offload.py:693: DeprecationWarning: Offloading weights is deprecated. Using offload_weights=True does not have any effect.
  warnings.warn(
/opt/hpc/software/app/miniconda3/25.11.0/envs/megatron_train/lib/python3.10/site-packages/transformer_engine/pytorch/cpu_offload.py:693: DeprecationWarning: Offloading weights is deprecated. Using offload_weights=True does not have any effect.
  warnings.warn(
/opt/hpc/software/app/miniconda3/25.11.0/envs/megatron_train/lib/python3.10/site-packages/transformer_engine/pytorch/cpu_offload.py:693: DeprecationWarning: Offloading weights is deprecated. Using offload_weights=True does not have any effect.
  warnings.warn(
/opt/hpc/software/app/miniconda3/25.11.0/envs/megatron_train/lib/python3.10/site-packages/transformer_engine/pytorch/cpu_offload.py:693: DeprecationWarning: Offloading weights is deprecated. Using offload_weights=True does not have any effect.
  warnings.warn(
/opt/hpc/software/app/miniconda3/25.11.0/envs/megatron_train/lib/python3.10/site-packages/transformer_engine/pytorch/cpu_offload.py:693: DeprecationWarning: Offloading weights is deprecated. Using offload_weights=True does not have any effect.
  warnings.warn(
/opt/hpc/software/app/miniconda3/25.11.0/envs/megatron_train/lib/python3.10/site-packages/transformer_engine/pytorch/cpu_offload.py:693: DeprecationWarning: Offloading weights is deprecated. Using offload_weights=True does not have any effect.
  warnings.warn(
/opt/hpc/software/app/miniconda3/25.11.0/envs/megatron_train/lib/python3.10/site-packages/transformer_engine/pytorch/cpu_offload.py:693: DeprecationWarning: Offloading weights is deprecated. Using offload_weights=True does not have any effect.
  warnings.warn(
/opt/hpc/software/app/miniconda3/25.11.0/envs/megatron_train/lib/python3.10/site-packages/transformer_engine/pytorch/cpu_offload.py:693: DeprecationWarning: Offloading weights is deprecated. Using offload_weights=True does not have any effect.
  warnings.warn(
/opt/hpc/software/app/miniconda3/25.11.0/envs/megatron_train/lib/python3.10/site-packages/transformer_engine/pytorch/cpu_offload.py:693: DeprecationWarning: Offloading weights is deprecated. Using offload_weights=True does not have any effect.
  warnings.warn(
/opt/hpc/software/app/miniconda3/25.11.0/envs/megatron_train/lib/python3.10/site-packages/transformer_engine/pytorch/cpu_offload.py:693: DeprecationWarning: Offloading weights is deprecated. Using offload_weights=True does not have any effect.
  warnings.warn(
/opt/hpc/software/app/miniconda3/25.11.0/envs/megatron_train/lib/python3.10/site-packages/transformer_engine/pytorch/cpu_offload.py:693: DeprecationWarning: Offloading weights is deprecated. Using offload_weights=True does not have any effect.
  warnings.warn(
/opt/hpc/software/app/miniconda3/25.11.0/envs/megatron_train/lib/python3.10/site-packages/transformer_engine/pytorch/cpu_offload.py:693: DeprecationWarning: Offloading weights is deprecated. Using offload_weights=True does not have any effect.
  warnings.warn(
/opt/hpc/software/app/miniconda3/25.11.0/envs/megatron_train/lib/python3.10/site-packages/transformer_engine/pytorch/cpu_offload.py:693: DeprecationWarning: Offloading weights is deprecated. Using offload_weights=True does not have any effect.
  warnings.warn(
/opt/hpc/software/app/miniconda3/25.11.0/envs/megatron_train/lib/python3.10/site-packages/transformer_engine/pytorch/cpu_offload.py:693: DeprecationWarning: Offloading weights is deprecated. Using offload_weights=True does not have any effect.
  warnings.warn(
/opt/hpc/software/app/miniconda3/25.11.0/envs/megatron_train/lib/python3.10/site-packages/transformer_engine/pytorch/cpu_offload.py:693: DeprecationWarning: Offloading weights is deprecated. Using offload_weights=True does not have any effect.
  warnings.warn(
/opt/hpc/software/app/miniconda3/25.11.0/envs/megatron_train/lib/python3.10/site-packages/transformer_engine/pytorch/cpu_offload.py:693: DeprecationWarning: Offloading weights is deprecated. Using offload_weights=True does not have any effect.
  warnings.warn(
/opt/hpc/software/app/miniconda3/25.11.0/envs/megatron_train/lib/python3.10/site-packages/transformer_engine/pytorch/cpu_offload.py:693: DeprecationWarning: Offloading weights is deprecated. Using offload_weights=True does not have any effect.
  warnings.warn(
/opt/hpc/software/app/miniconda3/25.11.0/envs/megatron_train/lib/python3.10/site-packages/transformer_engine/pytorch/cpu_offload.py:693: DeprecationWarning: Offloading weights is deprecated. Using offload_weights=True does not have any effect.
  warnings.warn(
/opt/hpc/software/app/miniconda3/25.11.0/envs/megatron_train/lib/python3.10/site-packages/transformer_engine/pytorch/cpu_offload.py:693: DeprecationWarning: Offloading weights is deprecated. Using offload_weights=True does not have any effect.
  warnings.warn(
/opt/hpc/software/app/miniconda3/25.11.0/envs/megatron_train/lib/python3.10/site-packages/transformer_engine/pytorch/cpu_offload.py:693: DeprecationWarning: Offloading weights is deprecated. Using offload_weights=True does not have any effect.
  warnings.warn(
/opt/hpc/software/app/miniconda3/25.11.0/envs/megatron_train/lib/python3.10/site-packages/transformer_engine/pytorch/cpu_offload.py:693: DeprecationWarning: Offloading weights is deprecated. Using offload_weights=True does not have any effect.
  warnings.warn(
/opt/hpc/software/app/miniconda3/25.11.0/envs/megatron_train/lib/python3.10/site-packages/transformer_engine/pytorch/cpu_offload.py:693: DeprecationWarning: Offloading weights is deprecated. Using offload_weights=True does not have any effect.
  warnings.warn(
/opt/hpc/software/app/miniconda3/25.11.0/envs/megatron_train/lib/python3.10/site-packages/transformer_engine/pytorch/cpu_offload.py:693: DeprecationWarning: Offloading weights is deprecated. Using offload_weights=True does not have any effect.
  warnings.warn(
/opt/hpc/software/app/miniconda3/25.11.0/envs/megatron_train/lib/python3.10/site-packages/transformer_engine/pytorch/cpu_offload.py:693: DeprecationWarning: Offloading weights is deprecated. Using offload_weights=True does not have any effect.
  warnings.warn(
/opt/hpc/software/app/miniconda3/25.11.0/envs/megatron_train/lib/python3.10/site-packages/transformer_engine/pytorch/cpu_offload.py:693: DeprecationWarning: Offloading weights is deprecated. Using offload_weights=True does not have any effect.
  warnings.warn(
/opt/hpc/software/app/miniconda3/25.11.0/envs/megatron_train/lib/python3.10/site-packages/transformer_engine/pytorch/cpu_offload.py:693: DeprecationWarning: Offloading weights is deprecated. Using offload_weights=True does not have any effect.
  warnings.warn(
/opt/hpc/software/app/miniconda3/25.11.0/envs/megatron_train/lib/python3.10/site-packages/transformer_engine/pytorch/cpu_offload.py:693: DeprecationWarning: Offloading weights is deprecated. Using offload_weights=True does not have any effect.
  warnings.warn(
/opt/hpc/software/app/miniconda3/25.11.0/envs/megatron_train/lib/python3.10/site-packages/transformer_engine/pytorch/cpu_offload.py:693: DeprecationWarning: Offloading weights is deprecated. Using offload_weights=True does not have any effect.
  warnings.warn(
/opt/hpc/software/app/miniconda3/25.11.0/envs/megatron_train/lib/python3.10/site-packages/transformer_engine/pytorch/cpu_offload.py:693: DeprecationWarning: Offloading weights is deprecated. Using offload_weights=True does not have any effect.
  warnings.warn(
/opt/hpc/software/app/miniconda3/25.11.0/envs/megatron_train/lib/python3.10/site-packages/transformer_engine/pytorch/cpu_offload.py:693: DeprecationWarning: Offloading weights is deprecated. Using offload_weights=True does not have any effect.
  warnings.warn(
/opt/hpc/software/app/miniconda3/25.11.0/envs/megatron_train/lib/python3.10/site-packages/transformer_engine/pytorch/cpu_offload.py:693: DeprecationWarning: Offloading weights is deprecated. Using offload_weights=True does not have any effect.
  warnings.warn(
/opt/hpc/software/app/miniconda3/25.11.0/envs/megatron_train/lib/python3.10/site-packages/transformer_engine/pytorch/cpu_offload.py:693: DeprecationWarning: Offloading weights is deprecated. Using offload_weights=True does not have any effect.
  warnings.warn(
/opt/hpc/software/app/miniconda3/25.11.0/envs/megatron_train/lib/python3.10/site-packages/transformer_engine/pytorch/cpu_offload.py:693: DeprecationWarning: Offloading weights is deprecated. Using offload_weights=True does not have any effect.
  warnings.warn(
/opt/hpc/software/app/miniconda3/25.11.0/envs/megatron_train/lib/python3.10/site-packages/transformer_engine/pytorch/cpu_offload.py:693: DeprecationWarning: Offloading weights is deprecated. Using offload_weights=True does not have any effect.
  warnings.warn(
/opt/hpc/software/app/miniconda3/25.11.0/envs/megatron_train/lib/python3.10/site-packages/transformer_engine/pytorch/cpu_offload.py:693: DeprecationWarning: Offloading weights is deprecated. Using offload_weights=True does not have any effect.
  warnings.warn(
/opt/hpc/software/app/miniconda3/25.11.0/envs/megatron_train/lib/python3.10/site-packages/transformer_engine/pytorch/cpu_offload.py:693: DeprecationWarning: Offloading weights is deprecated. Using offload_weights=True does not have any effect.
  warnings.warn(
/opt/hpc/software/app/miniconda3/25.11.0/envs/megatron_train/lib/python3.10/site-packages/transformer_engine/pytorch/cpu_offload.py:693: DeprecationWarning: Offloading weights is deprecated. Using offload_weights=True does not have any effect.
  warnings.warn(
/opt/hpc/software/app/miniconda3/25.11.0/envs/megatron_train/lib/python3.10/site-packages/transformer_engine/pytorch/cpu_offload.py:693: DeprecationWarning: Offloading weights is deprecated. Using offload_weights=True does not have any effect.
  warnings.warn(
/opt/hpc/software/app/miniconda3/25.11.0/envs/megatron_train/lib/python3.10/site-packages/transformer_engine/pytorch/cpu_offload.py:693: DeprecationWarning: Offloading weights is deprecated. Using offload_weights=True does not have any effect.
  warnings.warn(
/opt/hpc/software/app/miniconda3/25.11.0/envs/megatron_train/lib/python3.10/site-packages/transformer_engine/pytorch/cpu_offload.py:693: DeprecationWarning: Offloading weights is deprecated. Using offload_weights=True does not have any effect.
  warnings.warn(
/opt/hpc/software/app/miniconda3/25.11.0/envs/megatron_train/lib/python3.10/site-packages/transformer_engine/pytorch/cpu_offload.py:693: DeprecationWarning: Offloading weights is deprecated. Using offload_weights=True does not have any effect.
  warnings.warn(
/opt/hpc/software/app/miniconda3/25.11.0/envs/megatron_train/lib/python3.10/site-packages/transformer_engine/pytorch/cpu_offload.py:693: DeprecationWarning: Offloading weights is deprecated. Using offload_weights=True does not have any effect.
  warnings.warn(
/opt/hpc/software/app/miniconda3/25.11.0/envs/megatron_train/lib/python3.10/site-packages/transformer_engine/pytorch/cpu_offload.py:693: DeprecationWarning: Offloading weights is deprecated. Using offload_weights=True does not have any effect.
  warnings.warn(
/opt/hpc/software/app/miniconda3/25.11.0/envs/megatron_train/lib/python3.10/site-packages/transformer_engine/pytorch/cpu_offload.py:693: DeprecationWarning: Offloading weights is deprecated. Using offload_weights=True does not have any effect.
  warnings.warn(
/opt/hpc/software/app/miniconda3/25.11.0/envs/megatron_train/lib/python3.10/site-packages/transformer_engine/pytorch/cpu_offload.py:693: DeprecationWarning: Offloading weights is deprecated. Using offload_weights=True does not have any effect.
  warnings.warn(
/opt/hpc/software/app/miniconda3/25.11.0/envs/megatron_train/lib/python3.10/site-packages/transformer_engine/pytorch/cpu_offload.py:693: DeprecationWarning: Offloading weights is deprecated. Using offload_weights=True does not have any effect.
  warnings.warn(
/opt/hpc/software/app/miniconda3/25.11.0/envs/megatron_train/lib/python3.10/site-packages/transformer_engine/pytorch/cpu_offload.py:693: DeprecationWarning: Offloading weights is deprecated. Using offload_weights=True does not have any effect.
  warnings.warn(
/opt/hpc/software/app/miniconda3/25.11.0/envs/megatron_train/lib/python3.10/site-packages/transformer_engine/pytorch/cpu_offload.py:693: DeprecationWarning: Offloading weights is deprecated. Using offload_weights=True does not have any effect.
  warnings.warn(
/opt/hpc/software/app/miniconda3/25.11.0/envs/megatron_train/lib/python3.10/site-packages/transformer_engine/pytorch/cpu_offload.py:693: DeprecationWarning: Offloading weights is deprecated. Using offload_weights=True does not have any effect.
  warnings.warn(
/opt/hpc/software/app/miniconda3/25.11.0/envs/megatron_train/lib/python3.10/site-packages/transformer_engine/pytorch/cpu_offload.py:693: DeprecationWarning: Offloading weights is deprecated. Using offload_weights=True does not have any effect.
  warnings.warn(
/opt/hpc/software/app/miniconda3/25.11.0/envs/megatron_train/lib/python3.10/site-packages/transformer_engine/pytorch/cpu_offload.py:693: DeprecationWarning: Offloading weights is deprecated. Using offload_weights=True does not have any effect.
  warnings.warn(
/opt/hpc/software/app/miniconda3/25.11.0/envs/megatron_train/lib/python3.10/site-packages/transformer_engine/pytorch/cpu_offload.py:693: DeprecationWarning: Offloading weights is deprecated. Using offload_weights=True does not have any effect.
  warnings.warn(
/opt/hpc/software/app/miniconda3/25.11.0/envs/megatron_train/lib/python3.10/site-packages/transformer_engine/pytorch/cpu_offload.py:693: DeprecationWarning: Offloading weights is deprecated. Using offload_weights=True does not have any effect.
  warnings.warn(
/opt/hpc/software/app/miniconda3/25.11.0/envs/megatron_train/lib/python3.10/site-packages/transformer_engine/pytorch/cpu_offload.py:693: DeprecationWarning: Offloading weights is deprecated. Using offload_weights=True does not have any effect.
  warnings.warn(
/opt/hpc/software/app/miniconda3/25.11.0/envs/megatron_train/lib/python3.10/site-packages/transformer_engine/pytorch/cpu_offload.py:693: DeprecationWarning: Offloading weights is deprecated. Using offload_weights=True does not have any effect.
  warnings.warn(
/opt/hpc/software/app/miniconda3/25.11.0/envs/megatron_train/lib/python3.10/site-packages/transformer_engine/pytorch/cpu_offload.py:693: DeprecationWarning: Offloading weights is deprecated. Using offload_weights=True does not have any effect.
  warnings.warn(
/opt/hpc/software/app/miniconda3/25.11.0/envs/megatron_train/lib/python3.10/site-packages/transformer_engine/pytorch/cpu_offload.py:693: DeprecationWarning: Offloading weights is deprecated. Using offload_weights=True does not have any effect.
  warnings.warn(
/opt/hpc/software/app/miniconda3/25.11.0/envs/megatron_train/lib/python3.10/site-packages/transformer_engine/pytorch/cpu_offload.py:693: DeprecationWarning: Offloading weights is deprecated. Using offload_weights=True does not have any effect.
  warnings.warn(
/opt/hpc/software/app/miniconda3/25.11.0/envs/megatron_train/lib/python3.10/site-packages/transformer_engine/pytorch/cpu_offload.py:693: DeprecationWarning: Offloading weights is deprecated. Using offload_weights=True does not have any effect.
  warnings.warn(
/opt/hpc/software/app/miniconda3/25.11.0/envs/megatron_train/lib/python3.10/site-packages/transformer_engine/pytorch/cpu_offload.py:693: DeprecationWarning: Offloading weights is deprecated. Using offload_weights=True does not have any effect.
  warnings.warn(
/opt/hpc/software/app/miniconda3/25.11.0/envs/megatron_train/lib/python3.10/site-packages/transformer_engine/pytorch/cpu_offload.py:693: DeprecationWarning: Offloading weights is deprecated. Using offload_weights=True does not have any effect.
  warnings.warn(
/opt/hpc/software/app/miniconda3/25.11.0/envs/megatron_train/lib/python3.10/site-packages/transformer_engine/pytorch/cpu_offload.py:693: DeprecationWarning: Offloading weights is deprecated. Using offload_weights=True does not have any effect.
  warnings.warn(
/opt/hpc/software/app/miniconda3/25.11.0/envs/megatron_train/lib/python3.10/site-packages/transformer_engine/pytorch/cpu_offload.py:693: DeprecationWarning: Offloading weights is deprecated. Using offload_weights=True does not have any effect.
  warnings.warn(
/opt/hpc/software/app/miniconda3/25.11.0/envs/megatron_train/lib/python3.10/site-packages/transformer_engine/pytorch/cpu_offload.py:693: DeprecationWarning: Offloading weights is deprecated. Using offload_weights=True does not have any effect.
  warnings.warn(
/opt/hpc/software/app/miniconda3/25.11.0/envs/megatron_train/lib/python3.10/site-packages/transformer_engine/pytorch/cpu_offload.py:693: DeprecationWarning: Offloading weights is deprecated. Using offload_weights=True does not have any effect.
  warnings.warn(
/opt/hpc/software/app/miniconda3/25.11.0/envs/megatron_train/lib/python3.10/site-packages/transformer_engine/pytorch/cpu_offload.py:693: DeprecationWarning: Offloading weights is deprecated. Using offload_weights=True does not have any effect.
  warnings.warn(
/opt/hpc/software/app/miniconda3/25.11.0/envs/megatron_train/lib/python3.10/site-packages/transformer_engine/pytorch/cpu_offload.py:693: DeprecationWarning: Offloading weights is deprecated. Using offload_weights=True does not have any effect.
  warnings.warn(
/opt/hpc/software/app/miniconda3/25.11.0/envs/megatron_train/lib/python3.10/site-packages/transformer_engine/pytorch/cpu_offload.py:693: DeprecationWarning: Offloading weights is deprecated. Using offload_weights=True does not have any effect.
  warnings.warn(
/opt/hpc/software/app/miniconda3/25.11.0/envs/megatron_train/lib/python3.10/site-packages/transformer_engine/pytorch/cpu_offload.py:693: DeprecationWarning: Offloading weights is deprecated. Using offload_weights=True does not have any effect.
  warnings.warn(
/opt/hpc/software/app/miniconda3/25.11.0/envs/megatron_train/lib/python3.10/site-packages/transformer_engine/pytorch/cpu_offload.py:693: DeprecationWarning: Offloading weights is deprecated. Using offload_weights=True does not have any effect.
  warnings.warn(
/opt/hpc/software/app/miniconda3/25.11.0/envs/megatron_train/lib/python3.10/site-packages/transformer_engine/pytorch/cpu_offload.py:693: DeprecationWarning: Offloading weights is deprecated. Using offload_weights=True does not have any effect.
  warnings.warn(
/opt/hpc/software/app/miniconda3/25.11.0/envs/megatron_train/lib/python3.10/site-packages/transformer_engine/pytorch/cpu_offload.py:693: DeprecationWarning: Offloading weights is deprecated. Using offload_weights=True does not have any effect.
  warnings.warn(
/opt/hpc/software/app/miniconda3/25.11.0/envs/megatron_train/lib/python3.10/site-packages/transformer_engine/pytorch/cpu_offload.py:693: DeprecationWarning: Offloading weights is deprecated. Using offload_weights=True does not have any effect.
  warnings.warn(
/opt/hpc/software/app/miniconda3/25.11.0/envs/megatron_train/lib/python3.10/site-packages/transformer_engine/pytorch/cpu_offload.py:693: DeprecationWarning: Offloading weights is deprecated. Using offload_weights=True does not have any effect.
  warnings.warn(
/opt/hpc/software/app/miniconda3/25.11.0/envs/megatron_train/lib/python3.10/site-packages/transformer_engine/pytorch/cpu_offload.py:693: DeprecationWarning: Offloading weights is deprecated. Using offload_weights=True does not have any effect.
  warnings.warn(
/opt/hpc/software/app/miniconda3/25.11.0/envs/megatron_train/lib/python3.10/site-packages/transformer_engine/pytorch/cpu_offload.py:693: DeprecationWarning: Offloading weights is deprecated. Using offload_weights=True does not have any effect.
  warnings.warn(
/opt/hpc/software/app/miniconda3/25.11.0/envs/megatron_train/lib/python3.10/site-packages/transformer_engine/pytorch/cpu_offload.py:693: DeprecationWarning: Offloading weights is deprecated. Using offload_weights=True does not have any effect.
  warnings.warn(
/opt/hpc/software/app/miniconda3/25.11.0/envs/megatron_train/lib/python3.10/site-packages/transformer_engine/pytorch/cpu_offload.py:693: DeprecationWarning: Offloading weights is deprecated. Using offload_weights=True does not have any effect.
  warnings.warn(
/opt/hpc/software/app/miniconda3/25.11.0/envs/megatron_train/lib/python3.10/site-packages/transformer_engine/pytorch/cpu_offload.py:693: DeprecationWarning: Offloading weights is deprecated. Using offload_weights=True does not have any effect.
  warnings.warn(
/opt/hpc/software/app/miniconda3/25.11.0/envs/megatron_train/lib/python3.10/site-packages/transformer_engine/pytorch/cpu_offload.py:693: DeprecationWarning: Offloading weights is deprecated. Using offload_weights=True does not have any effect.
  warnings.warn(
/opt/hpc/software/app/miniconda3/25.11.0/envs/megatron_train/lib/python3.10/site-packages/transformer_engine/pytorch/cpu_offload.py:693: DeprecationWarning: Offloading weights is deprecated. Using offload_weights=True does not have any effect.
  warnings.warn(
/opt/hpc/software/app/miniconda3/25.11.0/envs/megatron_train/lib/python3.10/site-packages/transformer_engine/pytorch/cpu_offload.py:693: DeprecationWarning: Offloading weights is deprecated. Using offload_weights=True does not have any effect.
  warnings.warn(
/opt/hpc/software/app/miniconda3/25.11.0/envs/megatron_train/lib/python3.10/site-packages/transformer_engine/pytorch/cpu_offload.py:693: DeprecationWarning: Offloading weights is deprecated. Using offload_weights=True does not have any effect.
  warnings.warn(
/opt/hpc/software/app/miniconda3/25.11.0/envs/megatron_train/lib/python3.10/site-packages/transformer_engine/pytorch/cpu_offload.py:693: DeprecationWarning: Offloading weights is deprecated. Using offload_weights=True does not have any effect.
  warnings.warn(
/opt/hpc/software/app/miniconda3/25.11.0/envs/megatron_train/lib/python3.10/site-packages/transformer_engine/pytorch/cpu_offload.py:693: DeprecationWarning: Offloading weights is deprecated. Using offload_weights=True does not have any effect.
  warnings.warn(
/opt/hpc/software/app/miniconda3/25.11.0/envs/megatron_train/lib/python3.10/site-packages/transformer_engine/pytorch/cpu_offload.py:693: DeprecationWarning: Offloading weights is deprecated. Using offload_weights=True does not have any effect.
  warnings.warn(
/opt/hpc/software/app/miniconda3/25.11.0/envs/megatron_train/lib/python3.10/site-packages/transformer_engine/pytorch/cpu_offload.py:693: DeprecationWarning: Offloading weights is deprecated. Using offload_weights=True does not have any effect.
  warnings.warn(
/opt/hpc/software/app/miniconda3/25.11.0/envs/megatron_train/lib/python3.10/site-packages/transformer_engine/pytorch/cpu_offload.py:693: DeprecationWarning: Offloading weights is deprecated. Using offload_weights=True does not have any effect.
  warnings.warn(
/opt/hpc/software/app/miniconda3/25.11.0/envs/megatron_train/lib/python3.10/site-packages/transformer_engine/pytorch/cpu_offload.py:693: DeprecationWarning: Offloading weights is deprecated. Using offload_weights=True does not have any effect.
  warnings.warn(
/opt/hpc/software/app/miniconda3/25.11.0/envs/megatron_train/lib/python3.10/site-packages/transformer_engine/pytorch/cpu_offload.py:693: DeprecationWarning: Offloading weights is deprecated. Using offload_weights=True does not have any effect.
  warnings.warn(
/opt/hpc/software/app/miniconda3/25.11.0/envs/megatron_train/lib/python3.10/site-packages/transformer_engine/pytorch/cpu_offload.py:693: DeprecationWarning: Offloading weights is deprecated. Using offload_weights=True does not have any effect.
  warnings.warn(
/opt/hpc/software/app/miniconda3/25.11.0/envs/megatron_train/lib/python3.10/site-packages/transformer_engine/pytorch/cpu_offload.py:693: DeprecationWarning: Offloading weights is deprecated. Using offload_weights=True does not have any effect.
  warnings.warn(
/opt/hpc/software/app/miniconda3/25.11.0/envs/megatron_train/lib/python3.10/site-packages/transformer_engine/pytorch/cpu_offload.py:693: DeprecationWarning: Offloading weights is deprecated. Using offload_weights=True does not have any effect.
  warnings.warn(
/opt/hpc/software/app/miniconda3/25.11.0/envs/megatron_train/lib/python3.10/site-packages/transformer_engine/pytorch/cpu_offload.py:693: DeprecationWarning: Offloading weights is deprecated. Using offload_weights=True does not have any effect.
  warnings.warn(
/opt/hpc/software/app/miniconda3/25.11.0/envs/megatron_train/lib/python3.10/site-packages/transformer_engine/pytorch/cpu_offload.py:693: DeprecationWarning: Offloading weights is deprecated. Using offload_weights=True does not have any effect.
  warnings.warn(
/opt/hpc/software/app/miniconda3/25.11.0/envs/megatron_train/lib/python3.10/site-packages/transformer_engine/pytorch/cpu_offload.py:693: DeprecationWarning: Offloading weights is deprecated. Using offload_weights=True does not have any effect.
  warnings.warn(
/opt/hpc/software/app/miniconda3/25.11.0/envs/megatron_train/lib/python3.10/site-packages/transformer_engine/pytorch/cpu_offload.py:693: DeprecationWarning: Offloading weights is deprecated. Using offload_weights=True does not have any effect.
  warnings.warn(
/opt/hpc/software/app/miniconda3/25.11.0/envs/megatron_train/lib/python3.10/site-packages/transformer_engine/pytorch/cpu_offload.py:693: DeprecationWarning: Offloading weights is deprecated. Using offload_weights=True does not have any effect.
  warnings.warn(
/opt/hpc/software/app/miniconda3/25.11.0/envs/megatron_train/lib/python3.10/site-packages/transformer_engine/pytorch/cpu_offload.py:693: DeprecationWarning: Offloading weights is deprecated. Using offload_weights=True does not have any effect.
  warnings.warn(
/opt/hpc/software/app/miniconda3/25.11.0/envs/megatron_train/lib/python3.10/site-packages/transformer_engine/pytorch/cpu_offload.py:693: DeprecationWarning: Offloading weights is deprecated. Using offload_weights=True does not have any effect.
  warnings.warn(
/opt/hpc/software/app/miniconda3/25.11.0/envs/megatron_train/lib/python3.10/site-packages/transformer_engine/pytorch/cpu_offload.py:693: DeprecationWarning: Offloading weights is deprecated. Using offload_weights=True does not have any effect.
  warnings.warn(
/opt/hpc/software/app/miniconda3/25.11.0/envs/megatron_train/lib/python3.10/site-packages/transformer_engine/pytorch/cpu_offload.py:693: DeprecationWarning: Offloading weights is deprecated. Using offload_weights=True does not have any effect.
  warnings.warn(
/opt/hpc/software/app/miniconda3/25.11.0/envs/megatron_train/lib/python3.10/site-packages/transformer_engine/pytorch/cpu_offload.py:693: DeprecationWarning: Offloading weights is deprecated. Using offload_weights=True does not have any effect.
  warnings.warn(
/opt/hpc/software/app/miniconda3/25.11.0/envs/megatron_train/lib/python3.10/site-packages/transformer_engine/pytorch/cpu_offload.py:693: DeprecationWarning: Offloading weights is deprecated. Using offload_weights=True does not have any effect.
  warnings.warn(
/opt/hpc/software/app/miniconda3/25.11.0/envs/megatron_train/lib/python3.10/site-packages/transformer_engine/pytorch/cpu_offload.py:693: DeprecationWarning: Offloading weights is deprecated. Using offload_weights=True does not have any effect.
  warnings.warn(
/opt/hpc/software/app/miniconda3/25.11.0/envs/megatron_train/lib/python3.10/site-packages/transformer_engine/pytorch/cpu_offload.py:693: DeprecationWarning: Offloading weights is deprecated. Using offload_weights=True does not have any effect.
  warnings.warn(
/opt/hpc/software/app/miniconda3/25.11.0/envs/megatron_train/lib/python3.10/site-packages/transformer_engine/pytorch/cpu_offload.py:693: DeprecationWarning: Offloading weights is deprecated. Using offload_weights=True does not have any effect.
  warnings.warn(
/opt/hpc/software/app/miniconda3/25.11.0/envs/megatron_train/lib/python3.10/site-packages/transformer_engine/pytorch/cpu_offload.py:693: DeprecationWarning: Offloading weights is deprecated. Using offload_weights=True does not have any effect.
  warnings.warn(
/opt/hpc/software/app/miniconda3/25.11.0/envs/megatron_train/lib/python3.10/site-packages/transformer_engine/pytorch/cpu_offload.py:693: DeprecationWarning: Offloading weights is deprecated. Using offload_weights=True does not have any effect.
  warnings.warn(
/opt/hpc/software/app/miniconda3/25.11.0/envs/megatron_train/lib/python3.10/site-packages/transformer_engine/pytorch/cpu_offload.py:693: DeprecationWarning: Offloading weights is deprecated. Using offload_weights=True does not have any effect.
  warnings.warn(
/opt/hpc/software/app/miniconda3/25.11.0/envs/megatron_train/lib/python3.10/site-packages/transformer_engine/pytorch/cpu_offload.py:693: DeprecationWarning: Offloading weights is deprecated. Using offload_weights=True does not have any effect.
  warnings.warn(
/opt/hpc/software/app/miniconda3/25.11.0/envs/megatron_train/lib/python3.10/site-packages/transformer_engine/pytorch/cpu_offload.py:693: DeprecationWarning: Offloading weights is deprecated. Using offload_weights=True does not have any effect.
  warnings.warn(
/opt/hpc/software/app/miniconda3/25.11.0/envs/megatron_train/lib/python3.10/site-packages/transformer_engine/pytorch/cpu_offload.py:693: DeprecationWarning: Offloading weights is deprecated. Using offload_weights=True does not have any effect.
  warnings.warn(
/opt/hpc/software/app/miniconda3/25.11.0/envs/megatron_train/lib/python3.10/site-packages/transformer_engine/pytorch/cpu_offload.py:693: DeprecationWarning: Offloading weights is deprecated. Using offload_weights=True does not have any effect.
  warnings.warn(
/opt/hpc/software/app/miniconda3/25.11.0/envs/megatron_train/lib/python3.10/site-packages/transformer_engine/pytorch/cpu_offload.py:693: DeprecationWarning: Offloading weights is deprecated. Using offload_weights=True does not have any effect.
  warnings.warn(
/opt/hpc/software/app/miniconda3/25.11.0/envs/megatron_train/lib/python3.10/site-packages/transformer_engine/pytorch/cpu_offload.py:693: DeprecationWarning: Offloading weights is deprecated. Using offload_weights=True does not have any effect.
  warnings.warn(
/opt/hpc/software/app/miniconda3/25.11.0/envs/megatron_train/lib/python3.10/site-packages/transformer_engine/pytorch/cpu_offload.py:693: DeprecationWarning: Offloading weights is deprecated. Using offload_weights=True does not have any effect.
  warnings.warn(
/opt/hpc/software/app/miniconda3/25.11.0/envs/megatron_train/lib/python3.10/site-packages/transformer_engine/pytorch/cpu_offload.py:693: DeprecationWarning: Offloading weights is deprecated. Using offload_weights=True does not have any effect.
  warnings.warn(
/opt/hpc/software/app/miniconda3/25.11.0/envs/megatron_train/lib/python3.10/site-packages/transformer_engine/pytorch/cpu_offload.py:693: DeprecationWarning: Offloading weights is deprecated. Using offload_weights=True does not have any effect.
  warnings.warn(
/opt/hpc/software/app/miniconda3/25.11.0/envs/megatron_train/lib/python3.10/site-packages/transformer_engine/pytorch/cpu_offload.py:693: DeprecationWarning: Offloading weights is deprecated. Using offload_weights=True does not have any effect.
  warnings.warn(
/opt/hpc/software/app/miniconda3/25.11.0/envs/megatron_train/lib/python3.10/site-packages/transformer_engine/pytorch/cpu_offload.py:693: DeprecationWarning: Offloading weights is deprecated. Using offload_weights=True does not have any effect.
  warnings.warn(
/opt/hpc/software/app/miniconda3/25.11.0/envs/megatron_train/lib/python3.10/site-packages/transformer_engine/pytorch/cpu_offload.py:693: DeprecationWarning: Offloading weights is deprecated. Using offload_weights=True does not have any effect.
  warnings.warn(
/opt/hpc/software/app/miniconda3/25.11.0/envs/megatron_train/lib/python3.10/site-packages/transformer_engine/pytorch/cpu_offload.py:693: DeprecationWarning: Offloading weights is deprecated. Using offload_weights=True does not have any effect.
  warnings.warn(
/opt/hpc/software/app/miniconda3/25.11.0/envs/megatron_train/lib/python3.10/site-packages/transformer_engine/pytorch/cpu_offload.py:693: DeprecationWarning: Offloading weights is deprecated. Using offload_weights=True does not have any effect.
  warnings.warn(
/opt/hpc/software/app/miniconda3/25.11.0/envs/megatron_train/lib/python3.10/site-packages/transformer_engine/pytorch/cpu_offload.py:693: DeprecationWarning: Offloading weights is deprecated. Using offload_weights=True does not have any effect.
  warnings.warn(
/opt/hpc/software/app/miniconda3/25.11.0/envs/megatron_train/lib/python3.10/site-packages/transformer_engine/pytorch/cpu_offload.py:693: DeprecationWarning: Offloading weights is deprecated. Using offload_weights=True does not have any effect.
  warnings.warn(
/opt/hpc/software/app/miniconda3/25.11.0/envs/megatron_train/lib/python3.10/site-packages/transformer_engine/pytorch/cpu_offload.py:693: DeprecationWarning: Offloading weights is deprecated. Using offload_weights=True does not have any effect.
  warnings.warn(
/opt/hpc/software/app/miniconda3/25.11.0/envs/megatron_train/lib/python3.10/site-packages/transformer_engine/pytorch/cpu_offload.py:693: DeprecationWarning: Offloading weights is deprecated. Using offload_weights=True does not have any effect.
  warnings.warn(
/opt/hpc/software/app/miniconda3/25.11.0/envs/megatron_train/lib/python3.10/site-packages/transformer_engine/pytorch/cpu_offload.py:693: DeprecationWarning: Offloading weights is deprecated. Using offload_weights=True does not have any effect.
  warnings.warn(
/opt/hpc/software/app/miniconda3/25.11.0/envs/megatron_train/lib/python3.10/site-packages/transformer_engine/pytorch/cpu_offload.py:693: DeprecationWarning: Offloading weights is deprecated. Using offload_weights=True does not have any effect.
  warnings.warn(
/opt/hpc/software/app/miniconda3/25.11.0/envs/megatron_train/lib/python3.10/site-packages/transformer_engine/pytorch/cpu_offload.py:693: DeprecationWarning: Offloading weights is deprecated. Using offload_weights=True does not have any effect.
  warnings.warn(
/opt/hpc/software/app/miniconda3/25.11.0/envs/megatron_train/lib/python3.10/site-packages/transformer_engine/pytorch/cpu_offload.py:693: DeprecationWarning: Offloading weights is deprecated. Using offload_weights=True does not have any effect.
  warnings.warn(
/opt/hpc/software/app/miniconda3/25.11.0/envs/megatron_train/lib/python3.10/site-packages/transformer_engine/pytorch/cpu_offload.py:693: DeprecationWarning: Offloading weights is deprecated. Using offload_weights=True does not have any effect.
  warnings.warn(
/opt/hpc/software/app/miniconda3/25.11.0/envs/megatron_train/lib/python3.10/site-packages/transformer_engine/pytorch/cpu_offload.py:693: DeprecationWarning: Offloading weights is deprecated. Using offload_weights=True does not have any effect.
  warnings.warn(
/opt/hpc/software/app/miniconda3/25.11.0/envs/megatron_train/lib/python3.10/site-packages/transformer_engine/pytorch/cpu_offload.py:693: DeprecationWarning: Offloading weights is deprecated. Using offload_weights=True does not have any effect.
  warnings.warn(
/opt/hpc/software/app/miniconda3/25.11.0/envs/megatron_train/lib/python3.10/site-packages/transformer_engine/pytorch/cpu_offload.py:693: DeprecationWarning: Offloading weights is deprecated. Using offload_weights=True does not have any effect.
  warnings.warn(
/opt/hpc/software/app/miniconda3/25.11.0/envs/megatron_train/lib/python3.10/site-packages/transformer_engine/pytorch/cpu_offload.py:693: DeprecationWarning: Offloading weights is deprecated. Using offload_weights=True does not have any effect.
  warnings.warn(
/opt/hpc/software/app/miniconda3/25.11.0/envs/megatron_train/lib/python3.10/site-packages/transformer_engine/pytorch/cpu_offload.py:693: DeprecationWarning: Offloading weights is deprecated. Using offload_weights=True does not have any effect.
  warnings.warn(
/opt/hpc/software/app/miniconda3/25.11.0/envs/megatron_train/lib/python3.10/site-packages/transformer_engine/pytorch/cpu_offload.py:693: DeprecationWarning: Offloading weights is deprecated. Using offload_weights=True does not have any effect.
  warnings.warn(
/opt/hpc/software/app/miniconda3/25.11.0/envs/megatron_train/lib/python3.10/site-packages/transformer_engine/pytorch/cpu_offload.py:693: DeprecationWarning: Offloading weights is deprecated. Using offload_weights=True does not have any effect.
  warnings.warn(
/opt/hpc/software/app/miniconda3/25.11.0/envs/megatron_train/lib/python3.10/site-packages/transformer_engine/pytorch/cpu_offload.py:693: DeprecationWarning: Offloading weights is deprecated. Using offload_weights=True does not have any effect.
  warnings.warn(
/opt/hpc/software/app/miniconda3/25.11.0/envs/megatron_train/lib/python3.10/site-packages/transformer_engine/pytorch/cpu_offload.py:693: DeprecationWarning: Offloading weights is deprecated. Using offload_weights=True does not have any effect.
  warnings.warn(
/opt/hpc/software/app/miniconda3/25.11.0/envs/megatron_train/lib/python3.10/site-packages/transformer_engine/pytorch/cpu_offload.py:693: DeprecationWarning: Offloading weights is deprecated. Using offload_weights=True does not have any effect.
  warnings.warn(
/opt/hpc/software/app/miniconda3/25.11.0/envs/megatron_train/lib/python3.10/site-packages/transformer_engine/pytorch/cpu_offload.py:693: DeprecationWarning: Offloading weights is deprecated. Using offload_weights=True does not have any effect.
  warnings.warn(
/opt/hpc/software/app/miniconda3/25.11.0/envs/megatron_train/lib/python3.10/site-packages/transformer_engine/pytorch/cpu_offload.py:693: DeprecationWarning: Offloading weights is deprecated. Using offload_weights=True does not have any effect.
  warnings.warn(
/opt/hpc/software/app/miniconda3/25.11.0/envs/megatron_train/lib/python3.10/site-packages/transformer_engine/pytorch/cpu_offload.py:693: DeprecationWarning: Offloading weights is deprecated. Using offload_weights=True does not have any effect.
  warnings.warn(
/opt/hpc/software/app/miniconda3/25.11.0/envs/megatron_train/lib/python3.10/site-packages/transformer_engine/pytorch/cpu_offload.py:693: DeprecationWarning: Offloading weights is deprecated. Using offload_weights=True does not have any effect.
  warnings.warn(
/opt/hpc/software/app/miniconda3/25.11.0/envs/megatron_train/lib/python3.10/site-packages/transformer_engine/pytorch/cpu_offload.py:693: DeprecationWarning: Offloading weights is deprecated. Using offload_weights=True does not have any effect.
  warnings.warn(
/opt/hpc/software/app/miniconda3/25.11.0/envs/megatron_train/lib/python3.10/site-packages/transformer_engine/pytorch/cpu_offload.py:693: DeprecationWarning: Offloading weights is deprecated. Using offload_weights=True does not have any effect.
  warnings.warn(
/opt/hpc/software/app/miniconda3/25.11.0/envs/megatron_train/lib/python3.10/site-packages/transformer_engine/pytorch/cpu_offload.py:693: DeprecationWarning: Offloading weights is deprecated. Using offload_weights=True does not have any effect.
  warnings.warn(
/opt/hpc/software/app/miniconda3/25.11.0/envs/megatron_train/lib/python3.10/site-packages/transformer_engine/pytorch/cpu_offload.py:693: DeprecationWarning: Offloading weights is deprecated. Using offload_weights=True does not have any effect.
  warnings.warn(
/opt/hpc/software/app/miniconda3/25.11.0/envs/megatron_train/lib/python3.10/site-packages/transformer_engine/pytorch/cpu_offload.py:693: DeprecationWarning: Offloading weights is deprecated. Using offload_weights=True does not have any effect.
  warnings.warn(
/opt/hpc/software/app/miniconda3/25.11.0/envs/megatron_train/lib/python3.10/site-packages/transformer_engine/pytorch/cpu_offload.py:693: DeprecationWarning: Offloading weights is deprecated. Using offload_weights=True does not have any effect.
  warnings.warn(
/opt/hpc/software/app/miniconda3/25.11.0/envs/megatron_train/lib/python3.10/site-packages/transformer_engine/pytorch/cpu_offload.py:693: DeprecationWarning: Offloading weights is deprecated. Using offload_weights=True does not have any effect.
  warnings.warn(
/opt/hpc/software/app/miniconda3/25.11.0/envs/megatron_train/lib/python3.10/site-packages/transformer_engine/pytorch/cpu_offload.py:693: DeprecationWarning: Offloading weights is deprecated. Using offload_weights=True does not have any effect.
  warnings.warn(
/opt/hpc/software/app/miniconda3/25.11.0/envs/megatron_train/lib/python3.10/site-packages/transformer_engine/pytorch/cpu_offload.py:693: DeprecationWarning: Offloading weights is deprecated. Using offload_weights=True does not have any effect.
  warnings.warn(
/opt/hpc/software/app/miniconda3/25.11.0/envs/megatron_train/lib/python3.10/site-packages/transformer_engine/pytorch/cpu_offload.py:693: DeprecationWarning: Offloading weights is deprecated. Using offload_weights=True does not have any effect.
  warnings.warn(
/opt/hpc/software/app/miniconda3/25.11.0/envs/megatron_train/lib/python3.10/site-packages/transformer_engine/pytorch/cpu_offload.py:693: DeprecationWarning: Offloading weights is deprecated. Using offload_weights=True does not have any effect.
  warnings.warn(
/opt/hpc/software/app/miniconda3/25.11.0/envs/megatron_train/lib/python3.10/site-packages/transformer_engine/pytorch/cpu_offload.py:693: DeprecationWarning: Offloading weights is deprecated. Using offload_weights=True does not have any effect.
  warnings.warn(
/opt/hpc/software/app/miniconda3/25.11.0/envs/megatron_train/lib/python3.10/site-packages/transformer_engine/pytorch/cpu_offload.py:693: DeprecationWarning: Offloading weights is deprecated. Using offload_weights=True does not have any effect.
  warnings.warn(
/opt/hpc/software/app/miniconda3/25.11.0/envs/megatron_train/lib/python3.10/site-packages/transformer_engine/pytorch/cpu_offload.py:693: DeprecationWarning: Offloading weights is deprecated. Using offload_weights=True does not have any effect.
  warnings.warn(
/opt/hpc/software/app/miniconda3/25.11.0/envs/megatron_train/lib/python3.10/site-packages/transformer_engine/pytorch/cpu_offload.py:693: DeprecationWarning: Offloading weights is deprecated. Using offload_weights=True does not have any effect.
  warnings.warn(
/opt/hpc/software/app/miniconda3/25.11.0/envs/megatron_train/lib/python3.10/site-packages/transformer_engine/pytorch/cpu_offload.py:693: DeprecationWarning: Offloading weights is deprecated. Using offload_weights=True does not have any effect.
  warnings.warn(
/opt/hpc/software/app/miniconda3/25.11.0/envs/megatron_train/lib/python3.10/site-packages/transformer_engine/pytorch/cpu_offload.py:693: DeprecationWarning: Offloading weights is deprecated. Using offload_weights=True does not have any effect.
  warnings.warn(
/opt/hpc/software/app/miniconda3/25.11.0/envs/megatron_train/lib/python3.10/site-packages/transformer_engine/pytorch/cpu_offload.py:693: DeprecationWarning: Offloading weights is deprecated. Using offload_weights=True does not have any effect.
  warnings.warn(
/opt/hpc/software/app/miniconda3/25.11.0/envs/megatron_train/lib/python3.10/site-packages/transformer_engine/pytorch/cpu_offload.py:693: DeprecationWarning: Offloading weights is deprecated. Using offload_weights=True does not have any effect.
  warnings.warn(
/opt/hpc/software/app/miniconda3/25.11.0/envs/megatron_train/lib/python3.10/site-packages/transformer_engine/pytorch/cpu_offload.py:693: DeprecationWarning: Offloading weights is deprecated. Using offload_weights=True does not have any effect.
  warnings.warn(
/opt/hpc/software/app/miniconda3/25.11.0/envs/megatron_train/lib/python3.10/site-packages/transformer_engine/pytorch/cpu_offload.py:693: DeprecationWarning: Offloading weights is deprecated. Using offload_weights=True does not have any effect.
  warnings.warn(
/opt/hpc/software/app/miniconda3/25.11.0/envs/megatron_train/lib/python3.10/site-packages/transformer_engine/pytorch/cpu_offload.py:693: DeprecationWarning: Offloading weights is deprecated. Using offload_weights=True does not have any effect.
  warnings.warn(
/opt/hpc/software/app/miniconda3/25.11.0/envs/megatron_train/lib/python3.10/site-packages/transformer_engine/pytorch/cpu_offload.py:693: DeprecationWarning: Offloading weights is deprecated. Using offload_weights=True does not have any effect.
  warnings.warn(
/opt/hpc/software/app/miniconda3/25.11.0/envs/megatron_train/lib/python3.10/site-packages/transformer_engine/pytorch/cpu_offload.py:693: DeprecationWarning: Offloading weights is deprecated. Using offload_weights=True does not have any effect.
  warnings.warn(
/opt/hpc/software/app/miniconda3/25.11.0/envs/megatron_train/lib/python3.10/site-packages/transformer_engine/pytorch/cpu_offload.py:693: DeprecationWarning: Offloading weights is deprecated. Using offload_weights=True does not have any effect.
  warnings.warn(
/opt/hpc/software/app/miniconda3/25.11.0/envs/megatron_train/lib/python3.10/site-packages/transformer_engine/pytorch/cpu_offload.py:693: DeprecationWarning: Offloading weights is deprecated. Using offload_weights=True does not have any effect.
  warnings.warn(
/opt/hpc/software/app/miniconda3/25.11.0/envs/megatron_train/lib/python3.10/site-packages/transformer_engine/pytorch/cpu_offload.py:693: DeprecationWarning: Offloading weights is deprecated. Using offload_weights=True does not have any effect.
  warnings.warn(
/opt/hpc/software/app/miniconda3/25.11.0/envs/megatron_train/lib/python3.10/site-packages/transformer_engine/pytorch/cpu_offload.py:693: DeprecationWarning: Offloading weights is deprecated. Using offload_weights=True does not have any effect.
  warnings.warn(
/opt/hpc/software/app/miniconda3/25.11.0/envs/megatron_train/lib/python3.10/site-packages/transformer_engine/pytorch/cpu_offload.py:693: DeprecationWarning: Offloading weights is deprecated. Using offload_weights=True does not have any effect.
  warnings.warn(
/opt/hpc/software/app/miniconda3/25.11.0/envs/megatron_train/lib/python3.10/site-packages/transformer_engine/pytorch/cpu_offload.py:693: DeprecationWarning: Offloading weights is deprecated. Using offload_weights=True does not have any effect.
  warnings.warn(
/opt/hpc/software/app/miniconda3/25.11.0/envs/megatron_train/lib/python3.10/site-packages/transformer_engine/pytorch/cpu_offload.py:693: DeprecationWarning: Offloading weights is deprecated. Using offload_weights=True does not have any effect.
  warnings.warn(
/opt/hpc/software/app/miniconda3/25.11.0/envs/megatron_train/lib/python3.10/site-packages/transformer_engine/pytorch/cpu_offload.py:693: DeprecationWarning: Offloading weights is deprecated. Using offload_weights=True does not have any effect.
  warnings.warn(
/opt/hpc/software/app/miniconda3/25.11.0/envs/megatron_train/lib/python3.10/site-packages/transformer_engine/pytorch/cpu_offload.py:693: DeprecationWarning: Offloading weights is deprecated. Using offload_weights=True does not have any effect.
  warnings.warn(
/opt/hpc/software/app/miniconda3/25.11.0/envs/megatron_train/lib/python3.10/site-packages/transformer_engine/pytorch/cpu_offload.py:693: DeprecationWarning: Offloading weights is deprecated. Using offload_weights=True does not have any effect.
  warnings.warn(
/opt/hpc/software/app/miniconda3/25.11.0/envs/megatron_train/lib/python3.10/site-packages/transformer_engine/pytorch/cpu_offload.py:693: DeprecationWarning: Offloading weights is deprecated. Using offload_weights=True does not have any effect.
  warnings.warn(
/opt/hpc/software/app/miniconda3/25.11.0/envs/megatron_train/lib/python3.10/site-packages/transformer_engine/pytorch/cpu_offload.py:693: DeprecationWarning: Offloading weights is deprecated. Using offload_weights=True does not have any effect.
  warnings.warn(
/opt/hpc/software/app/miniconda3/25.11.0/envs/megatron_train/lib/python3.10/site-packages/transformer_engine/pytorch/cpu_offload.py:693: DeprecationWarning: Offloading weights is deprecated. Using offload_weights=True does not have any effect.
  warnings.warn(
/opt/hpc/software/app/miniconda3/25.11.0/envs/megatron_train/lib/python3.10/site-packages/transformer_engine/pytorch/cpu_offload.py:693: DeprecationWarning: Offloading weights is deprecated. Using offload_weights=True does not have any effect.
  warnings.warn(
/opt/hpc/software/app/miniconda3/25.11.0/envs/megatron_train/lib/python3.10/site-packages/transformer_engine/pytorch/cpu_offload.py:693: DeprecationWarning: Offloading weights is deprecated. Using offload_weights=True does not have any effect.
  warnings.warn(
/opt/hpc/software/app/miniconda3/25.11.0/envs/megatron_train/lib/python3.10/site-packages/transformer_engine/pytorch/cpu_offload.py:693: DeprecationWarning: Offloading weights is deprecated. Using offload_weights=True does not have any effect.
  warnings.warn(
/opt/hpc/software/app/miniconda3/25.11.0/envs/megatron_train/lib/python3.10/site-packages/transformer_engine/pytorch/cpu_offload.py:693: DeprecationWarning: Offloading weights is deprecated. Using offload_weights=True does not have any effect.
  warnings.warn(
/opt/hpc/software/app/miniconda3/25.11.0/envs/megatron_train/lib/python3.10/site-packages/transformer_engine/pytorch/cpu_offload.py:693: DeprecationWarning: Offloading weights is deprecated. Using offload_weights=True does not have any effect.
  warnings.warn(
/opt/hpc/software/app/miniconda3/25.11.0/envs/megatron_train/lib/python3.10/site-packages/transformer_engine/pytorch/cpu_offload.py:693: DeprecationWarning: Offloading weights is deprecated. Using offload_weights=True does not have any effect.
  warnings.warn(
/opt/hpc/software/app/miniconda3/25.11.0/envs/megatron_train/lib/python3.10/site-packages/transformer_engine/pytorch/cpu_offload.py:693: DeprecationWarning: Offloading weights is deprecated. Using offload_weights=True does not have any effect.
  warnings.warn(
/opt/hpc/software/app/miniconda3/25.11.0/envs/megatron_train/lib/python3.10/site-packages/transformer_engine/pytorch/cpu_offload.py:693: DeprecationWarning: Offloading weights is deprecated. Using offload_weights=True does not have any effect.
  warnings.warn(
/opt/hpc/software/app/miniconda3/25.11.0/envs/megatron_train/lib/python3.10/site-packages/transformer_engine/pytorch/cpu_offload.py:693: DeprecationWarning: Offloading weights is deprecated. Using offload_weights=True does not have any effect.
  warnings.warn(
/opt/hpc/software/app/miniconda3/25.11.0/envs/megatron_train/lib/python3.10/site-packages/transformer_engine/pytorch/cpu_offload.py:693: DeprecationWarning: Offloading weights is deprecated. Using offload_weights=True does not have any effect.
  warnings.warn(
/opt/hpc/software/app/miniconda3/25.11.0/envs/megatron_train/lib/python3.10/site-packages/transformer_engine/pytorch/cpu_offload.py:693: DeprecationWarning: Offloading weights is deprecated. Using offload_weights=True does not have any effect.
  warnings.warn(
/opt/hpc/software/app/miniconda3/25.11.0/envs/megatron_train/lib/python3.10/site-packages/transformer_engine/pytorch/cpu_offload.py:693: DeprecationWarning: Offloading weights is deprecated. Using offload_weights=True does not have any effect.
  warnings.warn(
/opt/hpc/software/app/miniconda3/25.11.0/envs/megatron_train/lib/python3.10/site-packages/transformer_engine/pytorch/cpu_offload.py:693: DeprecationWarning: Offloading weights is deprecated. Using offload_weights=True does not have any effect.
  warnings.warn(
/opt/hpc/software/app/miniconda3/25.11.0/envs/megatron_train/lib/python3.10/site-packages/transformer_engine/pytorch/cpu_offload.py:693: DeprecationWarning: Offloading weights is deprecated. Using offload_weights=True does not have any effect.
  warnings.warn(
/opt/hpc/software/app/miniconda3/25.11.0/envs/megatron_train/lib/python3.10/site-packages/transformer_engine/pytorch/cpu_offload.py:693: DeprecationWarning: Offloading weights is deprecated. Using offload_weights=True does not have any effect.
  warnings.warn(
/opt/hpc/software/app/miniconda3/25.11.0/envs/megatron_train/lib/python3.10/site-packages/transformer_engine/pytorch/cpu_offload.py:693: DeprecationWarning: Offloading weights is deprecated. Using offload_weights=True does not have any effect.
  warnings.warn(
/opt/hpc/software/app/miniconda3/25.11.0/envs/megatron_train/lib/python3.10/site-packages/transformer_engine/pytorch/cpu_offload.py:693: DeprecationWarning: Offloading weights is deprecated. Using offload_weights=True does not have any effect.
  warnings.warn(
/opt/hpc/software/app/miniconda3/25.11.0/envs/megatron_train/lib/python3.10/site-packages/transformer_engine/pytorch/cpu_offload.py:693: DeprecationWarning: Offloading weights is deprecated. Using offload_weights=True does not have any effect.
  warnings.warn(
/opt/hpc/software/app/miniconda3/25.11.0/envs/megatron_train/lib/python3.10/site-packages/transformer_engine/pytorch/cpu_offload.py:693: DeprecationWarning: Offloading weights is deprecated. Using offload_weights=True does not have any effect.
  warnings.warn(
/opt/hpc/software/app/miniconda3/25.11.0/envs/megatron_train/lib/python3.10/site-packages/transformer_engine/pytorch/cpu_offload.py:693: DeprecationWarning: Offloading weights is deprecated. Using offload_weights=True does not have any effect.
  warnings.warn(
/opt/hpc/software/app/miniconda3/25.11.0/envs/megatron_train/lib/python3.10/site-packages/transformer_engine/pytorch/cpu_offload.py:693: DeprecationWarning: Offloading weights is deprecated. Using offload_weights=True does not have any effect.
  warnings.warn(
/opt/hpc/software/app/miniconda3/25.11.0/envs/megatron_train/lib/python3.10/site-packages/transformer_engine/pytorch/cpu_offload.py:693: DeprecationWarning: Offloading weights is deprecated. Using offload_weights=True does not have any effect.
  warnings.warn(
/opt/hpc/software/app/miniconda3/25.11.0/envs/megatron_train/lib/python3.10/site-packages/transformer_engine/pytorch/cpu_offload.py:693: DeprecationWarning: Offloading weights is deprecated. Using offload_weights=True does not have any effect.
  warnings.warn(
/opt/hpc/software/app/miniconda3/25.11.0/envs/megatron_train/lib/python3.10/site-packages/transformer_engine/pytorch/cpu_offload.py:693: DeprecationWarning: Offloading weights is deprecated. Using offload_weights=True does not have any effect.
  warnings.warn(
/opt/hpc/software/app/miniconda3/25.11.0/envs/megatron_train/lib/python3.10/site-packages/transformer_engine/pytorch/cpu_offload.py:693: DeprecationWarning: Offloading weights is deprecated. Using offload_weights=True does not have any effect.
  warnings.warn(
/opt/hpc/software/app/miniconda3/25.11.0/envs/megatron_train/lib/python3.10/site-packages/transformer_engine/pytorch/cpu_offload.py:693: DeprecationWarning: Offloading weights is deprecated. Using offload_weights=True does not have any effect.
  warnings.warn(
/opt/hpc/software/app/miniconda3/25.11.0/envs/megatron_train/lib/python3.10/site-packages/transformer_engine/pytorch/cpu_offload.py:693: DeprecationWarning: Offloading weights is deprecated. Using offload_weights=True does not have any effect.
  warnings.warn(
/opt/hpc/software/app/miniconda3/25.11.0/envs/megatron_train/lib/python3.10/site-packages/transformer_engine/pytorch/cpu_offload.py:693: DeprecationWarning: Offloading weights is deprecated. Using offload_weights=True does not have any effect.
  warnings.warn(
/opt/hpc/software/app/miniconda3/25.11.0/envs/megatron_train/lib/python3.10/site-packages/transformer_engine/pytorch/cpu_offload.py:693: DeprecationWarning: Offloading weights is deprecated. Using offload_weights=True does not have any effect.
  warnings.warn(
/opt/hpc/software/app/miniconda3/25.11.0/envs/megatron_train/lib/python3.10/site-packages/transformer_engine/pytorch/cpu_offload.py:693: DeprecationWarning: Offloading weights is deprecated. Using offload_weights=True does not have any effect.
  warnings.warn(
/opt/hpc/software/app/miniconda3/25.11.0/envs/megatron_train/lib/python3.10/site-packages/transformer_engine/pytorch/cpu_offload.py:693: DeprecationWarning: Offloading weights is deprecated. Using offload_weights=True does not have any effect.
  warnings.warn(
/opt/hpc/software/app/miniconda3/25.11.0/envs/megatron_train/lib/python3.10/site-packages/transformer_engine/pytorch/cpu_offload.py:693: DeprecationWarning: Offloading weights is deprecated. Using offload_weights=True does not have any effect.
  warnings.warn(
/opt/hpc/software/app/miniconda3/25.11.0/envs/megatron_train/lib/python3.10/site-packages/transformer_engine/pytorch/cpu_offload.py:693: DeprecationWarning: Offloading weights is deprecated. Using offload_weights=True does not have any effect.
  warnings.warn(
/opt/hpc/software/app/miniconda3/25.11.0/envs/megatron_train/lib/python3.10/site-packages/transformer_engine/pytorch/cpu_offload.py:693: DeprecationWarning: Offloading weights is deprecated. Using offload_weights=True does not have any effect.
  warnings.warn(
/opt/hpc/software/app/miniconda3/25.11.0/envs/megatron_train/lib/python3.10/site-packages/transformer_engine/pytorch/cpu_offload.py:693: DeprecationWarning: Offloading weights is deprecated. Using offload_weights=True does not have any effect.
  warnings.warn(
/opt/hpc/software/app/miniconda3/25.11.0/envs/megatron_train/lib/python3.10/site-packages/transformer_engine/pytorch/cpu_offload.py:693: DeprecationWarning: Offloading weights is deprecated. Using offload_weights=True does not have any effect.
  warnings.warn(
/opt/hpc/software/app/miniconda3/25.11.0/envs/megatron_train/lib/python3.10/site-packages/transformer_engine/pytorch/cpu_offload.py:693: DeprecationWarning: Offloading weights is deprecated. Using offload_weights=True does not have any effect.
  warnings.warn(
/opt/hpc/software/app/miniconda3/25.11.0/envs/megatron_train/lib/python3.10/site-packages/transformer_engine/pytorch/cpu_offload.py:693: DeprecationWarning: Offloading weights is deprecated. Using offload_weights=True does not have any effect.
  warnings.warn(
/opt/hpc/software/app/miniconda3/25.11.0/envs/megatron_train/lib/python3.10/site-packages/transformer_engine/pytorch/cpu_offload.py:693: DeprecationWarning: Offloading weights is deprecated. Using offload_weights=True does not have any effect.
  warnings.warn(
/opt/hpc/software/app/miniconda3/25.11.0/envs/megatron_train/lib/python3.10/site-packages/transformer_engine/pytorch/cpu_offload.py:693: DeprecationWarning: Offloading weights is deprecated. Using offload_weights=True does not have any effect.
  warnings.warn(
/opt/hpc/software/app/miniconda3/25.11.0/envs/megatron_train/lib/python3.10/site-packages/transformer_engine/pytorch/cpu_offload.py:693: DeprecationWarning: Offloading weights is deprecated. Using offload_weights=True does not have any effect.
  warnings.warn(
/opt/hpc/software/app/miniconda3/25.11.0/envs/megatron_train/lib/python3.10/site-packages/transformer_engine/pytorch/cpu_offload.py:693: DeprecationWarning: Offloading weights is deprecated. Using offload_weights=True does not have any effect.
  warnings.warn(
/opt/hpc/software/app/miniconda3/25.11.0/envs/megatron_train/lib/python3.10/site-packages/transformer_engine/pytorch/cpu_offload.py:693: DeprecationWarning: Offloading weights is deprecated. Using offload_weights=True does not have any effect.
  warnings.warn(
/opt/hpc/software/app/miniconda3/25.11.0/envs/megatron_train/lib/python3.10/site-packages/transformer_engine/pytorch/cpu_offload.py:693: DeprecationWarning: Offloading weights is deprecated. Using offload_weights=True does not have any effect.
  warnings.warn(
/opt/hpc/software/app/miniconda3/25.11.0/envs/megatron_train/lib/python3.10/site-packages/transformer_engine/pytorch/cpu_offload.py:693: DeprecationWarning: Offloading weights is deprecated. Using offload_weights=True does not have any effect.
  warnings.warn(
/opt/hpc/software/app/miniconda3/25.11.0/envs/megatron_train/lib/python3.10/site-packages/transformer_engine/pytorch/cpu_offload.py:693: DeprecationWarning: Offloading weights is deprecated. Using offload_weights=True does not have any effect.
  warnings.warn(
/opt/hpc/software/app/miniconda3/25.11.0/envs/megatron_train/lib/python3.10/site-packages/transformer_engine/pytorch/cpu_offload.py:693: DeprecationWarning: Offloading weights is deprecated. Using offload_weights=True does not have any effect.
  warnings.warn(
/opt/hpc/software/app/miniconda3/25.11.0/envs/megatron_train/lib/python3.10/site-packages/transformer_engine/pytorch/cpu_offload.py:693: DeprecationWarning: Offloading weights is deprecated. Using offload_weights=True does not have any effect.
  warnings.warn(
/opt/hpc/software/app/miniconda3/25.11.0/envs/megatron_train/lib/python3.10/site-packages/transformer_engine/pytorch/cpu_offload.py:693: DeprecationWarning: Offloading weights is deprecated. Using offload_weights=True does not have any effect.
  warnings.warn(
/opt/hpc/software/app/miniconda3/25.11.0/envs/megatron_train/lib/python3.10/site-packages/transformer_engine/pytorch/cpu_offload.py:693: DeprecationWarning: Offloading weights is deprecated. Using offload_weights=True does not have any effect.
  warnings.warn(
/opt/hpc/software/app/miniconda3/25.11.0/envs/megatron_train/lib/python3.10/site-packages/transformer_engine/pytorch/cpu_offload.py:693: DeprecationWarning: Offloading weights is deprecated. Using offload_weights=True does not have any effect.
  warnings.warn(
/opt/hpc/software/app/miniconda3/25.11.0/envs/megatron_train/lib/python3.10/site-packages/transformer_engine/pytorch/cpu_offload.py:693: DeprecationWarning: Offloading weights is deprecated. Using offload_weights=True does not have any effect.
  warnings.warn(
/opt/hpc/software/app/miniconda3/25.11.0/envs/megatron_train/lib/python3.10/site-packages/transformer_engine/pytorch/cpu_offload.py:693: DeprecationWarning: Offloading weights is deprecated. Using offload_weights=True does not have any effect.
  warnings.warn(
/opt/hpc/software/app/miniconda3/25.11.0/envs/megatron_train/lib/python3.10/site-packages/transformer_engine/pytorch/cpu_offload.py:693: DeprecationWarning: Offloading weights is deprecated. Using offload_weights=True does not have any effect.
  warnings.warn(
/opt/hpc/software/app/miniconda3/25.11.0/envs/megatron_train/lib/python3.10/site-packages/transformer_engine/pytorch/cpu_offload.py:693: DeprecationWarning: Offloading weights is deprecated. Using offload_weights=True does not have any effect.
  warnings.warn(
/opt/hpc/software/app/miniconda3/25.11.0/envs/megatron_train/lib/python3.10/site-packages/transformer_engine/pytorch/cpu_offload.py:693: DeprecationWarning: Offloading weights is deprecated. Using offload_weights=True does not have any effect.
  warnings.warn(
/opt/hpc/software/app/miniconda3/25.11.0/envs/megatron_train/lib/python3.10/site-packages/transformer_engine/pytorch/cpu_offload.py:693: DeprecationWarning: Offloading weights is deprecated. Using offload_weights=True does not have any effect.
  warnings.warn(
/opt/hpc/software/app/miniconda3/25.11.0/envs/megatron_train/lib/python3.10/site-packages/transformer_engine/pytorch/cpu_offload.py:693: DeprecationWarning: Offloading weights is deprecated. Using offload_weights=True does not have any effect.
  warnings.warn(
/opt/hpc/software/app/miniconda3/25.11.0/envs/megatron_train/lib/python3.10/site-packages/transformer_engine/pytorch/cpu_offload.py:693: DeprecationWarning: Offloading weights is deprecated. Using offload_weights=True does not have any effect.
  warnings.warn(
/opt/hpc/software/app/miniconda3/25.11.0/envs/megatron_train/lib/python3.10/site-packages/transformer_engine/pytorch/cpu_offload.py:693: DeprecationWarning: Offloading weights is deprecated. Using offload_weights=True does not have any effect.
  warnings.warn(
/opt/hpc/software/app/miniconda3/25.11.0/envs/megatron_train/lib/python3.10/site-packages/transformer_engine/pytorch/cpu_offload.py:693: DeprecationWarning: Offloading weights is deprecated. Using offload_weights=True does not have any effect.
  warnings.warn(
/opt/hpc/software/app/miniconda3/25.11.0/envs/megatron_train/lib/python3.10/site-packages/transformer_engine/pytorch/cpu_offload.py:693: DeprecationWarning: Offloading weights is deprecated. Using offload_weights=True does not have any effect.
  warnings.warn(
/opt/hpc/software/app/miniconda3/25.11.0/envs/megatron_train/lib/python3.10/site-packages/transformer_engine/pytorch/cpu_offload.py:693: DeprecationWarning: Offloading weights is deprecated. Using offload_weights=True does not have any effect.
  warnings.warn(
/opt/hpc/software/app/miniconda3/25.11.0/envs/megatron_train/lib/python3.10/site-packages/transformer_engine/pytorch/cpu_offload.py:693: DeprecationWarning: Offloading weights is deprecated. Using offload_weights=True does not have any effect.
  warnings.warn(
/opt/hpc/software/app/miniconda3/25.11.0/envs/megatron_train/lib/python3.10/site-packages/transformer_engine/pytorch/cpu_offload.py:693: DeprecationWarning: Offloading weights is deprecated. Using offload_weights=True does not have any effect.
  warnings.warn(
/opt/hpc/software/app/miniconda3/25.11.0/envs/megatron_train/lib/python3.10/site-packages/transformer_engine/pytorch/cpu_offload.py:693: DeprecationWarning: Offloading weights is deprecated. Using offload_weights=True does not have any effect.
  warnings.warn(
/opt/hpc/software/app/miniconda3/25.11.0/envs/megatron_train/lib/python3.10/site-packages/transformer_engine/pytorch/cpu_offload.py:693: DeprecationWarning: Offloading weights is deprecated. Using offload_weights=True does not have any effect.
  warnings.warn(
/opt/hpc/software/app/miniconda3/25.11.0/envs/megatron_train/lib/python3.10/site-packages/transformer_engine/pytorch/cpu_offload.py:693: DeprecationWarning: Offloading weights is deprecated. Using offload_weights=True does not have any effect.
  warnings.warn(
/opt/hpc/software/app/miniconda3/25.11.0/envs/megatron_train/lib/python3.10/site-packages/transformer_engine/pytorch/cpu_offload.py:693: DeprecationWarning: Offloading weights is deprecated. Using offload_weights=True does not have any effect.
  warnings.warn(
/opt/hpc/software/app/miniconda3/25.11.0/envs/megatron_train/lib/python3.10/site-packages/transformer_engine/pytorch/cpu_offload.py:693: DeprecationWarning: Offloading weights is deprecated. Using offload_weights=True does not have any effect.
  warnings.warn(
/opt/hpc/software/app/miniconda3/25.11.0/envs/megatron_train/lib/python3.10/site-packages/transformer_engine/pytorch/cpu_offload.py:693: DeprecationWarning: Offloading weights is deprecated. Using offload_weights=True does not have any effect.
  warnings.warn(
/opt/hpc/software/app/miniconda3/25.11.0/envs/megatron_train/lib/python3.10/site-packages/transformer_engine/pytorch/cpu_offload.py:693: DeprecationWarning: Offloading weights is deprecated. Using offload_weights=True does not have any effect.
  warnings.warn(
/opt/hpc/software/app/miniconda3/25.11.0/envs/megatron_train/lib/python3.10/site-packages/transformer_engine/pytorch/cpu_offload.py:693: DeprecationWarning: Offloading weights is deprecated. Using offload_weights=True does not have any effect.
  warnings.warn(
/opt/hpc/software/app/miniconda3/25.11.0/envs/megatron_train/lib/python3.10/site-packages/transformer_engine/pytorch/cpu_offload.py:693: DeprecationWarning: Offloading weights is deprecated. Using offload_weights=True does not have any effect.
  warnings.warn(
/opt/hpc/software/app/miniconda3/25.11.0/envs/megatron_train/lib/python3.10/site-packages/transformer_engine/pytorch/cpu_offload.py:693: DeprecationWarning: Offloading weights is deprecated. Using offload_weights=True does not have any effect.
  warnings.warn(
/opt/hpc/software/app/miniconda3/25.11.0/envs/megatron_train/lib/python3.10/site-packages/transformer_engine/pytorch/cpu_offload.py:693: DeprecationWarning: Offloading weights is deprecated. Using offload_weights=True does not have any effect.
  warnings.warn(
/opt/hpc/software/app/miniconda3/25.11.0/envs/megatron_train/lib/python3.10/site-packages/transformer_engine/pytorch/cpu_offload.py:693: DeprecationWarning: Offloading weights is deprecated. Using offload_weights=True does not have any effect.
  warnings.warn(
/opt/hpc/software/app/miniconda3/25.11.0/envs/megatron_train/lib/python3.10/site-packages/transformer_engine/pytorch/cpu_offload.py:693: DeprecationWarning: Offloading weights is deprecated. Using offload_weights=True does not have any effect.
  warnings.warn(
/opt/hpc/software/app/miniconda3/25.11.0/envs/megatron_train/lib/python3.10/site-packages/transformer_engine/pytorch/cpu_offload.py:693: DeprecationWarning: Offloading weights is deprecated. Using offload_weights=True does not have any effect.
  warnings.warn(
/opt/hpc/software/app/miniconda3/25.11.0/envs/megatron_train/lib/python3.10/site-packages/transformer_engine/pytorch/cpu_offload.py:693: DeprecationWarning: Offloading weights is deprecated. Using offload_weights=True does not have any effect.
  warnings.warn(
/opt/hpc/software/app/miniconda3/25.11.0/envs/megatron_train/lib/python3.10/site-packages/transformer_engine/pytorch/cpu_offload.py:693: DeprecationWarning: Offloading weights is deprecated. Using offload_weights=True does not have any effect.
  warnings.warn(
/opt/hpc/software/app/miniconda3/25.11.0/envs/megatron_train/lib/python3.10/site-packages/transformer_engine/pytorch/cpu_offload.py:693: DeprecationWarning: Offloading weights is deprecated. Using offload_weights=True does not have any effect.
  warnings.warn(
/opt/hpc/software/app/miniconda3/25.11.0/envs/megatron_train/lib/python3.10/site-packages/transformer_engine/pytorch/cpu_offload.py:693: DeprecationWarning: Offloading weights is deprecated. Using offload_weights=True does not have any effect.
  warnings.warn(
/opt/hpc/software/app/miniconda3/25.11.0/envs/megatron_train/lib/python3.10/site-packages/transformer_engine/pytorch/cpu_offload.py:693: DeprecationWarning: Offloading weights is deprecated. Using offload_weights=True does not have any effect.
  warnings.warn(
/opt/hpc/software/app/miniconda3/25.11.0/envs/megatron_train/lib/python3.10/site-packages/transformer_engine/pytorch/cpu_offload.py:693: DeprecationWarning: Offloading weights is deprecated. Using offload_weights=True does not have any effect.
  warnings.warn(
/opt/hpc/software/app/miniconda3/25.11.0/envs/megatron_train/lib/python3.10/site-packages/transformer_engine/pytorch/cpu_offload.py:693: DeprecationWarning: Offloading weights is deprecated. Using offload_weights=True does not have any effect.
  warnings.warn(
/opt/hpc/software/app/miniconda3/25.11.0/envs/megatron_train/lib/python3.10/site-packages/transformer_engine/pytorch/cpu_offload.py:693: DeprecationWarning: Offloading weights is deprecated. Using offload_weights=True does not have any effect.
  warnings.warn(
/opt/hpc/software/app/miniconda3/25.11.0/envs/megatron_train/lib/python3.10/site-packages/transformer_engine/pytorch/cpu_offload.py:693: DeprecationWarning: Offloading weights is deprecated. Using offload_weights=True does not have any effect.
  warnings.warn(
/opt/hpc/software/app/miniconda3/25.11.0/envs/megatron_train/lib/python3.10/site-packages/transformer_engine/pytorch/cpu_offload.py:693: DeprecationWarning: Offloading weights is deprecated. Using offload_weights=True does not have any effect.
  warnings.warn(
/opt/hpc/software/app/miniconda3/25.11.0/envs/megatron_train/lib/python3.10/site-packages/transformer_engine/pytorch/cpu_offload.py:693: DeprecationWarning: Offloading weights is deprecated. Using offload_weights=True does not have any effect.
  warnings.warn(
/opt/hpc/software/app/miniconda3/25.11.0/envs/megatron_train/lib/python3.10/site-packages/transformer_engine/pytorch/cpu_offload.py:693: DeprecationWarning: Offloading weights is deprecated. Using offload_weights=True does not have any effect.
  warnings.warn(
/opt/hpc/software/app/miniconda3/25.11.0/envs/megatron_train/lib/python3.10/site-packages/transformer_engine/pytorch/cpu_offload.py:693: DeprecationWarning: Offloading weights is deprecated. Using offload_weights=True does not have any effect.
  warnings.warn(
/opt/hpc/software/app/miniconda3/25.11.0/envs/megatron_train/lib/python3.10/site-packages/transformer_engine/pytorch/cpu_offload.py:693: DeprecationWarning: Offloading weights is deprecated. Using offload_weights=True does not have any effect.
  warnings.warn(
/opt/hpc/software/app/miniconda3/25.11.0/envs/megatron_train/lib/python3.10/site-packages/transformer_engine/pytorch/cpu_offload.py:693: DeprecationWarning: Offloading weights is deprecated. Using offload_weights=True does not have any effect.
  warnings.warn(
/opt/hpc/software/app/miniconda3/25.11.0/envs/megatron_train/lib/python3.10/site-packages/transformer_engine/pytorch/cpu_offload.py:693: DeprecationWarning: Offloading weights is deprecated. Using offload_weights=True does not have any effect.
  warnings.warn(
/opt/hpc/software/app/miniconda3/25.11.0/envs/megatron_train/lib/python3.10/site-packages/transformer_engine/pytorch/cpu_offload.py:693: DeprecationWarning: Offloading weights is deprecated. Using offload_weights=True does not have any effect.
  warnings.warn(
/opt/hpc/software/app/miniconda3/25.11.0/envs/megatron_train/lib/python3.10/site-packages/transformer_engine/pytorch/cpu_offload.py:693: DeprecationWarning: Offloading weights is deprecated. Using offload_weights=True does not have any effect.
  warnings.warn(
/opt/hpc/software/app/miniconda3/25.11.0/envs/megatron_train/lib/python3.10/site-packages/transformer_engine/pytorch/cpu_offload.py:693: DeprecationWarning: Offloading weights is deprecated. Using offload_weights=True does not have any effect.
  warnings.warn(
/opt/hpc/software/app/miniconda3/25.11.0/envs/megatron_train/lib/python3.10/site-packages/transformer_engine/pytorch/cpu_offload.py:693: DeprecationWarning: Offloading weights is deprecated. Using offload_weights=True does not have any effect.
  warnings.warn(
/opt/hpc/software/app/miniconda3/25.11.0/envs/megatron_train/lib/python3.10/site-packages/transformer_engine/pytorch/cpu_offload.py:693: DeprecationWarning: Offloading weights is deprecated. Using offload_weights=True does not have any effect.
  warnings.warn(
/opt/hpc/software/app/miniconda3/25.11.0/envs/megatron_train/lib/python3.10/site-packages/transformer_engine/pytorch/cpu_offload.py:693: DeprecationWarning: Offloading weights is deprecated. Using offload_weights=True does not have any effect.
  warnings.warn(
/opt/hpc/software/app/miniconda3/25.11.0/envs/megatron_train/lib/python3.10/site-packages/transformer_engine/pytorch/cpu_offload.py:693: DeprecationWarning: Offloading weights is deprecated. Using offload_weights=True does not have any effect.
  warnings.warn(
/opt/hpc/software/app/miniconda3/25.11.0/envs/megatron_train/lib/python3.10/site-packages/transformer_engine/pytorch/cpu_offload.py:693: DeprecationWarning: Offloading weights is deprecated. Using offload_weights=True does not have any effect.
  warnings.warn(
/opt/hpc/software/app/miniconda3/25.11.0/envs/megatron_train/lib/python3.10/site-packages/transformer_engine/pytorch/cpu_offload.py:693: DeprecationWarning: Offloading weights is deprecated. Using offload_weights=True does not have any effect.
  warnings.warn(
/opt/hpc/software/app/miniconda3/25.11.0/envs/megatron_train/lib/python3.10/site-packages/transformer_engine/pytorch/cpu_offload.py:693: DeprecationWarning: Offloading weights is deprecated. Using offload_weights=True does not have any effect.
  warnings.warn(
/opt/hpc/software/app/miniconda3/25.11.0/envs/megatron_train/lib/python3.10/site-packages/transformer_engine/pytorch/cpu_offload.py:693: DeprecationWarning: Offloading weights is deprecated. Using offload_weights=True does not have any effect.
  warnings.warn(
/opt/hpc/software/app/miniconda3/25.11.0/envs/megatron_train/lib/python3.10/site-packages/transformer_engine/pytorch/cpu_offload.py:693: DeprecationWarning: Offloading weights is deprecated. Using offload_weights=True does not have any effect.
  warnings.warn(
/opt/hpc/software/app/miniconda3/25.11.0/envs/megatron_train/lib/python3.10/site-packages/transformer_engine/pytorch/cpu_offload.py:693: DeprecationWarning: Offloading weights is deprecated. Using offload_weights=True does not have any effect.
  warnings.warn(
/opt/hpc/software/app/miniconda3/25.11.0/envs/megatron_train/lib/python3.10/site-packages/transformer_engine/pytorch/cpu_offload.py:693: DeprecationWarning: Offloading weights is deprecated. Using offload_weights=True does not have any effect.
  warnings.warn(
/opt/hpc/software/app/miniconda3/25.11.0/envs/megatron_train/lib/python3.10/site-packages/transformer_engine/pytorch/cpu_offload.py:693: DeprecationWarning: Offloading weights is deprecated. Using offload_weights=True does not have any effect.
  warnings.warn(
/opt/hpc/software/app/miniconda3/25.11.0/envs/megatron_train/lib/python3.10/site-packages/transformer_engine/pytorch/cpu_offload.py:693: DeprecationWarning: Offloading weights is deprecated. Using offload_weights=True does not have any effect.
  warnings.warn(
/opt/hpc/software/app/miniconda3/25.11.0/envs/megatron_train/lib/python3.10/site-packages/transformer_engine/pytorch/cpu_offload.py:693: DeprecationWarning: Offloading weights is deprecated. Using offload_weights=True does not have any effect.
  warnings.warn(
/opt/hpc/software/app/miniconda3/25.11.0/envs/megatron_train/lib/python3.10/site-packages/transformer_engine/pytorch/cpu_offload.py:693: DeprecationWarning: Offloading weights is deprecated. Using offload_weights=True does not have any effect.
  warnings.warn(
/opt/hpc/software/app/miniconda3/25.11.0/envs/megatron_train/lib/python3.10/site-packages/transformer_engine/pytorch/cpu_offload.py:693: DeprecationWarning: Offloading weights is deprecated. Using offload_weights=True does not have any effect.
  warnings.warn(
/opt/hpc/software/app/miniconda3/25.11.0/envs/megatron_train/lib/python3.10/site-packages/transformer_engine/pytorch/cpu_offload.py:693: DeprecationWarning: Offloading weights is deprecated. Using offload_weights=True does not have any effect.
  warnings.warn(
/opt/hpc/software/app/miniconda3/25.11.0/envs/megatron_train/lib/python3.10/site-packages/transformer_engine/pytorch/cpu_offload.py:693: DeprecationWarning: Offloading weights is deprecated. Using offload_weights=True does not have any effect.
  warnings.warn(
/opt/hpc/software/app/miniconda3/25.11.0/envs/megatron_train/lib/python3.10/site-packages/transformer_engine/pytorch/cpu_offload.py:693: DeprecationWarning: Offloading weights is deprecated. Using offload_weights=True does not have any effect.
  warnings.warn(
/opt/hpc/software/app/miniconda3/25.11.0/envs/megatron_train/lib/python3.10/site-packages/transformer_engine/pytorch/cpu_offload.py:693: DeprecationWarning: Offloading weights is deprecated. Using offload_weights=True does not have any effect.
  warnings.warn(
/opt/hpc/software/app/miniconda3/25.11.0/envs/megatron_train/lib/python3.10/site-packages/transformer_engine/pytorch/cpu_offload.py:693: DeprecationWarning: Offloading weights is deprecated. Using offload_weights=True does not have any effect.
  warnings.warn(
/opt/hpc/software/app/miniconda3/25.11.0/envs/megatron_train/lib/python3.10/site-packages/transformer_engine/pytorch/cpu_offload.py:693: DeprecationWarning: Offloading weights is deprecated. Using offload_weights=True does not have any effect.
  warnings.warn(
/opt/hpc/software/app/miniconda3/25.11.0/envs/megatron_train/lib/python3.10/site-packages/transformer_engine/pytorch/cpu_offload.py:693: DeprecationWarning: Offloading weights is deprecated. Using offload_weights=True does not have any effect.
  warnings.warn(
/opt/hpc/software/app/miniconda3/25.11.0/envs/megatron_train/lib/python3.10/site-packages/transformer_engine/pytorch/cpu_offload.py:693: DeprecationWarning: Offloading weights is deprecated. Using offload_weights=True does not have any effect.
  warnings.warn(
/opt/hpc/software/app/miniconda3/25.11.0/envs/megatron_train/lib/python3.10/site-packages/transformer_engine/pytorch/cpu_offload.py:693: DeprecationWarning: Offloading weights is deprecated. Using offload_weights=True does not have any effect.
  warnings.warn(
/opt/hpc/software/app/miniconda3/25.11.0/envs/megatron_train/lib/python3.10/site-packages/transformer_engine/pytorch/cpu_offload.py:693: DeprecationWarning: Offloading weights is deprecated. Using offload_weights=True does not have any effect.
  warnings.warn(
/opt/hpc/software/app/miniconda3/25.11.0/envs/megatron_train/lib/python3.10/site-packages/transformer_engine/pytorch/cpu_offload.py:693: DeprecationWarning: Offloading weights is deprecated. Using offload_weights=True does not have any effect.
  warnings.warn(
/opt/hpc/software/app/miniconda3/25.11.0/envs/megatron_train/lib/python3.10/site-packages/transformer_engine/pytorch/cpu_offload.py:693: DeprecationWarning: Offloading weights is deprecated. Using offload_weights=True does not have any effect.
  warnings.warn(
/opt/hpc/software/app/miniconda3/25.11.0/envs/megatron_train/lib/python3.10/site-packages/transformer_engine/pytorch/cpu_offload.py:693: DeprecationWarning: Offloading weights is deprecated. Using offload_weights=True does not have any effect.
  warnings.warn(
/opt/hpc/software/app/miniconda3/25.11.0/envs/megatron_train/lib/python3.10/site-packages/transformer_engine/pytorch/cpu_offload.py:693: DeprecationWarning: Offloading weights is deprecated. Using offload_weights=True does not have any effect.
  warnings.warn(
/opt/hpc/software/app/miniconda3/25.11.0/envs/megatron_train/lib/python3.10/site-packages/transformer_engine/pytorch/cpu_offload.py:693: DeprecationWarning: Offloading weights is deprecated. Using offload_weights=True does not have any effect.
  warnings.warn(
/opt/hpc/software/app/miniconda3/25.11.0/envs/megatron_train/lib/python3.10/site-packages/transformer_engine/pytorch/cpu_offload.py:693: DeprecationWarning: Offloading weights is deprecated. Using offload_weights=True does not have any effect.
  warnings.warn(
/opt/hpc/software/app/miniconda3/25.11.0/envs/megatron_train/lib/python3.10/site-packages/transformer_engine/pytorch/cpu_offload.py:693: DeprecationWarning: Offloading weights is deprecated. Using offload_weights=True does not have any effect.
  warnings.warn(
/opt/hpc/software/app/miniconda3/25.11.0/envs/megatron_train/lib/python3.10/site-packages/transformer_engine/pytorch/cpu_offload.py:693: DeprecationWarning: Offloading weights is deprecated. Using offload_weights=True does not have any effect.
  warnings.warn(
/opt/hpc/software/app/miniconda3/25.11.0/envs/megatron_train/lib/python3.10/site-packages/transformer_engine/pytorch/cpu_offload.py:693: DeprecationWarning: Offloading weights is deprecated. Using offload_weights=True does not have any effect.
  warnings.warn(
/opt/hpc/software/app/miniconda3/25.11.0/envs/megatron_train/lib/python3.10/site-packages/transformer_engine/pytorch/cpu_offload.py:693: DeprecationWarning: Offloading weights is deprecated. Using offload_weights=True does not have any effect.
  warnings.warn(
/opt/hpc/software/app/miniconda3/25.11.0/envs/megatron_train/lib/python3.10/site-packages/transformer_engine/pytorch/cpu_offload.py:693: DeprecationWarning: Offloading weights is deprecated. Using offload_weights=True does not have any effect.
  warnings.warn(
/opt/hpc/software/app/miniconda3/25.11.0/envs/megatron_train/lib/python3.10/site-packages/transformer_engine/pytorch/cpu_offload.py:693: DeprecationWarning: Offloading weights is deprecated. Using offload_weights=True does not have any effect.
  warnings.warn(
/opt/hpc/software/app/miniconda3/25.11.0/envs/megatron_train/lib/python3.10/site-packages/transformer_engine/pytorch/cpu_offload.py:693: DeprecationWarning: Offloading weights is deprecated. Using offload_weights=True does not have any effect.
  warnings.warn(
/opt/hpc/software/app/miniconda3/25.11.0/envs/megatron_train/lib/python3.10/site-packages/transformer_engine/pytorch/cpu_offload.py:693: DeprecationWarning: Offloading weights is deprecated. Using offload_weights=True does not have any effect.
  warnings.warn(
/opt/hpc/software/app/miniconda3/25.11.0/envs/megatron_train/lib/python3.10/site-packages/transformer_engine/pytorch/cpu_offload.py:693: DeprecationWarning: Offloading weights is deprecated. Using offload_weights=True does not have any effect.
  warnings.warn(
/opt/hpc/software/app/miniconda3/25.11.0/envs/megatron_train/lib/python3.10/site-packages/transformer_engine/pytorch/cpu_offload.py:693: DeprecationWarning: Offloading weights is deprecated. Using offload_weights=True does not have any effect.
  warnings.warn(
/opt/hpc/software/app/miniconda3/25.11.0/envs/megatron_train/lib/python3.10/site-packages/transformer_engine/pytorch/cpu_offload.py:693: DeprecationWarning: Offloading weights is deprecated. Using offload_weights=True does not have any effect.
  warnings.warn(
/opt/hpc/software/app/miniconda3/25.11.0/envs/megatron_train/lib/python3.10/site-packages/transformer_engine/pytorch/cpu_offload.py:693: DeprecationWarning: Offloading weights is deprecated. Using offload_weights=True does not have any effect.
  warnings.warn(
/opt/hpc/software/app/miniconda3/25.11.0/envs/megatron_train/lib/python3.10/site-packages/transformer_engine/pytorch/cpu_offload.py:693: DeprecationWarning: Offloading weights is deprecated. Using offload_weights=True does not have any effect.
  warnings.warn(
/opt/hpc/software/app/miniconda3/25.11.0/envs/megatron_train/lib/python3.10/site-packages/transformer_engine/pytorch/cpu_offload.py:693: DeprecationWarning: Offloading weights is deprecated. Using offload_weights=True does not have any effect.
  warnings.warn(
/opt/hpc/software/app/miniconda3/25.11.0/envs/megatron_train/lib/python3.10/site-packages/transformer_engine/pytorch/cpu_offload.py:693: DeprecationWarning: Offloading weights is deprecated. Using offload_weights=True does not have any effect.
  warnings.warn(
/opt/hpc/software/app/miniconda3/25.11.0/envs/megatron_train/lib/python3.10/site-packages/transformer_engine/pytorch/cpu_offload.py:693: DeprecationWarning: Offloading weights is deprecated. Using offload_weights=True does not have any effect.
  warnings.warn(
/opt/hpc/software/app/miniconda3/25.11.0/envs/megatron_train/lib/python3.10/site-packages/transformer_engine/pytorch/cpu_offload.py:693: DeprecationWarning: Offloading weights is deprecated. Using offload_weights=True does not have any effect.
  warnings.warn(
/opt/hpc/software/app/miniconda3/25.11.0/envs/megatron_train/lib/python3.10/site-packages/transformer_engine/pytorch/cpu_offload.py:693: DeprecationWarning: Offloading weights is deprecated. Using offload_weights=True does not have any effect.
  warnings.warn(
/opt/hpc/software/app/miniconda3/25.11.0/envs/megatron_train/lib/python3.10/site-packages/transformer_engine/pytorch/cpu_offload.py:693: DeprecationWarning: Offloading weights is deprecated. Using offload_weights=True does not have any effect.
  warnings.warn(
/opt/hpc/software/app/miniconda3/25.11.0/envs/megatron_train/lib/python3.10/site-packages/transformer_engine/pytorch/cpu_offload.py:693: DeprecationWarning: Offloading weights is deprecated. Using offload_weights=True does not have any effect.
  warnings.warn(
/opt/hpc/software/app/miniconda3/25.11.0/envs/megatron_train/lib/python3.10/site-packages/transformer_engine/pytorch/cpu_offload.py:693: DeprecationWarning: Offloading weights is deprecated. Using offload_weights=True does not have any effect.
  warnings.warn(
/opt/hpc/software/app/miniconda3/25.11.0/envs/megatron_train/lib/python3.10/site-packages/transformer_engine/pytorch/cpu_offload.py:693: DeprecationWarning: Offloading weights is deprecated. Using offload_weights=True does not have any effect.
  warnings.warn(
/opt/hpc/software/app/miniconda3/25.11.0/envs/megatron_train/lib/python3.10/site-packages/transformer_engine/pytorch/cpu_offload.py:693: DeprecationWarning: Offloading weights is deprecated. Using offload_weights=True does not have any effect.
  warnings.warn(
/opt/hpc/software/app/miniconda3/25.11.0/envs/megatron_train/lib/python3.10/site-packages/transformer_engine/pytorch/cpu_offload.py:693: DeprecationWarning: Offloading weights is deprecated. Using offload_weights=True does not have any effect.
  warnings.warn(
/opt/hpc/software/app/miniconda3/25.11.0/envs/megatron_train/lib/python3.10/site-packages/transformer_engine/pytorch/cpu_offload.py:693: DeprecationWarning: Offloading weights is deprecated. Using offload_weights=True does not have any effect.
  warnings.warn(
/opt/hpc/software/app/miniconda3/25.11.0/envs/megatron_train/lib/python3.10/site-packages/transformer_engine/pytorch/cpu_offload.py:693: DeprecationWarning: Offloading weights is deprecated. Using offload_weights=True does not have any effect.
  warnings.warn(
/opt/hpc/software/app/miniconda3/25.11.0/envs/megatron_train/lib/python3.10/site-packages/transformer_engine/pytorch/cpu_offload.py:693: DeprecationWarning: Offloading weights is deprecated. Using offload_weights=True does not have any effect.
  warnings.warn(
/opt/hpc/software/app/miniconda3/25.11.0/envs/megatron_train/lib/python3.10/site-packages/transformer_engine/pytorch/cpu_offload.py:693: DeprecationWarning: Offloading weights is deprecated. Using offload_weights=True does not have any effect.
  warnings.warn(
/opt/hpc/software/app/miniconda3/25.11.0/envs/megatron_train/lib/python3.10/site-packages/transformer_engine/pytorch/cpu_offload.py:693: DeprecationWarning: Offloading weights is deprecated. Using offload_weights=True does not have any effect.
  warnings.warn(
/opt/hpc/software/app/miniconda3/25.11.0/envs/megatron_train/lib/python3.10/site-packages/transformer_engine/pytorch/cpu_offload.py:693: DeprecationWarning: Offloading weights is deprecated. Using offload_weights=True does not have any effect.
  warnings.warn(
/opt/hpc/software/app/miniconda3/25.11.0/envs/megatron_train/lib/python3.10/site-packages/transformer_engine/pytorch/cpu_offload.py:693: DeprecationWarning: Offloading weights is deprecated. Using offload_weights=True does not have any effect.
  warnings.warn(
/opt/hpc/software/app/miniconda3/25.11.0/envs/megatron_train/lib/python3.10/site-packages/transformer_engine/pytorch/cpu_offload.py:693: DeprecationWarning: Offloading weights is deprecated. Using offload_weights=True does not have any effect.
  warnings.warn(
/opt/hpc/software/app/miniconda3/25.11.0/envs/megatron_train/lib/python3.10/site-packages/transformer_engine/pytorch/cpu_offload.py:693: DeprecationWarning: Offloading weights is deprecated. Using offload_weights=True does not have any effect.
  warnings.warn(
/opt/hpc/software/app/miniconda3/25.11.0/envs/megatron_train/lib/python3.10/site-packages/transformer_engine/pytorch/cpu_offload.py:693: DeprecationWarning: Offloading weights is deprecated. Using offload_weights=True does not have any effect.
  warnings.warn(
/opt/hpc/software/app/miniconda3/25.11.0/envs/megatron_train/lib/python3.10/site-packages/transformer_engine/pytorch/cpu_offload.py:693: DeprecationWarning: Offloading weights is deprecated. Using offload_weights=True does not have any effect.
  warnings.warn(
/opt/hpc/software/app/miniconda3/25.11.0/envs/megatron_train/lib/python3.10/site-packages/transformer_engine/pytorch/cpu_offload.py:693: DeprecationWarning: Offloading weights is deprecated. Using offload_weights=True does not have any effect.
  warnings.warn(
/opt/hpc/software/app/miniconda3/25.11.0/envs/megatron_train/lib/python3.10/site-packages/transformer_engine/pytorch/cpu_offload.py:693: DeprecationWarning: Offloading weights is deprecated. Using offload_weights=True does not have any effect.
  warnings.warn(
/opt/hpc/software/app/miniconda3/25.11.0/envs/megatron_train/lib/python3.10/site-packages/transformer_engine/pytorch/cpu_offload.py:693: DeprecationWarning: Offloading weights is deprecated. Using offload_weights=True does not have any effect.
  warnings.warn(
/opt/hpc/software/app/miniconda3/25.11.0/envs/megatron_train/lib/python3.10/site-packages/transformer_engine/pytorch/cpu_offload.py:693: DeprecationWarning: Offloading weights is deprecated. Using offload_weights=True does not have any effect.
  warnings.warn(
/opt/hpc/software/app/miniconda3/25.11.0/envs/megatron_train/lib/python3.10/site-packages/transformer_engine/pytorch/cpu_offload.py:693: DeprecationWarning: Offloading weights is deprecated. Using offload_weights=True does not have any effect.
  warnings.warn(
/opt/hpc/software/app/miniconda3/25.11.0/envs/megatron_train/lib/python3.10/site-packages/transformer_engine/pytorch/cpu_offload.py:693: DeprecationWarning: Offloading weights is deprecated. Using offload_weights=True does not have any effect.
  warnings.warn(
/opt/hpc/software/app/miniconda3/25.11.0/envs/megatron_train/lib/python3.10/site-packages/transformer_engine/pytorch/cpu_offload.py:693: DeprecationWarning: Offloading weights is deprecated. Using offload_weights=True does not have any effect.
  warnings.warn(
/opt/hpc/software/app/miniconda3/25.11.0/envs/megatron_train/lib/python3.10/site-packages/transformer_engine/pytorch/cpu_offload.py:693: DeprecationWarning: Offloading weights is deprecated. Using offload_weights=True does not have any effect.
  warnings.warn(
/opt/hpc/software/app/miniconda3/25.11.0/envs/megatron_train/lib/python3.10/site-packages/transformer_engine/pytorch/cpu_offload.py:693: DeprecationWarning: Offloading weights is deprecated. Using offload_weights=True does not have any effect.
  warnings.warn(
/opt/hpc/software/app/miniconda3/25.11.0/envs/megatron_train/lib/python3.10/site-packages/transformer_engine/pytorch/cpu_offload.py:693: DeprecationWarning: Offloading weights is deprecated. Using offload_weights=True does not have any effect.
  warnings.warn(
/opt/hpc/software/app/miniconda3/25.11.0/envs/megatron_train/lib/python3.10/site-packages/transformer_engine/pytorch/cpu_offload.py:693: DeprecationWarning: Offloading weights is deprecated. Using offload_weights=True does not have any effect.
  warnings.warn(
/opt/hpc/software/app/miniconda3/25.11.0/envs/megatron_train/lib/python3.10/site-packages/transformer_engine/pytorch/cpu_offload.py:693: DeprecationWarning: Offloading weights is deprecated. Using offload_weights=True does not have any effect.
  warnings.warn(
/opt/hpc/software/app/miniconda3/25.11.0/envs/megatron_train/lib/python3.10/site-packages/transformer_engine/pytorch/cpu_offload.py:693: DeprecationWarning: Offloading weights is deprecated. Using offload_weights=True does not have any effect.
  warnings.warn(
/opt/hpc/software/app/miniconda3/25.11.0/envs/megatron_train/lib/python3.10/site-packages/transformer_engine/pytorch/cpu_offload.py:693: DeprecationWarning: Offloading weights is deprecated. Using offload_weights=True does not have any effect.
  warnings.warn(
/opt/hpc/software/app/miniconda3/25.11.0/envs/megatron_train/lib/python3.10/site-packages/transformer_engine/pytorch/cpu_offload.py:693: DeprecationWarning: Offloading weights is deprecated. Using offload_weights=True does not have any effect.
  warnings.warn(
/opt/hpc/software/app/miniconda3/25.11.0/envs/megatron_train/lib/python3.10/site-packages/transformer_engine/pytorch/cpu_offload.py:693: DeprecationWarning: Offloading weights is deprecated. Using offload_weights=True does not have any effect.
  warnings.warn(
/opt/hpc/software/app/miniconda3/25.11.0/envs/megatron_train/lib/python3.10/site-packages/transformer_engine/pytorch/cpu_offload.py:693: DeprecationWarning: Offloading weights is deprecated. Using offload_weights=True does not have any effect.
  warnings.warn(
/opt/hpc/software/app/miniconda3/25.11.0/envs/megatron_train/lib/python3.10/site-packages/transformer_engine/pytorch/cpu_offload.py:693: DeprecationWarning: Offloading weights is deprecated. Using offload_weights=True does not have any effect.
  warnings.warn(
/opt/hpc/software/app/miniconda3/25.11.0/envs/megatron_train/lib/python3.10/site-packages/transformer_engine/pytorch/cpu_offload.py:693: DeprecationWarning: Offloading weights is deprecated. Using offload_weights=True does not have any effect.
  warnings.warn(
/opt/hpc/software/app/miniconda3/25.11.0/envs/megatron_train/lib/python3.10/site-packages/transformer_engine/pytorch/cpu_offload.py:693: DeprecationWarning: Offloading weights is deprecated. Using offload_weights=True does not have any effect.
  warnings.warn(
/opt/hpc/software/app/miniconda3/25.11.0/envs/megatron_train/lib/python3.10/site-packages/transformer_engine/pytorch/cpu_offload.py:693: DeprecationWarning: Offloading weights is deprecated. Using offload_weights=True does not have any effect.
  warnings.warn(
/opt/hpc/software/app/miniconda3/25.11.0/envs/megatron_train/lib/python3.10/site-packages/transformer_engine/pytorch/cpu_offload.py:693: DeprecationWarning: Offloading weights is deprecated. Using offload_weights=True does not have any effect.
  warnings.warn(
/opt/hpc/software/app/miniconda3/25.11.0/envs/megatron_train/lib/python3.10/site-packages/transformer_engine/pytorch/cpu_offload.py:693: DeprecationWarning: Offloading weights is deprecated. Using offload_weights=True does not have any effect.
  warnings.warn(
/opt/hpc/software/app/miniconda3/25.11.0/envs/megatron_train/lib/python3.10/site-packages/transformer_engine/pytorch/cpu_offload.py:693: DeprecationWarning: Offloading weights is deprecated. Using offload_weights=True does not have any effect.
  warnings.warn(
/opt/hpc/software/app/miniconda3/25.11.0/envs/megatron_train/lib/python3.10/site-packages/transformer_engine/pytorch/cpu_offload.py:693: DeprecationWarning: Offloading weights is deprecated. Using offload_weights=True does not have any effect.
  warnings.warn(
/opt/hpc/software/app/miniconda3/25.11.0/envs/megatron_train/lib/python3.10/site-packages/transformer_engine/pytorch/cpu_offload.py:693: DeprecationWarning: Offloading weights is deprecated. Using offload_weights=True does not have any effect.
  warnings.warn(
/opt/hpc/software/app/miniconda3/25.11.0/envs/megatron_train/lib/python3.10/site-packages/transformer_engine/pytorch/cpu_offload.py:693: DeprecationWarning: Offloading weights is deprecated. Using offload_weights=True does not have any effect.
  warnings.warn(
/opt/hpc/software/app/miniconda3/25.11.0/envs/megatron_train/lib/python3.10/site-packages/transformer_engine/pytorch/cpu_offload.py:693: DeprecationWarning: Offloading weights is deprecated. Using offload_weights=True does not have any effect.
  warnings.warn(
/opt/hpc/software/app/miniconda3/25.11.0/envs/megatron_train/lib/python3.10/site-packages/transformer_engine/pytorch/cpu_offload.py:693: DeprecationWarning: Offloading weights is deprecated. Using offload_weights=True does not have any effect.
  warnings.warn(
/opt/hpc/software/app/miniconda3/25.11.0/envs/megatron_train/lib/python3.10/site-packages/transformer_engine/pytorch/cpu_offload.py:693: DeprecationWarning: Offloading weights is deprecated. Using offload_weights=True does not have any effect.
  warnings.warn(
/opt/hpc/software/app/miniconda3/25.11.0/envs/megatron_train/lib/python3.10/site-packages/transformer_engine/pytorch/cpu_offload.py:693: DeprecationWarning: Offloading weights is deprecated. Using offload_weights=True does not have any effect.
  warnings.warn(
/opt/hpc/software/app/miniconda3/25.11.0/envs/megatron_train/lib/python3.10/site-packages/transformer_engine/pytorch/cpu_offload.py:693: DeprecationWarning: Offloading weights is deprecated. Using offload_weights=True does not have any effect.
  warnings.warn(
/opt/hpc/software/app/miniconda3/25.11.0/envs/megatron_train/lib/python3.10/site-packages/transformer_engine/pytorch/cpu_offload.py:693: DeprecationWarning: Offloading weights is deprecated. Using offload_weights=True does not have any effect.
  warnings.warn(
/opt/hpc/software/app/miniconda3/25.11.0/envs/megatron_train/lib/python3.10/site-packages/transformer_engine/pytorch/cpu_offload.py:693: DeprecationWarning: Offloading weights is deprecated. Using offload_weights=True does not have any effect.
  warnings.warn(
/opt/hpc/software/app/miniconda3/25.11.0/envs/megatron_train/lib/python3.10/site-packages/transformer_engine/pytorch/cpu_offload.py:693: DeprecationWarning: Offloading weights is deprecated. Using offload_weights=True does not have any effect.
  warnings.warn(
/opt/hpc/software/app/miniconda3/25.11.0/envs/megatron_train/lib/python3.10/site-packages/transformer_engine/pytorch/cpu_offload.py:693: DeprecationWarning: Offloading weights is deprecated. Using offload_weights=True does not have any effect.
  warnings.warn(
/opt/hpc/software/app/miniconda3/25.11.0/envs/megatron_train/lib/python3.10/site-packages/transformer_engine/pytorch/cpu_offload.py:693: DeprecationWarning: Offloading weights is deprecated. Using offload_weights=True does not have any effect.
  warnings.warn(
/opt/hpc/software/app/miniconda3/25.11.0/envs/megatron_train/lib/python3.10/site-packages/transformer_engine/pytorch/cpu_offload.py:693: DeprecationWarning: Offloading weights is deprecated. Using offload_weights=True does not have any effect.
  warnings.warn(
/opt/hpc/software/app/miniconda3/25.11.0/envs/megatron_train/lib/python3.10/site-packages/transformer_engine/pytorch/cpu_offload.py:693: DeprecationWarning: Offloading weights is deprecated. Using offload_weights=True does not have any effect.
  warnings.warn(
/opt/hpc/software/app/miniconda3/25.11.0/envs/megatron_train/lib/python3.10/site-packages/transformer_engine/pytorch/cpu_offload.py:693: DeprecationWarning: Offloading weights is deprecated. Using offload_weights=True does not have any effect.
  warnings.warn(
/opt/hpc/software/app/miniconda3/25.11.0/envs/megatron_train/lib/python3.10/site-packages/transformer_engine/pytorch/cpu_offload.py:693: DeprecationWarning: Offloading weights is deprecated. Using offload_weights=True does not have any effect.
  warnings.warn(
/opt/hpc/software/app/miniconda3/25.11.0/envs/megatron_train/lib/python3.10/site-packages/transformer_engine/pytorch/cpu_offload.py:693: DeprecationWarning: Offloading weights is deprecated. Using offload_weights=True does not have any effect.
  warnings.warn(
/opt/hpc/software/app/miniconda3/25.11.0/envs/megatron_train/lib/python3.10/site-packages/transformer_engine/pytorch/cpu_offload.py:693: DeprecationWarning: Offloading weights is deprecated. Using offload_weights=True does not have any effect.
  warnings.warn(
/opt/hpc/software/app/miniconda3/25.11.0/envs/megatron_train/lib/python3.10/site-packages/transformer_engine/pytorch/cpu_offload.py:693: DeprecationWarning: Offloading weights is deprecated. Using offload_weights=True does not have any effect.
  warnings.warn(
/opt/hpc/software/app/miniconda3/25.11.0/envs/megatron_train/lib/python3.10/site-packages/transformer_engine/pytorch/cpu_offload.py:693: DeprecationWarning: Offloading weights is deprecated. Using offload_weights=True does not have any effect.
  warnings.warn(
/opt/hpc/software/app/miniconda3/25.11.0/envs/megatron_train/lib/python3.10/site-packages/transformer_engine/pytorch/cpu_offload.py:693: DeprecationWarning: Offloading weights is deprecated. Using offload_weights=True does not have any effect.
  warnings.warn(
/opt/hpc/software/app/miniconda3/25.11.0/envs/megatron_train/lib/python3.10/site-packages/transformer_engine/pytorch/cpu_offload.py:693: DeprecationWarning: Offloading weights is deprecated. Using offload_weights=True does not have any effect.
  warnings.warn(
/opt/hpc/software/app/miniconda3/25.11.0/envs/megatron_train/lib/python3.10/site-packages/transformer_engine/pytorch/cpu_offload.py:693: DeprecationWarning: Offloading weights is deprecated. Using offload_weights=True does not have any effect.
  warnings.warn(
/opt/hpc/software/app/miniconda3/25.11.0/envs/megatron_train/lib/python3.10/site-packages/transformer_engine/pytorch/cpu_offload.py:693: DeprecationWarning: Offloading weights is deprecated. Using offload_weights=True does not have any effect.
  warnings.warn(
/opt/hpc/software/app/miniconda3/25.11.0/envs/megatron_train/lib/python3.10/site-packages/transformer_engine/pytorch/cpu_offload.py:693: DeprecationWarning: Offloading weights is deprecated. Using offload_weights=True does not have any effect.
  warnings.warn(
/opt/hpc/software/app/miniconda3/25.11.0/envs/megatron_train/lib/python3.10/site-packages/transformer_engine/pytorch/cpu_offload.py:693: DeprecationWarning: Offloading weights is deprecated. Using offload_weights=True does not have any effect.
  warnings.warn(
/opt/hpc/software/app/miniconda3/25.11.0/envs/megatron_train/lib/python3.10/site-packages/transformer_engine/pytorch/cpu_offload.py:693: DeprecationWarning: Offloading weights is deprecated. Using offload_weights=True does not have any effect.
  warnings.warn(
/opt/hpc/software/app/miniconda3/25.11.0/envs/megatron_train/lib/python3.10/site-packages/transformer_engine/pytorch/cpu_offload.py:693: DeprecationWarning: Offloading weights is deprecated. Using offload_weights=True does not have any effect.
  warnings.warn(
/opt/hpc/software/app/miniconda3/25.11.0/envs/megatron_train/lib/python3.10/site-packages/transformer_engine/pytorch/cpu_offload.py:693: DeprecationWarning: Offloading weights is deprecated. Using offload_weights=True does not have any effect.
  warnings.warn(
/opt/hpc/software/app/miniconda3/25.11.0/envs/megatron_train/lib/python3.10/site-packages/transformer_engine/pytorch/cpu_offload.py:693: DeprecationWarning: Offloading weights is deprecated. Using offload_weights=True does not have any effect.
  warnings.warn(
/opt/hpc/software/app/miniconda3/25.11.0/envs/megatron_train/lib/python3.10/site-packages/transformer_engine/pytorch/cpu_offload.py:693: DeprecationWarning: Offloading weights is deprecated. Using offload_weights=True does not have any effect.
  warnings.warn(
/opt/hpc/software/app/miniconda3/25.11.0/envs/megatron_train/lib/python3.10/site-packages/transformer_engine/pytorch/cpu_offload.py:693: DeprecationWarning: Offloading weights is deprecated. Using offload_weights=True does not have any effect.
  warnings.warn(
/opt/hpc/software/app/miniconda3/25.11.0/envs/megatron_train/lib/python3.10/site-packages/transformer_engine/pytorch/cpu_offload.py:693: DeprecationWarning: Offloading weights is deprecated. Using offload_weights=True does not have any effect.
  warnings.warn(
/opt/hpc/software/app/miniconda3/25.11.0/envs/megatron_train/lib/python3.10/site-packages/transformer_engine/pytorch/cpu_offload.py:693: DeprecationWarning: Offloading weights is deprecated. Using offload_weights=True does not have any effect.
  warnings.warn(
/opt/hpc/software/app/miniconda3/25.11.0/envs/megatron_train/lib/python3.10/site-packages/transformer_engine/pytorch/cpu_offload.py:693: DeprecationWarning: Offloading weights is deprecated. Using offload_weights=True does not have any effect.
  warnings.warn(
/opt/hpc/software/app/miniconda3/25.11.0/envs/megatron_train/lib/python3.10/site-packages/transformer_engine/pytorch/cpu_offload.py:693: DeprecationWarning: Offloading weights is deprecated. Using offload_weights=True does not have any effect.
  warnings.warn(
/opt/hpc/software/app/miniconda3/25.11.0/envs/megatron_train/lib/python3.10/site-packages/transformer_engine/pytorch/cpu_offload.py:693: DeprecationWarning: Offloading weights is deprecated. Using offload_weights=True does not have any effect.
  warnings.warn(
/opt/hpc/software/app/miniconda3/25.11.0/envs/megatron_train/lib/python3.10/site-packages/transformer_engine/pytorch/cpu_offload.py:693: DeprecationWarning: Offloading weights is deprecated. Using offload_weights=True does not have any effect.
  warnings.warn(
/opt/hpc/software/app/miniconda3/25.11.0/envs/megatron_train/lib/python3.10/site-packages/transformer_engine/pytorch/cpu_offload.py:693: DeprecationWarning: Offloading weights is deprecated. Using offload_weights=True does not have any effect.
  warnings.warn(
/opt/hpc/software/app/miniconda3/25.11.0/envs/megatron_train/lib/python3.10/site-packages/transformer_engine/pytorch/cpu_offload.py:693: DeprecationWarning: Offloading weights is deprecated. Using offload_weights=True does not have any effect.
  warnings.warn(
/opt/hpc/software/app/miniconda3/25.11.0/envs/megatron_train/lib/python3.10/site-packages/transformer_engine/pytorch/cpu_offload.py:693: DeprecationWarning: Offloading weights is deprecated. Using offload_weights=True does not have any effect.
  warnings.warn(
/opt/hpc/software/app/miniconda3/25.11.0/envs/megatron_train/lib/python3.10/site-packages/transformer_engine/pytorch/cpu_offload.py:693: DeprecationWarning: Offloading weights is deprecated. Using offload_weights=True does not have any effect.
  warnings.warn(
/opt/hpc/software/app/miniconda3/25.11.0/envs/megatron_train/lib/python3.10/site-packages/transformer_engine/pytorch/cpu_offload.py:693: DeprecationWarning: Offloading weights is deprecated. Using offload_weights=True does not have any effect.
  warnings.warn(
/opt/hpc/software/app/miniconda3/25.11.0/envs/megatron_train/lib/python3.10/site-packages/transformer_engine/pytorch/cpu_offload.py:693: DeprecationWarning: Offloading weights is deprecated. Using offload_weights=True does not have any effect.
  warnings.warn(
/opt/hpc/software/app/miniconda3/25.11.0/envs/megatron_train/lib/python3.10/site-packages/transformer_engine/pytorch/cpu_offload.py:693: DeprecationWarning: Offloading weights is deprecated. Using offload_weights=True does not have any effect.
  warnings.warn(
/opt/hpc/software/app/miniconda3/25.11.0/envs/megatron_train/lib/python3.10/site-packages/transformer_engine/pytorch/cpu_offload.py:693: DeprecationWarning: Offloading weights is deprecated. Using offload_weights=True does not have any effect.
  warnings.warn(
/opt/hpc/software/app/miniconda3/25.11.0/envs/megatron_train/lib/python3.10/site-packages/transformer_engine/pytorch/cpu_offload.py:693: DeprecationWarning: Offloading weights is deprecated. Using offload_weights=True does not have any effect.
  warnings.warn(
/opt/hpc/software/app/miniconda3/25.11.0/envs/megatron_train/lib/python3.10/site-packages/transformer_engine/pytorch/cpu_offload.py:693: DeprecationWarning: Offloading weights is deprecated. Using offload_weights=True does not have any effect.
  warnings.warn(
/opt/hpc/software/app/miniconda3/25.11.0/envs/megatron_train/lib/python3.10/site-packages/transformer_engine/pytorch/cpu_offload.py:693: DeprecationWarning: Offloading weights is deprecated. Using offload_weights=True does not have any effect.
  warnings.warn(
/opt/hpc/software/app/miniconda3/25.11.0/envs/megatron_train/lib/python3.10/site-packages/transformer_engine/pytorch/cpu_offload.py:693: DeprecationWarning: Offloading weights is deprecated. Using offload_weights=True does not have any effect.
  warnings.warn(
/opt/hpc/software/app/miniconda3/25.11.0/envs/megatron_train/lib/python3.10/site-packages/transformer_engine/pytorch/cpu_offload.py:693: DeprecationWarning: Offloading weights is deprecated. Using offload_weights=True does not have any effect.
  warnings.warn(
/opt/hpc/software/app/miniconda3/25.11.0/envs/megatron_train/lib/python3.10/site-packages/transformer_engine/pytorch/cpu_offload.py:693: DeprecationWarning: Offloading weights is deprecated. Using offload_weights=True does not have any effect.
  warnings.warn(
/opt/hpc/software/app/miniconda3/25.11.0/envs/megatron_train/lib/python3.10/site-packages/transformer_engine/pytorch/cpu_offload.py:693: DeprecationWarning: Offloading weights is deprecated. Using offload_weights=True does not have any effect.
  warnings.warn(
/opt/hpc/software/app/miniconda3/25.11.0/envs/megatron_train/lib/python3.10/site-packages/transformer_engine/pytorch/cpu_offload.py:693: DeprecationWarning: Offloading weights is deprecated. Using offload_weights=True does not have any effect.
  warnings.warn(
/opt/hpc/software/app/miniconda3/25.11.0/envs/megatron_train/lib/python3.10/site-packages/transformer_engine/pytorch/cpu_offload.py:693: DeprecationWarning: Offloading weights is deprecated. Using offload_weights=True does not have any effect.
  warnings.warn(
/opt/hpc/software/app/miniconda3/25.11.0/envs/megatron_train/lib/python3.10/site-packages/transformer_engine/pytorch/cpu_offload.py:693: DeprecationWarning: Offloading weights is deprecated. Using offload_weights=True does not have any effect.
  warnings.warn(
/opt/hpc/software/app/miniconda3/25.11.0/envs/megatron_train/lib/python3.10/site-packages/transformer_engine/pytorch/cpu_offload.py:693: DeprecationWarning: Offloading weights is deprecated. Using offload_weights=True does not have any effect.
  warnings.warn(
/opt/hpc/software/app/miniconda3/25.11.0/envs/megatron_train/lib/python3.10/site-packages/transformer_engine/pytorch/cpu_offload.py:693: DeprecationWarning: Offloading weights is deprecated. Using offload_weights=True does not have any effect.
  warnings.warn(
/opt/hpc/software/app/miniconda3/25.11.0/envs/megatron_train/lib/python3.10/site-packages/transformer_engine/pytorch/cpu_offload.py:693: DeprecationWarning: Offloading weights is deprecated. Using offload_weights=True does not have any effect.
  warnings.warn(
/opt/hpc/software/app/miniconda3/25.11.0/envs/megatron_train/lib/python3.10/site-packages/transformer_engine/pytorch/cpu_offload.py:693: DeprecationWarning: Offloading weights is deprecated. Using offload_weights=True does not have any effect.
  warnings.warn(
/opt/hpc/software/app/miniconda3/25.11.0/envs/megatron_train/lib/python3.10/site-packages/transformer_engine/pytorch/cpu_offload.py:693: DeprecationWarning: Offloading weights is deprecated. Using offload_weights=True does not have any effect.
  warnings.warn(
/opt/hpc/software/app/miniconda3/25.11.0/envs/megatron_train/lib/python3.10/site-packages/transformer_engine/pytorch/cpu_offload.py:693: DeprecationWarning: Offloading weights is deprecated. Using offload_weights=True does not have any effect.
  warnings.warn(
/opt/hpc/software/app/miniconda3/25.11.0/envs/megatron_train/lib/python3.10/site-packages/transformer_engine/pytorch/cpu_offload.py:693: DeprecationWarning: Offloading weights is deprecated. Using offload_weights=True does not have any effect.
  warnings.warn(
/opt/hpc/software/app/miniconda3/25.11.0/envs/megatron_train/lib/python3.10/site-packages/transformer_engine/pytorch/cpu_offload.py:693: DeprecationWarning: Offloading weights is deprecated. Using offload_weights=True does not have any effect.
  warnings.warn(
/opt/hpc/software/app/miniconda3/25.11.0/envs/megatron_train/lib/python3.10/site-packages/transformer_engine/pytorch/cpu_offload.py:693: DeprecationWarning: Offloading weights is deprecated. Using offload_weights=True does not have any effect.
  warnings.warn(
/opt/hpc/software/app/miniconda3/25.11.0/envs/megatron_train/lib/python3.10/site-packages/transformer_engine/pytorch/cpu_offload.py:693: DeprecationWarning: Offloading weights is deprecated. Using offload_weights=True does not have any effect.
  warnings.warn(
/opt/hpc/software/app/miniconda3/25.11.0/envs/megatron_train/lib/python3.10/site-packages/transformer_engine/pytorch/cpu_offload.py:693: DeprecationWarning: Offloading weights is deprecated. Using offload_weights=True does not have any effect.
  warnings.warn(
/opt/hpc/software/app/miniconda3/25.11.0/envs/megatron_train/lib/python3.10/site-packages/transformer_engine/pytorch/cpu_offload.py:693: DeprecationWarning: Offloading weights is deprecated. Using offload_weights=True does not have any effect.
  warnings.warn(
/opt/hpc/software/app/miniconda3/25.11.0/envs/megatron_train/lib/python3.10/site-packages/transformer_engine/pytorch/cpu_offload.py:693: DeprecationWarning: Offloading weights is deprecated. Using offload_weights=True does not have any effect.
  warnings.warn(
/opt/hpc/software/app/miniconda3/25.11.0/envs/megatron_train/lib/python3.10/site-packages/transformer_engine/pytorch/cpu_offload.py:693: DeprecationWarning: Offloading weights is deprecated. Using offload_weights=True does not have any effect.
  warnings.warn(
/opt/hpc/software/app/miniconda3/25.11.0/envs/megatron_train/lib/python3.10/site-packages/transformer_engine/pytorch/cpu_offload.py:693: DeprecationWarning: Offloading weights is deprecated. Using offload_weights=True does not have any effect.
  warnings.warn(
/opt/hpc/software/app/miniconda3/25.11.0/envs/megatron_train/lib/python3.10/site-packages/transformer_engine/pytorch/cpu_offload.py:693: DeprecationWarning: Offloading weights is deprecated. Using offload_weights=True does not have any effect.
  warnings.warn(
/opt/hpc/software/app/miniconda3/25.11.0/envs/megatron_train/lib/python3.10/site-packages/transformer_engine/pytorch/cpu_offload.py:693: DeprecationWarning: Offloading weights is deprecated. Using offload_weights=True does not have any effect.
  warnings.warn(
/opt/hpc/software/app/miniconda3/25.11.0/envs/megatron_train/lib/python3.10/site-packages/transformer_engine/pytorch/cpu_offload.py:693: DeprecationWarning: Offloading weights is deprecated. Using offload_weights=True does not have any effect.
  warnings.warn(
/opt/hpc/software/app/miniconda3/25.11.0/envs/megatron_train/lib/python3.10/site-packages/transformer_engine/pytorch/cpu_offload.py:693: DeprecationWarning: Offloading weights is deprecated. Using offload_weights=True does not have any effect.
  warnings.warn(
/opt/hpc/software/app/miniconda3/25.11.0/envs/megatron_train/lib/python3.10/site-packages/transformer_engine/pytorch/cpu_offload.py:693: DeprecationWarning: Offloading weights is deprecated. Using offload_weights=True does not have any effect.
  warnings.warn(
/opt/hpc/software/app/miniconda3/25.11.0/envs/megatron_train/lib/python3.10/site-packages/transformer_engine/pytorch/cpu_offload.py:693: DeprecationWarning: Offloading weights is deprecated. Using offload_weights=True does not have any effect.
  warnings.warn(
/opt/hpc/software/app/miniconda3/25.11.0/envs/megatron_train/lib/python3.10/site-packages/transformer_engine/pytorch/cpu_offload.py:693: DeprecationWarning: Offloading weights is deprecated. Using offload_weights=True does not have any effect.
  warnings.warn(
/opt/hpc/software/app/miniconda3/25.11.0/envs/megatron_train/lib/python3.10/site-packages/transformer_engine/pytorch/cpu_offload.py:693: DeprecationWarning: Offloading weights is deprecated. Using offload_weights=True does not have any effect.
  warnings.warn(
/opt/hpc/software/app/miniconda3/25.11.0/envs/megatron_train/lib/python3.10/site-packages/transformer_engine/pytorch/cpu_offload.py:693: DeprecationWarning: Offloading weights is deprecated. Using offload_weights=True does not have any effect.
  warnings.warn(
/opt/hpc/software/app/miniconda3/25.11.0/envs/megatron_train/lib/python3.10/site-packages/transformer_engine/pytorch/cpu_offload.py:693: DeprecationWarning: Offloading weights is deprecated. Using offload_weights=True does not have any effect.
  warnings.warn(
/opt/hpc/software/app/miniconda3/25.11.0/envs/megatron_train/lib/python3.10/site-packages/transformer_engine/pytorch/cpu_offload.py:693: DeprecationWarning: Offloading weights is deprecated. Using offload_weights=True does not have any effect.
  warnings.warn(
/opt/hpc/software/app/miniconda3/25.11.0/envs/megatron_train/lib/python3.10/site-packages/transformer_engine/pytorch/cpu_offload.py:693: DeprecationWarning: Offloading weights is deprecated. Using offload_weights=True does not have any effect.
  warnings.warn(
/opt/hpc/software/app/miniconda3/25.11.0/envs/megatron_train/lib/python3.10/site-packages/transformer_engine/pytorch/cpu_offload.py:693: DeprecationWarning: Offloading weights is deprecated. Using offload_weights=True does not have any effect.
  warnings.warn(
/opt/hpc/software/app/miniconda3/25.11.0/envs/megatron_train/lib/python3.10/site-packages/transformer_engine/pytorch/cpu_offload.py:693: DeprecationWarning: Offloading weights is deprecated. Using offload_weights=True does not have any effect.
  warnings.warn(
/opt/hpc/software/app/miniconda3/25.11.0/envs/megatron_train/lib/python3.10/site-packages/transformer_engine/pytorch/cpu_offload.py:693: DeprecationWarning: Offloading weights is deprecated. Using offload_weights=True does not have any effect.
  warnings.warn(
/opt/hpc/software/app/miniconda3/25.11.0/envs/megatron_train/lib/python3.10/site-packages/transformer_engine/pytorch/cpu_offload.py:693: DeprecationWarning: Offloading weights is deprecated. Using offload_weights=True does not have any effect.
  warnings.warn(
/opt/hpc/software/app/miniconda3/25.11.0/envs/megatron_train/lib/python3.10/site-packages/transformer_engine/pytorch/cpu_offload.py:693: DeprecationWarning: Offloading weights is deprecated. Using offload_weights=True does not have any effect.
  warnings.warn(
/opt/hpc/software/app/miniconda3/25.11.0/envs/megatron_train/lib/python3.10/site-packages/transformer_engine/pytorch/cpu_offload.py:693: DeprecationWarning: Offloading weights is deprecated. Using offload_weights=True does not have any effect.
  warnings.warn(
/opt/hpc/software/app/miniconda3/25.11.0/envs/megatron_train/lib/python3.10/site-packages/transformer_engine/pytorch/cpu_offload.py:693: DeprecationWarning: Offloading weights is deprecated. Using offload_weights=True does not have any effect.
  warnings.warn(
/opt/hpc/software/app/miniconda3/25.11.0/envs/megatron_train/lib/python3.10/site-packages/transformer_engine/pytorch/cpu_offload.py:693: DeprecationWarning: Offloading weights is deprecated. Using offload_weights=True does not have any effect.
  warnings.warn(
/opt/hpc/software/app/miniconda3/25.11.0/envs/megatron_train/lib/python3.10/site-packages/transformer_engine/pytorch/cpu_offload.py:693: DeprecationWarning: Offloading weights is deprecated. Using offload_weights=True does not have any effect.
  warnings.warn(
/opt/hpc/software/app/miniconda3/25.11.0/envs/megatron_train/lib/python3.10/site-packages/transformer_engine/pytorch/cpu_offload.py:693: DeprecationWarning: Offloading weights is deprecated. Using offload_weights=True does not have any effect.
  warnings.warn(
/opt/hpc/software/app/miniconda3/25.11.0/envs/megatron_train/lib/python3.10/site-packages/transformer_engine/pytorch/cpu_offload.py:693: DeprecationWarning: Offloading weights is deprecated. Using offload_weights=True does not have any effect.
  warnings.warn(
/opt/hpc/software/app/miniconda3/25.11.0/envs/megatron_train/lib/python3.10/site-packages/transformer_engine/pytorch/cpu_offload.py:693: DeprecationWarning: Offloading weights is deprecated. Using offload_weights=True does not have any effect.
  warnings.warn(
/opt/hpc/software/app/miniconda3/25.11.0/envs/megatron_train/lib/python3.10/site-packages/transformer_engine/pytorch/cpu_offload.py:693: DeprecationWarning: Offloading weights is deprecated. Using offload_weights=True does not have any effect.
  warnings.warn(
/opt/hpc/software/app/miniconda3/25.11.0/envs/megatron_train/lib/python3.10/site-packages/transformer_engine/pytorch/cpu_offload.py:693: DeprecationWarning: Offloading weights is deprecated. Using offload_weights=True does not have any effect.
  warnings.warn(
/opt/hpc/software/app/miniconda3/25.11.0/envs/megatron_train/lib/python3.10/site-packages/transformer_engine/pytorch/cpu_offload.py:693: DeprecationWarning: Offloading weights is deprecated. Using offload_weights=True does not have any effect.
  warnings.warn(
/opt/hpc/software/app/miniconda3/25.11.0/envs/megatron_train/lib/python3.10/site-packages/transformer_engine/pytorch/cpu_offload.py:693: DeprecationWarning: Offloading weights is deprecated. Using offload_weights=True does not have any effect.
  warnings.warn(
/opt/hpc/software/app/miniconda3/25.11.0/envs/megatron_train/lib/python3.10/site-packages/transformer_engine/pytorch/cpu_offload.py:693: DeprecationWarning: Offloading weights is deprecated. Using offload_weights=True does not have any effect.
  warnings.warn(
/opt/hpc/software/app/miniconda3/25.11.0/envs/megatron_train/lib/python3.10/site-packages/transformer_engine/pytorch/cpu_offload.py:693: DeprecationWarning: Offloading weights is deprecated. Using offload_weights=True does not have any effect.
  warnings.warn(
/opt/hpc/software/app/miniconda3/25.11.0/envs/megatron_train/lib/python3.10/site-packages/transformer_engine/pytorch/cpu_offload.py:693: DeprecationWarning: Offloading weights is deprecated. Using offload_weights=True does not have any effect.
  warnings.warn(
/opt/hpc/software/app/miniconda3/25.11.0/envs/megatron_train/lib/python3.10/site-packages/transformer_engine/pytorch/cpu_offload.py:693: DeprecationWarning: Offloading weights is deprecated. Using offload_weights=True does not have any effect.
  warnings.warn(
/opt/hpc/software/app/miniconda3/25.11.0/envs/megatron_train/lib/python3.10/site-packages/transformer_engine/pytorch/cpu_offload.py:693: DeprecationWarning: Offloading weights is deprecated. Using offload_weights=True does not have any effect.
  warnings.warn(
/opt/hpc/software/app/miniconda3/25.11.0/envs/megatron_train/lib/python3.10/site-packages/transformer_engine/pytorch/cpu_offload.py:693: DeprecationWarning: Offloading weights is deprecated. Using offload_weights=True does not have any effect.
  warnings.warn(
/opt/hpc/software/app/miniconda3/25.11.0/envs/megatron_train/lib/python3.10/site-packages/transformer_engine/pytorch/cpu_offload.py:693: DeprecationWarning: Offloading weights is deprecated. Using offload_weights=True does not have any effect.
  warnings.warn(
/opt/hpc/software/app/miniconda3/25.11.0/envs/megatron_train/lib/python3.10/site-packages/transformer_engine/pytorch/cpu_offload.py:693: DeprecationWarning: Offloading weights is deprecated. Using offload_weights=True does not have any effect.
  warnings.warn(
/opt/hpc/software/app/miniconda3/25.11.0/envs/megatron_train/lib/python3.10/site-packages/transformer_engine/pytorch/cpu_offload.py:693: DeprecationWarning: Offloading weights is deprecated. Using offload_weights=True does not have any effect.
  warnings.warn(
/opt/hpc/software/app/miniconda3/25.11.0/envs/megatron_train/lib/python3.10/site-packages/transformer_engine/pytorch/cpu_offload.py:693: DeprecationWarning: Offloading weights is deprecated. Using offload_weights=True does not have any effect.
  warnings.warn(
/opt/hpc/software/app/miniconda3/25.11.0/envs/megatron_train/lib/python3.10/site-packages/transformer_engine/pytorch/cpu_offload.py:693: DeprecationWarning: Offloading weights is deprecated. Using offload_weights=True does not have any effect.
  warnings.warn(
/opt/hpc/software/app/miniconda3/25.11.0/envs/megatron_train/lib/python3.10/site-packages/transformer_engine/pytorch/cpu_offload.py:693: DeprecationWarning: Offloading weights is deprecated. Using offload_weights=True does not have any effect.
  warnings.warn(
/opt/hpc/software/app/miniconda3/25.11.0/envs/megatron_train/lib/python3.10/site-packages/transformer_engine/pytorch/cpu_offload.py:693: DeprecationWarning: Offloading weights is deprecated. Using offload_weights=True does not have any effect.
  warnings.warn(
/opt/hpc/software/app/miniconda3/25.11.0/envs/megatron_train/lib/python3.10/site-packages/transformer_engine/pytorch/cpu_offload.py:693: DeprecationWarning: Offloading weights is deprecated. Using offload_weights=True does not have any effect.
  warnings.warn(
/opt/hpc/software/app/miniconda3/25.11.0/envs/megatron_train/lib/python3.10/site-packages/transformer_engine/pytorch/cpu_offload.py:693: DeprecationWarning: Offloading weights is deprecated. Using offload_weights=True does not have any effect.
  warnings.warn(
/opt/hpc/software/app/miniconda3/25.11.0/envs/megatron_train/lib/python3.10/site-packages/transformer_engine/pytorch/cpu_offload.py:693: DeprecationWarning: Offloading weights is deprecated. Using offload_weights=True does not have any effect.
  warnings.warn(
/opt/hpc/software/app/miniconda3/25.11.0/envs/megatron_train/lib/python3.10/site-packages/transformer_engine/pytorch/cpu_offload.py:693: DeprecationWarning: Offloading weights is deprecated. Using offload_weights=True does not have any effect.
  warnings.warn(
/opt/hpc/software/app/miniconda3/25.11.0/envs/megatron_train/lib/python3.10/site-packages/transformer_engine/pytorch/cpu_offload.py:693: DeprecationWarning: Offloading weights is deprecated. Using offload_weights=True does not have any effect.
  warnings.warn(
/opt/hpc/software/app/miniconda3/25.11.0/envs/megatron_train/lib/python3.10/site-packages/transformer_engine/pytorch/cpu_offload.py:693: DeprecationWarning: Offloading weights is deprecated. Using offload_weights=True does not have any effect.
  warnings.warn(
/opt/hpc/software/app/miniconda3/25.11.0/envs/megatron_train/lib/python3.10/site-packages/transformer_engine/pytorch/cpu_offload.py:693: DeprecationWarning: Offloading weights is deprecated. Using offload_weights=True does not have any effect.
  warnings.warn(
/opt/hpc/software/app/miniconda3/25.11.0/envs/megatron_train/lib/python3.10/site-packages/transformer_engine/pytorch/cpu_offload.py:693: DeprecationWarning: Offloading weights is deprecated. Using offload_weights=True does not have any effect.
  warnings.warn(
/opt/hpc/software/app/miniconda3/25.11.0/envs/megatron_train/lib/python3.10/site-packages/transformer_engine/pytorch/cpu_offload.py:693: DeprecationWarning: Offloading weights is deprecated. Using offload_weights=True does not have any effect.
  warnings.warn(
/opt/hpc/software/app/miniconda3/25.11.0/envs/megatron_train/lib/python3.10/site-packages/transformer_engine/pytorch/cpu_offload.py:693: DeprecationWarning: Offloading weights is deprecated. Using offload_weights=True does not have any effect.
  warnings.warn(
/opt/hpc/software/app/miniconda3/25.11.0/envs/megatron_train/lib/python3.10/site-packages/transformer_engine/pytorch/cpu_offload.py:693: DeprecationWarning: Offloading weights is deprecated. Using offload_weights=True does not have any effect.
  warnings.warn(
/opt/hpc/software/app/miniconda3/25.11.0/envs/megatron_train/lib/python3.10/site-packages/transformer_engine/pytorch/cpu_offload.py:693: DeprecationWarning: Offloading weights is deprecated. Using offload_weights=True does not have any effect.
  warnings.warn(
/opt/hpc/software/app/miniconda3/25.11.0/envs/megatron_train/lib/python3.10/site-packages/transformer_engine/pytorch/cpu_offload.py:693: DeprecationWarning: Offloading weights is deprecated. Using offload_weights=True does not have any effect.
  warnings.warn(
/opt/hpc/software/app/miniconda3/25.11.0/envs/megatron_train/lib/python3.10/site-packages/transformer_engine/pytorch/cpu_offload.py:693: DeprecationWarning: Offloading weights is deprecated. Using offload_weights=True does not have any effect.
  warnings.warn(
/opt/hpc/software/app/miniconda3/25.11.0/envs/megatron_train/lib/python3.10/site-packages/transformer_engine/pytorch/cpu_offload.py:693: DeprecationWarning: Offloading weights is deprecated. Using offload_weights=True does not have any effect.
  warnings.warn(
/opt/hpc/software/app/miniconda3/25.11.0/envs/megatron_train/lib/python3.10/site-packages/transformer_engine/pytorch/cpu_offload.py:693: DeprecationWarning: Offloading weights is deprecated. Using offload_weights=True does not have any effect.
  warnings.warn(
/opt/hpc/software/app/miniconda3/25.11.0/envs/megatron_train/lib/python3.10/site-packages/transformer_engine/pytorch/cpu_offload.py:693: DeprecationWarning: Offloading weights is deprecated. Using offload_weights=True does not have any effect.
  warnings.warn(
/opt/hpc/software/app/miniconda3/25.11.0/envs/megatron_train/lib/python3.10/site-packages/transformer_engine/pytorch/cpu_offload.py:693: DeprecationWarning: Offloading weights is deprecated. Using offload_weights=True does not have any effect.
  warnings.warn(
/opt/hpc/software/app/miniconda3/25.11.0/envs/megatron_train/lib/python3.10/site-packages/transformer_engine/pytorch/cpu_offload.py:693: DeprecationWarning: Offloading weights is deprecated. Using offload_weights=True does not have any effect.
  warnings.warn(
/opt/hpc/software/app/miniconda3/25.11.0/envs/megatron_train/lib/python3.10/site-packages/transformer_engine/pytorch/cpu_offload.py:693: DeprecationWarning: Offloading weights is deprecated. Using offload_weights=True does not have any effect.
  warnings.warn(
/opt/hpc/software/app/miniconda3/25.11.0/envs/megatron_train/lib/python3.10/site-packages/transformer_engine/pytorch/cpu_offload.py:693: DeprecationWarning: Offloading weights is deprecated. Using offload_weights=True does not have any effect.
  warnings.warn(
/opt/hpc/software/app/miniconda3/25.11.0/envs/megatron_train/lib/python3.10/site-packages/transformer_engine/pytorch/cpu_offload.py:693: DeprecationWarning: Offloading weights is deprecated. Using offload_weights=True does not have any effect.
  warnings.warn(
/opt/hpc/software/app/miniconda3/25.11.0/envs/megatron_train/lib/python3.10/site-packages/transformer_engine/pytorch/cpu_offload.py:693: DeprecationWarning: Offloading weights is deprecated. Using offload_weights=True does not have any effect.
  warnings.warn(
/opt/hpc/software/app/miniconda3/25.11.0/envs/megatron_train/lib/python3.10/site-packages/transformer_engine/pytorch/cpu_offload.py:693: DeprecationWarning: Offloading weights is deprecated. Using offload_weights=True does not have any effect.
  warnings.warn(
/opt/hpc/software/app/miniconda3/25.11.0/envs/megatron_train/lib/python3.10/site-packages/transformer_engine/pytorch/cpu_offload.py:693: DeprecationWarning: Offloading weights is deprecated. Using offload_weights=True does not have any effect.
  warnings.warn(
/opt/hpc/software/app/miniconda3/25.11.0/envs/megatron_train/lib/python3.10/site-packages/transformer_engine/pytorch/cpu_offload.py:693: DeprecationWarning: Offloading weights is deprecated. Using offload_weights=True does not have any effect.
  warnings.warn(
/opt/hpc/software/app/miniconda3/25.11.0/envs/megatron_train/lib/python3.10/site-packages/transformer_engine/pytorch/cpu_offload.py:693: DeprecationWarning: Offloading weights is deprecated. Using offload_weights=True does not have any effect.
  warnings.warn(
/opt/hpc/software/app/miniconda3/25.11.0/envs/megatron_train/lib/python3.10/site-packages/transformer_engine/pytorch/cpu_offload.py:693: DeprecationWarning: Offloading weights is deprecated. Using offload_weights=True does not have any effect.
  warnings.warn(
/opt/hpc/software/app/miniconda3/25.11.0/envs/megatron_train/lib/python3.10/site-packages/transformer_engine/pytorch/cpu_offload.py:693: DeprecationWarning: Offloading weights is deprecated. Using offload_weights=True does not have any effect.
  warnings.warn(
/opt/hpc/software/app/miniconda3/25.11.0/envs/megatron_train/lib/python3.10/site-packages/transformer_engine/pytorch/cpu_offload.py:693: DeprecationWarning: Offloading weights is deprecated. Using offload_weights=True does not have any effect.
  warnings.warn(
/opt/hpc/software/app/miniconda3/25.11.0/envs/megatron_train/lib/python3.10/site-packages/transformer_engine/pytorch/cpu_offload.py:693: DeprecationWarning: Offloading weights is deprecated. Using offload_weights=True does not have any effect.
  warnings.warn(
/opt/hpc/software/app/miniconda3/25.11.0/envs/megatron_train/lib/python3.10/site-packages/transformer_engine/pytorch/cpu_offload.py:693: DeprecationWarning: Offloading weights is deprecated. Using offload_weights=True does not have any effect.
  warnings.warn(
/opt/hpc/software/app/miniconda3/25.11.0/envs/megatron_train/lib/python3.10/site-packages/transformer_engine/pytorch/cpu_offload.py:693: DeprecationWarning: Offloading weights is deprecated. Using offload_weights=True does not have any effect.
  warnings.warn(
/opt/hpc/software/app/miniconda3/25.11.0/envs/megatron_train/lib/python3.10/site-packages/transformer_engine/pytorch/cpu_offload.py:693: DeprecationWarning: Offloading weights is deprecated. Using offload_weights=True does not have any effect.
  warnings.warn(
/opt/hpc/software/app/miniconda3/25.11.0/envs/megatron_train/lib/python3.10/site-packages/transformer_engine/pytorch/cpu_offload.py:693: DeprecationWarning: Offloading weights is deprecated. Using offload_weights=True does not have any effect.
  warnings.warn(
/opt/hpc/software/app/miniconda3/25.11.0/envs/megatron_train/lib/python3.10/site-packages/transformer_engine/pytorch/cpu_offload.py:693: DeprecationWarning: Offloading weights is deprecated. Using offload_weights=True does not have any effect.
  warnings.warn(
/opt/hpc/software/app/miniconda3/25.11.0/envs/megatron_train/lib/python3.10/site-packages/transformer_engine/pytorch/cpu_offload.py:693: DeprecationWarning: Offloading weights is deprecated. Using offload_weights=True does not have any effect.
  warnings.warn(
/opt/hpc/software/app/miniconda3/25.11.0/envs/megatron_train/lib/python3.10/site-packages/transformer_engine/pytorch/cpu_offload.py:693: DeprecationWarning: Offloading weights is deprecated. Using offload_weights=True does not have any effect.
  warnings.warn(
/opt/hpc/software/app/miniconda3/25.11.0/envs/megatron_train/lib/python3.10/site-packages/transformer_engine/pytorch/cpu_offload.py:693: DeprecationWarning: Offloading weights is deprecated. Using offload_weights=True does not have any effect.
  warnings.warn(
/opt/hpc/software/app/miniconda3/25.11.0/envs/megatron_train/lib/python3.10/site-packages/transformer_engine/pytorch/cpu_offload.py:693: DeprecationWarning: Offloading weights is deprecated. Using offload_weights=True does not have any effect.
  warnings.warn(
/opt/hpc/software/app/miniconda3/25.11.0/envs/megatron_train/lib/python3.10/site-packages/transformer_engine/pytorch/cpu_offload.py:693: DeprecationWarning: Offloading weights is deprecated. Using offload_weights=True does not have any effect.
  warnings.warn(
/opt/hpc/software/app/miniconda3/25.11.0/envs/megatron_train/lib/python3.10/site-packages/transformer_engine/pytorch/cpu_offload.py:693: DeprecationWarning: Offloading weights is deprecated. Using offload_weights=True does not have any effect.
  warnings.warn(
/opt/hpc/software/app/miniconda3/25.11.0/envs/megatron_train/lib/python3.10/site-packages/transformer_engine/pytorch/cpu_offload.py:693: DeprecationWarning: Offloading weights is deprecated. Using offload_weights=True does not have any effect.
  warnings.warn(
/opt/hpc/software/app/miniconda3/25.11.0/envs/megatron_train/lib/python3.10/site-packages/transformer_engine/pytorch/cpu_offload.py:693: DeprecationWarning: Offloading weights is deprecated. Using offload_weights=True does not have any effect.
  warnings.warn(
/opt/hpc/software/app/miniconda3/25.11.0/envs/megatron_train/lib/python3.10/site-packages/transformer_engine/pytorch/cpu_offload.py:693: DeprecationWarning: Offloading weights is deprecated. Using offload_weights=True does not have any effect.
  warnings.warn(
/opt/hpc/software/app/miniconda3/25.11.0/envs/megatron_train/lib/python3.10/site-packages/transformer_engine/pytorch/cpu_offload.py:693: DeprecationWarning: Offloading weights is deprecated. Using offload_weights=True does not have any effect.
  warnings.warn(
/opt/hpc/software/app/miniconda3/25.11.0/envs/megatron_train/lib/python3.10/site-packages/transformer_engine/pytorch/cpu_offload.py:693: DeprecationWarning: Offloading weights is deprecated. Using offload_weights=True does not have any effect.
  warnings.warn(
/opt/hpc/software/app/miniconda3/25.11.0/envs/megatron_train/lib/python3.10/site-packages/transformer_engine/pytorch/cpu_offload.py:693: DeprecationWarning: Offloading weights is deprecated. Using offload_weights=True does not have any effect.
  warnings.warn(
/opt/hpc/software/app/miniconda3/25.11.0/envs/megatron_train/lib/python3.10/site-packages/transformer_engine/pytorch/cpu_offload.py:693: DeprecationWarning: Offloading weights is deprecated. Using offload_weights=True does not have any effect.
  warnings.warn(
/opt/hpc/software/app/miniconda3/25.11.0/envs/megatron_train/lib/python3.10/site-packages/transformer_engine/pytorch/cpu_offload.py:693: DeprecationWarning: Offloading weights is deprecated. Using offload_weights=True does not have any effect.
  warnings.warn(
/opt/hpc/software/app/miniconda3/25.11.0/envs/megatron_train/lib/python3.10/site-packages/transformer_engine/pytorch/cpu_offload.py:693: DeprecationWarning: Offloading weights is deprecated. Using offload_weights=True does not have any effect.
  warnings.warn(
/opt/hpc/software/app/miniconda3/25.11.0/envs/megatron_train/lib/python3.10/site-packages/transformer_engine/pytorch/cpu_offload.py:693: DeprecationWarning: Offloading weights is deprecated. Using offload_weights=True does not have any effect.
  warnings.warn(
/opt/hpc/software/app/miniconda3/25.11.0/envs/megatron_train/lib/python3.10/site-packages/transformer_engine/pytorch/cpu_offload.py:693: DeprecationWarning: Offloading weights is deprecated. Using offload_weights=True does not have any effect.
  warnings.warn(
/opt/hpc/software/app/miniconda3/25.11.0/envs/megatron_train/lib/python3.10/site-packages/transformer_engine/pytorch/cpu_offload.py:693: DeprecationWarning: Offloading weights is deprecated. Using offload_weights=True does not have any effect.
  warnings.warn(
/opt/hpc/software/app/miniconda3/25.11.0/envs/megatron_train/lib/python3.10/site-packages/transformer_engine/pytorch/cpu_offload.py:693: DeprecationWarning: Offloading weights is deprecated. Using offload_weights=True does not have any effect.
  warnings.warn(
/opt/hpc/software/app/miniconda3/25.11.0/envs/megatron_train/lib/python3.10/site-packages/transformer_engine/pytorch/cpu_offload.py:693: DeprecationWarning: Offloading weights is deprecated. Using offload_weights=True does not have any effect.
  warnings.warn(
/opt/hpc/software/app/miniconda3/25.11.0/envs/megatron_train/lib/python3.10/site-packages/transformer_engine/pytorch/cpu_offload.py:693: DeprecationWarning: Offloading weights is deprecated. Using offload_weights=True does not have any effect.
  warnings.warn(
/opt/hpc/software/app/miniconda3/25.11.0/envs/megatron_train/lib/python3.10/site-packages/transformer_engine/pytorch/cpu_offload.py:693: DeprecationWarning: Offloading weights is deprecated. Using offload_weights=True does not have any effect.
  warnings.warn(
/opt/hpc/software/app/miniconda3/25.11.0/envs/megatron_train/lib/python3.10/site-packages/transformer_engine/pytorch/cpu_offload.py:693: DeprecationWarning: Offloading weights is deprecated. Using offload_weights=True does not have any effect.
  warnings.warn(
/opt/hpc/software/app/miniconda3/25.11.0/envs/megatron_train/lib/python3.10/site-packages/transformer_engine/pytorch/cpu_offload.py:693: DeprecationWarning: Offloading weights is deprecated. Using offload_weights=True does not have any effect.
  warnings.warn(
/opt/hpc/software/app/miniconda3/25.11.0/envs/megatron_train/lib/python3.10/site-packages/transformer_engine/pytorch/cpu_offload.py:693: DeprecationWarning: Offloading weights is deprecated. Using offload_weights=True does not have any effect.
  warnings.warn(
/opt/hpc/software/app/miniconda3/25.11.0/envs/megatron_train/lib/python3.10/site-packages/transformer_engine/pytorch/cpu_offload.py:693: DeprecationWarning: Offloading weights is deprecated. Using offload_weights=True does not have any effect.
  warnings.warn(
/opt/hpc/software/app/miniconda3/25.11.0/envs/megatron_train/lib/python3.10/site-packages/transformer_engine/pytorch/cpu_offload.py:693: DeprecationWarning: Offloading weights is deprecated. Using offload_weights=True does not have any effect.
  warnings.warn(
/opt/hpc/software/app/miniconda3/25.11.0/envs/megatron_train/lib/python3.10/site-packages/transformer_engine/pytorch/cpu_offload.py:693: DeprecationWarning: Offloading weights is deprecated. Using offload_weights=True does not have any effect.
  warnings.warn(
/opt/hpc/software/app/miniconda3/25.11.0/envs/megatron_train/lib/python3.10/site-packages/transformer_engine/pytorch/cpu_offload.py:693: DeprecationWarning: Offloading weights is deprecated. Using offload_weights=True does not have any effect.
  warnings.warn(
/opt/hpc/software/app/miniconda3/25.11.0/envs/megatron_train/lib/python3.10/site-packages/transformer_engine/pytorch/cpu_offload.py:693: DeprecationWarning: Offloading weights is deprecated. Using offload_weights=True does not have any effect.
  warnings.warn(
/opt/hpc/software/app/miniconda3/25.11.0/envs/megatron_train/lib/python3.10/site-packages/transformer_engine/pytorch/cpu_offload.py:693: DeprecationWarning: Offloading weights is deprecated. Using offload_weights=True does not have any effect.
  warnings.warn(
/opt/hpc/software/app/miniconda3/25.11.0/envs/megatron_train/lib/python3.10/site-packages/transformer_engine/pytorch/cpu_offload.py:693: DeprecationWarning: Offloading weights is deprecated. Using offload_weights=True does not have any effect.
  warnings.warn(
/opt/hpc/software/app/miniconda3/25.11.0/envs/megatron_train/lib/python3.10/site-packages/transformer_engine/pytorch/cpu_offload.py:693: DeprecationWarning: Offloading weights is deprecated. Using offload_weights=True does not have any effect.
  warnings.warn(
/opt/hpc/software/app/miniconda3/25.11.0/envs/megatron_train/lib/python3.10/site-packages/transformer_engine/pytorch/cpu_offload.py:693: DeprecationWarning: Offloading weights is deprecated. Using offload_weights=True does not have any effect.
  warnings.warn(
/opt/hpc/software/app/miniconda3/25.11.0/envs/megatron_train/lib/python3.10/site-packages/transformer_engine/pytorch/cpu_offload.py:693: DeprecationWarning: Offloading weights is deprecated. Using offload_weights=True does not have any effect.
  warnings.warn(
/opt/hpc/software/app/miniconda3/25.11.0/envs/megatron_train/lib/python3.10/site-packages/transformer_engine/pytorch/cpu_offload.py:693: DeprecationWarning: Offloading weights is deprecated. Using offload_weights=True does not have any effect.
  warnings.warn(
/opt/hpc/software/app/miniconda3/25.11.0/envs/megatron_train/lib/python3.10/site-packages/transformer_engine/pytorch/cpu_offload.py:693: DeprecationWarning: Offloading weights is deprecated. Using offload_weights=True does not have any effect.
  warnings.warn(
/opt/hpc/software/app/miniconda3/25.11.0/envs/megatron_train/lib/python3.10/site-packages/transformer_engine/pytorch/cpu_offload.py:693: DeprecationWarning: Offloading weights is deprecated. Using offload_weights=True does not have any effect.
  warnings.warn(
/opt/hpc/software/app/miniconda3/25.11.0/envs/megatron_train/lib/python3.10/site-packages/transformer_engine/pytorch/cpu_offload.py:693: DeprecationWarning: Offloading weights is deprecated. Using offload_weights=True does not have any effect.
  warnings.warn(
/opt/hpc/software/app/miniconda3/25.11.0/envs/megatron_train/lib/python3.10/site-packages/transformer_engine/pytorch/cpu_offload.py:693: DeprecationWarning: Offloading weights is deprecated. Using offload_weights=True does not have any effect.
  warnings.warn(
/opt/hpc/software/app/miniconda3/25.11.0/envs/megatron_train/lib/python3.10/site-packages/transformer_engine/pytorch/cpu_offload.py:693: DeprecationWarning: Offloading weights is deprecated. Using offload_weights=True does not have any effect.
  warnings.warn(
/opt/hpc/software/app/miniconda3/25.11.0/envs/megatron_train/lib/python3.10/site-packages/transformer_engine/pytorch/cpu_offload.py:693: DeprecationWarning: Offloading weights is deprecated. Using offload_weights=True does not have any effect.
  warnings.warn(
/opt/hpc/software/app/miniconda3/25.11.0/envs/megatron_train/lib/python3.10/site-packages/transformer_engine/pytorch/cpu_offload.py:693: DeprecationWarning: Offloading weights is deprecated. Using offload_weights=True does not have any effect.
  warnings.warn(
/opt/hpc/software/app/miniconda3/25.11.0/envs/megatron_train/lib/python3.10/site-packages/transformer_engine/pytorch/cpu_offload.py:693: DeprecationWarning: Offloading weights is deprecated. Using offload_weights=True does not have any effect.
  warnings.warn(
/opt/hpc/software/app/miniconda3/25.11.0/envs/megatron_train/lib/python3.10/site-packages/transformer_engine/pytorch/cpu_offload.py:693: DeprecationWarning: Offloading weights is deprecated. Using offload_weights=True does not have any effect.
  warnings.warn(
/opt/hpc/software/app/miniconda3/25.11.0/envs/megatron_train/lib/python3.10/site-packages/transformer_engine/pytorch/cpu_offload.py:693: DeprecationWarning: Offloading weights is deprecated. Using offload_weights=True does not have any effect.
  warnings.warn(
/opt/hpc/software/app/miniconda3/25.11.0/envs/megatron_train/lib/python3.10/site-packages/transformer_engine/pytorch/cpu_offload.py:693: DeprecationWarning: Offloading weights is deprecated. Using offload_weights=True does not have any effect.
  warnings.warn(
/opt/hpc/software/app/miniconda3/25.11.0/envs/megatron_train/lib/python3.10/site-packages/transformer_engine/pytorch/cpu_offload.py:693: DeprecationWarning: Offloading weights is deprecated. Using offload_weights=True does not have any effect.
  warnings.warn(
/opt/hpc/software/app/miniconda3/25.11.0/envs/megatron_train/lib/python3.10/site-packages/transformer_engine/pytorch/cpu_offload.py:693: DeprecationWarning: Offloading weights is deprecated. Using offload_weights=True does not have any effect.
  warnings.warn(
/opt/hpc/software/app/miniconda3/25.11.0/envs/megatron_train/lib/python3.10/site-packages/transformer_engine/pytorch/cpu_offload.py:693: DeprecationWarning: Offloading weights is deprecated. Using offload_weights=True does not have any effect.
  warnings.warn(
/opt/hpc/software/app/miniconda3/25.11.0/envs/megatron_train/lib/python3.10/site-packages/transformer_engine/pytorch/cpu_offload.py:693: DeprecationWarning: Offloading weights is deprecated. Using offload_weights=True does not have any effect.
  warnings.warn(
/opt/hpc/software/app/miniconda3/25.11.0/envs/megatron_train/lib/python3.10/site-packages/transformer_engine/pytorch/cpu_offload.py:693: DeprecationWarning: Offloading weights is deprecated. Using offload_weights=True does not have any effect.
  warnings.warn(
/opt/hpc/software/app/miniconda3/25.11.0/envs/megatron_train/lib/python3.10/site-packages/transformer_engine/pytorch/cpu_offload.py:693: DeprecationWarning: Offloading weights is deprecated. Using offload_weights=True does not have any effect.
  warnings.warn(
/opt/hpc/software/app/miniconda3/25.11.0/envs/megatron_train/lib/python3.10/site-packages/transformer_engine/pytorch/cpu_offload.py:693: DeprecationWarning: Offloading weights is deprecated. Using offload_weights=True does not have any effect.
  warnings.warn(
/opt/hpc/software/app/miniconda3/25.11.0/envs/megatron_train/lib/python3.10/site-packages/transformer_engine/pytorch/cpu_offload.py:693: DeprecationWarning: Offloading weights is deprecated. Using offload_weights=True does not have any effect.
  warnings.warn(
/opt/hpc/software/app/miniconda3/25.11.0/envs/megatron_train/lib/python3.10/site-packages/transformer_engine/pytorch/cpu_offload.py:693: DeprecationWarning: Offloading weights is deprecated. Using offload_weights=True does not have any effect.
  warnings.warn(
/opt/hpc/software/app/miniconda3/25.11.0/envs/megatron_train/lib/python3.10/site-packages/transformer_engine/pytorch/cpu_offload.py:693: DeprecationWarning: Offloading weights is deprecated. Using offload_weights=True does not have any effect.
  warnings.warn(
/opt/hpc/software/app/miniconda3/25.11.0/envs/megatron_train/lib/python3.10/site-packages/transformer_engine/pytorch/cpu_offload.py:693: DeprecationWarning: Offloading weights is deprecated. Using offload_weights=True does not have any effect.
  warnings.warn(
/opt/hpc/software/app/miniconda3/25.11.0/envs/megatron_train/lib/python3.10/site-packages/transformer_engine/pytorch/cpu_offload.py:693: DeprecationWarning: Offloading weights is deprecated. Using offload_weights=True does not have any effect.
  warnings.warn(
/opt/hpc/software/app/miniconda3/25.11.0/envs/megatron_train/lib/python3.10/site-packages/transformer_engine/pytorch/cpu_offload.py:693: DeprecationWarning: Offloading weights is deprecated. Using offload_weights=True does not have any effect.
  warnings.warn(
/opt/hpc/software/app/miniconda3/25.11.0/envs/megatron_train/lib/python3.10/site-packages/transformer_engine/pytorch/cpu_offload.py:693: DeprecationWarning: Offloading weights is deprecated. Using offload_weights=True does not have any effect.
  warnings.warn(
/opt/hpc/software/app/miniconda3/25.11.0/envs/megatron_train/lib/python3.10/site-packages/transformer_engine/pytorch/cpu_offload.py:693: DeprecationWarning: Offloading weights is deprecated. Using offload_weights=True does not have any effect.
  warnings.warn(
/opt/hpc/software/app/miniconda3/25.11.0/envs/megatron_train/lib/python3.10/site-packages/transformer_engine/pytorch/cpu_offload.py:693: DeprecationWarning: Offloading weights is deprecated. Using offload_weights=True does not have any effect.
  warnings.warn(
/opt/hpc/software/app/miniconda3/25.11.0/envs/megatron_train/lib/python3.10/site-packages/transformer_engine/pytorch/cpu_offload.py:693: DeprecationWarning: Offloading weights is deprecated. Using offload_weights=True does not have any effect.
  warnings.warn(
/opt/hpc/software/app/miniconda3/25.11.0/envs/megatron_train/lib/python3.10/site-packages/transformer_engine/pytorch/cpu_offload.py:693: DeprecationWarning: Offloading weights is deprecated. Using offload_weights=True does not have any effect.
  warnings.warn(
/opt/hpc/software/app/miniconda3/25.11.0/envs/megatron_train/lib/python3.10/site-packages/transformer_engine/pytorch/cpu_offload.py:693: DeprecationWarning: Offloading weights is deprecated. Using offload_weights=True does not have any effect.
  warnings.warn(
/opt/hpc/software/app/miniconda3/25.11.0/envs/megatron_train/lib/python3.10/site-packages/transformer_engine/pytorch/cpu_offload.py:693: DeprecationWarning: Offloading weights is deprecated. Using offload_weights=True does not have any effect.
  warnings.warn(
/opt/hpc/software/app/miniconda3/25.11.0/envs/megatron_train/lib/python3.10/site-packages/transformer_engine/pytorch/cpu_offload.py:693: DeprecationWarning: Offloading weights is deprecated. Using offload_weights=True does not have any effect.
  warnings.warn(
/opt/hpc/software/app/miniconda3/25.11.0/envs/megatron_train/lib/python3.10/site-packages/transformer_engine/pytorch/cpu_offload.py:693: DeprecationWarning: Offloading weights is deprecated. Using offload_weights=True does not have any effect.
  warnings.warn(
/opt/hpc/software/app/miniconda3/25.11.0/envs/megatron_train/lib/python3.10/site-packages/transformer_engine/pytorch/cpu_offload.py:693: DeprecationWarning: Offloading weights is deprecated. Using offload_weights=True does not have any effect.
  warnings.warn(
/opt/hpc/software/app/miniconda3/25.11.0/envs/megatron_train/lib/python3.10/site-packages/transformer_engine/pytorch/cpu_offload.py:693: DeprecationWarning: Offloading weights is deprecated. Using offload_weights=True does not have any effect.
  warnings.warn(
/opt/hpc/software/app/miniconda3/25.11.0/envs/megatron_train/lib/python3.10/site-packages/transformer_engine/pytorch/cpu_offload.py:693: DeprecationWarning: Offloading weights is deprecated. Using offload_weights=True does not have any effect.
  warnings.warn(
/opt/hpc/software/app/miniconda3/25.11.0/envs/megatron_train/lib/python3.10/site-packages/transformer_engine/pytorch/cpu_offload.py:693: DeprecationWarning: Offloading weights is deprecated. Using offload_weights=True does not have any effect.
  warnings.warn(
/opt/hpc/software/app/miniconda3/25.11.0/envs/megatron_train/lib/python3.10/site-packages/transformer_engine/pytorch/cpu_offload.py:693: DeprecationWarning: Offloading weights is deprecated. Using offload_weights=True does not have any effect.
  warnings.warn(
/opt/hpc/software/app/miniconda3/25.11.0/envs/megatron_train/lib/python3.10/site-packages/transformer_engine/pytorch/cpu_offload.py:693: DeprecationWarning: Offloading weights is deprecated. Using offload_weights=True does not have any effect.
  warnings.warn(
/opt/hpc/software/app/miniconda3/25.11.0/envs/megatron_train/lib/python3.10/site-packages/transformer_engine/pytorch/cpu_offload.py:693: DeprecationWarning: Offloading weights is deprecated. Using offload_weights=True does not have any effect.
  warnings.warn(
/opt/hpc/software/app/miniconda3/25.11.0/envs/megatron_train/lib/python3.10/site-packages/transformer_engine/pytorch/cpu_offload.py:693: DeprecationWarning: Offloading weights is deprecated. Using offload_weights=True does not have any effect.
  warnings.warn(
/opt/hpc/software/app/miniconda3/25.11.0/envs/megatron_train/lib/python3.10/site-packages/transformer_engine/pytorch/cpu_offload.py:693: DeprecationWarning: Offloading weights is deprecated. Using offload_weights=True does not have any effect.
  warnings.warn(
/opt/hpc/software/app/miniconda3/25.11.0/envs/megatron_train/lib/python3.10/site-packages/transformer_engine/pytorch/cpu_offload.py:693: DeprecationWarning: Offloading weights is deprecated. Using offload_weights=True does not have any effect.
  warnings.warn(
/opt/hpc/software/app/miniconda3/25.11.0/envs/megatron_train/lib/python3.10/site-packages/transformer_engine/pytorch/cpu_offload.py:693: DeprecationWarning: Offloading weights is deprecated. Using offload_weights=True does not have any effect.
  warnings.warn(
/opt/hpc/software/app/miniconda3/25.11.0/envs/megatron_train/lib/python3.10/site-packages/transformer_engine/pytorch/cpu_offload.py:693: DeprecationWarning: Offloading weights is deprecated. Using offload_weights=True does not have any effect.
  warnings.warn(
/opt/hpc/software/app/miniconda3/25.11.0/envs/megatron_train/lib/python3.10/site-packages/transformer_engine/pytorch/cpu_offload.py:693: DeprecationWarning: Offloading weights is deprecated. Using offload_weights=True does not have any effect.
  warnings.warn(
/opt/hpc/software/app/miniconda3/25.11.0/envs/megatron_train/lib/python3.10/site-packages/transformer_engine/pytorch/cpu_offload.py:693: DeprecationWarning: Offloading weights is deprecated. Using offload_weights=True does not have any effect.
  warnings.warn(
/opt/hpc/software/app/miniconda3/25.11.0/envs/megatron_train/lib/python3.10/site-packages/transformer_engine/pytorch/cpu_offload.py:693: DeprecationWarning: Offloading weights is deprecated. Using offload_weights=True does not have any effect.
  warnings.warn(
/opt/hpc/software/app/miniconda3/25.11.0/envs/megatron_train/lib/python3.10/site-packages/transformer_engine/pytorch/cpu_offload.py:693: DeprecationWarning: Offloading weights is deprecated. Using offload_weights=True does not have any effect.
  warnings.warn(
/opt/hpc/software/app/miniconda3/25.11.0/envs/megatron_train/lib/python3.10/site-packages/transformer_engine/pytorch/cpu_offload.py:693: DeprecationWarning: Offloading weights is deprecated. Using offload_weights=True does not have any effect.
  warnings.warn(
/opt/hpc/software/app/miniconda3/25.11.0/envs/megatron_train/lib/python3.10/site-packages/transformer_engine/pytorch/cpu_offload.py:693: DeprecationWarning: Offloading weights is deprecated. Using offload_weights=True does not have any effect.
  warnings.warn(
/opt/hpc/software/app/miniconda3/25.11.0/envs/megatron_train/lib/python3.10/site-packages/transformer_engine/pytorch/cpu_offload.py:693: DeprecationWarning: Offloading weights is deprecated. Using offload_weights=True does not have any effect.
  warnings.warn(
/opt/hpc/software/app/miniconda3/25.11.0/envs/megatron_train/lib/python3.10/site-packages/transformer_engine/pytorch/cpu_offload.py:693: DeprecationWarning: Offloading weights is deprecated. Using offload_weights=True does not have any effect.
  warnings.warn(
/opt/hpc/software/app/miniconda3/25.11.0/envs/megatron_train/lib/python3.10/site-packages/transformer_engine/pytorch/cpu_offload.py:693: DeprecationWarning: Offloading weights is deprecated. Using offload_weights=True does not have any effect.
  warnings.warn(
/opt/hpc/software/app/miniconda3/25.11.0/envs/megatron_train/lib/python3.10/site-packages/transformer_engine/pytorch/cpu_offload.py:693: DeprecationWarning: Offloading weights is deprecated. Using offload_weights=True does not have any effect.
  warnings.warn(
/opt/hpc/software/app/miniconda3/25.11.0/envs/megatron_train/lib/python3.10/site-packages/transformer_engine/pytorch/cpu_offload.py:693: DeprecationWarning: Offloading weights is deprecated. Using offload_weights=True does not have any effect.
  warnings.warn(
/opt/hpc/software/app/miniconda3/25.11.0/envs/megatron_train/lib/python3.10/site-packages/transformer_engine/pytorch/cpu_offload.py:693: DeprecationWarning: Offloading weights is deprecated. Using offload_weights=True does not have any effect.
  warnings.warn(
/opt/hpc/software/app/miniconda3/25.11.0/envs/megatron_train/lib/python3.10/site-packages/transformer_engine/pytorch/cpu_offload.py:693: DeprecationWarning: Offloading weights is deprecated. Using offload_weights=True does not have any effect.
  warnings.warn(
/opt/hpc/software/app/miniconda3/25.11.0/envs/megatron_train/lib/python3.10/site-packages/transformer_engine/pytorch/cpu_offload.py:693: DeprecationWarning: Offloading weights is deprecated. Using offload_weights=True does not have any effect.
  warnings.warn(
/opt/hpc/software/app/miniconda3/25.11.0/envs/megatron_train/lib/python3.10/site-packages/transformer_engine/pytorch/cpu_offload.py:693: DeprecationWarning: Offloading weights is deprecated. Using offload_weights=True does not have any effect.
  warnings.warn(
/opt/hpc/software/app/miniconda3/25.11.0/envs/megatron_train/lib/python3.10/site-packages/transformer_engine/pytorch/cpu_offload.py:693: DeprecationWarning: Offloading weights is deprecated. Using offload_weights=True does not have any effect.
  warnings.warn(
/opt/hpc/software/app/miniconda3/25.11.0/envs/megatron_train/lib/python3.10/site-packages/transformer_engine/pytorch/cpu_offload.py:693: DeprecationWarning: Offloading weights is deprecated. Using offload_weights=True does not have any effect.
  warnings.warn(
/opt/hpc/software/app/miniconda3/25.11.0/envs/megatron_train/lib/python3.10/site-packages/transformer_engine/pytorch/cpu_offload.py:693: DeprecationWarning: Offloading weights is deprecated. Using offload_weights=True does not have any effect.
  warnings.warn(
/opt/hpc/software/app/miniconda3/25.11.0/envs/megatron_train/lib/python3.10/site-packages/transformer_engine/pytorch/cpu_offload.py:693: DeprecationWarning: Offloading weights is deprecated. Using offload_weights=True does not have any effect.
  warnings.warn(
/opt/hpc/software/app/miniconda3/25.11.0/envs/megatron_train/lib/python3.10/site-packages/transformer_engine/pytorch/cpu_offload.py:693: DeprecationWarning: Offloading weights is deprecated. Using offload_weights=True does not have any effect.
  warnings.warn(
/opt/hpc/software/app/miniconda3/25.11.0/envs/megatron_train/lib/python3.10/site-packages/transformer_engine/pytorch/cpu_offload.py:693: DeprecationWarning: Offloading weights is deprecated. Using offload_weights=True does not have any effect.
  warnings.warn(
/opt/hpc/software/app/miniconda3/25.11.0/envs/megatron_train/lib/python3.10/site-packages/transformer_engine/pytorch/cpu_offload.py:693: DeprecationWarning: Offloading weights is deprecated. Using offload_weights=True does not have any effect.
  warnings.warn(
/opt/hpc/software/app/miniconda3/25.11.0/envs/megatron_train/lib/python3.10/site-packages/transformer_engine/pytorch/cpu_offload.py:693: DeprecationWarning: Offloading weights is deprecated. Using offload_weights=True does not have any effect.
  warnings.warn(
/opt/hpc/software/app/miniconda3/25.11.0/envs/megatron_train/lib/python3.10/site-packages/transformer_engine/pytorch/cpu_offload.py:693: DeprecationWarning: Offloading weights is deprecated. Using offload_weights=True does not have any effect.
  warnings.warn(
/opt/hpc/software/app/miniconda3/25.11.0/envs/megatron_train/lib/python3.10/site-packages/transformer_engine/pytorch/cpu_offload.py:693: DeprecationWarning: Offloading weights is deprecated. Using offload_weights=True does not have any effect.
  warnings.warn(
/opt/hpc/software/app/miniconda3/25.11.0/envs/megatron_train/lib/python3.10/site-packages/transformer_engine/pytorch/cpu_offload.py:693: DeprecationWarning: Offloading weights is deprecated. Using offload_weights=True does not have any effect.
  warnings.warn(
/opt/hpc/software/app/miniconda3/25.11.0/envs/megatron_train/lib/python3.10/site-packages/transformer_engine/pytorch/cpu_offload.py:693: DeprecationWarning: Offloading weights is deprecated. Using offload_weights=True does not have any effect.
  warnings.warn(
/opt/hpc/software/app/miniconda3/25.11.0/envs/megatron_train/lib/python3.10/site-packages/transformer_engine/pytorch/cpu_offload.py:693: DeprecationWarning: Offloading weights is deprecated. Using offload_weights=True does not have any effect.
  warnings.warn(
/opt/hpc/software/app/miniconda3/25.11.0/envs/megatron_train/lib/python3.10/site-packages/transformer_engine/pytorch/cpu_offload.py:693: DeprecationWarning: Offloading weights is deprecated. Using offload_weights=True does not have any effect.
  warnings.warn(
/opt/hpc/software/app/miniconda3/25.11.0/envs/megatron_train/lib/python3.10/site-packages/transformer_engine/pytorch/cpu_offload.py:693: DeprecationWarning: Offloading weights is deprecated. Using offload_weights=True does not have any effect.
  warnings.warn(
/opt/hpc/software/app/miniconda3/25.11.0/envs/megatron_train/lib/python3.10/site-packages/transformer_engine/pytorch/cpu_offload.py:693: DeprecationWarning: Offloading weights is deprecated. Using offload_weights=True does not have any effect.
  warnings.warn(
/opt/hpc/software/app/miniconda3/25.11.0/envs/megatron_train/lib/python3.10/site-packages/transformer_engine/pytorch/cpu_offload.py:693: DeprecationWarning: Offloading weights is deprecated. Using offload_weights=True does not have any effect.
  warnings.warn(
/opt/hpc/software/app/miniconda3/25.11.0/envs/megatron_train/lib/python3.10/site-packages/transformer_engine/pytorch/cpu_offload.py:693: DeprecationWarning: Offloading weights is deprecated. Using offload_weights=True does not have any effect.
  warnings.warn(
/opt/hpc/software/app/miniconda3/25.11.0/envs/megatron_train/lib/python3.10/site-packages/transformer_engine/pytorch/cpu_offload.py:693: DeprecationWarning: Offloading weights is deprecated. Using offload_weights=True does not have any effect.
  warnings.warn(
/opt/hpc/software/app/miniconda3/25.11.0/envs/megatron_train/lib/python3.10/site-packages/transformer_engine/pytorch/cpu_offload.py:693: DeprecationWarning: Offloading weights is deprecated. Using offload_weights=True does not have any effect.
  warnings.warn(
/opt/hpc/software/app/miniconda3/25.11.0/envs/megatron_train/lib/python3.10/site-packages/transformer_engine/pytorch/cpu_offload.py:693: DeprecationWarning: Offloading weights is deprecated. Using offload_weights=True does not have any effect.
  warnings.warn(
/opt/hpc/software/app/miniconda3/25.11.0/envs/megatron_train/lib/python3.10/site-packages/transformer_engine/pytorch/cpu_offload.py:693: DeprecationWarning: Offloading weights is deprecated. Using offload_weights=True does not have any effect.
  warnings.warn(
/opt/hpc/software/app/miniconda3/25.11.0/envs/megatron_train/lib/python3.10/site-packages/transformer_engine/pytorch/cpu_offload.py:693: DeprecationWarning: Offloading weights is deprecated. Using offload_weights=True does not have any effect.
  warnings.warn(
/opt/hpc/software/app/miniconda3/25.11.0/envs/megatron_train/lib/python3.10/site-packages/transformer_engine/pytorch/cpu_offload.py:693: DeprecationWarning: Offloading weights is deprecated. Using offload_weights=True does not have any effect.
  warnings.warn(
/opt/hpc/software/app/miniconda3/25.11.0/envs/megatron_train/lib/python3.10/site-packages/transformer_engine/pytorch/cpu_offload.py:693: DeprecationWarning: Offloading weights is deprecated. Using offload_weights=True does not have any effect.
  warnings.warn(
/opt/hpc/software/app/miniconda3/25.11.0/envs/megatron_train/lib/python3.10/site-packages/transformer_engine/pytorch/cpu_offload.py:693: DeprecationWarning: Offloading weights is deprecated. Using offload_weights=True does not have any effect.
  warnings.warn(
/opt/hpc/software/app/miniconda3/25.11.0/envs/megatron_train/lib/python3.10/site-packages/transformer_engine/pytorch/cpu_offload.py:693: DeprecationWarning: Offloading weights is deprecated. Using offload_weights=True does not have any effect.
  warnings.warn(
/opt/hpc/software/app/miniconda3/25.11.0/envs/megatron_train/lib/python3.10/site-packages/transformer_engine/pytorch/cpu_offload.py:693: DeprecationWarning: Offloading weights is deprecated. Using offload_weights=True does not have any effect.
  warnings.warn(
/opt/hpc/software/app/miniconda3/25.11.0/envs/megatron_train/lib/python3.10/site-packages/transformer_engine/pytorch/cpu_offload.py:693: DeprecationWarning: Offloading weights is deprecated. Using offload_weights=True does not have any effect.
  warnings.warn(
/opt/hpc/software/app/miniconda3/25.11.0/envs/megatron_train/lib/python3.10/site-packages/transformer_engine/pytorch/cpu_offload.py:693: DeprecationWarning: Offloading weights is deprecated. Using offload_weights=True does not have any effect.
  warnings.warn(
/opt/hpc/software/app/miniconda3/25.11.0/envs/megatron_train/lib/python3.10/site-packages/transformer_engine/pytorch/cpu_offload.py:693: DeprecationWarning: Offloading weights is deprecated. Using offload_weights=True does not have any effect.
  warnings.warn(
/opt/hpc/software/app/miniconda3/25.11.0/envs/megatron_train/lib/python3.10/site-packages/transformer_engine/pytorch/cpu_offload.py:693: DeprecationWarning: Offloading weights is deprecated. Using offload_weights=True does not have any effect.
  warnings.warn(
/opt/hpc/software/app/miniconda3/25.11.0/envs/megatron_train/lib/python3.10/site-packages/transformer_engine/pytorch/cpu_offload.py:693: DeprecationWarning: Offloading weights is deprecated. Using offload_weights=True does not have any effect.
  warnings.warn(
/opt/hpc/software/app/miniconda3/25.11.0/envs/megatron_train/lib/python3.10/site-packages/transformer_engine/pytorch/cpu_offload.py:693: DeprecationWarning: Offloading weights is deprecated. Using offload_weights=True does not have any effect.
  warnings.warn(
/opt/hpc/software/app/miniconda3/25.11.0/envs/megatron_train/lib/python3.10/site-packages/transformer_engine/pytorch/cpu_offload.py:693: DeprecationWarning: Offloading weights is deprecated. Using offload_weights=True does not have any effect.
  warnings.warn(
/opt/hpc/software/app/miniconda3/25.11.0/envs/megatron_train/lib/python3.10/site-packages/transformer_engine/pytorch/cpu_offload.py:693: DeprecationWarning: Offloading weights is deprecated. Using offload_weights=True does not have any effect.
  warnings.warn(
/opt/hpc/software/app/miniconda3/25.11.0/envs/megatron_train/lib/python3.10/site-packages/transformer_engine/pytorch/cpu_offload.py:693: DeprecationWarning: Offloading weights is deprecated. Using offload_weights=True does not have any effect.
  warnings.warn(
/opt/hpc/software/app/miniconda3/25.11.0/envs/megatron_train/lib/python3.10/site-packages/transformer_engine/pytorch/cpu_offload.py:693: DeprecationWarning: Offloading weights is deprecated. Using offload_weights=True does not have any effect.
  warnings.warn(
/opt/hpc/software/app/miniconda3/25.11.0/envs/megatron_train/lib/python3.10/site-packages/transformer_engine/pytorch/cpu_offload.py:693: DeprecationWarning: Offloading weights is deprecated. Using offload_weights=True does not have any effect.
  warnings.warn(
/opt/hpc/software/app/miniconda3/25.11.0/envs/megatron_train/lib/python3.10/site-packages/transformer_engine/pytorch/cpu_offload.py:693: DeprecationWarning: Offloading weights is deprecated. Using offload_weights=True does not have any effect.
  warnings.warn(
/opt/hpc/software/app/miniconda3/25.11.0/envs/megatron_train/lib/python3.10/site-packages/transformer_engine/pytorch/cpu_offload.py:693: DeprecationWarning: Offloading weights is deprecated. Using offload_weights=True does not have any effect.
  warnings.warn(
/opt/hpc/software/app/miniconda3/25.11.0/envs/megatron_train/lib/python3.10/site-packages/transformer_engine/pytorch/cpu_offload.py:693: DeprecationWarning: Offloading weights is deprecated. Using offload_weights=True does not have any effect.
  warnings.warn(
/opt/hpc/software/app/miniconda3/25.11.0/envs/megatron_train/lib/python3.10/site-packages/transformer_engine/pytorch/cpu_offload.py:693: DeprecationWarning: Offloading weights is deprecated. Using offload_weights=True does not have any effect.
  warnings.warn(
/opt/hpc/software/app/miniconda3/25.11.0/envs/megatron_train/lib/python3.10/site-packages/transformer_engine/pytorch/cpu_offload.py:693: DeprecationWarning: Offloading weights is deprecated. Using offload_weights=True does not have any effect.
  warnings.warn(
/opt/hpc/software/app/miniconda3/25.11.0/envs/megatron_train/lib/python3.10/site-packages/transformer_engine/pytorch/cpu_offload.py:693: DeprecationWarning: Offloading weights is deprecated. Using offload_weights=True does not have any effect.
  warnings.warn(
/opt/hpc/software/app/miniconda3/25.11.0/envs/megatron_train/lib/python3.10/site-packages/transformer_engine/pytorch/cpu_offload.py:693: DeprecationWarning: Offloading weights is deprecated. Using offload_weights=True does not have any effect.
  warnings.warn(
/opt/hpc/software/app/miniconda3/25.11.0/envs/megatron_train/lib/python3.10/site-packages/transformer_engine/pytorch/cpu_offload.py:693: DeprecationWarning: Offloading weights is deprecated. Using offload_weights=True does not have any effect.
  warnings.warn(
/opt/hpc/software/app/miniconda3/25.11.0/envs/megatron_train/lib/python3.10/site-packages/transformer_engine/pytorch/cpu_offload.py:693: DeprecationWarning: Offloading weights is deprecated. Using offload_weights=True does not have any effect.
  warnings.warn(
/opt/hpc/software/app/miniconda3/25.11.0/envs/megatron_train/lib/python3.10/site-packages/transformer_engine/pytorch/cpu_offload.py:693: DeprecationWarning: Offloading weights is deprecated. Using offload_weights=True does not have any effect.
  warnings.warn(
/opt/hpc/software/app/miniconda3/25.11.0/envs/megatron_train/lib/python3.10/site-packages/transformer_engine/pytorch/cpu_offload.py:693: DeprecationWarning: Offloading weights is deprecated. Using offload_weights=True does not have any effect.
  warnings.warn(
/opt/hpc/software/app/miniconda3/25.11.0/envs/megatron_train/lib/python3.10/site-packages/transformer_engine/pytorch/cpu_offload.py:693: DeprecationWarning: Offloading weights is deprecated. Using offload_weights=True does not have any effect.
  warnings.warn(
/opt/hpc/software/app/miniconda3/25.11.0/envs/megatron_train/lib/python3.10/site-packages/transformer_engine/pytorch/cpu_offload.py:693: DeprecationWarning: Offloading weights is deprecated. Using offload_weights=True does not have any effect.
  warnings.warn(
/opt/hpc/software/app/miniconda3/25.11.0/envs/megatron_train/lib/python3.10/site-packages/transformer_engine/pytorch/cpu_offload.py:693: DeprecationWarning: Offloading weights is deprecated. Using offload_weights=True does not have any effect.
  warnings.warn(
/opt/hpc/software/app/miniconda3/25.11.0/envs/megatron_train/lib/python3.10/site-packages/transformer_engine/pytorch/cpu_offload.py:693: DeprecationWarning: Offloading weights is deprecated. Using offload_weights=True does not have any effect.
  warnings.warn(
/opt/hpc/software/app/miniconda3/25.11.0/envs/megatron_train/lib/python3.10/site-packages/transformer_engine/pytorch/cpu_offload.py:693: DeprecationWarning: Offloading weights is deprecated. Using offload_weights=True does not have any effect.
  warnings.warn(
/opt/hpc/software/app/miniconda3/25.11.0/envs/megatron_train/lib/python3.10/site-packages/transformer_engine/pytorch/cpu_offload.py:693: DeprecationWarning: Offloading weights is deprecated. Using offload_weights=True does not have any effect.
  warnings.warn(
/opt/hpc/software/app/miniconda3/25.11.0/envs/megatron_train/lib/python3.10/site-packages/transformer_engine/pytorch/cpu_offload.py:693: DeprecationWarning: Offloading weights is deprecated. Using offload_weights=True does not have any effect.
  warnings.warn(
/opt/hpc/software/app/miniconda3/25.11.0/envs/megatron_train/lib/python3.10/site-packages/transformer_engine/pytorch/cpu_offload.py:693: DeprecationWarning: Offloading weights is deprecated. Using offload_weights=True does not have any effect.
  warnings.warn(
/opt/hpc/software/app/miniconda3/25.11.0/envs/megatron_train/lib/python3.10/site-packages/transformer_engine/pytorch/cpu_offload.py:693: DeprecationWarning: Offloading weights is deprecated. Using offload_weights=True does not have any effect.
  warnings.warn(
/opt/hpc/software/app/miniconda3/25.11.0/envs/megatron_train/lib/python3.10/site-packages/transformer_engine/pytorch/cpu_offload.py:693: DeprecationWarning: Offloading weights is deprecated. Using offload_weights=True does not have any effect.
  warnings.warn(
/opt/hpc/software/app/miniconda3/25.11.0/envs/megatron_train/lib/python3.10/site-packages/transformer_engine/pytorch/cpu_offload.py:693: DeprecationWarning: Offloading weights is deprecated. Using offload_weights=True does not have any effect.
  warnings.warn(
/opt/hpc/software/app/miniconda3/25.11.0/envs/megatron_train/lib/python3.10/site-packages/transformer_engine/pytorch/cpu_offload.py:693: DeprecationWarning: Offloading weights is deprecated. Using offload_weights=True does not have any effect.
  warnings.warn(
/opt/hpc/software/app/miniconda3/25.11.0/envs/megatron_train/lib/python3.10/site-packages/transformer_engine/pytorch/cpu_offload.py:693: DeprecationWarning: Offloading weights is deprecated. Using offload_weights=True does not have any effect.
  warnings.warn(
/opt/hpc/software/app/miniconda3/25.11.0/envs/megatron_train/lib/python3.10/site-packages/transformer_engine/pytorch/cpu_offload.py:693: DeprecationWarning: Offloading weights is deprecated. Using offload_weights=True does not have any effect.
  warnings.warn(
/opt/hpc/software/app/miniconda3/25.11.0/envs/megatron_train/lib/python3.10/site-packages/transformer_engine/pytorch/cpu_offload.py:693: DeprecationWarning: Offloading weights is deprecated. Using offload_weights=True does not have any effect.
  warnings.warn(
/opt/hpc/software/app/miniconda3/25.11.0/envs/megatron_train/lib/python3.10/site-packages/transformer_engine/pytorch/cpu_offload.py:693: DeprecationWarning: Offloading weights is deprecated. Using offload_weights=True does not have any effect.
  warnings.warn(
/opt/hpc/software/app/miniconda3/25.11.0/envs/megatron_train/lib/python3.10/site-packages/transformer_engine/pytorch/cpu_offload.py:693: DeprecationWarning: Offloading weights is deprecated. Using offload_weights=True does not have any effect.
  warnings.warn(
/opt/hpc/software/app/miniconda3/25.11.0/envs/megatron_train/lib/python3.10/site-packages/transformer_engine/pytorch/cpu_offload.py:693: DeprecationWarning: Offloading weights is deprecated. Using offload_weights=True does not have any effect.
  warnings.warn(
/opt/hpc/software/app/miniconda3/25.11.0/envs/megatron_train/lib/python3.10/site-packages/transformer_engine/pytorch/cpu_offload.py:693: DeprecationWarning: Offloading weights is deprecated. Using offload_weights=True does not have any effect.
  warnings.warn(
/opt/hpc/software/app/miniconda3/25.11.0/envs/megatron_train/lib/python3.10/site-packages/transformer_engine/pytorch/cpu_offload.py:693: DeprecationWarning: Offloading weights is deprecated. Using offload_weights=True does not have any effect.
  warnings.warn(
/opt/hpc/software/app/miniconda3/25.11.0/envs/megatron_train/lib/python3.10/site-packages/transformer_engine/pytorch/cpu_offload.py:693: DeprecationWarning: Offloading weights is deprecated. Using offload_weights=True does not have any effect.
  warnings.warn(
/opt/hpc/software/app/miniconda3/25.11.0/envs/megatron_train/lib/python3.10/site-packages/transformer_engine/pytorch/cpu_offload.py:693: DeprecationWarning: Offloading weights is deprecated. Using offload_weights=True does not have any effect.
  warnings.warn(
/opt/hpc/software/app/miniconda3/25.11.0/envs/megatron_train/lib/python3.10/site-packages/transformer_engine/pytorch/cpu_offload.py:693: DeprecationWarning: Offloading weights is deprecated. Using offload_weights=True does not have any effect.
  warnings.warn(
/opt/hpc/software/app/miniconda3/25.11.0/envs/megatron_train/lib/python3.10/site-packages/transformer_engine/pytorch/cpu_offload.py:693: DeprecationWarning: Offloading weights is deprecated. Using offload_weights=True does not have any effect.
  warnings.warn(
/opt/hpc/software/app/miniconda3/25.11.0/envs/megatron_train/lib/python3.10/site-packages/transformer_engine/pytorch/cpu_offload.py:693: DeprecationWarning: Offloading weights is deprecated. Using offload_weights=True does not have any effect.
  warnings.warn(
/opt/hpc/software/app/miniconda3/25.11.0/envs/megatron_train/lib/python3.10/site-packages/transformer_engine/pytorch/cpu_offload.py:693: DeprecationWarning: Offloading weights is deprecated. Using offload_weights=True does not have any effect.
  warnings.warn(
/opt/hpc/software/app/miniconda3/25.11.0/envs/megatron_train/lib/python3.10/site-packages/transformer_engine/pytorch/cpu_offload.py:693: DeprecationWarning: Offloading weights is deprecated. Using offload_weights=True does not have any effect.
  warnings.warn(
/opt/hpc/software/app/miniconda3/25.11.0/envs/megatron_train/lib/python3.10/site-packages/transformer_engine/pytorch/cpu_offload.py:693: DeprecationWarning: Offloading weights is deprecated. Using offload_weights=True does not have any effect.
  warnings.warn(
/opt/hpc/software/app/miniconda3/25.11.0/envs/megatron_train/lib/python3.10/site-packages/transformer_engine/pytorch/cpu_offload.py:693: DeprecationWarning: Offloading weights is deprecated. Using offload_weights=True does not have any effect.
  warnings.warn(
/opt/hpc/software/app/miniconda3/25.11.0/envs/megatron_train/lib/python3.10/site-packages/transformer_engine/pytorch/cpu_offload.py:693: DeprecationWarning: Offloading weights is deprecated. Using offload_weights=True does not have any effect.
  warnings.warn(
/opt/hpc/software/app/miniconda3/25.11.0/envs/megatron_train/lib/python3.10/site-packages/transformer_engine/pytorch/cpu_offload.py:693: DeprecationWarning: Offloading weights is deprecated. Using offload_weights=True does not have any effect.
  warnings.warn(
/opt/hpc/software/app/miniconda3/25.11.0/envs/megatron_train/lib/python3.10/site-packages/transformer_engine/pytorch/cpu_offload.py:693: DeprecationWarning: Offloading weights is deprecated. Using offload_weights=True does not have any effect.
  warnings.warn(
/opt/hpc/software/app/miniconda3/25.11.0/envs/megatron_train/lib/python3.10/site-packages/transformer_engine/pytorch/cpu_offload.py:693: DeprecationWarning: Offloading weights is deprecated. Using offload_weights=True does not have any effect.
  warnings.warn(
/opt/hpc/software/app/miniconda3/25.11.0/envs/megatron_train/lib/python3.10/site-packages/transformer_engine/pytorch/cpu_offload.py:693: DeprecationWarning: Offloading weights is deprecated. Using offload_weights=True does not have any effect.
  warnings.warn(
/opt/hpc/software/app/miniconda3/25.11.0/envs/megatron_train/lib/python3.10/site-packages/transformer_engine/pytorch/cpu_offload.py:693: DeprecationWarning: Offloading weights is deprecated. Using offload_weights=True does not have any effect.
  warnings.warn(
/opt/hpc/software/app/miniconda3/25.11.0/envs/megatron_train/lib/python3.10/site-packages/transformer_engine/pytorch/cpu_offload.py:693: DeprecationWarning: Offloading weights is deprecated. Using offload_weights=True does not have any effect.
  warnings.warn(
/opt/hpc/software/app/miniconda3/25.11.0/envs/megatron_train/lib/python3.10/site-packages/transformer_engine/pytorch/cpu_offload.py:693: DeprecationWarning: Offloading weights is deprecated. Using offload_weights=True does not have any effect.
  warnings.warn(
/opt/hpc/software/app/miniconda3/25.11.0/envs/megatron_train/lib/python3.10/site-packages/transformer_engine/pytorch/cpu_offload.py:693: DeprecationWarning: Offloading weights is deprecated. Using offload_weights=True does not have any effect.
  warnings.warn(
/opt/hpc/software/app/miniconda3/25.11.0/envs/megatron_train/lib/python3.10/site-packages/transformer_engine/pytorch/cpu_offload.py:693: DeprecationWarning: Offloading weights is deprecated. Using offload_weights=True does not have any effect.
  warnings.warn(
/opt/hpc/software/app/miniconda3/25.11.0/envs/megatron_train/lib/python3.10/site-packages/transformer_engine/pytorch/cpu_offload.py:693: DeprecationWarning: Offloading weights is deprecated. Using offload_weights=True does not have any effect.
  warnings.warn(
/opt/hpc/software/app/miniconda3/25.11.0/envs/megatron_train/lib/python3.10/site-packages/transformer_engine/pytorch/cpu_offload.py:693: DeprecationWarning: Offloading weights is deprecated. Using offload_weights=True does not have any effect.
  warnings.warn(
/opt/hpc/software/app/miniconda3/25.11.0/envs/megatron_train/lib/python3.10/site-packages/transformer_engine/pytorch/cpu_offload.py:693: DeprecationWarning: Offloading weights is deprecated. Using offload_weights=True does not have any effect.
  warnings.warn(
/opt/hpc/software/app/miniconda3/25.11.0/envs/megatron_train/lib/python3.10/site-packages/transformer_engine/pytorch/cpu_offload.py:693: DeprecationWarning: Offloading weights is deprecated. Using offload_weights=True does not have any effect.
  warnings.warn(
/opt/hpc/software/app/miniconda3/25.11.0/envs/megatron_train/lib/python3.10/site-packages/transformer_engine/pytorch/cpu_offload.py:693: DeprecationWarning: Offloading weights is deprecated. Using offload_weights=True does not have any effect.
  warnings.warn(
/opt/hpc/software/app/miniconda3/25.11.0/envs/megatron_train/lib/python3.10/site-packages/transformer_engine/pytorch/cpu_offload.py:693: DeprecationWarning: Offloading weights is deprecated. Using offload_weights=True does not have any effect.
  warnings.warn(
/opt/hpc/software/app/miniconda3/25.11.0/envs/megatron_train/lib/python3.10/site-packages/transformer_engine/pytorch/cpu_offload.py:693: DeprecationWarning: Offloading weights is deprecated. Using offload_weights=True does not have any effect.
  warnings.warn(
/opt/hpc/software/app/miniconda3/25.11.0/envs/megatron_train/lib/python3.10/site-packages/transformer_engine/pytorch/cpu_offload.py:693: DeprecationWarning: Offloading weights is deprecated. Using offload_weights=True does not have any effect.
  warnings.warn(
/opt/hpc/software/app/miniconda3/25.11.0/envs/megatron_train/lib/python3.10/site-packages/transformer_engine/pytorch/cpu_offload.py:693: DeprecationWarning: Offloading weights is deprecated. Using offload_weights=True does not have any effect.
  warnings.warn(
/opt/hpc/software/app/miniconda3/25.11.0/envs/megatron_train/lib/python3.10/site-packages/transformer_engine/pytorch/cpu_offload.py:693: DeprecationWarning: Offloading weights is deprecated. Using offload_weights=True does not have any effect.
  warnings.warn(
/opt/hpc/software/app/miniconda3/25.11.0/envs/megatron_train/lib/python3.10/site-packages/transformer_engine/pytorch/cpu_offload.py:693: DeprecationWarning: Offloading weights is deprecated. Using offload_weights=True does not have any effect.
  warnings.warn(
/opt/hpc/software/app/miniconda3/25.11.0/envs/megatron_train/lib/python3.10/site-packages/transformer_engine/pytorch/cpu_offload.py:693: DeprecationWarning: Offloading weights is deprecated. Using offload_weights=True does not have any effect.
  warnings.warn(
/opt/hpc/software/app/miniconda3/25.11.0/envs/megatron_train/lib/python3.10/site-packages/transformer_engine/pytorch/cpu_offload.py:693: DeprecationWarning: Offloading weights is deprecated. Using offload_weights=True does not have any effect.
  warnings.warn(
/opt/hpc/software/app/miniconda3/25.11.0/envs/megatron_train/lib/python3.10/site-packages/transformer_engine/pytorch/cpu_offload.py:693: DeprecationWarning: Offloading weights is deprecated. Using offload_weights=True does not have any effect.
  warnings.warn(
/opt/hpc/software/app/miniconda3/25.11.0/envs/megatron_train/lib/python3.10/site-packages/transformer_engine/pytorch/cpu_offload.py:693: DeprecationWarning: Offloading weights is deprecated. Using offload_weights=True does not have any effect.
  warnings.warn(
/opt/hpc/software/app/miniconda3/25.11.0/envs/megatron_train/lib/python3.10/site-packages/transformer_engine/pytorch/cpu_offload.py:693: DeprecationWarning: Offloading weights is deprecated. Using offload_weights=True does not have any effect.
  warnings.warn(
/opt/hpc/software/app/miniconda3/25.11.0/envs/megatron_train/lib/python3.10/site-packages/transformer_engine/pytorch/cpu_offload.py:693: DeprecationWarning: Offloading weights is deprecated. Using offload_weights=True does not have any effect.
  warnings.warn(
/opt/hpc/software/app/miniconda3/25.11.0/envs/megatron_train/lib/python3.10/site-packages/transformer_engine/pytorch/cpu_offload.py:693: DeprecationWarning: Offloading weights is deprecated. Using offload_weights=True does not have any effect.
  warnings.warn(
/opt/hpc/software/app/miniconda3/25.11.0/envs/megatron_train/lib/python3.10/site-packages/transformer_engine/pytorch/cpu_offload.py:693: DeprecationWarning: Offloading weights is deprecated. Using offload_weights=True does not have any effect.
  warnings.warn(
/opt/hpc/software/app/miniconda3/25.11.0/envs/megatron_train/lib/python3.10/site-packages/transformer_engine/pytorch/cpu_offload.py:693: DeprecationWarning: Offloading weights is deprecated. Using offload_weights=True does not have any effect.
  warnings.warn(
/opt/hpc/software/app/miniconda3/25.11.0/envs/megatron_train/lib/python3.10/site-packages/transformer_engine/pytorch/cpu_offload.py:693: DeprecationWarning: Offloading weights is deprecated. Using offload_weights=True does not have any effect.
  warnings.warn(
/opt/hpc/software/app/miniconda3/25.11.0/envs/megatron_train/lib/python3.10/site-packages/transformer_engine/pytorch/cpu_offload.py:693: DeprecationWarning: Offloading weights is deprecated. Using offload_weights=True does not have any effect.
  warnings.warn(
/opt/hpc/software/app/miniconda3/25.11.0/envs/megatron_train/lib/python3.10/site-packages/transformer_engine/pytorch/cpu_offload.py:693: DeprecationWarning: Offloading weights is deprecated. Using offload_weights=True does not have any effect.
  warnings.warn(
/opt/hpc/software/app/miniconda3/25.11.0/envs/megatron_train/lib/python3.10/site-packages/transformer_engine/pytorch/cpu_offload.py:693: DeprecationWarning: Offloading weights is deprecated. Using offload_weights=True does not have any effect.
  warnings.warn(
/opt/hpc/software/app/miniconda3/25.11.0/envs/megatron_train/lib/python3.10/site-packages/transformer_engine/pytorch/cpu_offload.py:693: DeprecationWarning: Offloading weights is deprecated. Using offload_weights=True does not have any effect.
  warnings.warn(
/opt/hpc/software/app/miniconda3/25.11.0/envs/megatron_train/lib/python3.10/site-packages/transformer_engine/pytorch/cpu_offload.py:693: DeprecationWarning: Offloading weights is deprecated. Using offload_weights=True does not have any effect.
  warnings.warn(
/opt/hpc/software/app/miniconda3/25.11.0/envs/megatron_train/lib/python3.10/site-packages/transformer_engine/pytorch/cpu_offload.py:693: DeprecationWarning: Offloading weights is deprecated. Using offload_weights=True does not have any effect.
  warnings.warn(
/opt/hpc/software/app/miniconda3/25.11.0/envs/megatron_train/lib/python3.10/site-packages/transformer_engine/pytorch/cpu_offload.py:693: DeprecationWarning: Offloading weights is deprecated. Using offload_weights=True does not have any effect.
  warnings.warn(
/opt/hpc/software/app/miniconda3/25.11.0/envs/megatron_train/lib/python3.10/site-packages/transformer_engine/pytorch/cpu_offload.py:693: DeprecationWarning: Offloading weights is deprecated. Using offload_weights=True does not have any effect.
  warnings.warn(
/opt/hpc/software/app/miniconda3/25.11.0/envs/megatron_train/lib/python3.10/site-packages/transformer_engine/pytorch/cpu_offload.py:693: DeprecationWarning: Offloading weights is deprecated. Using offload_weights=True does not have any effect.
  warnings.warn(
/opt/hpc/software/app/miniconda3/25.11.0/envs/megatron_train/lib/python3.10/site-packages/transformer_engine/pytorch/cpu_offload.py:693: DeprecationWarning: Offloading weights is deprecated. Using offload_weights=True does not have any effect.
  warnings.warn(
/opt/hpc/software/app/miniconda3/25.11.0/envs/megatron_train/lib/python3.10/site-packages/transformer_engine/pytorch/cpu_offload.py:693: DeprecationWarning: Offloading weights is deprecated. Using offload_weights=True does not have any effect.
  warnings.warn(
/opt/hpc/software/app/miniconda3/25.11.0/envs/megatron_train/lib/python3.10/site-packages/transformer_engine/pytorch/cpu_offload.py:693: DeprecationWarning: Offloading weights is deprecated. Using offload_weights=True does not have any effect.
  warnings.warn(
/opt/hpc/software/app/miniconda3/25.11.0/envs/megatron_train/lib/python3.10/site-packages/transformer_engine/pytorch/cpu_offload.py:693: DeprecationWarning: Offloading weights is deprecated. Using offload_weights=True does not have any effect.
  warnings.warn(
/opt/hpc/software/app/miniconda3/25.11.0/envs/megatron_train/lib/python3.10/site-packages/transformer_engine/pytorch/cpu_offload.py:693: DeprecationWarning: Offloading weights is deprecated. Using offload_weights=True does not have any effect.
  warnings.warn(
/opt/hpc/software/app/miniconda3/25.11.0/envs/megatron_train/lib/python3.10/site-packages/transformer_engine/pytorch/cpu_offload.py:693: DeprecationWarning: Offloading weights is deprecated. Using offload_weights=True does not have any effect.
  warnings.warn(
/opt/hpc/software/app/miniconda3/25.11.0/envs/megatron_train/lib/python3.10/site-packages/transformer_engine/pytorch/cpu_offload.py:693: DeprecationWarning: Offloading weights is deprecated. Using offload_weights=True does not have any effect.
  warnings.warn(
/opt/hpc/software/app/miniconda3/25.11.0/envs/megatron_train/lib/python3.10/site-packages/transformer_engine/pytorch/cpu_offload.py:693: DeprecationWarning: Offloading weights is deprecated. Using offload_weights=True does not have any effect.
  warnings.warn(
/opt/hpc/software/app/miniconda3/25.11.0/envs/megatron_train/lib/python3.10/site-packages/transformer_engine/pytorch/cpu_offload.py:693: DeprecationWarning: Offloading weights is deprecated. Using offload_weights=True does not have any effect.
  warnings.warn(
/opt/hpc/software/app/miniconda3/25.11.0/envs/megatron_train/lib/python3.10/site-packages/transformer_engine/pytorch/cpu_offload.py:693: DeprecationWarning: Offloading weights is deprecated. Using offload_weights=True does not have any effect.
  warnings.warn(
/opt/hpc/software/app/miniconda3/25.11.0/envs/megatron_train/lib/python3.10/site-packages/transformer_engine/pytorch/cpu_offload.py:693: DeprecationWarning: Offloading weights is deprecated. Using offload_weights=True does not have any effect.
  warnings.warn(
/opt/hpc/software/app/miniconda3/25.11.0/envs/megatron_train/lib/python3.10/site-packages/transformer_engine/pytorch/cpu_offload.py:693: DeprecationWarning: Offloading weights is deprecated. Using offload_weights=True does not have any effect.
  warnings.warn(
/opt/hpc/software/app/miniconda3/25.11.0/envs/megatron_train/lib/python3.10/site-packages/transformer_engine/pytorch/cpu_offload.py:693: DeprecationWarning: Offloading weights is deprecated. Using offload_weights=True does not have any effect.
  warnings.warn(
/opt/hpc/software/app/miniconda3/25.11.0/envs/megatron_train/lib/python3.10/site-packages/transformer_engine/pytorch/cpu_offload.py:693: DeprecationWarning: Offloading weights is deprecated. Using offload_weights=True does not have any effect.
  warnings.warn(
/opt/hpc/software/app/miniconda3/25.11.0/envs/megatron_train/lib/python3.10/site-packages/transformer_engine/pytorch/cpu_offload.py:693: DeprecationWarning: Offloading weights is deprecated. Using offload_weights=True does not have any effect.
  warnings.warn(
/opt/hpc/software/app/miniconda3/25.11.0/envs/megatron_train/lib/python3.10/site-packages/transformer_engine/pytorch/cpu_offload.py:693: DeprecationWarning: Offloading weights is deprecated. Using offload_weights=True does not have any effect.
  warnings.warn(
/opt/hpc/software/app/miniconda3/25.11.0/envs/megatron_train/lib/python3.10/site-packages/transformer_engine/pytorch/cpu_offload.py:693: DeprecationWarning: Offloading weights is deprecated. Using offload_weights=True does not have any effect.
  warnings.warn(
/opt/hpc/software/app/miniconda3/25.11.0/envs/megatron_train/lib/python3.10/site-packages/transformer_engine/pytorch/cpu_offload.py:693: DeprecationWarning: Offloading weights is deprecated. Using offload_weights=True does not have any effect.
  warnings.warn(
/opt/hpc/software/app/miniconda3/25.11.0/envs/megatron_train/lib/python3.10/site-packages/transformer_engine/pytorch/cpu_offload.py:693: DeprecationWarning: Offloading weights is deprecated. Using offload_weights=True does not have any effect.
  warnings.warn(
 > number of parameters on (tensor, pipeline) model parallel rank (2, 0): 1140916224
 > number of parameters on (tensor, pipeline) model parallel rank (1, 0): 1140916224
 > number of parameters on (tensor, pipeline) model parallel rank (3, 0): 1140916224
[rank 0] GPTModel(
  (embedding): LanguageModelEmbedding(
    (word_embeddings): VocabParallelEmbedding()
    (embedding_dropout): Dropout(p=0.0, inplace=False)
  )
  (decoder): TransformerBlock(
    (layers): ModuleList(
      (0-2): 3 x TransformerLayer(
        (input_layernorm): RMSNorm()
        (self_attention): MLASelfAttention(
          (core_attention): TEDotProductAttention(
            (flash_attention): FlashAttention()
            (fused_attention): FusedAttention()
            (unfused_attention): UnfusedDotProductAttention(
              (scale_mask_softmax): FusedScaleMaskSoftmax()
              (attention_dropout): Dropout(p=0.0, inplace=False)
            )
          )
          (linear_proj): TERowParallelLinear(in_features=4096, out_features=7168, bias=False, TP=4)
          (rotary_pos_emb): YarnRotaryEmbedding()
          (linear_q_down_proj): TEColumnParallelLinear(in_features=7168, out_features=384, bias=False, TP=4)
          (linear_q_up_proj): TELayerNormColumnParallelLinear(in_features=1536, out_features=6144, bias=False, TP=4)
          (linear_kv_down_proj): TEColumnParallelLinear(in_features=7168, out_features=144, bias=False, TP=4)
          (linear_kv_up_proj): TELayerNormColumnParallelLinear(in_features=512, out_features=8192, bias=False, TP=4)
          (q_layernorm): IdentityOp()
          (kv_layernorm): IdentityOp()
        )
        (pre_cross_attn_layernorm): IdentityOp()
        (cross_attention): IdentityOp()
        (cross_attn_bda): IdentityFuncOp()
        (pre_mlp_layernorm): IdentityOp()
        (mlp): MLP(
          (linear_fc1): TELayerNormColumnParallelLinear(in_features=7168, out_features=9216, bias=False, TP=4)
          (linear_fc2): TERowParallelLinear(in_features=4608, out_features=7168, bias=False, TP=4)
        )
      )
      (3-4): 2 x TransformerLayer(
        (input_layernorm): RMSNorm()
        (self_attention): MLASelfAttention(
          (core_attention): TEDotProductAttention(
            (flash_attention): FlashAttention()
            (fused_attention): FusedAttention()
            (unfused_attention): UnfusedDotProductAttention(
              (scale_mask_softmax): FusedScaleMaskSoftmax()
              (attention_dropout): Dropout(p=0.0, inplace=False)
            )
          )
          (linear_proj): TERowParallelLinear(in_features=4096, out_features=7168, bias=False, TP=4)
          (rotary_pos_emb): YarnRotaryEmbedding()
          (linear_q_down_proj): TEColumnParallelLinear(in_features=7168, out_features=384, bias=False, TP=4)
          (linear_q_up_proj): TELayerNormColumnParallelLinear(in_features=1536, out_features=6144, bias=False, TP=4)
          (linear_kv_down_proj): TEColumnParallelLinear(in_features=7168, out_features=144, bias=False, TP=4)
          (linear_kv_up_proj): TELayerNormColumnParallelLinear(in_features=512, out_features=8192, bias=False, TP=4)
          (q_layernorm): IdentityOp()
          (kv_layernorm): IdentityOp()
        )
        (pre_cross_attn_layernorm): IdentityOp()
        (cross_attention): IdentityOp()
        (cross_attn_bda): IdentityFuncOp()
        (pre_mlp_layernorm): RMSNorm()
        (mlp): MoELayer(
          (router): TopKRouter()
          (experts): TEGroupedMLP(
            (linear_fc1): TEColumnParallelGroupedLinear()
            (linear_fc2): TERowParallelGroupedLinear()
          )
          (shared_experts): SharedExpertMLP(
            (linear_fc1): TEColumnParallelLinear(in_features=7168, out_features=1024, bias=False, TP=4)
            (linear_fc2): TERowParallelLinear(in_features=512, out_features=7168, bias=False, TP=4)
          )
        )
      )
    )
  )
)
 > number of parameters on (tensor, pipeline) model parallel rank (0, 0): 1140916224
[rank 640] GPTModel(
  (decoder): TransformerBlock(
    (layers): ModuleList(
      (0-7): 8 x TransformerLayer(
        (input_layernorm): RMSNorm()
        (self_attention): MLASelfAttention(
          (core_attention): TEDotProductAttention(
            (flash_attention): FlashAttention()
            (fused_attention): FusedAttention()
            (unfused_attention): UnfusedDotProductAttention(
              (scale_mask_softmax): FusedScaleMaskSoftmax()
              (attention_dropout): Dropout(p=0.0, inplace=False)
            )
          )
          (linear_proj): TERowParallelLinear(in_features=4096, out_features=7168, bias=False, TP=4)
          (rotary_pos_emb): YarnRotaryEmbedding()
          (linear_q_down_proj): TEColumnParallelLinear(in_features=7168, out_features=384, bias=False, TP=4)
          (linear_q_up_proj): TELayerNormColumnParallelLinear(in_features=1536, out_features=6144, bias=False, TP=4)
          (linear_kv_down_proj): TEColumnParallelLinear(in_features=7168, out_features=144, bias=False, TP=4)
          (linear_kv_up_proj): TELayerNormColumnParallelLinear(in_features=512, out_features=8192, bias=False, TP=4)
          (q_layernorm): IdentityOp()
          (kv_layernorm): IdentityOp()
        )
        (pre_cross_attn_layernorm): IdentityOp()
        (cross_attention): IdentityOp()
        (cross_attn_bda): IdentityFuncOp()
        (pre_mlp_layernorm): RMSNorm()
        (mlp): MoELayer(
          (router): TopKRouter()
          (experts): TEGroupedMLP(
            (linear_fc1): TEColumnParallelGroupedLinear()
            (linear_fc2): TERowParallelGroupedLinear()
          )
          (shared_experts): SharedExpertMLP(
            (linear_fc1): TEColumnParallelLinear(in_features=7168, out_features=1024, bias=False, TP=4)
            (linear_fc2): TERowParallelLinear(in_features=512, out_features=7168, bias=False, TP=4)
          )
        )
      )
    )
  )
)
 > number of parameters on (tensor, pipeline) model parallel rank (0, 5): 1886388224
 > number of parameters on (tensor, pipeline) model parallel rank (1, 6): 1886388224
[rank 768] GPTModel(
  (decoder): TransformerBlock(
    (layers): ModuleList(
      (0-7): 8 x TransformerLayer(
        (input_layernorm): RMSNorm()
        (self_attention): MLASelfAttention(
          (core_attention): TEDotProductAttention(
            (flash_attention): FlashAttention()
            (fused_attention): FusedAttention()
            (unfused_attention): UnfusedDotProductAttention(
              (scale_mask_softmax): FusedScaleMaskSoftmax()
              (attention_dropout): Dropout(p=0.0, inplace=False)
            )
          )
          (linear_proj): TERowParallelLinear(in_features=4096, out_features=7168, bias=False, TP=4)
          (rotary_pos_emb): YarnRotaryEmbedding()
          (linear_q_down_proj): TEColumnParallelLinear(in_features=7168, out_features=384, bias=False, TP=4)
          (linear_q_up_proj): TELayerNormColumnParallelLinear(in_features=1536, out_features=6144, bias=False, TP=4)
          (linear_kv_down_proj): TEColumnParallelLinear(in_features=7168, out_features=144, bias=False, TP=4)
          (linear_kv_up_proj): TELayerNormColumnParallelLinear(in_features=512, out_features=8192, bias=False, TP=4)
          (q_layernorm): IdentityOp()
          (kv_layernorm): IdentityOp()
        )
        (pre_cross_attn_layernorm): IdentityOp()
        (cross_attention): IdentityOp()
        (cross_attn_bda): IdentityFuncOp()
        (pre_mlp_layernorm): RMSNorm()
        (mlp): MoELayer(
          (router): TopKRouter()
          (experts): TEGroupedMLP(
            (linear_fc1): TEColumnParallelGroupedLinear()
            (linear_fc2): TERowParallelGroupedLinear()
          )
          (shared_experts): SharedExpertMLP(
            (linear_fc1): TEColumnParallelLinear(in_features=7168, out_features=1024, bias=False, TP=4)
            (linear_fc2): TERowParallelLinear(in_features=512, out_features=7168, bias=False, TP=4)
          )
        )
      )
    )
  )
)
 > number of parameters on (tensor, pipeline) model parallel rank (2, 5): 1886388224
[rank 896] GPTModel(
  (decoder): TransformerBlock(
    (layers): ModuleList(
      (0-7): 8 x TransformerLayer(
        (input_layernorm): RMSNorm()
        (self_attention): MLASelfAttention(
          (core_attention): TEDotProductAttention(
            (flash_attention): FlashAttention()
            (fused_attention): FusedAttention()
            (unfused_attention): UnfusedDotProductAttention(
              (scale_mask_softmax): FusedScaleMaskSoftmax()
              (attention_dropout): Dropout(p=0.0, inplace=False)
            )
          )
          (linear_proj): TERowParallelLinear(in_features=4096, out_features=7168, bias=False, TP=4)
          (rotary_pos_emb): YarnRotaryEmbedding()
          (linear_q_down_proj): TEColumnParallelLinear(in_features=7168, out_features=384, bias=False, TP=4)
          (linear_q_up_proj): TELayerNormColumnParallelLinear(in_features=1536, out_features=6144, bias=False, TP=4)
          (linear_kv_down_proj): TEColumnParallelLinear(in_features=7168, out_features=144, bias=False, TP=4)
          (linear_kv_up_proj): TELayerNormColumnParallelLinear(in_features=512, out_features=8192, bias=False, TP=4)
          (q_layernorm): IdentityOp()
          (kv_layernorm): IdentityOp()
        )
        (pre_cross_attn_layernorm): IdentityOp()
        (cross_attention): IdentityOp()
        (cross_attn_bda): IdentityFuncOp()
        (pre_mlp_layernorm): RMSNorm()
        (mlp): MoELayer(
          (router): TopKRouter()
          (experts): TEGroupedMLP(
            (linear_fc1): TEColumnParallelGroupedLinear()
            (linear_fc2): TERowParallelGroupedLinear()
          )
          (shared_experts): SharedExpertMLP(
            (linear_fc1): TEColumnParallelLinear(in_features=7168, out_features=1024, bias=False, TP=4)
            (linear_fc2): TERowParallelLinear(in_features=512, out_features=7168, bias=False, TP=4)
          )
        )
      )
    )
    (final_layernorm): RMSNorm()
  )
  (output_layer): ColumnParallelLinear(in_features=7168, out_features=129280, bias=False, TP=4)
)
 > number of parameters on (tensor, pipeline) model parallel rank (3, 6): 1886388224
 > number of parameters on (tensor, pipeline) model parallel rank (1, 5): 1886388224
 > number of parameters on (tensor, pipeline) model parallel rank (0, 7): 2118065152
 > number of parameters on (tensor, pipeline) model parallel rank (0, 6): 1886388224
 > number of parameters on (tensor, pipeline) model parallel rank (1, 7): 2118065152
 > number of parameters on (tensor, pipeline) model parallel rank (2, 6): 1886388224
 > number of parameters on (tensor, pipeline) model parallel rank (3, 7): 2118065152
 > number of parameters on (tensor, pipeline) model parallel rank (3, 5): 1886388224
 > number of parameters on (tensor, pipeline) model parallel rank (2, 7): 2118065152
 > number of parameters on (tensor, pipeline) model parallel rank (3, 1): 1886388224
 > number of parameters on (tensor, pipeline) model parallel rank (1, 3): 1886388224
 > number of parameters on (tensor, pipeline) model parallel rank (1, 4): 1886388224
 > number of parameters on (tensor, pipeline) model parallel rank (2, 3): 1886388224
 > number of parameters on (tensor, pipeline) model parallel rank (3, 2): 1886388224
[rank 384] GPTModel(
  (decoder): TransformerBlock(
    (layers): ModuleList(
      (0-7): 8 x TransformerLayer(
        (input_layernorm): RMSNorm()
        (self_attention): MLASelfAttention(
          (core_attention): TEDotProductAttention(
            (flash_attention): FlashAttention()
            (fused_attention): FusedAttention()
            (unfused_attention): UnfusedDotProductAttention(
              (scale_mask_softmax): FusedScaleMaskSoftmax()
              (attention_dropout): Dropout(p=0.0, inplace=False)
            )
          )
          (linear_proj): TERowParallelLinear(in_features=4096, out_features=7168, bias=False, TP=4)
          (rotary_pos_emb): YarnRotaryEmbedding()
          (linear_q_down_proj): TEColumnParallelLinear(in_features=7168, out_features=384, bias=False, TP=4)
          (linear_q_up_proj): TELayerNormColumnParallelLinear(in_features=1536, out_features=6144, bias=False, TP=4)
          (linear_kv_down_proj): TEColumnParallelLinear(in_features=7168, out_features=144, bias=False, TP=4)
          (linear_kv_up_proj): TELayerNormColumnParallelLinear(in_features=512, out_features=8192, bias=False, TP=4)
          (q_layernorm): IdentityOp()
          (kv_layernorm): IdentityOp()
        )
        (pre_cross_attn_layernorm): IdentityOp()
        (cross_attention): IdentityOp()
        (cross_attn_bda): IdentityFuncOp()
        (pre_mlp_layernorm): RMSNorm()
        (mlp): MoELayer(
          (router): TopKRouter()
          (experts): TEGroupedMLP(
            (linear_fc1): TEColumnParallelGroupedLinear()
            (linear_fc2): TERowParallelGroupedLinear()
          )
          (shared_experts): SharedExpertMLP(
            (linear_fc1): TEColumnParallelLinear(in_features=7168, out_features=1024, bias=False, TP=4)
            (linear_fc2): TERowParallelLinear(in_features=512, out_features=7168, bias=False, TP=4)
          )
        )
      )
    )
  )
)
 > number of parameters on (tensor, pipeline) model parallel rank (1, 2): 1886388224
 > number of parameters on (tensor, pipeline) model parallel rank (2, 4): 1886388224
 > number of parameters on (tensor, pipeline) model parallel rank (2, 1): 1886388224
[rank 512] GPTModel(
  (decoder): TransformerBlock(
    (layers): ModuleList(
      (0-7): 8 x TransformerLayer(
        (input_layernorm): RMSNorm()
        (self_attention): MLASelfAttention(
          (core_attention): TEDotProductAttention(
            (flash_attention): FlashAttention()
            (fused_attention): FusedAttention()
            (unfused_attention): UnfusedDotProductAttention(
              (scale_mask_softmax): FusedScaleMaskSoftmax()
              (attention_dropout): Dropout(p=0.0, inplace=False)
            )
          )
          (linear_proj): TERowParallelLinear(in_features=4096, out_features=7168, bias=False, TP=4)
          (rotary_pos_emb): YarnRotaryEmbedding()
          (linear_q_down_proj): TEColumnParallelLinear(in_features=7168, out_features=384, bias=False, TP=4)
          (linear_q_up_proj): TELayerNormColumnParallelLinear(in_features=1536, out_features=6144, bias=False, TP=4)
          (linear_kv_down_proj): TEColumnParallelLinear(in_features=7168, out_features=144, bias=False, TP=4)
          (linear_kv_up_proj): TELayerNormColumnParallelLinear(in_features=512, out_features=8192, bias=False, TP=4)
          (q_layernorm): IdentityOp()
          (kv_layernorm): IdentityOp()
        )
        (pre_cross_attn_layernorm): IdentityOp()
        (cross_attention): IdentityOp()
        (cross_attn_bda): IdentityFuncOp()
        (pre_mlp_layernorm): RMSNorm()
        (mlp): MoELayer(
          (router): TopKRouter()
          (experts): TEGroupedMLP(
            (linear_fc1): TEColumnParallelGroupedLinear()
            (linear_fc2): TERowParallelGroupedLinear()
          )
          (shared_experts): SharedExpertMLP(
            (linear_fc1): TEColumnParallelLinear(in_features=7168, out_features=1024, bias=False, TP=4)
            (linear_fc2): TERowParallelLinear(in_features=512, out_features=7168, bias=False, TP=4)
          )
        )
      )
    )
  )
)
 > number of parameters on (tensor, pipeline) model parallel rank (0, 3): 1886388224
 > number of parameters on (tensor, pipeline) model parallel rank (3, 4): 1886388224
 > number of parameters on (tensor, pipeline) model parallel rank (0, 4): 1886388224
[rank 256] GPTModel(
  (decoder): TransformerBlock(
    (layers): ModuleList(
      (0-7): 8 x TransformerLayer(
        (input_layernorm): RMSNorm()
        (self_attention): MLASelfAttention(
          (core_attention): TEDotProductAttention(
            (flash_attention): FlashAttention()
            (fused_attention): FusedAttention()
            (unfused_attention): UnfusedDotProductAttention(
              (scale_mask_softmax): FusedScaleMaskSoftmax()
              (attention_dropout): Dropout(p=0.0, inplace=False)
            )
          )
          (linear_proj): TERowParallelLinear(in_features=4096, out_features=7168, bias=False, TP=4)
          (rotary_pos_emb): YarnRotaryEmbedding()
          (linear_q_down_proj): TEColumnParallelLinear(in_features=7168, out_features=384, bias=False, TP=4)
          (linear_q_up_proj): TELayerNormColumnParallelLinear(in_features=1536, out_features=6144, bias=False, TP=4)
          (linear_kv_down_proj): TEColumnParallelLinear(in_features=7168, out_features=144, bias=False, TP=4)
          (linear_kv_up_proj): TELayerNormColumnParallelLinear(in_features=512, out_features=8192, bias=False, TP=4)
          (q_layernorm): IdentityOp()
          (kv_layernorm): IdentityOp()
        )
        (pre_cross_attn_layernorm): IdentityOp()
        (cross_attention): IdentityOp()
        (cross_attn_bda): IdentityFuncOp()
        (pre_mlp_layernorm): RMSNorm()
        (mlp): MoELayer(
          (router): TopKRouter()
          (experts): TEGroupedMLP(
            (linear_fc1): TEColumnParallelGroupedLinear()
            (linear_fc2): TERowParallelGroupedLinear()
          )
          (shared_experts): SharedExpertMLP(
            (linear_fc1): TEColumnParallelLinear(in_features=7168, out_features=1024, bias=False, TP=4)
            (linear_fc2): TERowParallelLinear(in_features=512, out_features=7168, bias=False, TP=4)
          )
        )
      )
    )
  )
)
 > number of parameters on (tensor, pipeline) model parallel rank (2, 2): 1886388224
 > number of parameters on (tensor, pipeline) model parallel rank (1, 1): 1886388224
 > number of parameters on (tensor, pipeline) model parallel rank (0, 2): 1886388224
 > number of parameters on (tensor, pipeline) model parallel rank (3, 3): 1886388224
[rank 128] GPTModel(
  (decoder): TransformerBlock(
    (layers): ModuleList(
      (0-7): 8 x TransformerLayer(
        (input_layernorm): RMSNorm()
        (self_attention): MLASelfAttention(
          (core_attention): TEDotProductAttention(
            (flash_attention): FlashAttention()
            (fused_attention): FusedAttention()
            (unfused_attention): UnfusedDotProductAttention(
              (scale_mask_softmax): FusedScaleMaskSoftmax()
              (attention_dropout): Dropout(p=0.0, inplace=False)
            )
          )
          (linear_proj): TERowParallelLinear(in_features=4096, out_features=7168, bias=False, TP=4)
          (rotary_pos_emb): YarnRotaryEmbedding()
          (linear_q_down_proj): TEColumnParallelLinear(in_features=7168, out_features=384, bias=False, TP=4)
          (linear_q_up_proj): TELayerNormColumnParallelLinear(in_features=1536, out_features=6144, bias=False, TP=4)
          (linear_kv_down_proj): TEColumnParallelLinear(in_features=7168, out_features=144, bias=False, TP=4)
          (linear_kv_up_proj): TELayerNormColumnParallelLinear(in_features=512, out_features=8192, bias=False, TP=4)
          (q_layernorm): IdentityOp()
          (kv_layernorm): IdentityOp()
        )
        (pre_cross_attn_layernorm): IdentityOp()
        (cross_attention): IdentityOp()
        (cross_attn_bda): IdentityFuncOp()
        (pre_mlp_layernorm): RMSNorm()
        (mlp): MoELayer(
          (router): TopKRouter()
          (experts): TEGroupedMLP(
            (linear_fc1): TEColumnParallelGroupedLinear()
            (linear_fc2): TERowParallelGroupedLinear()
          )
          (shared_experts): SharedExpertMLP(
            (linear_fc1): TEColumnParallelLinear(in_features=7168, out_features=1024, bias=False, TP=4)
            (linear_fc2): TERowParallelLinear(in_features=512, out_features=7168, bias=False, TP=4)
          )
        )
      )
    )
  )
)
 > number of parameters on (tensor, pipeline) model parallel rank (0, 1): 1886388224
WARNING: could not find the metadata file ./ckpt/latest_checkpointed_iteration.txt
    will not load any checkpoints and will start from random
(min, max) time across ranks (ms):
    load-checkpoint ................................: (5.09, 5.85)
[after model, optimizer, and learning rate scheduler are built] datetime: 2026-03-04 14:39:21 
> building train, validation, and test datasets ...
 > datasets target sizes (minimum size):
    train:      10240
    validation: -2048
    test:       -2048
> building train, validation, and test datasets for GPT ...
> finished creating GPT datasets ...
[after dataloaders are built] datetime: 2026-03-04 14:39:21 
done with setup ...
(min, max) time across ranks (ms):
    model-and-optimizer-setup ......................: (404.98, 430.23)
    train/valid/test-data-iterators-setup ..........: (68.49, 375.82)
training ...
Setting rerun_state_machine.current_iteration to 0...
[before the start of training step] datetime: 2026-03-04 14:39:21 
[Rank 768] (after 1 iterations) memory (MB) | allocated: 20134.9580078125 | max allocated: 23472.16650390625 | reserved: 28980.0 | max reserved: 28980.0
Number of parameters in transformer block in billions:  669.07
Number of parameters in embedding layers in billions: 1.85
Total number of parameters in billions: 670.92
Number of parameters in most loaded shard in billions: 21.1400
Number of parameters in other shards in billions: 20.9084
Theoretical memory footprints: weight and optimizer=128524.48 MB
[Rank 770] (after 1 iterations) memory (MB) | allocated: 20133.7119140625 | max allocated: 23473.64697265625 | reserved: 28980.0 | max reserved: 28980.0
[Rank 899] (after 1 iterations) memory (MB) | allocated: 21662.5791015625 | max allocated: 21662.67529296875 | reserved: 26180.0 | max reserved: 26180.0
[Rank 642] (after 1 iterations) memory (MB) | allocated: 20135.6923828125 | max allocated: 27608.0615234375 | reserved: 33232.0 | max reserved: 33232.0
[Rank 514] (after 1 iterations) memory (MB) | allocated: 20133.2197265625 | max allocated: 31740.95263671875 | reserved: 37320.0 | max reserved: 37320.0
[Rank 769] (after 1 iterations) memory (MB) | allocated: 20136.4462890625 | max allocated: 23474.41259765625 | reserved: 28986.0 | max reserved: 28986.0
[Rank 898] (after 1 iterations) memory (MB) | allocated: 21663.3251953125 | max allocated: 21663.42138671875 | reserved: 26068.0 | max reserved: 26068.0
[Rank 640] (after 1 iterations) memory (MB) | allocated: 20133.7197265625 | max allocated: 27608.2958984375 | reserved: 33234.0 | max reserved: 33234.0
[Rank 512] (after 1 iterations) memory (MB) | allocated: 20133.9658203125 | max allocated: 31739.97998046875 | reserved: 37320.0 | max reserved: 37320.0
[Rank 384] (after 1 iterations) memory (MB) | allocated: 20133.9697265625 | max allocated: 35877.1328125 | reserved: 42082.0 | max reserved: 42082.0
[Rank 256] (after 1 iterations) memory (MB) | allocated: 20135.9619140625 | max allocated: 40009.53564453125 | reserved: 46006.0 | max reserved: 46006.0
[Rank 771] (after 1 iterations) memory (MB) | allocated: 20135.2041015625 | max allocated: 23474.66259765625 | reserved: 29156.0 | max reserved: 29156.0
[Rank 896] (after 1 iterations) memory (MB) | allocated: 21663.0712890625 | max allocated: 21663.16748046875 | reserved: 26368.0 | max reserved: 26368.0
[Rank 643] (after 1 iterations) memory (MB) | allocated: 20134.7158203125 | max allocated: 27610.5537109375 | reserved: 33184.0 | max reserved: 33184.0
[Rank 515] (after 1 iterations) memory (MB) | allocated: 20134.9619140625 | max allocated: 31748.71435546875 | reserved: 37512.0 | max reserved: 37512.0
[Rank 385] (after 1 iterations) memory (MB) | allocated: 20134.7001953125 | max allocated: 35873.1015625 | reserved: 41632.0 | max reserved: 41632.0
[Rank 259] (after 1 iterations) memory (MB) | allocated: 20137.4501953125 | max allocated: 40009.25439453125 | reserved: 46176.0 | max reserved: 46176.0
[Rank 128] (after 1 iterations) memory (MB) | allocated: 20135.2080078125 | max allocated: 44140.1806640625 | reserved: 50476.0 | max reserved: 50476.0
 [2026-03-04 14:42:08] iteration        1/       5 | consumed samples:         2048 | elapsed time per iteration (ms): 166566.0 | throughput per GPU (TFLOP/s/GPU): 12.3 | learning rate: 5.000000E-08 | global batch size:  2048 | lm loss: 1.198290E+01 | load_balancing_loss: 1.071406E+00 | loss scale: 1.0 | grad norm: 35.403 | number of skipped iterations:   0 | number of nan iterations:   0 |
[Rank 897] (after 1 iterations) memory (MB) | allocated: 21662.8173828125 | max allocated: 21662.91357421875 | reserved: 26256.0 | max reserved: 26256.0
[Rank 641] (after 1 iterations) memory (MB) | allocated: 20133.9658203125 | max allocated: 27610.7919921875 | reserved: 33232.0 | max reserved: 33232.0
[Rank 513] (after 1 iterations) memory (MB) | allocated: 20136.2001953125 | max allocated: 31741.47216796875 | reserved: 37362.0 | max reserved: 37362.0
[Rank 387] (after 1 iterations) memory (MB) | allocated: 20133.9697265625 | max allocated: 35877.1171875 | reserved: 41742.0 | max reserved: 41742.0
[Rank 258] (after 1 iterations) memory (MB) | allocated: 20133.9697265625 | max allocated: 40015.25439453125 | reserved: 46112.0 | max reserved: 46112.0
[Rank 130] (after 1 iterations) memory (MB) | allocated: 20135.4501953125 | max allocated: 44143.1728515625 | reserved: 50598.0 | max reserved: 50598.0
[Rank 2] (after 1 iterations) memory (MB) | allocated: 9833.45947265625 | max allocated: 25427.65185546875 | reserved: 29836.0 | max reserved: 29836.0
[Rank 386] (after 1 iterations) memory (MB) | allocated: 20135.7080078125 | max allocated: 35878.109375 | reserved: 41662.0 | max reserved: 41662.0
[Rank 257] (after 1 iterations) memory (MB) | allocated: 20135.9658203125 | max allocated: 40012.00048828125 | reserved: 46112.0 | max reserved: 46112.0
[Rank 131] (after 1 iterations) memory (MB) | allocated: 20134.2119140625 | max allocated: 44146.1611328125 | reserved: 50604.0 | max reserved: 50604.0
[Rank 1] (after 1 iterations) memory (MB) | allocated: 9834.45166015625 | max allocated: 25427.2734375 | reserved: 29394.0 | max reserved: 29394.0
[Rank 129] (after 1 iterations) memory (MB) | allocated: 20133.7197265625 | max allocated: 44145.9072265625 | reserved: 50310.0 | max reserved: 50310.0
[Rank 3] (after 1 iterations) memory (MB) | allocated: 9834.20947265625 | max allocated: 25428.0234375 | reserved: 29394.0 | max reserved: 29394.0
[Rank 0] (after 1 iterations) memory (MB) | allocated: 9833.45947265625 | max allocated: 25427.30859375 | reserved: 29836.0 | max reserved: 29836.0
 [2026-03-04 14:42:47] iteration        2/       5 | consumed samples:         4096 | elapsed time per iteration (ms): 38677.9 | throughput per GPU (TFLOP/s/GPU): 52.9 | learning rate: 1.000000E-07 | global batch size:  2048 | lm loss: 1.198346E+01 | load_balancing_loss: 1.067768E+00 | loss scale: 1.0 | grad norm: 34.749 | number of skipped iterations:   0 | number of nan iterations:   0 |
 [2026-03-04 14:43:25] iteration        3/       5 | consumed samples:         6144 | elapsed time per iteration (ms): 38730.6 | throughput per GPU (TFLOP/s/GPU): 52.8 | learning rate: 1.500000E-07 | global batch size:  2048 | lm loss: 1.198122E+01 | load_balancing_loss: 1.074300E+00 | loss scale: 1.0 | grad norm: 34.861 | number of skipped iterations:   0 | number of nan iterations:   0 |
 [2026-03-04 14:44:04] iteration        4/       5 | consumed samples:         8192 | elapsed time per iteration (ms): 38991.5 | throughput per GPU (TFLOP/s/GPU): 52.5 | learning rate: 2.000000E-07 | global batch size:  2048 | lm loss: 1.195758E+01 | load_balancing_loss: 1.074794E+00 | loss scale: 1.0 | grad norm: 34.799 | number of skipped iterations:   0 | number of nan iterations:   0 |
 [2026-03-04 14:44:43] iteration        5/       5 | consumed samples:        10240 | elapsed time per iteration (ms): 39034.5 | throughput per GPU (TFLOP/s/GPU): 52.4 | learning rate: 2.500000E-07 | global batch size:  2048 | lm loss: 1.187481E+01 | load_balancing_loss: 1.071088E+00 | loss scale: 1.0 | grad norm: 35.156 | number of skipped iterations:   0 | number of nan iterations:   0 |
[after training is done] datetime: 2026-03-04 14:44:44 
W0304 14:44:46.451361 1402015 ProcessGroupNCCL.cpp:1508] Warning: WARNING: destroy_process_group() was not called before program exit, which can leak resources. For more info, please see https://pytorch.org/docs/stable/distributed.html#shutdown (function operator())
W0304 14:44:46.476636 1409219 ProcessGroupNCCL.cpp:1508] Warning: WARNING: destroy_process_group() was not called before program exit, which can leak resources. For more info, please see https://pytorch.org/docs/stable/distributed.html#shutdown (function operator())
W0304 14:44:46.486965 1405326 ProcessGroupNCCL.cpp:1508] Warning: WARNING: destroy_process_group() was not called before program exit, which can leak resources. For more info, please see https://pytorch.org/docs/stable/distributed.html#shutdown (function operator())
W0304 14:44:46.487457 1364254 ProcessGroupNCCL.cpp:1508] Warning: WARNING: destroy_process_group() was not called before program exit, which can leak resources. For more info, please see https://pytorch.org/docs/stable/distributed.html#shutdown (function operator())
W0304 14:44:46.491803 1920234 ProcessGroupNCCL.cpp:1508] Warning: WARNING: destroy_process_group() was not called before program exit, which can leak resources. For more info, please see https://pytorch.org/docs/stable/distributed.html#shutdown (function operator())
W0304 14:44:46.492796 1365520 ProcessGroupNCCL.cpp:1508] Warning: WARNING: destroy_process_group() was not called before program exit, which can leak resources. For more info, please see https://pytorch.org/docs/stable/distributed.html#shutdown (function operator())
W0304 14:44:46.493367 1403651 ProcessGroupNCCL.cpp:1508] Warning: WARNING: destroy_process_group() was not called before program exit, which can leak resources. For more info, please see https://pytorch.org/docs/stable/distributed.html#shutdown (function operator())
W0304 14:44:46.494345 1403251 ProcessGroupNCCL.cpp:1508] Warning: WARNING: destroy_process_group() was not called before program exit, which can leak resources. For more info, please see https://pytorch.org/docs/stable/distributed.html#shutdown (function operator())
W0304 14:44:46.496613 1403323 ProcessGroupNCCL.cpp:1508] Warning: WARNING: destroy_process_group() was not called before program exit, which can leak resources. For more info, please see https://pytorch.org/docs/stable/distributed.html#shutdown (function operator())
W0304 14:44:46.498847 1499478 ProcessGroupNCCL.cpp:1508] Warning: WARNING: destroy_process_group() was not called before program exit, which can leak resources. For more info, please see https://pytorch.org/docs/stable/distributed.html#shutdown (function operator())
W0304 14:44:46.500756 2024064 ProcessGroupNCCL.cpp:1508] Warning: WARNING: destroy_process_group() was not called before program exit, which can leak resources. For more info, please see https://pytorch.org/docs/stable/distributed.html#shutdown (function operator())
W0304 14:44:46.501086 1365701 ProcessGroupNCCL.cpp:1508] Warning: WARNING: destroy_process_group() was not called before program exit, which can leak resources. For more info, please see https://pytorch.org/docs/stable/distributed.html#shutdown (function operator())
W0304 14:44:46.502332 1404278 ProcessGroupNCCL.cpp:1508] Warning: WARNING: destroy_process_group() was not called before program exit, which can leak resources. For more info, please see https://pytorch.org/docs/stable/distributed.html#shutdown (function operator())
W0304 14:44:46.505192 1364889 ProcessGroupNCCL.cpp:1508] Warning: WARNING: destroy_process_group() was not called before program exit, which can leak resources. For more info, please see https://pytorch.org/docs/stable/distributed.html#shutdown (function operator())
W0304 14:44:46.512048 1998588 ProcessGroupNCCL.cpp:1508] Warning: WARNING: destroy_process_group() was not called before program exit, which can leak resources. For more info, please see https://pytorch.org/docs/stable/distributed.html#shutdown (function operator())
W0304 14:44:46.514690 1919129 ProcessGroupNCCL.cpp:1508] Warning: WARNING: destroy_process_group() was not called before program exit, which can leak resources. For more info, please see https://pytorch.org/docs/stable/distributed.html#shutdown (function operator())
W0304 14:44:46.526696 1398102 ProcessGroupNCCL.cpp:1508] Warning: WARNING: destroy_process_group() was not called before program exit, which can leak resources. For more info, please see https://pytorch.org/docs/stable/distributed.html#shutdown (function operator())
W0304 14:44:46.527215 1363927 ProcessGroupNCCL.cpp:1508] Warning: WARNING: destroy_process_group() was not called before program exit, which can leak resources. For more info, please see https://pytorch.org/docs/stable/distributed.html#shutdown (function operator())
W0304 14:44:46.529318 1930601 ProcessGroupNCCL.cpp:1508] Warning: WARNING: destroy_process_group() was not called before program exit, which can leak resources. For more info, please see https://pytorch.org/docs/stable/distributed.html#shutdown (function operator())
W0304 14:44:46.531275 1407454 ProcessGroupNCCL.cpp:1508] Warning: WARNING: destroy_process_group() was not called before program exit, which can leak resources. For more info, please see https://pytorch.org/docs/stable/distributed.html#shutdown (function operator())
W0304 14:44:46.531926 1405133 ProcessGroupNCCL.cpp:1508] Warning: WARNING: destroy_process_group() was not called before program exit, which can leak resources. For more info, please see https://pytorch.org/docs/stable/distributed.html#shutdown (function operator())
W0304 14:44:46.536396 1358848 ProcessGroupNCCL.cpp:1508] Warning: WARNING: destroy_process_group() was not called before program exit, which can leak resources. For more info, please see https://pytorch.org/docs/stable/distributed.html#shutdown (function operator())
W0304 14:44:46.536705 1408859 ProcessGroupNCCL.cpp:1508] Warning: WARNING: destroy_process_group() was not called before program exit, which can leak resources. For more info, please see https://pytorch.org/docs/stable/distributed.html#shutdown (function operator())
W0304 14:44:46.538487 1404857 ProcessGroupNCCL.cpp:1508] Warning: WARNING: destroy_process_group() was not called before program exit, which can leak resources. For more info, please see https://pytorch.org/docs/stable/distributed.html#shutdown (function operator())
W0304 14:44:46.540760 1366789 ProcessGroupNCCL.cpp:1508] Warning: WARNING: destroy_process_group() was not called before program exit, which can leak resources. For more info, please see https://pytorch.org/docs/stable/distributed.html#shutdown (function operator())
W0304 14:44:46.541220 1403232 ProcessGroupNCCL.cpp:1508] Warning: WARNING: destroy_process_group() was not called before program exit, which can leak resources. For more info, please see https://pytorch.org/docs/stable/distributed.html#shutdown (function operator())
W0304 14:44:46.541122 2116798 ProcessGroupNCCL.cpp:1508] Warning: WARNING: destroy_process_group() was not called before program exit, which can leak resources. For more info, please see https://pytorch.org/docs/stable/distributed.html#shutdown (function operator())
W0304 14:44:46.543013 1364173 ProcessGroupNCCL.cpp:1508] Warning: WARNING: destroy_process_group() was not called before program exit, which can leak resources. For more info, please see https://pytorch.org/docs/stable/distributed.html#shutdown (function operator())
W0304 14:44:46.543923 1402376 ProcessGroupNCCL.cpp:1508] Warning: WARNING: destroy_process_group() was not called before program exit, which can leak resources. For more info, please see https://pytorch.org/docs/stable/distributed.html#shutdown (function operator())
W0304 14:44:46.544325 1404650 ProcessGroupNCCL.cpp:1508] Warning: WARNING: destroy_process_group() was not called before program exit, which can leak resources. For more info, please see https://pytorch.org/docs/stable/distributed.html#shutdown (function operator())
W0304 14:44:46.546720 1402594 ProcessGroupNCCL.cpp:1508] Warning: WARNING: destroy_process_group() was not called before program exit, which can leak resources. For more info, please see https://pytorch.org/docs/stable/distributed.html#shutdown (function operator())
W0304 14:44:46.547703 1914909 ProcessGroupNCCL.cpp:1508] Warning: WARNING: destroy_process_group() was not called before program exit, which can leak resources. For more info, please see https://pytorch.org/docs/stable/distributed.html#shutdown (function operator())
W0304 14:44:46.548853 1404804 ProcessGroupNCCL.cpp:1508] Warning: WARNING: destroy_process_group() was not called before program exit, which can leak resources. For more info, please see https://pytorch.org/docs/stable/distributed.html#shutdown (function operator())
W0304 14:44:46.551743 2009554 ProcessGroupNCCL.cpp:1508] Warning: WARNING: destroy_process_group() was not called before program exit, which can leak resources. For more info, please see https://pytorch.org/docs/stable/distributed.html#shutdown (function operator())
W0304 14:44:46.552862 2011998 ProcessGroupNCCL.cpp:1508] Warning: WARNING: destroy_process_group() was not called before program exit, which can leak resources. For more info, please see https://pytorch.org/docs/stable/distributed.html#shutdown (function operator())
W0304 14:44:46.553085 2008521 ProcessGroupNCCL.cpp:1508] Warning: WARNING: destroy_process_group() was not called before program exit, which can leak resources. For more info, please see https://pytorch.org/docs/stable/distributed.html#shutdown (function operator())
W0304 14:44:46.553442 2117276 ProcessGroupNCCL.cpp:1508] Warning: WARNING: destroy_process_group() was not called before program exit, which can leak resources. For more info, please see https://pytorch.org/docs/stable/distributed.html#shutdown (function operator())
W0304 14:44:46.553851 1919551 ProcessGroupNCCL.cpp:1508] Warning: WARNING: destroy_process_group() was not called before program exit, which can leak resources. For more info, please see https://pytorch.org/docs/stable/distributed.html#shutdown (function operator())
W0304 14:44:46.554291 2010283 ProcessGroupNCCL.cpp:1508] Warning: WARNING: destroy_process_group() was not called before program exit, which can leak resources. For more info, please see https://pytorch.org/docs/stable/distributed.html#shutdown (function operator())
W0304 14:44:46.554544 1920367 ProcessGroupNCCL.cpp:1508] Warning: WARNING: destroy_process_group() was not called before program exit, which can leak resources. For more info, please see https://pytorch.org/docs/stable/distributed.html#shutdown (function operator())
W0304 14:44:46.555624 1997975 ProcessGroupNCCL.cpp:1508] Warning: WARNING: destroy_process_group() was not called before program exit, which can leak resources. For more info, please see https://pytorch.org/docs/stable/distributed.html#shutdown (function operator())
W0304 14:44:46.555605 1933137 ProcessGroupNCCL.cpp:1508] Warning: WARNING: destroy_process_group() was not called before program exit, which can leak resources. For more info, please see https://pytorch.org/docs/stable/distributed.html#shutdown (function operator())
W0304 14:44:46.558370 1905647 ProcessGroupNCCL.cpp:1508] Warning: WARNING: destroy_process_group() was not called before program exit, which can leak resources. For more info, please see https://pytorch.org/docs/stable/distributed.html#shutdown (function operator())
W0304 14:44:46.559358 1917440 ProcessGroupNCCL.cpp:1508] Warning: WARNING: destroy_process_group() was not called before program exit, which can leak resources. For more info, please see https://pytorch.org/docs/stable/distributed.html#shutdown (function operator())
W0304 14:44:46.560004 1995851 ProcessGroupNCCL.cpp:1508] Warning: WARNING: destroy_process_group() was not called before program exit, which can leak resources. For more info, please see https://pytorch.org/docs/stable/distributed.html#shutdown (function operator())
W0304 14:44:46.560468 2009507 ProcessGroupNCCL.cpp:1508] Warning: WARNING: destroy_process_group() was not called before program exit, which can leak resources. For more info, please see https://pytorch.org/docs/stable/distributed.html#shutdown (function operator())
W0304 14:44:46.560534 2045390 ProcessGroupNCCL.cpp:1508] Warning: WARNING: destroy_process_group() was not called before program exit, which can leak resources. For more info, please see https://pytorch.org/docs/stable/distributed.html#shutdown (function operator())
W0304 14:44:46.560858 1931029 ProcessGroupNCCL.cpp:1508] Warning: WARNING: destroy_process_group() was not called before program exit, which can leak resources. For more info, please see https://pytorch.org/docs/stable/distributed.html#shutdown (function operator())
W0304 14:44:46.561097 2045154 ProcessGroupNCCL.cpp:1508] Warning: WARNING: destroy_process_group() was not called before program exit, which can leak resources. For more info, please see https://pytorch.org/docs/stable/distributed.html#shutdown (function operator())
W0304 14:44:46.562574 1998287 ProcessGroupNCCL.cpp:1508] Warning: WARNING: destroy_process_group() was not called before program exit, which can leak resources. For more info, please see https://pytorch.org/docs/stable/distributed.html#shutdown (function operator())
W0304 14:44:46.562577 2112854 ProcessGroupNCCL.cpp:1508] Warning: WARNING: destroy_process_group() was not called before program exit, which can leak resources. For more info, please see https://pytorch.org/docs/stable/distributed.html#shutdown (function operator())
W0304 14:44:46.563535 1995799 ProcessGroupNCCL.cpp:1508] Warning: WARNING: destroy_process_group() was not called before program exit, which can leak resources. For more info, please see https://pytorch.org/docs/stable/distributed.html#shutdown (function operator())
W0304 14:44:46.565559 1925074 ProcessGroupNCCL.cpp:1508] Warning: WARNING: destroy_process_group() was not called before program exit, which can leak resources. For more info, please see https://pytorch.org/docs/stable/distributed.html#shutdown (function operator())
W0304 14:44:46.565742 1932296 ProcessGroupNCCL.cpp:1508] Warning: WARNING: destroy_process_group() was not called before program exit, which can leak resources. For more info, please see https://pytorch.org/docs/stable/distributed.html#shutdown (function operator())
W0304 14:44:46.567005 2042810 ProcessGroupNCCL.cpp:1508] Warning: WARNING: destroy_process_group() was not called before program exit, which can leak resources. For more info, please see https://pytorch.org/docs/stable/distributed.html#shutdown (function operator())
W0304 14:44:46.569326 2009466 ProcessGroupNCCL.cpp:1508] Warning: WARNING: destroy_process_group() was not called before program exit, which can leak resources. For more info, please see https://pytorch.org/docs/stable/distributed.html#shutdown (function operator())
W0304 14:44:46.594502 1499321 ProcessGroupNCCL.cpp:1508] Warning: WARNING: destroy_process_group() was not called before program exit, which can leak resources. For more info, please see https://pytorch.org/docs/stable/distributed.html#shutdown (function operator())
W0304 14:44:46.595095 1904921 ProcessGroupNCCL.cpp:1508] Warning: WARNING: destroy_process_group() was not called before program exit, which can leak resources. For more info, please see https://pytorch.org/docs/stable/distributed.html#shutdown (function operator())
W0304 14:44:46.595427 2008375 ProcessGroupNCCL.cpp:1508] Warning: WARNING: destroy_process_group() was not called before program exit, which can leak resources. For more info, please see https://pytorch.org/docs/stable/distributed.html#shutdown (function operator())
W0304 14:44:46.595696 1499026 ProcessGroupNCCL.cpp:1508] Warning: WARNING: destroy_process_group() was not called before program exit, which can leak resources. For more info, please see https://pytorch.org/docs/stable/distributed.html#shutdown (function operator())
W0304 14:44:46.596004 1921331 ProcessGroupNCCL.cpp:1508] Warning: WARNING: destroy_process_group() was not called before program exit, which can leak resources. For more info, please see https://pytorch.org/docs/stable/distributed.html#shutdown (function operator())
W0304 14:44:46.597133 2046020 ProcessGroupNCCL.cpp:1508] Warning: WARNING: destroy_process_group() was not called before program exit, which can leak resources. For more info, please see https://pytorch.org/docs/stable/distributed.html#shutdown (function operator())
W0304 14:44:46.597417 1499442 ProcessGroupNCCL.cpp:1508] Warning: WARNING: destroy_process_group() was not called before program exit, which can leak resources. For more info, please see https://pytorch.org/docs/stable/distributed.html#shutdown (function operator())
W0304 14:44:46.598558 1405743 ProcessGroupNCCL.cpp:1508] Warning: WARNING: destroy_process_group() was not called before program exit, which can leak resources. For more info, please see https://pytorch.org/docs/stable/distributed.html#shutdown (function operator())
W0304 14:44:46.598556 1989160 ProcessGroupNCCL.cpp:1508] Warning: WARNING: destroy_process_group() was not called before program exit, which can leak resources. For more info, please see https://pytorch.org/docs/stable/distributed.html#shutdown (function operator())
W0304 14:44:46.599438 1920084 ProcessGroupNCCL.cpp:1508] Warning: WARNING: destroy_process_group() was not called before program exit, which can leak resources. For more info, please see https://pytorch.org/docs/stable/distributed.html#shutdown (function operator())
W0304 14:44:46.599656 2147109 ProcessGroupNCCL.cpp:1508] Warning: WARNING: destroy_process_group() was not called before program exit, which can leak resources. For more info, please see https://pytorch.org/docs/stable/distributed.html#shutdown (function operator())
W0304 14:44:46.600124 1496541 ProcessGroupNCCL.cpp:1508] Warning: WARNING: destroy_process_group() was not called before program exit, which can leak resources. For more info, please see https://pytorch.org/docs/stable/distributed.html#shutdown (function operator())
W0304 14:44:46.600124 1920136 ProcessGroupNCCL.cpp:1508] Warning: WARNING: destroy_process_group() was not called before program exit, which can leak resources. For more info, please see https://pytorch.org/docs/stable/distributed.html#shutdown (function operator())
W0304 14:44:46.600522 1912531 ProcessGroupNCCL.cpp:1508] Warning: WARNING: destroy_process_group() was not called before program exit, which can leak resources. For more info, please see https://pytorch.org/docs/stable/distributed.html#shutdown (function operator())
W0304 14:44:46.600888 1999197 ProcessGroupNCCL.cpp:1508] Warning: WARNING: destroy_process_group() was not called before program exit, which can leak resources. For more info, please see https://pytorch.org/docs/stable/distributed.html#shutdown (function operator())
W0304 14:44:46.601094 1995295 ProcessGroupNCCL.cpp:1508] Warning: WARNING: destroy_process_group() was not called before program exit, which can leak resources. For more info, please see https://pytorch.org/docs/stable/distributed.html#shutdown (function operator())
W0304 14:44:46.602556 2044194 ProcessGroupNCCL.cpp:1508] Warning: WARNING: destroy_process_group() was not called before program exit, which can leak resources. For more info, please see https://pytorch.org/docs/stable/distributed.html#shutdown (function operator())
W0304 14:44:46.602811 2025360 ProcessGroupNCCL.cpp:1508] Warning: WARNING: destroy_process_group() was not called before program exit, which can leak resources. For more info, please see https://pytorch.org/docs/stable/distributed.html#shutdown (function operator())
W0304 14:44:46.604247 1997066 ProcessGroupNCCL.cpp:1508] Warning: WARNING: destroy_process_group() was not called before program exit, which can leak resources. For more info, please see https://pytorch.org/docs/stable/distributed.html#shutdown (function operator())
W0304 14:44:46.604173 1919335 ProcessGroupNCCL.cpp:1508] Warning: WARNING: destroy_process_group() was not called before program exit, which can leak resources. For more info, please see https://pytorch.org/docs/stable/distributed.html#shutdown (function operator())
W0304 14:44:46.605852 1739881 ProcessGroupNCCL.cpp:1508] Warning: WARNING: destroy_process_group() was not called before program exit, which can leak resources. For more info, please see https://pytorch.org/docs/stable/distributed.html#shutdown (function operator())
W0304 14:44:46.605854 1921564 ProcessGroupNCCL.cpp:1508] Warning: WARNING: destroy_process_group() was not called before program exit, which can leak resources. For more info, please see https://pytorch.org/docs/stable/distributed.html#shutdown (function operator())
W0304 14:44:46.608398 1419269 ProcessGroupNCCL.cpp:1508] Warning: WARNING: destroy_process_group() was not called before program exit, which can leak resources. For more info, please see https://pytorch.org/docs/stable/distributed.html#shutdown (function operator())
W0304 14:44:46.608518 1933761 ProcessGroupNCCL.cpp:1508] Warning: WARNING: destroy_process_group() was not called before program exit, which can leak resources. For more info, please see https://pytorch.org/docs/stable/distributed.html#shutdown (function operator())
W0304 14:44:46.608775 2223102 ProcessGroupNCCL.cpp:1508] Warning: WARNING: destroy_process_group() was not called before program exit, which can leak resources. For more info, please see https://pytorch.org/docs/stable/distributed.html#shutdown (function operator())
W0304 14:44:46.609073 1914163 ProcessGroupNCCL.cpp:1508] Warning: WARNING: destroy_process_group() was not called before program exit, which can leak resources. For more info, please see https://pytorch.org/docs/stable/distributed.html#shutdown (function operator())
W0304 14:44:46.610054 2042290 ProcessGroupNCCL.cpp:1508] Warning: WARNING: destroy_process_group() was not called before program exit, which can leak resources. For more info, please see https://pytorch.org/docs/stable/distributed.html#shutdown (function operator())
W0304 14:44:46.613010 1996605 ProcessGroupNCCL.cpp:1508] Warning: WARNING: destroy_process_group() was not called before program exit, which can leak resources. For more info, please see https://pytorch.org/docs/stable/distributed.html#shutdown (function operator())
W0304 14:44:46.613281 1417744 ProcessGroupNCCL.cpp:1508] Warning: WARNING: destroy_process_group() was not called before program exit, which can leak resources. For more info, please see https://pytorch.org/docs/stable/distributed.html#shutdown (function operator())
W0304 14:44:46.614916 1997155 ProcessGroupNCCL.cpp:1508] Warning: WARNING: destroy_process_group() was not called before program exit, which can leak resources. For more info, please see https://pytorch.org/docs/stable/distributed.html#shutdown (function operator())
W0304 14:44:46.615548 2009925 ProcessGroupNCCL.cpp:1508] Warning: WARNING: destroy_process_group() was not called before program exit, which can leak resources. For more info, please see https://pytorch.org/docs/stable/distributed.html#shutdown (function operator())
W0304 14:44:46.618065 1923237 ProcessGroupNCCL.cpp:1508] Warning: WARNING: destroy_process_group() was not called before program exit, which can leak resources. For more info, please see https://pytorch.org/docs/stable/distributed.html#shutdown (function operator())
W0304 14:44:46.618954 1931416 ProcessGroupNCCL.cpp:1508] Warning: WARNING: destroy_process_group() was not called before program exit, which can leak resources. For more info, please see https://pytorch.org/docs/stable/distributed.html#shutdown (function operator())
W0304 14:44:46.630576 1502108 ProcessGroupNCCL.cpp:1508] Warning: WARNING: destroy_process_group() was not called before program exit, which can leak resources. For more info, please see https://pytorch.org/docs/stable/distributed.html#shutdown (function operator())
W0304 14:44:46.635535 1364306 ProcessGroupNCCL.cpp:1508] Warning: WARNING: destroy_process_group() was not called before program exit, which can leak resources. For more info, please see https://pytorch.org/docs/stable/distributed.html#shutdown (function operator())
W0304 14:44:46.643739 1418154 ProcessGroupNCCL.cpp:1508] Warning: WARNING: destroy_process_group() was not called before program exit, which can leak resources. For more info, please see https://pytorch.org/docs/stable/distributed.html#shutdown (function operator())
W0304 14:44:46.644915 2008917 ProcessGroupNCCL.cpp:1508] Warning: WARNING: destroy_process_group() was not called before program exit, which can leak resources. For more info, please see https://pytorch.org/docs/stable/distributed.html#shutdown (function operator())
W0304 14:44:46.651943 2024703 ProcessGroupNCCL.cpp:1508] Warning: WARNING: destroy_process_group() was not called before program exit, which can leak resources. For more info, please see https://pytorch.org/docs/stable/distributed.html#shutdown (function operator())
W0304 14:44:46.658247 2118625 ProcessGroupNCCL.cpp:1508] Warning: WARNING: destroy_process_group() was not called before program exit, which can leak resources. For more info, please see https://pytorch.org/docs/stable/distributed.html#shutdown (function operator())
W0304 14:44:46.660573 1907371 ProcessGroupNCCL.cpp:1508] Warning: WARNING: destroy_process_group() was not called before program exit, which can leak resources. For more info, please see https://pytorch.org/docs/stable/distributed.html#shutdown (function operator())
W0304 14:44:46.661936 1947855 ProcessGroupNCCL.cpp:1508] Warning: WARNING: destroy_process_group() was not called before program exit, which can leak resources. For more info, please see https://pytorch.org/docs/stable/distributed.html#shutdown (function operator())
W0304 14:44:46.663110 1419567 ProcessGroupNCCL.cpp:1508] Warning: WARNING: destroy_process_group() was not called before program exit, which can leak resources. For more info, please see https://pytorch.org/docs/stable/distributed.html#shutdown (function operator())
W0304 14:44:46.663282 1411476 ProcessGroupNCCL.cpp:1508] Warning: WARNING: destroy_process_group() was not called before program exit, which can leak resources. For more info, please see https://pytorch.org/docs/stable/distributed.html#shutdown (function operator())
W0304 14:44:46.664371 1919479 ProcessGroupNCCL.cpp:1508] Warning: WARNING: destroy_process_group() was not called before program exit, which can leak resources. For more info, please see https://pytorch.org/docs/stable/distributed.html#shutdown (function operator())
W0304 14:44:46.672786 1947562 ProcessGroupNCCL.cpp:1508] Warning: WARNING: destroy_process_group() was not called before program exit, which can leak resources. For more info, please see https://pytorch.org/docs/stable/distributed.html#shutdown (function operator())
W0304 14:44:46.673105 2141779 ProcessGroupNCCL.cpp:1508] Warning: WARNING: destroy_process_group() was not called before program exit, which can leak resources. For more info, please see https://pytorch.org/docs/stable/distributed.html#shutdown (function operator())
W0304 14:44:46.683969 2152469 ProcessGroupNCCL.cpp:1508] Warning: WARNING: destroy_process_group() was not called before program exit, which can leak resources. For more info, please see https://pytorch.org/docs/stable/distributed.html#shutdown (function operator())
W0304 14:44:46.686517 2117436 ProcessGroupNCCL.cpp:1508] Warning: WARNING: destroy_process_group() was not called before program exit, which can leak resources. For more info, please see https://pytorch.org/docs/stable/distributed.html#shutdown (function operator())
W0304 14:44:46.694198 1992325 ProcessGroupNCCL.cpp:1508] Warning: WARNING: destroy_process_group() was not called before program exit, which can leak resources. For more info, please see https://pytorch.org/docs/stable/distributed.html#shutdown (function operator())
W0304 14:44:46.695963 1919261 ProcessGroupNCCL.cpp:1508] Warning: WARNING: destroy_process_group() was not called before program exit, which can leak resources. For more info, please see https://pytorch.org/docs/stable/distributed.html#shutdown (function operator())
W0304 14:44:46.704047 2150302 ProcessGroupNCCL.cpp:1508] Warning: WARNING: destroy_process_group() was not called before program exit, which can leak resources. For more info, please see https://pytorch.org/docs/stable/distributed.html#shutdown (function operator())
W0304 14:44:46.715094 1891601 ProcessGroupNCCL.cpp:1508] Warning: WARNING: destroy_process_group() was not called before program exit, which can leak resources. For more info, please see https://pytorch.org/docs/stable/distributed.html#shutdown (function operator())
W0304 14:44:46.716442 1893453 ProcessGroupNCCL.cpp:1508] Warning: WARNING: destroy_process_group() was not called before program exit, which can leak resources. For more info, please see https://pytorch.org/docs/stable/distributed.html#shutdown (function operator())
W0304 14:44:46.719401 1949926 ProcessGroupNCCL.cpp:1508] Warning: WARNING: destroy_process_group() was not called before program exit, which can leak resources. For more info, please see https://pytorch.org/docs/stable/distributed.html#shutdown (function operator())
W0304 14:44:46.720100 2148416 ProcessGroupNCCL.cpp:1508] Warning: WARNING: destroy_process_group() was not called before program exit, which can leak resources. For more info, please see https://pytorch.org/docs/stable/distributed.html#shutdown (function operator())
W0304 14:44:46.722713 1947609 ProcessGroupNCCL.cpp:1508] Warning: WARNING: destroy_process_group() was not called before program exit, which can leak resources. For more info, please see https://pytorch.org/docs/stable/distributed.html#shutdown (function operator())
W0304 14:44:46.724694 1948729 ProcessGroupNCCL.cpp:1508] Warning: WARNING: destroy_process_group() was not called before program exit, which can leak resources. For more info, please see https://pytorch.org/docs/stable/distributed.html#shutdown (function operator())
W0304 14:44:46.730901 1925835 ProcessGroupNCCL.cpp:1508] Warning: WARNING: destroy_process_group() was not called before program exit, which can leak resources. For more info, please see https://pytorch.org/docs/stable/distributed.html#shutdown (function operator())
W0304 14:44:46.732040 2150141 ProcessGroupNCCL.cpp:1508] Warning: WARNING: destroy_process_group() was not called before program exit, which can leak resources. For more info, please see https://pytorch.org/docs/stable/distributed.html#shutdown (function operator())
W0304 14:44:46.733315 1845344 ProcessGroupNCCL.cpp:1508] Warning: WARNING: destroy_process_group() was not called before program exit, which can leak resources. For more info, please see https://pytorch.org/docs/stable/distributed.html#shutdown (function operator())
W0304 14:44:46.754709 2222088 ProcessGroupNCCL.cpp:1508] Warning: WARNING: destroy_process_group() was not called before program exit, which can leak resources. For more info, please see https://pytorch.org/docs/stable/distributed.html#shutdown (function operator())
W0304 14:44:46.761225 1872696 ProcessGroupNCCL.cpp:1508] Warning: WARNING: destroy_process_group() was not called before program exit, which can leak resources. For more info, please see https://pytorch.org/docs/stable/distributed.html#shutdown (function operator())
W0304 14:44:46.770556 1909144 ProcessGroupNCCL.cpp:1508] Warning: WARNING: destroy_process_group() was not called before program exit, which can leak resources. For more info, please see https://pytorch.org/docs/stable/distributed.html#shutdown (function operator())
W0304 14:44:46.782262 2147434 ProcessGroupNCCL.cpp:1508] Warning: WARNING: destroy_process_group() was not called before program exit, which can leak resources. For more info, please see https://pytorch.org/docs/stable/distributed.html#shutdown (function operator())
W0304 14:44:46.785452 1838014 ProcessGroupNCCL.cpp:1508] Warning: WARNING: destroy_process_group() was not called before program exit, which can leak resources. For more info, please see https://pytorch.org/docs/stable/distributed.html#shutdown (function operator())
W0304 14:44:46.790772 1968388 ProcessGroupNCCL.cpp:1508] Warning: WARNING: destroy_process_group() was not called before program exit, which can leak resources. For more info, please see https://pytorch.org/docs/stable/distributed.html#shutdown (function operator())
W0304 14:44:46.813053 1963729 ProcessGroupNCCL.cpp:1508] Warning: WARNING: destroy_process_group() was not called before program exit, which can leak resources. For more info, please see https://pytorch.org/docs/stable/distributed.html#shutdown (function operator())
W0304 14:44:46.814531 1909009 ProcessGroupNCCL.cpp:1508] Warning: WARNING: destroy_process_group() was not called before program exit, which can leak resources. For more info, please see https://pytorch.org/docs/stable/distributed.html#shutdown (function operator())
W0304 14:44:46.817497 1762475 ProcessGroupNCCL.cpp:1508] Warning: WARNING: destroy_process_group() was not called before program exit, which can leak resources. For more info, please see https://pytorch.org/docs/stable/distributed.html#shutdown (function operator())
W0304 14:44:46.817559 1945479 ProcessGroupNCCL.cpp:1508] Warning: WARNING: destroy_process_group() was not called before program exit, which can leak resources. For more info, please see https://pytorch.org/docs/stable/distributed.html#shutdown (function operator())
W0304 14:44:46.823441 1944372 ProcessGroupNCCL.cpp:1508] Warning: WARNING: destroy_process_group() was not called before program exit, which can leak resources. For more info, please see https://pytorch.org/docs/stable/distributed.html#shutdown (function operator())
W0304 14:44:46.880935 1943873 ProcessGroupNCCL.cpp:1508] Warning: WARNING: destroy_process_group() was not called before program exit, which can leak resources. For more info, please see https://pytorch.org/docs/stable/distributed.html#shutdown (function operator())
