libnuma: Warning: node argument 2 is out of range

usage: numactl [--all | -a] [--balancing | -b] [--interleave= | -i <nodes>]
		[--preferred= | -p <node>] [--preferred-many= | -P <nodes>]
               [--physcpubind= | -C <cpus>] [--cpunodebind= | -N <nodes>]
               [--membind= | -m <nodes>] [--localalloc | -l] command args ...
               [--localalloc | -l] command args ...
       numactl [--show | -s]
       numactl [--hardware | -H] [--cpu-compress]
       numactl [--version]
       numactl [--length | -L <length>] [--offset | -o <offset>] [--shmmode | -M <shmmode>]
               [--strict | -t]
               [--shmid | -I <id>] --shm | -S <shmkeyfile>
               [--shmid | -I <id>] --file | -f <tmpfsfile>
               [--huge | -u] [--touch | -T] 
               memory policy [--dump | -d] [--dump-nodes | -D]

memory policy is --interleave | -i, --preferred | -p, --membind | -m, --localalloc | -l
<nodes> is a comma delimited list of node numbers or A-B ranges or all.
Instead of a number a node can also be:
  netdev:DEV the node connected to network device DEV
  file:PATH  the node the block device of path is connected to
  ip:HOST    the node of the network device host routes through
  block:PATH the node of block device path
  pci:[seg:]bus:dev[:func] The node of a PCI device
<cpus> is a comma delimited list of cpu numbers or A-B ranges or all
all ranges can be inverted with !
all numbers and ranges can be made cpuset-relative with +
the old --cpubind argument is deprecated.
use --cpunodebind or --physcpubind instead
use --balancing | -b to enable Linux kernel NUMA balancing
for the process if it is supported by kernel
<length> can have g (GB), m (MB) or k (KB) suffixes
<2> is invalid
usage: numactl [--all | -a] [--balancing | -b] [--interleave= | -i <nodes>]
		[--preferred= | -p <node>] [--preferred-many= | -P <nodes>]
               [--physcpubind= | -C <cpus>] [--cpunodebind= | -N <nodes>]
               [--membind= | -m <nodes>] [--localalloc | -l] command args ...
               [--localalloc | -l] command args ...
       numactl [--show | -s]
       numactl [--hardware | -H] [--cpu-compress]
       numactl [--version]
       numactl [--length | -L <length>] [--offset | -o <offset>] [--shmmode | -M <shmmode>]
               [--strict | -t]
               [--shmid | -I <id>] --shm | -S <shmkeyfile>
               [--shmid | -I <id>] --file | -f <tmpfsfile>
               [--huge | -u] [--touch | -T] 
               memory policy [--dump | -d] [--dump-nodes | -D]

memory policy is --interleave | -i, --preferred | -p, --membind | -m, --localalloc | -l
<nodes> is a comma delimited list of node numbers or A-B ranges or all.
Instead of a number a node can also be:
  netdev:DEV the node connected to network device DEV
  file:PATH  the node the block device of path is connected to
  ip:HOST    the node of the network device host routes through
  block:PATH the node of block device path
  pci:[seg:]bus:dev[:func] The node of a PCI device
<cpus> is a comma delimited list of cpu numbers or A-B ranges or all
all ranges can be inverted with !
all numbers and ranges can be made cpuset-relative with +
the old --cpubind argument is deprecated.
use --cpunodebind or --physcpubind instead
use --balancing | -b to enable Linux kernel NUMA balancing
for the process if it is supported by kernel
<length> can have g (GB), m (MB) or k (KB) suffixes
libnuma: Warning: node argument 7 is out of range

usage: numactl [--all | -a] [--balancing | -b] [--interleave= | -i <nodes>]
		[--preferred= | -p <node>] [--preferred-many= | -P <nodes>]
               [--physcpubind= | -C <cpus>] [--cpunodebind= | -N <nodes>]
               [--membind= | -m <nodes>] [--localalloc | -l] command args ...
               [--localalloc | -l] command args ...
       numactl [--show | -s]
       numactl [--hardware | -H] [--cpu-compress]
       numactl [--version]
       numactl [--length | -L <length>] [--offset | -o <offset>] [--shmmode | -M <shmmode>]
               [--strict | -t]
               [--shmid | -I <id>] --shm | -S <shmkeyfile>
               [--shmid | -I <id>] --file | -f <tmpfsfile>
               [--huge | -u] [--touch | -T] 
               memory policy [--dump | -d] [--dump-nodes | -D]

memory policy is --interleave | -i, --preferred | -p, --membind | -m, --localalloc | -l
<nodes> is a comma delimited list of node numbers or A-B ranges or all.
Instead of a number a node can also be:
  netdev:DEV the node connected to network device DEV
  file:PATH  the node the block device of path is connected to
  ip:HOST    the node of the network device host routes through
  block:PATH the node of block device path
  pci:[seg:]bus:dev[:func] The node of a PCI device
<cpus> is a comma delimited list of cpu numbers or A-B ranges or all
all ranges can be inverted with !
all numbers and ranges can be made cpuset-relative with +
the old --cpubind argument is deprecated.
use --cpunodebind or --physcpubind instead
use --balancing | -b to enable Linux kernel NUMA balancing
for the process if it is supported by kernel
<length> can have g (GB), m (MB) or k (KB) suffixes
<7> is invalid
libnuma: Warning: node argument 3 is out of range

usage: numactl [--all | -a] [--balancing | -b] [--interleave= | -i <nodes>]
		[--preferred= | -p <node>] [--preferred-many= | -P <nodes>]
               [--physcpubind= | -C <cpus>] [--cpunodebind= | -N <nodes>]
               [--membind= | -m <nodes>] [--localalloc | -l] command args ...
               [--localalloc | -l] command args ...
       numactl [--show | -s]
       numactl [--hardware | -H] [--cpu-compress]
       numactl [--version]
       numactl [--length | -L <length>] [--offset | -o <offset>] [--shmmode | -M <shmmode>]
               [--strict | -t]
               [--shmid | -I <id>] --shm | -S <shmkeyfile>
               [--shmid | -I <id>] --file | -f <tmpfsfile>
               [--huge | -u] [--touch | -T] 
               memory policy [--dump | -d] [--dump-nodes | -D]

memory policy is --interleave | -i, --preferred | -p, --membind | -m, --localalloc | -l
<nodes> is a comma delimited list of node numbers or A-B ranges or all.
Instead of a number a node can also be:
  netdev:DEV the node connected to network device DEV
  file:PATH  the node the block device of path is connected to
  ip:HOST    the node of the network device host routes through
  block:PATH the node of block device path
  pci:[seg:]bus:dev[:func] The node of a PCI device
<cpus> is a comma delimited list of cpu numbers or A-B ranges or all
all ranges can be inverted with !
all numbers and ranges can be made cpuset-relative with +
the old --cpubind argument is deprecated.
use --cpunodebind or --physcpubind instead
use --balancing | -b to enable Linux kernel NUMA balancing
for the process if it is supported by kernel
<length> can have g (GB), m (MB) or k (KB) suffixes
<3> is invalid
libnuma: Warning: node argument 6 is out of range

usage: numactl [--all | -a] [--balancing | -b] [--interleave= | -i <nodes>]
		[--preferred= | -p <node>] [--preferred-many= | -P <nodes>]
               [--physcpubind= | -C <cpus>] [--cpunodebind= | -N <nodes>]
               [--membind= | -m <nodes>] [--localalloc | -l] command args ...
               [--localalloc | -l] command args ...
       numactl [--show | -s]
       numactl [--hardware | -H] [--cpu-compress]
       numactl [--version]
       numactl [--length | -L <length>] [--offset | -o <offset>] [--shmmode | -M <shmmode>]
               [--strict | -t]
               [--shmid | -I <id>] --shm | -S <shmkeyfile>
               [--shmid | -I <id>] --file | -f <tmpfsfile>
               [--huge | -u] [--touch | -T] 
               memory policy [--dump | -d] [--dump-nodes | -D]

memory policy is --interleave | -i, --preferred | -p, --membind | -m, --localalloc | -l
<nodes> is a comma delimited list of node numbers or A-B ranges or all.
Instead of a number a node can also be:
  netdev:DEV the node connected to network device DEV
  file:PATH  the node the block device of path is connected to
  ip:HOST    the node of the network device host routes through
  block:PATH the node of block device path
  pci:[seg:]bus:dev[:func] The node of a PCI device
<cpus> is a comma delimited list of cpu numbers or A-B ranges or all
all ranges can be inverted with !
all numbers and ranges can be made cpuset-relative with +
the old --cpubind argument is deprecated.
use --cpunodebind or --physcpubind instead
use --balancing | -b to enable Linux kernel NUMA balancing
for the process if it is supported by kernel
<length> can have g (GB), m (MB) or k (KB) suffixes
<6> is invalid
libnuma: Warning: node argument 5 is out of range

usage: numactl [--all | -a] [--balancing | -b] [--interleave= | -i <nodes>]
		[--preferred= | -p <node>] [--preferred-many= | -P <nodes>]
               [--physcpubind= | -C <cpus>] [--cpunodebind= | -N <nodes>]
               [--membind= | -m <nodes>] [--localalloc | -l] command args ...
               [--localalloc | -l] command args ...
       numactl [--show | -s]
       numactl [--hardware | -H] [--cpu-compress]
       numactl [--version]
       numactl [--length | -L <length>] [--offset | -o <offset>] [--shmmode | -M <shmmode>]
               [--strict | -t]
               [--shmid | -I <id>] --shm | -S <shmkeyfile>
               [--shmid | -I <id>] --file | -f <tmpfsfile>
               [--huge | -u] [--touch | -T] 
               memory policy [--dump | -d] [--dump-nodes | -D]

memory policy is --interleave | -i, --preferred | -p, --membind | -m, --localalloc | -l
<nodes> is a comma delimited list of node numbers or A-B ranges or all.
Instead of a number a node can also be:
  netdev:DEV the node connected to network device DEV
  file:PATH  the node the block device of path is connected to
  ip:HOST    the node of the network device host routes through
  block:PATH the node of block device path
  pci:[seg:]bus:dev[:func] The node of a PCI device
<cpus> is a comma delimited list of cpu numbers or A-B ranges or all
all ranges can be inverted with !
all numbers and ranges can be made cpuset-relative with +
the old --cpubind argument is deprecated.
use --cpunodebind or --physcpubind instead
use --balancing | -b to enable Linux kernel NUMA balancing
for the process if it is supported by kernel
<length> can have g (GB), m (MB) or k (KB) suffixes
<5> is invalid
libnuma: Warning: node argument 4 is out of range

usage: numactl [--all | -a] [--balancing | -b] [--interleave= | -i <nodes>]
		[--preferred= | -p <node>] [--preferred-many= | -P <nodes>]
               [--physcpubind= | -C <cpus>] [--cpunodebind= | -N <nodes>]
               [--membind= | -m <nodes>] [--localalloc | -l] command args ...
               [--localalloc | -l] command args ...
       numactl [--show | -s]
       numactl [--hardware | -H] [--cpu-compress]
       numactl [--version]
       numactl [--length | -L <length>] [--offset | -o <offset>] [--shmmode | -M <shmmode>]
               [--strict | -t]
               [--shmid | -I <id>] --shm | -S <shmkeyfile>
               [--shmid | -I <id>] --file | -f <tmpfsfile>
               [--huge | -u] [--touch | -T] 
               memory policy [--dump | -d] [--dump-nodes | -D]

memory policy is --interleave | -i, --preferred | -p, --membind | -m, --localalloc | -l
<nodes> is a comma delimited list of node numbers or A-B ranges or all.
Instead of a number a node can also be:
  netdev:DEV the node connected to network device DEV
  file:PATH  the node the block device of path is connected to
  ip:HOST    the node of the network device host routes through
  block:PATH the node of block device path
  pci:[seg:]bus:dev[:func] The node of a PCI device
<cpus> is a comma delimited list of cpu numbers or A-B ranges or all
all ranges can be inverted with !
all numbers and ranges can be made cpuset-relative with +
the old --cpubind argument is deprecated.
use --cpunodebind or --physcpubind instead
use --balancing | -b to enable Linux kernel NUMA balancing
for the process if it is supported by kernel
<length> can have g (GB), m (MB) or k (KB) suffixes
<4> is invalid
usage: numactl [--all | -a] [--balancing | -b] [--interleave= | -i <nodes>]
		[--preferred= | -p <node>] [--preferred-many= | -P <nodes>]
               [--physcpubind= | -C <cpus>] [--cpunodebind= | -N <nodes>]
               [--membind= | -m <nodes>] [--localalloc | -l] command args ...
               [--localalloc | -l] command args ...
       numactl [--show | -s]
       numactl [--hardware | -H] [--cpu-compress]
       numactl [--version]
       numactl [--length | -L <length>] [--offset | -o <offset>] [--shmmode | -M <shmmode>]
               [--strict | -t]
               [--shmid | -I <id>] --shm | -S <shmkeyfile>
               [--shmid | -I <id>] --file | -f <tmpfsfile>
               [--huge | -u] [--touch | -T] 
               memory policy [--dump | -d] [--dump-nodes | -D]

memory policy is --interleave | -i, --preferred | -p, --membind | -m, --localalloc | -l
<nodes> is a comma delimited list of node numbers or A-B ranges or all.
Instead of a number a node can also be:
  netdev:DEV the node connected to network device DEV
  file:PATH  the node the block device of path is connected to
  ip:HOST    the node of the network device host routes through
  block:PATH the node of block device path
  pci:[seg:]bus:dev[:func] The node of a PCI device
<cpus> is a comma delimited list of cpu numbers or A-B ranges or all
all ranges can be inverted with !
all numbers and ranges can be made cpuset-relative with +
the old --cpubind argument is deprecated.
use --cpunodebind or --physcpubind instead
use --balancing | -b to enable Linux kernel NUMA balancing
for the process if it is supported by kernel
<length> can have g (GB), m (MB) or k (KB) suffixes
/usr/local/lib/python3.12/dist-packages/torch/library.py:357: UserWarning: Warning only once for all operators,  other operators may also be overridden.
  Overriding a previously registered kernel for the same operator and the same dispatch key
  operator: flash_attn::_flash_attn_backward(Tensor dout, Tensor q, Tensor k, Tensor v, Tensor out, Tensor softmax_lse, Tensor(a6!)? dq, Tensor(a7!)? dk, Tensor(a8!)? dv, float dropout_p, float softmax_scale, bool causal, SymInt window_size_left, SymInt window_size_right, float softcap, Tensor? alibi_slopes, bool deterministic, Tensor? rng_state=None) -> Tensor
    registered at /usr/local/lib/python3.12/dist-packages/torch/_library/custom_ops.py:926
  dispatch key: ADInplaceOrView
  previous kernel: no debug info
       new kernel: registered at /usr/local/lib/python3.12/dist-packages/torch/_library/custom_ops.py:926 (Triggered internally at /opt/pytorch/pytorch/aten/src/ATen/core/dispatch/OperatorEntry.cpp:208.)
  self.m.impl(
/usr/local/lib/python3.12/dist-packages/torch/library.py:357: UserWarning: Warning only once for all operators,  other operators may also be overridden.
  Overriding a previously registered kernel for the same operator and the same dispatch key
  operator: flash_attn::_flash_attn_backward(Tensor dout, Tensor q, Tensor k, Tensor v, Tensor out, Tensor softmax_lse, Tensor(a6!)? dq, Tensor(a7!)? dk, Tensor(a8!)? dv, float dropout_p, float softmax_scale, bool causal, SymInt window_size_left, SymInt window_size_right, float softcap, Tensor? alibi_slopes, bool deterministic, Tensor? rng_state=None) -> Tensor
    registered at /usr/local/lib/python3.12/dist-packages/torch/_library/custom_ops.py:926
  dispatch key: ADInplaceOrView
  previous kernel: no debug info
       new kernel: registered at /usr/local/lib/python3.12/dist-packages/torch/_library/custom_ops.py:926 (Triggered internally at /opt/pytorch/pytorch/aten/src/ATen/core/dispatch/OperatorEntry.cpp:208.)
  self.m.impl(
/usr/local/lib/python3.12/dist-packages/torch/library.py:357: UserWarning: Warning only once for all operators,  other operators may also be overridden.
  Overriding a previously registered kernel for the same operator and the same dispatch key
  operator: flash_attn::_flash_attn_backward(Tensor dout, Tensor q, Tensor k, Tensor v, Tensor out, Tensor softmax_lse, Tensor(a6!)? dq, Tensor(a7!)? dk, Tensor(a8!)? dv, float dropout_p, float softmax_scale, bool causal, SymInt window_size_left, SymInt window_size_right, float softcap, Tensor? alibi_slopes, bool deterministic, Tensor? rng_state=None) -> Tensor
    registered at /usr/local/lib/python3.12/dist-packages/torch/_library/custom_ops.py:926
  dispatch key: ADInplaceOrView
  previous kernel: no debug info
       new kernel: registered at /usr/local/lib/python3.12/dist-packages/torch/_library/custom_ops.py:926 (Triggered internally at /opt/pytorch/pytorch/aten/src/ATen/core/dispatch/OperatorEntry.cpp:208.)
  self.m.impl(
/usr/local/lib/python3.12/dist-packages/torch/library.py:357: UserWarning: Warning only once for all operators,  other operators may also be overridden.
  Overriding a previously registered kernel for the same operator and the same dispatch key
  operator: flash_attn::_flash_attn_backward(Tensor dout, Tensor q, Tensor k, Tensor v, Tensor out, Tensor softmax_lse, Tensor(a6!)? dq, Tensor(a7!)? dk, Tensor(a8!)? dv, float dropout_p, float softmax_scale, bool causal, SymInt window_size_left, SymInt window_size_right, float softcap, Tensor? alibi_slopes, bool deterministic, Tensor? rng_state=None) -> Tensor
    registered at /usr/local/lib/python3.12/dist-packages/torch/_library/custom_ops.py:926
  dispatch key: ADInplaceOrView
  previous kernel: no debug info
       new kernel: registered at /usr/local/lib/python3.12/dist-packages/torch/_library/custom_ops.py:926 (Triggered internally at /opt/pytorch/pytorch/aten/src/ATen/core/dispatch/OperatorEntry.cpp:208.)
  self.m.impl(
/usr/local/lib/python3.12/dist-packages/torch/library.py:357: UserWarning: Warning only once for all operators,  other operators may also be overridden.
  Overriding a previously registered kernel for the same operator and the same dispatch key
  operator: flash_attn::_flash_attn_backward(Tensor dout, Tensor q, Tensor k, Tensor v, Tensor out, Tensor softmax_lse, Tensor(a6!)? dq, Tensor(a7!)? dk, Tensor(a8!)? dv, float dropout_p, float softmax_scale, bool causal, SymInt window_size_left, SymInt window_size_right, float softcap, Tensor? alibi_slopes, bool deterministic, Tensor? rng_state=None) -> Tensor
    registered at /usr/local/lib/python3.12/dist-packages/torch/_library/custom_ops.py:926
  dispatch key: ADInplaceOrView
  previous kernel: no debug info
       new kernel: registered at /usr/local/lib/python3.12/dist-packages/torch/_library/custom_ops.py:926 (Triggered internally at /opt/pytorch/pytorch/aten/src/ATen/core/dispatch/OperatorEntry.cpp:208.)
  self.m.impl(
/usr/local/lib/python3.12/dist-packages/torch/library.py:357: UserWarning: Warning only once for all operators,  other operators may also be overridden.
  Overriding a previously registered kernel for the same operator and the same dispatch key
  operator: flash_attn::_flash_attn_backward(Tensor dout, Tensor q, Tensor k, Tensor v, Tensor out, Tensor softmax_lse, Tensor(a6!)? dq, Tensor(a7!)? dk, Tensor(a8!)? dv, float dropout_p, float softmax_scale, bool causal, SymInt window_size_left, SymInt window_size_right, float softcap, Tensor? alibi_slopes, bool deterministic, Tensor? rng_state=None) -> Tensor
    registered at /usr/local/lib/python3.12/dist-packages/torch/_library/custom_ops.py:926
  dispatch key: ADInplaceOrView
  previous kernel: no debug info
       new kernel: registered at /usr/local/lib/python3.12/dist-packages/torch/_library/custom_ops.py:926 (Triggered internally at /opt/pytorch/pytorch/aten/src/ATen/core/dispatch/OperatorEntry.cpp:208.)
  self.m.impl(
/usr/local/lib/python3.12/dist-packages/torch/library.py:357: UserWarning: Warning only once for all operators,  other operators may also be overridden.
  Overriding a previously registered kernel for the same operator and the same dispatch key
  operator: flash_attn::_flash_attn_backward(Tensor dout, Tensor q, Tensor k, Tensor v, Tensor out, Tensor softmax_lse, Tensor(a6!)? dq, Tensor(a7!)? dk, Tensor(a8!)? dv, float dropout_p, float softmax_scale, bool causal, SymInt window_size_left, SymInt window_size_right, float softcap, Tensor? alibi_slopes, bool deterministic, Tensor? rng_state=None) -> Tensor
    registered at /usr/local/lib/python3.12/dist-packages/torch/_library/custom_ops.py:926
  dispatch key: ADInplaceOrView
  previous kernel: no debug info
       new kernel: registered at /usr/local/lib/python3.12/dist-packages/torch/_library/custom_ops.py:926 (Triggered internally at /opt/pytorch/pytorch/aten/src/ATen/core/dispatch/OperatorEntry.cpp:208.)
  self.m.impl(
/usr/local/lib/python3.12/dist-packages/torch/library.py:357: UserWarning: Warning only once for all operators,  other operators may also be overridden.
  Overriding a previously registered kernel for the same operator and the same dispatch key
  operator: flash_attn::_flash_attn_backward(Tensor dout, Tensor q, Tensor k, Tensor v, Tensor out, Tensor softmax_lse, Tensor(a6!)? dq, Tensor(a7!)? dk, Tensor(a8!)? dv, float dropout_p, float softmax_scale, bool causal, SymInt window_size_left, SymInt window_size_right, float softcap, Tensor? alibi_slopes, bool deterministic, Tensor? rng_state=None) -> Tensor
    registered at /usr/local/lib/python3.12/dist-packages/torch/_library/custom_ops.py:926
  dispatch key: ADInplaceOrView
  previous kernel: no debug info
       new kernel: registered at /usr/local/lib/python3.12/dist-packages/torch/_library/custom_ops.py:926 (Triggered internally at /opt/pytorch/pytorch/aten/src/ATen/core/dispatch/OperatorEntry.cpp:208.)
  self.m.impl(
/usr/local/lib/python3.12/dist-packages/modelopt/torch/__init__.py:36: UserWarning: transformers version 5.11.0 is not tested with nvidia-modelopt and may cause issues. Please install recommended version with `pip install nvidia-modelopt[hf]` if working with HF models.
  _warnings.warn(
/usr/local/lib/python3.12/dist-packages/modelopt/torch/__init__.py:36: UserWarning: transformers version 5.11.0 is not tested with nvidia-modelopt and may cause issues. Please install recommended version with `pip install nvidia-modelopt[hf]` if working with HF models.
  _warnings.warn(
/usr/local/lib/python3.12/dist-packages/modelopt/torch/__init__.py:36: UserWarning: transformers version 5.11.0 is not tested with nvidia-modelopt and may cause issues. Please install recommended version with `pip install nvidia-modelopt[hf]` if working with HF models.
  _warnings.warn(
/usr/local/lib/python3.12/dist-packages/modelopt/torch/__init__.py:36: UserWarning: transformers version 5.11.0 is not tested with nvidia-modelopt and may cause issues. Please install recommended version with `pip install nvidia-modelopt[hf]` if working with HF models.
  _warnings.warn(
/usr/local/lib/python3.12/dist-packages/modelopt/torch/__init__.py:36: UserWarning: transformers version 5.11.0 is not tested with nvidia-modelopt and may cause issues. Please install recommended version with `pip install nvidia-modelopt[hf]` if working with HF models.
  _warnings.warn(
/usr/local/lib/python3.12/dist-packages/modelopt/torch/__init__.py:36: UserWarning: transformers version 5.11.0 is not tested with nvidia-modelopt and may cause issues. Please install recommended version with `pip install nvidia-modelopt[hf]` if working with HF models.
  _warnings.warn(
/usr/local/lib/python3.12/dist-packages/modelopt/torch/__init__.py:36: UserWarning: transformers version 5.11.0 is not tested with nvidia-modelopt and may cause issues. Please install recommended version with `pip install nvidia-modelopt[hf]` if working with HF models.
  _warnings.warn(
/usr/local/lib/python3.12/dist-packages/modelopt/torch/__init__.py:36: UserWarning: transformers version 5.11.0 is not tested with nvidia-modelopt and may cause issues. Please install recommended version with `pip install nvidia-modelopt[hf]` if working with HF models.
  _warnings.warn(
/workspace/dcu_megatron/hcu_megatron/core/extensions/transformer_engine.py:20: UserWarning: Failed to import primus.backends.transformer_engine.pytorch.triton.permutation
  warnings.warn(f"Failed to import primus.backends.transformer_engine.pytorch.triton.permutation")
/workspace/dcu_megatron/hcu_megatron/core/extensions/transformer_engine.py:20: UserWarning: Failed to import primus.backends.transformer_engine.pytorch.triton.permutation
  warnings.warn(f"Failed to import primus.backends.transformer_engine.pytorch.triton.permutation")
/workspace/dcu_megatron/hcu_megatron/core/extensions/transformer_engine.py:20: UserWarning: Failed to import primus.backends.transformer_engine.pytorch.triton.permutation
  warnings.warn(f"Failed to import primus.backends.transformer_engine.pytorch.triton.permutation")
/workspace/dcu_megatron/hcu_megatron/core/extensions/transformer_engine.py:20: UserWarning: Failed to import primus.backends.transformer_engine.pytorch.triton.permutation
  warnings.warn(f"Failed to import primus.backends.transformer_engine.pytorch.triton.permutation")
/workspace/dcu_megatron/hcu_megatron/core/extensions/transformer_engine.py:20: UserWarning: Failed to import primus.backends.transformer_engine.pytorch.triton.permutation
  warnings.warn(f"Failed to import primus.backends.transformer_engine.pytorch.triton.permutation")
/workspace/dcu_megatron/hcu_megatron/legacy/model/rms_norm.py:7: UserWarning: lightop is not installed.
  warnings.warn('lightop is not installed.')
/workspace/dcu_megatron/hcu_megatron/legacy/model/rms_norm.py:7: UserWarning: lightop is not installed.
  warnings.warn('lightop is not installed.')
/workspace/dcu_megatron/hcu_megatron/legacy/model/rms_norm.py:7: UserWarning: lightop is not installed.
  warnings.warn('lightop is not installed.')
/workspace/dcu_megatron/hcu_megatron/legacy/model/rms_norm.py:7: UserWarning: lightop is not installed.
  warnings.warn('lightop is not installed.')
/workspace/dcu_megatron/hcu_megatron/legacy/model/rms_norm.py:7: UserWarning: lightop is not installed.
  warnings.warn('lightop is not installed.')
/workspace/dcu_megatron/hcu_megatron/core/extensions/transformer_engine.py:20: UserWarning: Failed to import primus.backends.transformer_engine.pytorch.triton.permutation
  warnings.warn(f"Failed to import primus.backends.transformer_engine.pytorch.triton.permutation")
/workspace/dcu_megatron/hcu_megatron/core/extensions/transformer_engine.py:20: UserWarning: Failed to import primus.backends.transformer_engine.pytorch.triton.permutation
  warnings.warn(f"Failed to import primus.backends.transformer_engine.pytorch.triton.permutation")
/workspace/dcu_megatron/hcu_megatron/legacy/model/rms_norm.py:7: UserWarning: lightop is not installed.
  warnings.warn('lightop is not installed.')
/workspace/dcu_megatron/hcu_megatron/legacy/model/rms_norm.py:7: UserWarning: lightop is not installed.
  warnings.warn('lightop is not installed.')
/workspace/dcu_megatron/hcu_megatron/core/extensions/transformer_engine.py:20: UserWarning: Failed to import primus.backends.transformer_engine.pytorch.triton.permutation
  warnings.warn(f"Failed to import primus.backends.transformer_engine.pytorch.triton.permutation")
/workspace/dcu_megatron/hcu_megatron/legacy/model/rms_norm.py:7: UserWarning: lightop is not installed.
  warnings.warn('lightop is not installed.')
using world size: 8, data-parallel size: 2, context-parallel size: 1, hierarchical context-parallel sizes: None, tensor-model-parallel size: 2, pipeline-model-parallel size: 2
/workspace/dcu_megatron/Megatron-LM/megatron/training/utils.py:412: UserWarning: Overriding default arguments for tokenizer_type:GPT2BPETokenizer with tokenizer_type:HuggingFaceTokenizer
  warnings.warn(message)
WARNING: Setting args.overlap_p2p_comm and args.align_param_gather to False since non-interleaved schedule does not support overlapping p2p communication and aligned param AG
Number of virtual stages per pipeline stage: None
accumulate and all-reduce gradients in fp32 for bfloat16 data type.
using torch.bfloat16 for parameters ...
/workspace/dcu_megatron/Megatron-LM/megatron/training/utils.py:412: UserWarning: --tokenizer-hf-use-fast argument is deprecated and will be removed soon. `use_fast` is set to True by default for HF tokenizers.Use --tokenizer-hf-no-use-fast if you want to disable `use_fast`.
  warnings.warn(message)
/workspace/dcu_megatron/Megatron-LM/megatron/training/utils.py:412: UserWarning: --tokenizer-hf-include-special-tokens argument is deprecated and will be removed soon. `include_special_tokens` is set to True by default for HF tokenizers.Use --tokenizer-hf-no-include-special-tokens if you want to disable `include_special_tokens`.
  warnings.warn(message)
------------------------ arguments ------------------------
  account_for_embedding_in_pipeline_split ......... False
  account_for_loss_in_pipeline_split .............. False
  accumulate_allreduce_grads_in_fp32 .............. True
  activation_func_clamp_value ..................... None
  adam_beta1 ...................................... 0.9
  adam_beta2 ...................................... 0.95
  adam_eps ........................................ 1e-08
  add_bias_linear ................................. False
  add_position_embedding .......................... True
  add_qkv_bias .................................... False
  adlr_autoresume ................................. False
  adlr_autoresume_interval ........................ 1000
  align_grad_reduce ............................... True
  align_param_gather .............................. False
  allow_ambiguous_pad_tokens ...................... False
  app_tag_run_name ................................ None
  app_tag_run_version ............................. 0.0.0
  apply_query_key_layer_scaling ................... False
  apply_residual_connection_post_layernorm ........ False
  apply_rope_fusion ............................... True
  apply_wd_to_qk_layernorm ........................ False
  async_ckpt_cpu_priority ......................... 10
  async_ckpt_io_priority .......................... 3
  async_save ...................................... False
  async_strategy .................................. nvrx
  attention_backend ............................... AttnBackend.auto
  attention_dropout ............................... 0.0
  attention_output_gate ........................... False
  attention_softmax_in_fp32 ....................... False
  auto_detect_ckpt_format ......................... False
  barrier_with_L1_time ............................ True
  batch_invariant_mode ............................ False
  bert_binary_head ................................ True
  bert_embedder_type .............................. megatron
  bert_load ....................................... None
  bf16 ............................................ True
  bias_dropout_fusion ............................. True
  bias_gelu_fusion ................................ False
  bias_swiglu_fusion .............................. True
  biencoder_projection_dim ........................ 0
  biencoder_shared_query_context_model ............ False
  block_data_path ................................. None
  bridge_hf_model ................................. /workspace/HuggingFace_model_config/qwen3vl/qwen3vl-32b
  cache_mla_latents ............................... False
  calc_ft_timeouts ................................ False
  calculate_per_token_loss ........................ False
  check_for_large_grads ........................... False
  check_for_nan_in_loss_and_grad .................. True
  check_for_spiky_loss ............................ False
  check_weight_hash_across_dp_replicas_interval ... None
  ckpt_assume_constant_structure .................. False
  ckpt_convert_format ............................. None
  ckpt_convert_save ............................... None
  ckpt_convert_update_legacy_dist_opt_format ...... False
  ckpt_format ..................................... torch
  ckpt_fully_parallel_load ........................ False
  ckpt_fully_parallel_load_exchange_algo .......... broadcast
  ckpt_fully_parallel_load_process_group .......... dp
  ckpt_fully_parallel_save ........................ True
  ckpt_fully_parallel_save_deprecated ............. False
  ckpt_fully_parallel_save_process_group .......... dp
  ckpt_step ....................................... None
  classes_fraction ................................ 1.0
  clip_grad ....................................... 1.0
  clone_scatter_output_in_embedding ............... True
  collect_log_path ................................ ./logs
  comm_time_log_iter .............................. None
  config_logger_dir ............................... 
  consumed_train_samples .......................... 0
  consumed_valid_samples .......................... 0
  context_parallel_size ........................... 1
  cp_comm_type .................................... ['p2p']
  cpu_offloading_num_layers ....................... 0
  cpu_offloading_retain_pinned_cpu_buffers ........ False
  create_all_gather_group ......................... False
  create_attention_mask_in_dataloader ............. True
  cross_entropy_fusion_impl ....................... native
  cross_entropy_loss_fusion ....................... False
  cuda_graph_impl ................................. none
  cuda_graph_scope ................................ []
  cuda_graph_warmup_steps ......................... 3
  data_args_path .................................. None
  data_cache_path ................................. None
  data_parallel_random_init ....................... False
  data_parallel_sharding_strategy ................. no_shard
  data_parallel_size .............................. 2
  data_path ....................................... None
  data_per_class_fraction ......................... 1.0
  data_sharding ................................... True
  dataloader_defer_npy_index_mmap ................. False
  dataloader_fast_cache_load ...................... False
  dataloader_type ................................. external
  ddp_average_in_collective ....................... True
  ddp_bucket_size ................................. None
  ddp_num_buckets ................................. None
  ddp_pad_buckets_for_high_nccl_busbw ............. False
  ddp_param_name_patterns_for_fp32_local_accumulation  []
  ddp_reduce_scatter_with_fp32_accumulation ....... False
  decode_only_cuda_graphs ......................... False
  decoder_first_pipeline_num_layers ............... None
  decoder_last_pipeline_num_layers ................ None
  decoder_num_layers .............................. None
  decoder_seq_length .............................. None
  decoupled_lr .................................... None
  decoupled_min_lr ................................ None
  decrease_batch_size_if_needed ................... False
  defer_embedding_wgrad_compute ................... False
  delay_1f1b_cooldown_wgrad_compute ............... False
  delay_wgrad_compute ............................. False
  deprecated_use_mcore_models ..................... True
  deterministic_mode .............................. False
  dino_bottleneck_size ............................ 256
  dino_freeze_last_layer .......................... 1
  dino_head_hidden_size ........................... 2048
  dino_local_crops_number ......................... 10
  dino_local_img_size ............................. 96
  dino_norm_last_layer ............................ False
  dino_teacher_temp ............................... 0.07
  dino_warmup_teacher_temp ........................ 0.04
  dino_warmup_teacher_temp_epochs ................. 30
  disable_backward_fusion ......................... False
  disable_bf16_reduced_precision_matmul ........... False
  disable_jit_fuser ............................... False
  disable_straggler_on_startup .................... False
  disable_symmetric_registration .................. False
  dist_ckpt_format_deprecated ..................... None
  dist_ckpt_optim_fully_reshardable ............... False
  dist_ckpt_save_pre_mcore_014 .................... False
  dist_ckpt_strictness ............................ assume_ok_unexpected
  dist_ckpt_workers ............................... 1
  dist_url ........................................ tcp://10.55.55.102:25900
  distrib_optim_fully_reshardable_mem_efficient ... False
  distribute_saved_activations .................... False
  distributed_backend ............................. nccl
  distributed_timeout_minutes ..................... 10
  distributed_timeout_seconds_after_init .......... None
  dsa_indexer_head_dim ............................ None
  dsa_indexer_loss_coeff .......................... None
  dsa_indexer_n_heads ............................. None
  dsa_indexer_topk ................................ None
  dsa_indexer_use_sparse_loss ..................... False
  dump_param_to_param_group_map ................... None
  embedding_init_method_std ....................... None
  embedding_path .................................. None
  empty_unused_memory_level ....................... 0
  enable_a2a_overlap_only_in_1f1b_phase ........... False
  enable_bw_flux_gemmrs_op ........................ True
  enable_chunked_prefill .......................... False
  enable_cuda_graph ............................... False
  enable_dynamic_grad_comp ........................ False
  enable_experimental ............................. False
  enable_ft_package ............................... False
  enable_full_sharding_in_hsdp .................... False
  enable_hyper_connections ........................ False
  enable_msc ...................................... True
  enable_one_logger ............................... True
  enable_pre_init_ep_overlap_streams .............. False
  enable_vocab_parallel ........................... False
  encoder_num_layers .............................. 64
  encoder_seq_length .............................. 4096
  end_weight_decay ................................ 0.1
  eod_mask_loss ................................... False
  ep_overlap_early_attn_memory_release ............ False
  ep_overlap_early_recompute ...................... False
  error_injection_rate ............................ 0
  error_injection_type ............................ transient_error
  eval_interval ................................... 1000
  eval_iters ...................................... 5
  evidence_data_path .............................. None
  exit_duration_in_mins ........................... None
  exit_interval ................................... None
  exit_on_missing_checkpoint ...................... False
  exit_signal ..................................... 15
  exit_signal_handler ............................. False
  exit_signal_handler_for_dataloader .............. False
  exit_signal_handler_for_training ................ False
  exp_avg_dtype ................................... torch.float32
  exp_avg_sq_dtype ................................ torch.float32
  experimental_attention_variant .................. None
  expert_model_parallel_size ...................... 1
  expert_tensor_parallel_size ..................... 2
  external_cuda_graph ............................. False
  extra_vocab_size ................................ 0
  fake_process_group .............................. False
  ffn_hidden_size ................................. 25600
  fim_data ........................................ False
  fim_eod_token ................................... <|endoftext|>
  fim_fragment_rate ............................... None
  fim_middle_token ................................ <fim_middle>
  fim_no_prefix ................................... None
  fim_pad_token ................................... <fim_pad>
  fim_prefix_token ................................ <fim_prefix>
  fim_rate ........................................ 0.5
  fim_split_sample ................................ None
  fim_spm_rate .................................... 0.5
  fim_suffix_token ................................ <fim_suffix>
  fine_grained_activation_offloading .............. False
  finetune ........................................ False
  first_last_layers_bf16 .......................... False
  flash_decode .................................... False
  flight_recorder_dump_on_timeout ................. True
  flight_recorder_dump_path ....................... None
  flight_recorder_extra_dump_on_exec .............. True
  flight_recorder_include_only_active ............. True
  flight_recorder_include_stack_trace ............. False
  flight_recorder_trace_buffer_size ............... 2000
  flux_transpose_weight ........................... False
  fp16 ............................................ False
  fp16_lm_cross_entropy ........................... False
  fp32_residual_connection ........................ False
  fp4 ............................................. None
  fp4_param ....................................... False
  fp4_quantizer_factory ........................... None
  fp4_recipe ...................................... nvfp4
  fp8 ............................................. None
  fp8_amax_compute_algo ........................... most_recent
  fp8_amax_history_len ............................ 1
  fp8_interval .................................... 1
  fp8_margin ...................................... 0
  fp8_param_gather ................................ False
  fp8_quantizer_factory ........................... None
  fp8_recipe ...................................... delayed
  fp8_wgrad ....................................... True
  freeze_language_model ........................... False
  freeze_vision_model ............................. False
  freeze_vision_projection ........................ False
  fsdp_double_buffer .............................. False
  fsdp_manual_registration ........................ False
  ft_num_warmup_iters ............................. 5
  full_validation ................................. False
  fused_residual_rmsnorm .......................... False
  global_batch_size ............................... 32
  glu_linear_offset ............................... 0.0
  grad_comp ....................................... False
  grad_comp_warm_up ............................... 0.1
  grad_reduce_in_bf16 ............................. False
  gradient_accumulation_fusion .................... True
  gradient_reduce_div_fusion ...................... True
  gradient_sample_ratio ........................... 1.0
  group_query_attention ........................... False
  grpo_clamp_eps_lower ............................ 0.01
  grpo_clamp_eps_upper ............................ 0.01
  grpo_entropy_term_weight ........................ 0.0
  grpo_filter_groups_with_same_reward ............. False
  grpo_group_size ................................. 2
  grpo_iterations ................................. 2
  grpo_kl_beta .................................... 0.001
  grpo_prompts_per_step ........................... 32
  head_lr_mult .................................... 1.0
  heterogeneous_layers_config_encoded_json ........ None
  heterogeneous_layers_config_path ................ None
  hidden_dropout .................................. 0.0
  hidden_size ..................................... 5120
  hierarchical_context_parallel_sizes ............. None
  high_priority_stream_groups ..................... []
  hybrid_context_parallel ......................... False
  hybrid_layer_pattern ............................ None
  hybrid_override_pattern ......................... None
  hysteresis ...................................... 2
  ict_head_size ................................... None
  ict_load ........................................ None
  image_tokens_per_sample ......................... None
  img_h ........................................... 224
  img_w ........................................... 224
  indexer_batch_size .............................. 128
  indexer_log_interval ............................ 1000
  inference_batch_times_seqlen_threshold .......... -1
  inference_coordinator_port ...................... None
  inference_disable_triton_nvls_kernels ........... False
  inference_dynamic_batching ...................... False
  inference_dynamic_batching_block_size ........... 256
  inference_dynamic_batching_buffer_size_gb ....... 40.0
  inference_dynamic_batching_cuda_graph_max_tokens  16384
  inference_dynamic_batching_cuda_graph_mixed_prefill_count  16
  inference_dynamic_batching_enable_prefix_caching  False
  inference_dynamic_batching_mamba_memory_ratio ... None
  inference_dynamic_batching_max_requests ......... None
  inference_dynamic_batching_max_tokens ........... None
  inference_dynamic_batching_num_cuda_graphs ...... 16
  inference_dynamic_batching_paused_buffer_size_gb  None
  inference_dynamic_batching_prefix_caching_coordinator_policy  first_prefix_block
  inference_dynamic_batching_prefix_caching_eviction_policy  ref_zero
  inference_dynamic_batching_prefix_caching_mamba_gb  None
  inference_dynamic_batching_prefix_caching_routing_alpha  0.5
  inference_dynamic_batching_track_generated_token_events  False
  inference_dynamic_batching_track_paused_request_events  False
  inference_dynamic_batching_unified_memory_level . 0
  inference_fuse_tp_communication ................. False
  inference_grouped_gemm_backend .................. auto
  inference_logging_step_interval ................. 0
  inference_max_requests .......................... 8
  inference_max_seq_length ........................ 2560
  inference_moe_disable_fused_quant_kernels ....... False
  inference_rng_tracker ........................... False
  inference_text_gen_server_logging ............... False
  inference_use_synchronous_zmq_collectives ....... False
  inference_wandb_logging ......................... False
  init_method_std ................................. 0.02
  init_method_xavier_uniform ...................... False
  init_model_with_meta_device ..................... False
  initial_loss_scale .............................. 4294967296
  inprocess_active_world_size ..................... 8
  inprocess_barrier_timeout ....................... 120
  inprocess_completion_timeout .................... 120
  inprocess_empty_cuda_cache ...................... False
  inprocess_granularity ........................... node
  inprocess_hard_timeout .......................... 90
  inprocess_heartbeat_interval .................... 30
  inprocess_heartbeat_timeout ..................... 60
  inprocess_last_call_wait ........................ 1
  inprocess_max_iterations ........................ None
  inprocess_monitor_process_interval .............. 1.0
  inprocess_monitor_thread_interval ............... 1.0
  inprocess_progress_watchdog_interval ............ 1.0
  inprocess_restart ............................... False
  inprocess_soft_timeout .......................... 60
  inprocess_termination_grace_time ................ 1
  integrate_recompute_to_ep_comm_overlap .......... False
  is_hybrid_model ................................. False
  iter_per_epoch .................................. 1250
  iteration_sample_ratio .......................... 0.01
  iterations_to_skip .............................. []
  keep_fp8_transpose_cache ........................ False
  kitchen_attention_backend ....................... sdpa
  kv_channels ..................................... 80
  kv_lora_rank .................................... 32
  langrl_env_config ............................... None
  layernorm_epsilon ............................... 1e-05
  layernorm_zero_centered_gamma ................... False
  lazy_mpu_init ................................... False
  linear_attention_freq ........................... None
  linear_conv_kernel_dim .......................... 4
  linear_key_head_dim ............................. 128
  linear_num_key_heads ............................ 16
  linear_num_value_heads .......................... 32
  linear_value_head_dim ........................... 128
  lion_beta1 ...................................... 0.95
  lion_beta2 ...................................... 0.98
  load ............................................ None
  load_main_params_from_ckpt ...................... False
  load_weights .................................... False
  local_rank ...................................... 0
  log_device_memory_used .......................... False
  log_energy ...................................... False
  log_interval .................................... 1
  log_loss_scale_to_tensorboard ................... True
  log_max_attention_logit ......................... False
  log_memory_interval ............................. None
  log_memory_to_tensorboard ....................... False
  log_num_zeros_in_grad ........................... False
  log_params_norm ................................. False
  log_progress .................................... False
  log_straggler ................................... False
  log_throughput .................................. True
  log_timers_to_tensorboard ....................... False
  log_validation_ppl_to_tensorboard ............... False
  log_world_size_to_tensorboard ................... False
  logging_level ................................... None
  loss_scale ...................................... None
  loss_scale_window ............................... 1000
  lr .............................................. 3e-05
  lr_decay_iters .................................. None
  lr_decay_samples ................................ None
  lr_decay_style .................................. cosine
  lr_warmup_fraction .............................. None
  lr_warmup_init .................................. 0.0
  lr_warmup_iters ................................. 1
  lr_warmup_samples ............................... 0
  lr_wsd_decay_iters .............................. None
  lr_wsd_decay_samples ............................ None
  lr_wsd_decay_style .............................. exponential
  main_grads_dtype ................................ torch.float32
  main_params_dtype ............................... torch.float32
  make_vocab_size_divisible_by .................... 128
  mamba_head_dim .................................. 64
  mamba_inference_conv_states_dtype ............... torch.bfloat16
  mamba_inference_ssm_states_dtype ................ torch.bfloat16
  mamba_num_groups ................................ 8
  mamba_num_heads ................................. None
  mamba_state_dim ................................. 128
  manual_gc ....................................... False
  manual_gc_eval .................................. True
  manual_gc_interval .............................. 0
  mask_factor ..................................... 1.0
  mask_history .................................... False
  mask_prob ....................................... 0.15
  mask_type ....................................... random
  masked_softmax_fusion ........................... True
  max_pixels_num .................................. None
  max_position_embeddings ......................... 262144
  max_seqlen_per_dp_cp_rank ....................... None
  max_tokens_to_oom ............................... 12000
  megatron_fsdp_grad_comm_dtype ................... None
  megatron_fsdp_main_grads_dtype .................. None
  megatron_fsdp_main_params_dtype ................. torch.float32
  memory_snapshot_path ............................ snapshot.pickle
  merge_file ...................................... None
  mhc_expand_emb .................................. False
  mhc_fix_muons ................................... False
  mhc_fuse_aggregate_compute ...................... False
  mhc_fuse_h_post_compute ......................... False
  mhc_hres_vwnstyle ............................... False
  mhc_init_gating_factor .......................... 0.01
  mhc_init_hpre_use_module_layer .................. False
  mhc_lite ........................................ False
  mhc_log_amax_per_step ........................... 1
  mhc_recompute_layer_num ......................... 1
  mhc_sinkhorn_iterations ......................... 1
  mhc_tau ......................................... 0.05
  mhc_use_tilekernels ............................. False
  micro_batch_size ................................ 1
  microbatch_group_size_per_vp_stage .............. None
  mid_level_dataset_surplus ....................... 0.005
  min_loss_scale .................................. 1.0
  min_lr .......................................... 3e-06
  min_offloaded_tensor_size ....................... 1048576
  min_pixels_num .................................. None
  mla_down_proj_fusion ............................ False
  mlp_chunks_for_prefill .......................... 1
  mmap_bin_files .................................. True
  mock_data ....................................... False
  model_arch ...................................... qwen3vl
  moe_apply_probs_on_input ........................ False
  moe_aux_loss_coeff .............................. 0.0
  moe_deepep_num_sms .............................. 20
  moe_enable_deepep ............................... False
  moe_enable_routing_replay ....................... False
  moe_expert_capacity_factor ...................... None
  moe_ffn_hidden_size ............................. None
  moe_flex_dispatcher_backend ..................... deepep
  moe_grouped_gemm ................................ False
  moe_hybridep_num_sms ............................ 16
  moe_input_jitter_eps ............................ None
  moe_latent_size ................................. None
  moe_layer_freq .................................. 1
  moe_layer_recompute ............................. False
  moe_pad_expert_input_to_capacity ................ False
  moe_pad_experts_for_cuda_graph_inference ........ False
  moe_per_layer_logging ........................... False
  moe_permute_fusion .............................. False
  moe_router_bias_update_rate ..................... 0.001
  moe_router_dtype ................................ None
  moe_router_enable_expert_bias ................... False
  moe_router_force_biased ......................... None
  moe_router_force_load_balancing ................. False
  moe_router_fusion ............................... False
  moe_router_group_topk ........................... None
  moe_router_load_balancing_type .................. aux_loss
  moe_router_num_groups ........................... None
  moe_router_padding_for_fp8 ...................... False
  moe_router_padding_for_quantization ............. False
  moe_router_pre_softmax .......................... False
  moe_router_score_function ....................... softmax
  moe_router_topk ................................. 2
  moe_router_topk_scaling_factor .................. None
  moe_shared_expert_gate .......................... False
  moe_shared_expert_intermediate_size ............. None
  moe_shared_expert_overlap ....................... False
  moe_token_dispatcher_type ....................... allgather
  moe_token_drop_policy ........................... probs
  moe_upcycling_granularity ....................... 1
  moe_use_upcycling ............................... False
  moe_z_loss_coeff ................................ None
  mrope_section ................................... None
  mscale .......................................... 1.0
  mscale_all_dim .................................. 0.0
  mtp_hybrid_override_pattern ..................... None
  mtp_loss_scaling_factor ......................... 0.1
  mtp_num_layers .................................. None
  mtp_standalone .................................. False
  mtp_use_repeated_layer .......................... False
  multi_latent_attention .......................... False
  multiple_validation_sets ........................ False
  muon_coefficient_type ........................... quintic
  muon_extra_scale_factor ......................... 1.0
  muon_fp32_matmul_prec ........................... medium
  muon_momentum ................................... 0.9
  muon_num_ns_steps ............................... 5
  muon_scalar_optimizer ........................... adam
  muon_scale_mode ................................. spectral
  muon_split_qkv .................................. True
  muon_tp_mode .................................... blockwise
  muon_use_nesterov ............................... False
  mup_attn_scale_power ............................ 1.0
  mup_base_head_dim ............................... None
  mup_base_hidden_size ............................ None
  mup_embedding_mult .............................. 1.0
  mup_output_mult ................................. 1.0
  mup_width_mult .................................. 1.0
  nccl_all_reduce_for_prefill ..................... False
  nccl_communicator_config_path ................... None
  nccl_ub ......................................... False
  no_load_optim ................................... None
  no_load_rng ..................................... None
  no_persist_layer_norm ........................... False
  no_rope_freq .................................... None
  no_save_optim ................................... None
  no_save_rng ..................................... None
  no_weight_decay_cond_type ....................... None
  non_persistent_ckpt_type ........................ None
  non_persistent_global_ckpt_dir .................. None
  non_persistent_local_ckpt_algo .................. fully_parallel
  non_persistent_local_ckpt_dir ................... None
  non_persistent_save_interval .................... None
  normalization ................................... RMSNorm
  num_attention_heads ............................. 64
  num_channels .................................... 3
  num_classes ..................................... 1000
  num_dataset_builder_threads ..................... 1
  num_distributed_optimizer_instances ............. 1
  num_experts ..................................... None
  num_layers ...................................... 64
  num_layers_at_end_in_bf16 ....................... 1
  num_layers_at_start_in_bf16 ..................... 1
  num_layers_per_virtual_pipeline_stage ........... None
  num_layers_to_build ............................. None
  num_query_groups ................................ 1
  num_residual_streams ............................ 4
  num_speculative_tokens .......................... 0
  num_virtual_stages_per_pipeline_rank ............ None
  num_workers ..................................... 2
  object_storage_cache_path ....................... None
  offload_modules ................................. []
  one_logger_async ................................ False
  one_logger_project .............................. megatron-lm
  one_logger_run_name ............................. None
  onnx_safe ....................................... None
  openai_gelu ..................................... False
  optimizer ....................................... adam
  optimizer_cpu_offload ........................... False
  optimizer_cuda_graph ............................ False
  optimizer_offload_fraction ...................... 1.0
  outer_dp_sharding_strategy ...................... no_shard
  output_bert_embeddings .......................... False
  overlap_cpu_optimizer_d2h_h2d ................... False
  overlap_ep_comm_with_split_attn ................. False
  overlap_grad_reduce ............................. True
  overlap_moe_expert_parallel_comm ................ False
  overlap_p2p_comm ................................ False
  overlap_p2p_comm_warmup_flush ................... False
  overlap_param_gather ............................ False
  overlap_param_gather_with_optimizer_step ........ False
  override_opt_param_scheduler .................... False
  padded_vocab_size ............................... None
  parallel_linear_impl ............................ None
  params_dtype .................................... torch.bfloat16
  patch_dim ....................................... 16
  per_dataset_sequences_path ...................... None
  per_split_data_args_path ........................ None
  perform_initialization .......................... True
  perform_rl_step ................................. False
  phase_transition_iterations ..................... None
  pin_cpu_grads ................................... True
  pin_cpu_params .................................. True
  pipe_sp_splits .................................. 1
  pipe_sp_strategy ................................ average
  pipeline_model_parallel_comm_backend ............ None
  pipeline_model_parallel_layout .................. None
  pipeline_model_parallel_size .................... 2
  position_embedding_type ......................... rope
  pretrained_checkpoint ........................... None
  processor_path .................................. /workspace/HuggingFace_model_config/qwen3vl/qwen3vl-32b
  profile ......................................... False
  profile_dir ..................................... ./
  profile_ranks ................................... []
  profile_step_end ................................ 12
  profile_step_start .............................. 10
  pytorch_profiler_collect_callstack .............. False
  pytorch_profiler_collect_chakra ................. False
  pytorch_profiler_collect_shapes ................. False
  q_lora_rank ..................................... None
  qk_clip ......................................... False
  qk_clip_alpha ................................... 0.5
  qk_clip_threshold ............................... 100
  qk_head_dim ..................................... 128
  qk_l2_norm ...................................... False
  qk_layernorm .................................... False
  qk_pos_emb_head_dim ............................. 64
  quant_comm_bits ................................. 8
  quant_group_size ................................ None
  quant_scale_dtype ............................... bf16
  query_in_block_prob ............................. 0.1
  quick_geglu ..................................... False
  rampup_batch_size ............................... None
  rank ............................................ 0
  rank_adjust_window_size ......................... 1000
  recompute_activation_function ................... False
  recompute_activation_function_num_layers ........ None
  recompute_granularity ........................... None
  recompute_in_advance ............................ False
  recompute_in_bubble ............................. False
  recompute_layer_ids ............................. None
  recompute_method ................................ None
  recompute_modules ............................... None
  recompute_mtp_layer_ids ......................... None
  recompute_num_layers ............................ None
  record_memory_history ........................... False
  reduce_recompute_for_last_chunk ................. False
  refit_method .................................... gloo
  relative_attention_max_distance ................. 128
  relative_attention_num_buckets .................. 32
  replication ..................................... False
  replication_factor .............................. 2
  replication_jump ................................ None
  reproduce ....................................... False
  rerun_mode ...................................... validate_results
  reset_attention_mask ............................ False
  reset_position_ids .............................. False
  result_rejected_tracker_filename ................ None
  retriever_report_topk_accuracies ................ []
  retriever_score_scaling ......................... False
  reuse_fp32_param ................................ False
  reuse_grad_buf_for_mxfp8_param_ag ............... False
  rl_default_temperature .......................... 1.0
  rl_default_top_k ................................ -1
  rl_default_top_p ................................ 0
  rl_generation_batch_size ........................ None
  rl_importance_sampling_truncation_coef .......... None
  rl_inference_expert_model_parallel_size ......... None
  rl_inference_expert_tensor_model_parallel_size .. None
  rl_inference_logprobs_is_correction ............. False
  rl_inference_model_unified_memory_level ......... 0
  rl_inference_parsers ............................ []
  rl_inference_pipeline_model_parallel_size ....... None
  rl_inference_tensor_model_parallel_size ......... None
  rl_kv_cache_management_mode ..................... persist
  rl_num_parallel_generation_batches .............. None
  rl_num_parallel_generations ..................... None
  rl_offload_inference_model_weights_when_idle .... False
  rl_offload_optimizer_during_inference ........... False
  rl_parallel_generation_tasks .................... None
  rl_partial_rollouts ............................. False
  rl_persist_cuda_graphs .......................... False
  rl_prompts_per_eval ............................. 32
  rl_sequence_packing_algo ........................ fifo
  rl_sequence_packing_max_sequences_per_bin ....... 50
  rl_skip_bos_token ............................... False
  rl_training_cuda_graphs ......................... False
  rl_use_sequence_packing ......................... False
  rl_verify_model_weights_swap .................... False
  rope_scaling_factor ............................. 8.0
  rope_type ....................................... None
  rotary_base ..................................... 10000
  rotary_interleaved .............................. False
  rotary_percent .................................. 1.0
  rotary_scaling_factor ........................... 1.0
  rotary_seq_len_interpolation_factor ............. None
  run_workload_inspector_server ................... False
  sample_rate ..................................... 1.0
  save ............................................ None
  save_dgrads_interval ............................ None
  save_flux_gather_input .......................... False
  save_interval ................................... 1000
  save_retain_interval ............................ None
  save_wgrads_interval ............................ None
  scatter_gather_tensors_in_pipeline .............. True
  schedule_method ................................. vanilla
  schedule_timer_end .............................. 20
  schedule_timer_start ............................ 10
  seed ............................................ 1234
  seq_length ...................................... 4096
  sequence_parallel ............................... True
  sft ............................................. False
  sft_tokenizer_prompt_format ..................... nemotron-h-aligned
  sgd_momentum .................................... 0.9
  sharp_enabled_group ............................. None
  short_seq_prob .................................. 0.1
  skip_train ...................................... False
  skipped_train_samples ........................... 0
  softmax_type .................................... vanilla
  spatial_merge_size .............................. 2
  spec ............................................ None
  specify_layers .................................. None
  split ........................................... 949,50,1
  squared_relu .................................... False
  start_weight_decay .............................. 0.1
  straggler_ctrlr_port ............................ 65535
  straggler_minmax_count .......................... 1
  strict_fsdp_dtensor_load ........................ True
  suggested_communication_unit_size ............... None
  swap_attention .................................. False
  swap_modules .................................... self_attention
  swiglu .......................................... True
  swin_backbone_type .............................. tiny
  symmetric_ar_type ............................... None
  sync_free_moe ................................... False
  tarfile_path .................................... /
  te_precision_config_file ........................ None
  te_rng_tracker .................................. False
  tensor_model_parallel_size ...................... 2
  tensorboard_dir ................................. ./ckpt/tensorboard
  tensorboard_log_interval ........................ 1
  tensorboard_queue_size .......................... 1000
  test_data_path .................................. None
  test_mode ....................................... False
  tiktoken_num_special_tokens ..................... 1000
  tiktoken_pattern ................................ None
  tiktoken_special_tokens ......................... None
  timing_log_level ................................ 0
  timing_log_option ............................... minmax
  titles_data_path ................................ None
  tokenizer_hf_include_special_tokens ............. True
  tokenizer_hf_no_include_special_tokens .......... False
  tokenizer_hf_no_use_fast ........................ False
  tokenizer_hf_use_fast ........................... True
  tokenizer_metadata .............................. None
  tokenizer_model ................................. /workspace/HuggingFace_model_config/qwen3vl/qwen3vl-32b
  tokenizer_sentencepiece_legacy .................. False
  tokenizer_special_tokens ........................ None
  tokenizer_type .................................. HuggingFaceTokenizer
  torch_fsdp2_reshard_after_forward ............... True
  tp_comm_bootstrap_backend ....................... nccl
  tp_comm_bulk_dgrad .............................. True
  tp_comm_bulk_wgrad .............................. True
  tp_comm_overlap ................................. False
  tp_comm_overlap_ag .............................. True
  tp_comm_overlap_cfg ............................. None
  tp_comm_overlap_rs .............................. True
  tp_comm_overlap_rs_dgrad ........................ False
  tp_comm_split_ag ................................ True
  tp_comm_split_rs ................................ True
  train_data_path ................................. None
  train_iters ..................................... 100
  train_samples ................................... None
  train_sync_interval ............................. None
  transformer_impl ................................ transformer_engine
  transformer_pipeline_model_parallel_size ........ 2
  trust_remote_code ............................... False
  turbo_sync_free_moe_stage ....................... 0
  untie_embeddings_and_output_weights ............. True
  use_bridge ...................................... True
  use_checkpoint_args ............................. False
  use_checkpoint_opt_param_scheduler .............. False
  use_ckpt_memory_cache ........................... False
  use_cpu_initialization .......................... None
  use_dist_ckpt ................................... False
  use_dist_ckpt_deprecated ........................ False
  use_distributed_optimizer ....................... True
  use_flash_attn .................................. True
  use_fused_weighted_squared_relu ................. False
  use_gloo_process_groups ......................... True
  use_hip_profiler ................................ False
  use_kitchen_attention ........................... False
  use_legacy_models ............................... False
  use_legacy_static_engine ........................ False
  use_mamba_mem_eff_path .......................... True
  use_megatron_fsdp ............................... False
  use_mhc_svd ..................................... False
  use_mp_args_from_checkpoint_args ................ False
  use_mup ......................................... False
  use_one_sent_docs ............................... False
  use_optimizer_feature ........................... False
  use_persistent_ckpt_worker ...................... False
  use_precision_aware_optimizer ................... False
  use_primus_deepep ............................... False
  use_primus_fused_act_with_probs ................. False
  use_primus_grouped_mlp .......................... False
  use_primus_moe_permute_fusion ................... False
  use_primus_topk_router .......................... False
  use_pytorch_profiler ............................ False
  use_quantize_comm ............................... False
  use_ring_exchange_p2p ........................... False
  use_rope_scaling ................................ False
  use_rotary_position_embeddings .................. False
  use_sharp ....................................... False
  use_te_activation_func .......................... False
  use_tokenizer_model_from_checkpoint_args ........ True
  use_torch_fsdp2 ................................. False
  use_torch_optimizer_for_cpu_offload ............. False
  use_tp_pp_dp_mapping ............................ False
  use_vwn ......................................... False
  v_head_dim ...................................... 128
  valid_data_path ................................. None
  variable_seq_lengths ............................ False
  virtual_pipeline_model_parallel_size ............ None
  vision_backbone_type ............................ vit
  vision_pretraining .............................. False
  vision_pretraining_type ......................... classify
  vlm_data_config_path ............................ /workspace/dcu_megatron/examples/qwen3.5/config/config.json
  vlm_dataloader_prefetch_factor .................. 4
  vlm_shuffle_buffer_size ......................... 1000000
  vlm_top_domains_to_cut .......................... 1
  vocab_extra_ids ................................. 0
  vocab_file ...................................... None
  vocab_size ...................................... None
  wandb_entity .................................... None
  wandb_exp_name .................................. None
  wandb_project ................................... None
  wandb_save_dir .................................. None
  weight_decay .................................... 0.1
  weight_decay_incr_style ......................... constant
  wgrad_deferral_limit ............................ 0
  window_attn_skip_freq ........................... None
  window_size ..................................... None
  world_size ...................................... 8
  yaml_cfg ........................................ None
-------------------- end of arguments ---------------------
------------------------ env vars ------------------------
  _ ............................................... /usr/bin/python
  _CUDA_COMPAT_PATH ............................... /usr/local/cuda/compat
  AWS_OFI_NCCL_VERSION ............................ 1.17.0
  BASH_ENV ........................................ /etc/bash.bashrc
  COCOAPI_VERSION ................................. 2.0+nv0.8.1
  CUBLAS_VERSION .................................. 13.2.1.1
  CUBLASMP_VERSION ................................ 0.7.0.125
  CUDA_ARCH_LIST .................................. 7.5 8.0 8.6 9.0 10.0 12.0
  CUDA_BINARY_LOADER_THREAD_COUNT ................. 8
  CUDA_COMPONENT_LIST ............................. cccl crt nvrtc driver-dev culibos-dev cudart cudart-dev nvcc tileiras
  CUDA_DEVICE_MAX_CONNECTIONS ..................... 1
  CUDA_DRIVER_VERSION ............................. 590.48.01
  CUDA_HOME ....................................... /usr/local/cuda
  CUDA_MODULE_LOADING ............................. LAZY
  CUDA_VERSION .................................... 13.1.1.006
  CUDLA_VERSION ................................... 13.1.1.006
  CUDNN_FRONTEND_VERSION .......................... 1.17.0
  CUDNN_VERSION ................................... 9.17.1.4
  CUFFT_VERSION ................................... 12.1.0.78
  CUFILE_VERSION .................................. 1.16.1.26
  CURAND_VERSION .................................. 10.4.1.81
  CUSOLVER_VERSION ................................ 12.0.9.81
  CUSPARSE_VERSION ................................ 12.7.3.1
  CUSPARSELT_VERSION .............................. 0.8.1.1
  DALI_BUILD ...................................... 
  DALI_URL_SUFFIX ................................. 130
  DALI_VERSION .................................... 1.53.0
  DOCA_VERSION .................................... 3.1.0
  EFA_VERSION ..................................... 1.43.1
  ENV ............................................. /etc/shinit_v2
  GDRCOPY_VERSION ................................. 2.5.1
  GLOG_minloglevel ................................ 3
  GLOO_SOCKET_IFNAME .............................. bond0
  GPU_MAX_HW_QUEUES ............................... 4
  HFI_NO_BACKTRACE ................................ 1
  HIP_VISIBLE_DEVICES ............................. 0,1,2,3,4,5,6,7
  HOME ............................................ /root
  HOSTNAME ........................................ h20-2
  HPCX_VERSION .................................... 2.25.1-RC2
  HSA_FORCE_FINE_GRAIN_PCIE ....................... 1
  IPATH_NO_BACKTRACE .............................. 1
  JUPYTER_PORT .................................... 8888
  KMP_DUPLICATE_LIB_OK ............................ True
  KMP_INIT_AT_FORK ................................ FALSE
  LC_ALL .......................................... C.UTF-8
  LD_LIBRARY_PATH ................................. /public/home/qianyj1/wangxj/Downloads/dtk/package-miopen-ubuntu20-0710/miopen/lib:/opt/rccl-rdma-sharp-plugins/lib:/opt/hpcx/ompi/lib:/opt/hpcx/ompi/lib:/usr/local/lib/python3.12/dist-packages/torch/lib:/usr/local/lib/python3.12/dist-packages/torch_tensorrt/lib:/usr/local/cuda/compat/lib:/usr/local/nvidia/lib:/usr/local/nvidia/lib64
  LESSCLOSE ....................................... /usr/bin/lesspipe %s %s
  LESSOPEN ........................................ | /usr/bin/lesspipe %s
  LIBRARY_PATH .................................... /usr/local/cuda/lib64/stubs:/usr/local/cuda/lib64/stubs:
  LS_COLORS ....................................... rs=0:di=01;34:ln=01;36:mh=00:pi=40;33:so=01;35:do=01;35:bd=40;33;01:cd=40;33;01:or=40;31;01:mi=00:su=37;41:sg=30;43:ca=00:tw=30;42:ow=34;42:st=37;44:ex=01;32:*.tar=01;31:*.tgz=01;31:*.arc=01;31:*.arj=01;31:*.taz=01;31:*.lha=01;31:*.lz4=01;31:*.lzh=01;31:*.lzma=01;31:*.tlz=01;31:*.txz=01;31:*.tzo=01;31:*.t7z=01;31:*.zip=01;31:*.z=01;31:*.dz=01;31:*.gz=01;31:*.lrz=01;31:*.lz=01;31:*.lzo=01;31:*.xz=01;31:*.zst=01;31:*.tzst=01;31:*.bz2=01;31:*.bz=01;31:*.tbz=01;31:*.tbz2=01;31:*.tz=01;31:*.deb=01;31:*.rpm=01;31:*.jar=01;31:*.war=01;31:*.ear=01;31:*.sar=01;31:*.rar=01;31:*.alz=01;31:*.ace=01;31:*.zoo=01;31:*.cpio=01;31:*.7z=01;31:*.rz=01;31:*.cab=01;31:*.wim=01;31:*.swm=01;31:*.dwm=01;31:*.esd=01;31:*.avif=01;35:*.jpg=01;35:*.jpeg=01;35:*.mjpg=01;35:*.mjpeg=01;35:*.gif=01;35:*.bmp=01;35:*.pbm=01;35:*.pgm=01;35:*.ppm=01;35:*.tga=01;35:*.xbm=01;35:*.xpm=01;35:*.tif=01;35:*.tiff=01;35:*.png=01;35:*.svg=01;35:*.svgz=01;35:*.mng=01;35:*.pcx=01;35:*.mov=01;35:*.mpg=01;35:*.mpeg=01;35:*.m2v=01;35:*.mkv=01;35:*.webm=01;35:*.webp=01;35:*.ogm=01;35:*.mp4=01;35:*.m4v=01;35:*.mp4v=01;35:*.vob=01;35:*.qt=01;35:*.nuv=01;35:*.wmv=01;35:*.asf=01;35:*.rm=01;35:*.rmvb=01;35:*.flc=01;35:*.avi=01;35:*.fli=01;35:*.flv=01;35:*.gl=01;35:*.dl=01;35:*.xcf=01;35:*.xwd=01;35:*.yuv=01;35:*.cgm=01;35:*.emf=01;35:*.ogv=01;35:*.ogx=01;35:*.aac=00;36:*.au=00;36:*.flac=00;36:*.m4a=00;36:*.mid=00;36:*.midi=00;36:*.mka=00;36:*.mp3=00;36:*.mpc=00;36:*.ogg=00;36:*.ra=00;36:*.wav=00;36:*.oga=00;36:*.opus=00;36:*.spx=00;36:*.xspf=00;36:*~=00;90:*#=00;90:*.bak=00;90:*.crdownload=00;90:*.dpkg-dist=00;90:*.dpkg-new=00;90:*.dpkg-old=00;90:*.dpkg-tmp=00;90:*.old=00;90:*.orig=00;90:*.part=00;90:*.rej=00;90:*.rpmnew=00;90:*.rpmorig=00;90:*.rpmsave=00;90:*.swp=00;90:*.tmp=00;90:*.ucf-dist=00;90:*.ucf-new=00;90:*.ucf-old=00;90:
  MAXSMVER ........................................ 
  MIOPEN_FIND_MODE ................................ 3
  MODEL_OPT_VERSION ............................... 0.40.0
  MOFED_VERSION ................................... 5.4-rdmacore56.0
  NCCL_VERSION .................................... 2.29.stable.20260109
  NPP_VERSION ..................................... 13.0.3.3
  NSIGHT_COMPUTE_VERSION .......................... 2025.4.1.2
  NSIGHT_SYSTEMS_VERSION .......................... 2025.6.1.190
  NVFATBIN_VERSION ................................ 13.1.115
  NVFUSER_BUILD_VERSION ........................... 5d8efce
  NVFUSER_VERSION ................................. 5d8efce
  NVIDIA_BUILD_ID ................................. 256811083
  NVIDIA_DRIVER_CAPABILITIES ...................... compute,utility,video
  NVIDIA_PRODUCT_NAME ............................. PyTorch
  NVIDIA_PYTORCH_VERSION .......................... 26.01
  NVIDIA_REQUIRE_CUDA ............................. cuda>=9.0
  NVIDIA_REQUIRE_JETPACK_HOST_MOUNTS .............. 
  NVIDIA_VISIBLE_DEVICES .......................... all
  NVJITLINK_VERSION ............................... 13.1.115
  NVJPEG_VERSION .................................. 13.0.3.75
  NVPL_LAPACK_MATH_MODE ........................... PEDANTIC
  NVPTXCOMPILER_VERSION ........................... 13.1.115
  NVRX_VERSION .................................... 0.5.0
  NVSHMEM_VERSION ................................. 3.4.5
  NVVM_VERSION .................................... 13.1.115
  OLDPWD .......................................... /workspace/dcu_megatron_qwen35tx/examples/qwen3.5
  OMP_NUM_THREADS ................................. 1
  OPAL_PREFIX ..................................... /opt/hpcx/ompi
  OPENMPI_VERSION ................................. 4.1.7
  OPENUCX_VERSION ................................. 1.20.0
  PATH ............................................ /opt/hpcx/ompi/bin:/opt/hpcx/ompi/bin:/usr/local/lib/python3.12/dist-packages/torch_tensorrt/bin:/usr/local/nvidia/bin:/usr/local/cuda/bin:/usr/local/mpi/bin:/usr/local/sbin:/usr/local/bin:/usr/sbin:/usr/bin:/sbin:/bin:/usr/local/ucx/bin:/opt/amazon/efa/bin:/opt/tensorrt/bin
  PIP_BREAK_SYSTEM_PACKAGES ....................... 1
  PIP_CONSTRAINT .................................. /etc/pip/constraint.txt
  PIP_DEFAULT_TIMEOUT ............................. 100
  PMIX_BFROP_BUFFER_TYPE .......................... PMIX_BFROP_BUFFER_NON_DESC
  PMIX_DSTORE_21_BASE_PATH ........................ /tmp/ompi.h20-2.0/pid.68917/pmix_dstor_ds21_68917
  PMIX_DSTORE_ESH_BASE_PATH ....................... /tmp/ompi.h20-2.0/pid.68917/pmix_dstor_ds12_68917
  PMIX_GDS_MODULE ................................. ds21,ds12,hash
  PMIX_HOSTNAME ................................... h20-2
  PMIX_ID ......................................... 373293057.0
  PMIX_INSTALL_PREFIX ............................. /opt/hpcx/ompi
  PMIX_MCA_mca_base_component_show_load_errors .... 0
  PMIX_NAMESPACE .................................. 373293057
  PMIX_PTL_MODULE ................................. tcp,usock
  PMIX_RANK ....................................... 0
  PMIX_SECURITY_MODE .............................. native
  PMIX_SERVER_TMPDIR .............................. /tmp/ompi.h20-2.0/pid.68917
  PMIX_SERVER_URI2 ................................ 373293056.0;tcp4://127.0.0.1:38891
  PMIX_SERVER_URI21 ............................... 373293056.0;tcp4://127.0.0.1:38891
  PMIX_SERVER_URI3 ................................ 373293056.0;tcp4://127.0.0.1:38891
  PMIX_SYSTEM_TMPDIR .............................. /tmp
  PMIX_VERSION .................................... 3.2.5a1
  POLYGRAPHY_VERSION .............................. 0.49.26
  PROTOCOL_BUFFERS_PYTHON_IMPLEMENTATION .......... python
  PWD ............................................. /workspace/dcu_megatron/examples/qwen3
  PYTHONIOENCODING ................................ utf-8
  PYTHONPATH ...................................... /usr/local/lib/python3.12/dist-packages/tilelang/3rdparty/tvm/python:/workspace/dcu_megatron/Megatron-Bridge/src:/workspace/dcu_megatron/Megatron-LM:
  PYTORCH_BUILD_NUMBER ............................ 0
  PYTORCH_BUILD_VERSION ........................... 2.10.0a0+a36e1d3
  PYTORCH_HOME .................................... /opt/pytorch/pytorch
  PYTORCH_VERSION ................................. 2.10.0a0+a36e1d3
  RANK ............................................ 0
  RDMACORE_VERSION ................................ 56.0
  SHELL ........................................... /bin/bash
  SHLVL ........................................... 4
  TENSORBOARD_PORT ................................ 6006
  TERM ............................................ xterm
  TL_COMPOSABLE_KERNEL_PATH ....................... /usr/local/lib/python3.12/dist-packages/tilelang/3rdparty/composable_kernel/include
  TL_CUTLASS_PATH ................................. /usr/local/lib/python3.12/dist-packages/tilelang/3rdparty/cutlass/include
  TL_TEMPLATE_PATH ................................ /usr/local/lib/python3.12/dist-packages/tilelang/3rdparty/../src
  TORCH_ALLOW_TF32_CUBLAS_OVERRIDE ................ 1
  TORCH_CUDA_ARCH_LIST ............................ 7.5 8.0 8.6 9.0 10.0 12.0+PTX
  TORCH_NCCL_USE_COMM_NONBLOCKING ................. 0
  TORCHAO_BUILD_VERSION ........................... +git1272f3cf
  TORCHINDUCTOR_CACHE_DIR ......................... /tmp/torchinductor_root
  TORCHINDUCTOR_LOOP_ORDERING_AFTER_FUSION ........ 0
  TORCHTITAN_BUILD_VERSION ........................ 0.2.0+gite98ae995
  TRANSFORMER_ENGINE_VERSION ...................... 2.11
  TRITON_CUDACRT_PATH ............................. /usr/local/cuda/include
  TRITON_CUDART_PATH .............................. /usr/local/cuda/include
  TRITON_CUOBJDUMP_PATH ........................... /usr/local/cuda/bin/cuobjdump
  TRITON_CUPTI_INCLUDE_PATH ....................... /usr/local/cuda/include
  TRITON_CUPTI_LIB_PATH ........................... /usr/local/cuda/lib64
  TRITON_NVDISASM_PATH ............................ /usr/local/cuda/bin/nvdisasm
  TRITON_PTXAS_PATH ............................... /usr/local/cuda/bin/ptxas
  TRT_VERSION ..................................... 10.14.1.48+cuda13.0
  TRTOSS_VERSION .................................. 
  TVM_LIBRARY_PATH ................................ /usr/local/lib/python3.12/dist-packages/tilelang/lib
  UCC_CL_BASIC_TLS ................................ ^sharp
  UCC_EC_CUDA_EXEC_NUM_THREADS .................... 256
  WORLD_SIZE ...................................... 8
-------------------- end of env vars ---------------------
INFO:megatron.core.num_microbatches_calculator:setting number of microbatches to constant 16
> setting tensorboard ...
WARNING: one_logger package is required to enable e2e metrics tracking. please go to https://confluence.nvidia.com/display/MLWFO/Package+Repositories for details to install it
INFO:megatron.core.tokenizers.utils.build_tokenizer: > padded vocab (size: 151669) with 139 dummy tokens (new size: 151808)
WARNING:megatron.core.rerun_state_machine:RerunStateMachine initialized in mode RerunMode.VALIDATE_RESULTS
> initializing torch distributed ...
[Gloo] Rank 1 is connected to 1 peer ranks. Expected number of connected peer ranks is : 1
[Gloo] Rank 0 is connected to 1 peer ranks. Expected number of connected peer ranks is : 1
[Gloo] Rank 1 is connected to 1 peer ranks. Expected number of connected peer ranks is : 1
[Gloo] Rank 0 is connected to 1 peer ranks. Expected number of connected peer ranks is : 1
[Gloo] Rank 0 is connected to 1 peer ranks. Expected number of connected peer ranks is : [Gloo] Rank 1 is connected to 1 peer ranks. Expected number of connected peer ranks is : 1
1
[Gloo] Rank 0 is connected to 1 peer ranks. Expected number of connected peer ranks is : 1
[Gloo] Rank 1 is connected to 1 peer ranks. Expected number of connected peer ranks is : 1
[Gloo] Rank 1 is connected to 1 peer ranks. Expected number of connected peer ranks is : 1[Gloo] Rank 0 is connected to 1
 peer ranks. Expected number of connected peer ranks is : 1
[Gloo] Rank 1 is connected to 1 peer ranks. Expected number of connected peer ranks is : 1
[Gloo] Rank 0 is connected to 1 peer ranks. Expected number of connected peer ranks is : 1
[Gloo] Rank 0 is connected to 1 peer ranks. Expected number of connected peer ranks is : 1
[Gloo] Rank 1 is connected to 1 peer ranks. Expected number of connected peer ranks is : 1
[Gloo] Rank 0 is connected to 1 peer ranks. Expected number of connected peer ranks is : 1
[Gloo] Rank 1 is connected to 1 peer ranks. Expected number of connected peer ranks is : 1
[Gloo] Rank 1 is connected to 1 peer ranks. Expected number of connected peer ranks is : 1[Gloo] Rank 0 is connected to 1 peer ranks. Expected number of connected peer ranks is : 1

[Gloo] Rank 0 is connected to [Gloo] Rank 1 is connected to 1 peer ranks. Expected number of connected peer ranks is : 11 peer ranks. Expected number of connected peer ranks is : 1

[Gloo] Rank 1 is connected to 1 peer ranks. Expected number of connected peer ranks is : 1
[Gloo] Rank 0 is connected to 1 peer ranks. Expected number of connected peer ranks is : 1
[Gloo] Rank 1 is connected to 1 peer ranks. Expected number of connected peer ranks is : [Gloo] Rank 0 is connected to 1 peer ranks. Expected number of connected peer ranks is : 1
1
tp_group: [[0, 1], [2, 3], [4, 5], [6, 7]]
pp_group: [[0, 4], [1, 5], [2, 6], [3, 7]]
dp_group: [[0, 2], [1, 3], [4, 6], [5, 7]]
ep_group: [[0], [1], [2], [3], [4], [5], [6], [7]]
etp_group: [[0, 1], [2, 3], [4, 5], [6, 7]]
edp_group: [[0, 2], [1, 3], [4, 6], [5, 7]]
cp_group: [[0], [1], [2], [3], [4], [5], [6], [7]]
tp-cp_group: [[0, 1], [2, 3], [4, 5], [6, 7]]
embd-pp_group: [[0, 4], [1, 5], [2, 6], [3, 7]]
pos_embd-pp_group: [[0], [1], [2], [3]]
tp-ep_group: [[0, 1], [2, 3], [4, 5], [6, 7]]
tp-dp-cp_group: [[0, 1, 2, 3], [4, 5, 6, 7]]
tp-pp_group: [[0, 1, 4, 5], [2, 3, 6, 7]]
dp-cp_group: [[0, 2], [1, 3], [4, 6], [5, 7]]
> initialized tensor model parallel with size 2
> initialized pipeline model parallel with size 2
> setting random seeds to 1234 ...
> compiling dataset index builder ...
make: Entering directory '/workspace/dcu_megatron/Megatron-LM/megatron/core/datasets'
make: Nothing to be done for 'default'.
make: Leaving directory '/workspace/dcu_megatron/Megatron-LM/megatron/core/datasets'
>>> done with dataset index builder. Compilation time: 0.715 seconds
/usr/local/lib/python3.12/dist-packages/torch/distributed/c10d_logger.py:83: UserWarning: barrier(): using the device under current context. You can specify `device_id` in `init_process_group` to mute this warning.
  return func(*args, **kwargs)
[rank0]:[W722 04:31:02.439766834 ProcessGroupNCCL.cpp:5163] Guessing device ID based on global rank. This can cause a hang if rank to GPU mapping is heterogeneous. You can specify device_id in init_process_group()
time to initialize megatron (seconds): 7.933
/usr/local/lib/python3.12/dist-packages/torch/distributed/c10d_logger.py:83: UserWarning: barrier(): using the device under current context. You can specify `device_id` in `init_process_group` to mute this warning.
  return func(*args, **kwargs)
[after in-process setup and before initialize_megatron] datetime: 2026-07-22 04:30:59.751644 
[after in-job setup and before initialize_megatron] datetime: 2026-07-22 04:30:59.799949 
[before library-setup] datetime: 2026-07-22 04:30:42.561000
[after library-setup] datetime: 2026-07-22 04:30:59.691293
[before megatron-init] datetime: 2026-07-22 04:30:59.751644
INFO:megatron.core.timers:(min, max) time across ranks (ms):
    startup-program-entry-spread ...................: (61.39, 111.59)
    startup-library-setup ..........................: (17076.83, 17201.62)
    startup-program-setup ..........................: (58.72, 60.35)
    startup-in-process-setup .......................: (0.00, 0.00)
    startup-in-job-setup ...........................: (47.36, 48.46)
    startup-initialize-megatron ....................: (5159.82, 5226.87)
    startup-set-jit-fusion-options .................: (1531.14, 1710.26)
    all-reduce-start-timestamps-tensor .............: (1.36, 180.49)
    startup-megatron-init-local ....................: (6918.80, 6986.32)
    startup-megatron-init-global ...................: (24233.63, 24233.65)
[after megatron is initialized] datetime: 2026-07-22 04:31:06.685350 
/workspace/dcu_megatron/Megatron-LM/megatron/core/models/mimo/config/base_configs.py:12: UserWarning: MimoModelConfig is experimental and still under active development. The API may change without notice in future releases.
  class MimoModelConfig:
/workspace/dcu_megatron/Megatron-LM/megatron/core/models/mimo/config/base_configs.py:12: UserWarning: MimoModelConfig is experimental and still under active development. The API may change without notice in future releases.
  class MimoModelConfig:
/workspace/dcu_megatron/Megatron-LM/megatron/core/models/mimo/config/base_configs.py:12: UserWarning: MimoModelConfig is experimental and still under active development. The API may change without notice in future releases.
  class MimoModelConfig:
/workspace/dcu_megatron/Megatron-LM/megatron/core/models/mimo/config/base_configs.py:12: UserWarning: MimoModelConfig is experimental and still under active development. The API may change without notice in future releases.
  class MimoModelConfig:
/workspace/dcu_megatron/Megatron-LM/megatron/core/models/mimo/config/base_configs.py:12: UserWarning: MimoModelConfig is experimental and still under active development. The API may change without notice in future releases.
  class MimoModelConfig:
/workspace/dcu_megatron/Megatron-LM/megatron/core/models/mimo/config/base_configs.py:12: UserWarning: MimoModelConfig is experimental and still under active development. The API may change without notice in future releases.
  class MimoModelConfig:
/workspace/dcu_megatron/Megatron-LM/megatron/core/models/mimo/config/base_configs.py:12: UserWarning: MimoModelConfig is experimental and still under active development. The API may change without notice in future releases.
  class MimoModelConfig:
/workspace/dcu_megatron/Megatron-LM/megatron/core/models/mimo/config/base_configs.py:12: UserWarning: MimoModelConfig is experimental and still under active development. The API may change without notice in future releases.
  class MimoModelConfig:
[transformers] `torch_dtype` is deprecated! Use `dtype` instead!
[transformers] `torch_dtype` is deprecated! Use `dtype` instead!
/workspace/dcu_megatron/Megatron-LM/megatron/core/transformer/transformer_config.py:1934: UserWarning: full scope is deprecated. Use empty cuda_graph_scope to capture the whole layer.
  warnings.warn(
/workspace/dcu_megatron/Megatron-LM/megatron/core/transformer/transformer_config.py:1934: UserWarning: full scope is deprecated. Use empty cuda_graph_scope to capture the whole layer.
  warnings.warn(
/workspace/dcu_megatron/Megatron-LM/megatron/core/models/gpt/gpt_layer_specs.py:209: UserWarning: The fp8 argument in "get_gpt_layer_with_transformer_engine_spec" has been deprecated and will be removed soon. Please update your code accordingly.
  warnings.warn(
[transformers] `torch_dtype` is deprecated! Use `dtype` instead!
/workspace/dcu_megatron/Megatron-LM/megatron/core/models/gpt/gpt_layer_specs.py:209: UserWarning: The fp8 argument in "get_gpt_layer_with_transformer_engine_spec" has been deprecated and will be removed soon. Please update your code accordingly.
  warnings.warn(
[transformers] `torch_dtype` is deprecated! Use `dtype` instead!
[transformers] `torch_dtype` is deprecated! Use `dtype` instead!
/workspace/dcu_megatron/Megatron-LM/megatron/core/transformer/transformer_config.py:1934: UserWarning: full scope is deprecated. Use empty cuda_graph_scope to capture the whole layer.
  warnings.warn(
/workspace/dcu_megatron/Megatron-LM/megatron/core/models/gpt/gpt_layer_specs.py:209: UserWarning: The fp8 argument in "get_gpt_layer_with_transformer_engine_spec" has been deprecated and will be removed soon. Please update your code accordingly.
  warnings.warn(
[transformers] `torch_dtype` is deprecated! Use `dtype` instead!
/workspace/dcu_megatron/Megatron-LM/megatron/core/transformer/transformer_config.py:1934: UserWarning: full scope is deprecated. Use empty cuda_graph_scope to capture the whole layer.
  warnings.warn(
/workspace/dcu_megatron/Megatron-LM/megatron/core/models/gpt/gpt_layer_specs.py:209: UserWarning: The fp8 argument in "get_gpt_layer_with_transformer_engine_spec" has been deprecated and will be removed soon. Please update your code accordingly.
  warnings.warn(
[transformers] `torch_dtype` is deprecated! Use `dtype` instead!
/workspace/dcu_megatron/Megatron-LM/megatron/core/transformer/transformer_config.py:1934: UserWarning: full scope is deprecated. Use empty cuda_graph_scope to capture the whole layer.
  warnings.warn(
/workspace/dcu_megatron/Megatron-LM/megatron/core/models/gpt/gpt_layer_specs.py:209: UserWarning: The fp8 argument in "get_gpt_layer_with_transformer_engine_spec" has been deprecated and will be removed soon. Please update your code accordingly.
  warnings.warn(
[transformers] `torch_dtype` is deprecated! Use `dtype` instead!
/workspace/dcu_megatron/Megatron-LM/megatron/core/transformer/transformer_config.py:1934: UserWarning: full scope is deprecated. Use empty cuda_graph_scope to capture the whole layer.
  warnings.warn(
/workspace/dcu_megatron/Megatron-LM/megatron/core/models/gpt/gpt_layer_specs.py:209: UserWarning: The fp8 argument in "get_gpt_layer_with_transformer_engine_spec" has been deprecated and will be removed soon. Please update your code accordingly.
  warnings.warn(
/workspace/dcu_megatron/Megatron-LM/megatron/core/transformer/transformer_config.py:1934: UserWarning: full scope is deprecated. Use empty cuda_graph_scope to capture the whole layer.
  warnings.warn(
transformer_config: TransformerConfig(tensor_model_parallel_size=2, pipeline_model_parallel_comm_backend=None, pipeline_model_parallel_size=2, virtual_pipeline_model_parallel_size=None, sequence_parallel=True, context_parallel_size=1, hierarchical_context_parallel_sizes=None, max_seqlen_per_dp_cp_rank=None, hybrid_context_parallel=False, expert_model_parallel_size=1, expert_tensor_parallel_size=2, perform_initialization=True, use_cpu_initialization=None, fp16=False, bf16=True, params_dtype=torch.bfloat16, timers=None, finalize_model_grads_func=None, grad_scale_func=None, no_sync_func=None, grad_sync_func=None, param_sync_func=None, deterministic_mode=False, enable_autocast=False, autocast_dtype=torch.bfloat16, num_microbatches_with_partial_activation_checkpoints=None, gradient_accumulation_fusion=True, use_te_rng_tracker=False, tp_comm_overlap=False, tp_comm_bulk_wgrad=True, tp_comm_bulk_dgrad=True, tp_comm_overlap_ag=True, tp_comm_overlap_rs=True, tp_comm_overlap_rs_dgrad=False, tp_comm_split_ag=True, tp_comm_atomic_ag=False, tp_comm_split_rs=True, tp_comm_atomic_rs=False, cross_entropy_loss_fusion=False, cross_entropy_fusion_impl='native', tp_comm_overlap_disable_qkv=False, tp_comm_overlap_disable_fc1=False, tp_comm_bootstrap_backend='nccl', overlap_moe_expert_parallel_comm=False, delay_wgrad_compute=False, ep_overlap_early_attn_memory_release=False, pipeline_dtype=torch.bfloat16, variable_seq_lengths=False, overlap_p2p_comm=False, batch_p2p_comm=True, batch_p2p_sync=True, use_ring_exchange_p2p=False, deallocate_pipeline_outputs=True, defer_embedding_wgrad_compute=False, wgrad_deferral_limit=0, overlap_p2p_comm_warmup_flush=False, microbatch_group_size_per_vp_stage=2, mtp_standalone=False, cpu_offloading=False, cpu_offloading_num_layers=0, _cpu_offloading_context=None, cpu_offloading_activations=True, cpu_offloading_weights=False, cpu_offloading_double_buffering=False, cpu_offloading_retain_pinned_cpu_buffers=False, barrier_with_L1_time=True, num_layers=64, mtp_num_layers=None, mtp_loss_scaling_factor=0.1, mtp_use_repeated_layer=False, mtp_hybrid_override_pattern=None, num_layers_in_first_pipeline_stage=None, num_layers_in_last_pipeline_stage=None, pipeline_model_parallel_layout=None, account_for_embedding_in_pipeline_split=False, account_for_loss_in_pipeline_split=False, hidden_size=5120, num_attention_heads=64, attention_backend=<AttnBackend.auto: 5>, softmax_scale=None, softmax_type='vanilla', num_query_groups=64, ffn_hidden_size=25600, kv_channels=80, hidden_dropout=0.0, attention_dropout=0.0, fp32_residual_connection=False, apply_residual_connection_post_layernorm=False, layernorm_epsilon=1e-05, layernorm_zero_centered_gamma=False, add_bias_linear=False, add_qkv_bias=False, gated_linear_unit=True, activation_func=<function silu at 0x7fdd44141c60>, activation_func_fp8_input_store=False, glu_linear_offset=0.0, activation_func_clamp_value=None, num_moe_experts=None, rotary_interleaved=False, window_size=None, window_attn_skip_freq=None, normalization='RMSNorm', qk_layernorm=False, qk_l2_norm=False, qk_clip=False, qk_clip_alpha=0.5, qk_clip_threshold=100, log_max_attention_logit=False, attention_output_gate=False, test_mode=False, calculate_per_token_loss=False, multi_latent_attention=False, no_rope_freq=None, experimental_attention_variant=None, dsa_indexer_n_heads=None, dsa_indexer_head_dim=None, dsa_indexer_topk=None, dsa_indexer_loss_coeff=None, dsa_indexer_use_sparse_loss=False, linear_attention_freq=None, linear_conv_kernel_dim=4, linear_key_head_dim=128, linear_value_head_dim=128, linear_num_key_heads=16, linear_num_value_heads=32, init_method=functools.partial(<function normal_ at 0x7fdd43fc2840>, mean=0.0, std=0.02), output_layer_init_method=functools.partial(<function normal_ at 0x7fdd43fc2840>, mean=0.0, std=0.0017677669529663686), init_method_std=0.02, embedding_init_method=functools.partial(<function normal_ at 0x7fdd43fc2840>, mean=0.0, std=0.02), embedding_init_method_std=0.02, init_model_with_meta_device=False, use_mup=False, mup_width_mult=1.0, mup_base_hidden_size=None, mup_embedding_mult=1.0, mup_output_mult=1.0, mup_base_head_dim=None, mup_attn_scale_power=1.0, apply_query_key_layer_scaling=False, attention_softmax_in_fp32=False, disable_bf16_reduced_precision_matmul=False, bias_activation_fusion=True, masked_softmax_fusion=True, persist_layer_norm=True, memory_efficient_layer_norm=False, bias_dropout_fusion=True, apply_rope_fusion=True, use_fused_weighted_squared_relu=False, fused_single_qkv_rope=False, fused_residual_rmsnorm=False, recompute_granularity=None, recompute_method=None, recompute_num_layers=None, distribute_saved_activations=False, recompute_modules=[], fp8=None, fp8_recipe='delayed', fp8_param=False, fp8_quantizer_factory=None, fp8_margin=0, fp8_interval=1, fp8_amax_history_len=1, fp8_amax_compute_algo='most_recent', fp8_wgrad=True, fp8_dot_product_attention=False, fp8_multi_head_attention=False, tp_only_amax_red=False, first_last_layers_bf16=False, num_layers_at_start_in_bf16=1, num_layers_at_end_in_bf16=1, use_kitchen=False, use_kitchen_attention=False, kitchen_attention_backend='sdpa', fp4=None, fp4_recipe='nvfp4', fp4_param=False, fp4_quantizer_factory=None, moe_shared_expert_intermediate_size=None, moe_shared_expert_gate=False, moe_shared_expert_overlap=False, moe_layer_freq=1, moe_ffn_hidden_size=None, moe_router_load_balancing_type='aux_loss', moe_router_topk=2, moe_enable_routing_replay=False, moe_router_topk_limited_devices=None, moe_router_padding_for_quantization=False, moe_router_padding_for_fp8=False, moe_router_num_groups=None, moe_router_group_topk=None, moe_router_pre_softmax=False, moe_router_topk_scaling_factor=None, moe_router_score_function='softmax', moe_router_dtype=None, moe_router_enable_expert_bias=False, moe_router_bias_update_rate=0.001, moe_router_force_load_balancing=False, moe_router_force_biased=None, moe_grouped_gemm=False, moe_aux_loss_coeff=0.0, moe_z_loss_coeff=None, moe_input_jitter_eps=None, moe_token_dropping=False, moe_token_dispatcher_type='allgather', moe_enable_deepep=False, moe_flex_dispatcher_backend='deepep', moe_per_layer_logging=False, moe_expert_capacity_factor=None, moe_pad_expert_input_to_capacity=False, moe_pad_experts_for_cuda_graph_inference=False, moe_token_drop_policy='probs', moe_layer_recompute=False, moe_permute_fusion=False, moe_router_fusion=False, moe_apply_probs_on_input=False, moe_latent_size=None, moe_deepep_num_sms=20, moe_hybridep_num_sms=16, cp_comm_type='p2p', enable_cuda_graph=False, cuda_graph_use_single_mempool=False, cuda_graph_retain_backward_graph=False, cuda_graph_warmup_steps=3, external_cuda_graph=False, cuda_graph_impl='none', cuda_graph_scope=[], clone_scatter_output_in_embedding=True, disable_parameter_transpose_cache=False, config_logger_dir='', flash_decode=False, batch_invariant_mode=False, use_te_activation_func=False, inference_rng_tracker=False, inference_sampling_seed=1234, symmetric_ar_type=None, nccl_all_reduce_for_prefill=False, use_inference_optimized_layers=False, inference_fuse_tp_communication=False, inference_disable_triton_nvls_kernels=False, inference_grouped_gemm_backend='auto', inference_moe_disable_fused_quant_kernels=False, mrope_section=None, is_hybrid_model=False, mamba_state_dim=128, mamba_head_dim=64, mamba_num_groups=8, mamba_num_heads=None, use_mamba_mem_eff_path=True, mlp_chunks_for_prefill=1, heterogeneous_block_specs=False, hetereogenous_dist_checkpoint=False, quant_recipe=None, transformer_impl='transformer_engine', fine_grained_activation_offloading=False, offload_modules=[], min_offloaded_tensor_size=1048576, encoder_num_layers=64, decoder_num_layers=None, group_query_attention=False, max_position_embeddings=262144, position_embedding_type='rope', relative_attention_num_buckets=32, relative_attention_max_distance=128, use_rotary_position_embeddings=False, rotary_base=10000, rotary_percent=1.0, rotary_seq_len_interpolation_factor=None, use_rope_scaling=False, rope_scaling_factor=8.0, add_position_embedding=True, make_vocab_size_divisible_by=128, openai_gelu=False, squared_relu=False, swiglu=True, quick_geglu=False, onnx_safe=None, bert_binary_head=True, untie_embeddings_and_output_weights=True, weight_decay=0.1, apply_wd_to_qk_layernorm=False, clip_grad=1.0, adam_beta1=0.9, adam_beta2=0.95, adam_eps=1e-08, sgd_momentum=0.9, muon_momentum=0.9, muon_split_qkv=True, muon_use_nesterov=False, muon_scale_mode='spectral', muon_fp32_matmul_prec='medium', muon_coefficient_type='quintic', muon_num_ns_steps=5, muon_tp_mode='blockwise', muon_extra_scale_factor=1.0, muon_scalar_optimizer='adam', lion_beta1=0.95, lion_beta2=0.98, no_weight_decay_cond_type=None, profile=False, profile_step_start=10, profile_step_end=12, use_pytorch_profiler=False, pytorch_profiler_collect_shapes=False, pytorch_profiler_collect_callstack=False, pytorch_profiler_collect_chakra=False, profile_ranks=[], record_memory_history=False, memory_snapshot_path='snapshot.pickle', micro_batch_size=1, global_batch_size=32, rampup_batch_size=None, decrease_batch_size_if_needed=False, empty_unused_memory_level=0, check_weight_hash_across_dp_replicas_interval=None, train_sync_interval=None, train_iters=100, train_samples=None, exit_interval=None, exit_duration_in_mins=None, exit_signal_handler=False, exit_signal=<Signals.SIGTERM: 15>, exit_signal_handler_for_dataloader=False, exit_signal_handler_for_training=False, manual_gc=False, manual_gc_interval=0, manual_gc_eval=True, iterations_to_skip=[], check_for_nan_in_loss_and_grad=True, check_for_large_grads=False, result_rejected_tracker_filename=None, tp_comm_overlap_cfg=None, bias_gelu_fusion=False, bias_swiglu_fusion=True, rope_type=None, use_flash_attn=True, optimizer='adam', optimizer_cpu_offload=False, optimizer_cuda_graph=False, optimizer_offload_fraction=1.0, use_torch_optimizer_for_cpu_offload=False, overlap_cpu_optimizer_d2h_h2d=False, dump_param_to_param_group_map=None, pin_cpu_grads=True, pin_cpu_params=True, dataloader_type='external', no_persist_layer_norm=False, deprecated_use_mcore_models=True, use_legacy_models=False, perform_rl_step=False, rl_prompts_per_eval=32, grpo_prompts_per_step=32, grpo_group_size=2, rl_num_parallel_generations=None, rl_num_parallel_generation_batches=None, rl_generation_batch_size=None, grpo_iterations=2, grpo_clamp_eps_lower=0.01, grpo_clamp_eps_upper=0.01, grpo_kl_beta=0.001, grpo_entropy_term_weight=0.0, grpo_filter_groups_with_same_reward=False, langrl_env_config=None, rl_default_temperature=1.0, rl_default_top_p=0, rl_default_top_k=-1, rl_offload_optimizer_during_inference=False, rl_kv_cache_management_mode='persist', rl_persist_cuda_graphs=False, rl_partial_rollouts=False, rl_inference_logprobs_is_correction=False, rl_importance_sampling_truncation_coef=None, rl_use_sequence_packing=False, rl_sequence_packing_max_sequences_per_bin=50, rl_sequence_packing_algo='fifo', rl_training_cuda_graphs=False, rl_inference_tensor_model_parallel_size=None, rl_inference_pipeline_model_parallel_size=None, rl_inference_expert_model_parallel_size=None, rl_inference_expert_tensor_model_parallel_size=None, rl_inference_model_unified_memory_level=0, rl_offload_inference_model_weights_when_idle=False, refit_method='gloo', rl_verify_model_weights_swap=False, rl_parallel_generation_tasks=None, rl_skip_bos_token=False, rl_inference_parsers=[], seed=1234, te_rng_tracker=False, data_parallel_random_init=False, init_method_xavier_uniform=False, lr_decay_style='cosine', lr_wsd_decay_style='exponential', lr_decay_iters=None, lr_decay_samples=None, lr_wsd_decay_iters=None, lr_wsd_decay_samples=None, lr_warmup_fraction=None, lr_warmup_iters=1, lr_warmup_samples=0, lr_warmup_init=0.0, override_opt_param_scheduler=False, use_checkpoint_opt_param_scheduler=False, start_weight_decay=0.1, end_weight_decay=0.1, weight_decay_incr_style='constant', lr=3e-05, min_lr=3e-06, decoupled_lr=None, decoupled_min_lr=None, save=None, save_interval=1000, save_wgrads_interval=None, save_dgrads_interval=None, save_retain_interval=None, load=None, load_main_params_from_ckpt=False, non_persistent_save_interval=None, non_persistent_ckpt_type=None, non_persistent_global_ckpt_dir=None, non_persistent_local_ckpt_dir=None, non_persistent_local_ckpt_algo='fully_parallel', finetune=False, pretrained_checkpoint=None, ckpt_step=None, use_checkpoint_args=False, use_mp_args_from_checkpoint_args=False, use_tokenizer_model_from_checkpoint_args=True, exit_on_missing_checkpoint=False, ckpt_format='torch', auto_detect_ckpt_format=False, ckpt_convert_format=None, ckpt_convert_save=None, ckpt_convert_update_legacy_dist_opt_format=False, ckpt_fully_parallel_save=True, async_save=False, async_strategy='nvrx', use_persistent_ckpt_worker=False, async_ckpt_cpu_priority=10, async_ckpt_io_priority=3, ckpt_fully_parallel_load=False, ckpt_fully_parallel_load_exchange_algo='broadcast', ckpt_fully_parallel_save_process_group='dp', ckpt_fully_parallel_load_process_group='dp', ckpt_assume_constant_structure=False, strict_fsdp_dtensor_load=True, dist_ckpt_strictness='assume_ok_unexpected', dist_ckpt_save_pre_mcore_014=False, dist_ckpt_optim_fully_reshardable=False, distrib_optim_fully_reshardable_mem_efficient=False, replication=False, replication_jump=None, replication_factor=2, no_save_optim=None, no_save_rng=None, no_load_optim=None, no_load_rng=None, use_dist_ckpt_deprecated=False, dist_ckpt_format_deprecated=None, dist_ckpt_workers=1, ckpt_fully_parallel_save_deprecated=False, grad_reduce_in_bf16=False, loss_scale=None, initial_loss_scale=4294967296, min_loss_scale=1.0, loss_scale_window=1000, hysteresis=2, accumulate_allreduce_grads_in_fp32=True, fp16_lm_cross_entropy=False, reuse_grad_buf_for_mxfp8_param_ag=False, distributed_backend='nccl', distributed_timeout_minutes=10, align_grad_reduce=True, local_rank=0, lazy_mpu_init=False, use_megatron_fsdp=False, use_torch_fsdp2=False, nccl_communicator_config_path=None, use_tp_pp_dp_mapping=False, use_gloo_process_groups=True, use_sharp=False, sharp_enabled_group=None, high_priority_stream_groups=[], distributed_timeout_seconds_after_init=None, flight_recorder_dump_path=None, flight_recorder_trace_buffer_size=2000, flight_recorder_dump_on_timeout=True, flight_recorder_include_stack_trace=False, flight_recorder_include_only_active=True, flight_recorder_extra_dump_on_exec=True, disable_jit_fuser=False, decoder_first_pipeline_num_layers=None, decoder_last_pipeline_num_layers=None, num_layers_per_virtual_pipeline_stage=None, num_virtual_stages_per_pipeline_rank=None, overlap_grad_reduce=True, ddp_num_buckets=None, ddp_bucket_size=None, ddp_pad_buckets_for_high_nccl_busbw=False, ddp_reduce_scatter_with_fp32_accumulation=False, ddp_param_name_patterns_for_fp32_local_accumulation=[], ddp_average_in_collective=True, overlap_param_gather=False, overlap_param_gather_with_optimizer_step=False, align_param_gather=False, scatter_gather_tensors_in_pipeline=True, use_distributed_optimizer=True, nccl_ub=False, disable_symmetric_registration=False, fsdp_manual_registration=False, create_all_gather_group=False, data_parallel_sharding_strategy='no_shard', outer_dp_sharding_strategy='no_shard', gradient_reduce_div_fusion=True, fsdp_double_buffer=False, suggested_communication_unit_size=None, keep_fp8_transpose_cache=False, enable_full_sharding_in_hsdp=False, num_distributed_optimizer_instances=1, torch_fsdp2_reshard_after_forward=True, fake_process_group=False, eval_iters=5, eval_interval=1000, skip_train=False, full_validation=False, multiple_validation_sets=False, data_path=None, phase_transition_iterations=None, split='949,50,1', train_data_path=None, valid_data_path=None, test_data_path=None, data_args_path=None, per_split_data_args_path=None, per_dataset_sequences_path=None, dataloader_fast_cache_load=False, dataloader_defer_npy_index_mmap=False, data_cache_path=None, mmap_bin_files=True, mock_data=False, seq_length=4096, encoder_seq_length=4096, decoder_seq_length=None, sample_rate=1.0, mask_prob=0.15, short_seq_prob=0.1, num_workers=2, reset_position_ids=False, reset_attention_mask=False, eod_mask_loss=False, create_attention_mask_in_dataloader=True, num_dataset_builder_threads=1, object_storage_cache_path=None, mid_level_dataset_surplus=0.005, allow_ambiguous_pad_tokens=False, fim_data=False, fim_rate=0.5, fim_spm_rate=0.5, fim_split_sample=None, fim_fragment_rate=None, fim_no_prefix=None, fim_prefix_token='<fim_prefix>', fim_middle_token='<fim_middle>', fim_suffix_token='<fim_suffix>', fim_pad_token='<fim_pad>', fim_eod_token='<|endoftext|>', vocab_size=None, padded_vocab_size=151808, vocab_file=None, merge_file=None, vocab_extra_ids=0, tokenizer_model='/workspace/HuggingFace_model_config/qwen3vl/qwen3vl-32b', tokenizer_metadata=None, tokenizer_special_tokens=None, tiktoken_pattern=None, tiktoken_num_special_tokens=1000, tiktoken_special_tokens=None, tokenizer_sentencepiece_legacy=False, tokenizer_hf_use_fast=True, tokenizer_hf_include_special_tokens=True, tokenizer_hf_no_use_fast=False, tokenizer_hf_no_include_special_tokens=False, trust_remote_code=False, adlr_autoresume=False, adlr_autoresume_interval=1000, ict_head_size=None, biencoder_projection_dim=0, biencoder_shared_query_context_model=False, ict_load=None, bert_load=None, titles_data_path=None, query_in_block_prob=0.1, use_one_sent_docs=False, evidence_data_path=None, retriever_report_topk_accuracies=[], retriever_score_scaling=False, block_data_path=None, embedding_path=None, indexer_batch_size=128, indexer_log_interval=1000, num_classes=1000, img_h=224, img_w=224, num_channels=3, patch_dim=16, classes_fraction=1.0, data_per_class_fraction=1.0, data_sharding=True, head_lr_mult=1.0, vision_pretraining=False, vision_pretraining_type='classify', vision_backbone_type='vit', swin_backbone_type='tiny', mask_type='random', mask_factor=1.0, iter_per_epoch=1250, dino_local_img_size=96, dino_local_crops_number=10, dino_head_hidden_size=2048, dino_bottleneck_size=256, dino_freeze_last_layer=1, dino_norm_last_layer=False, dino_warmup_teacher_temp=0.04, dino_teacher_temp=0.07, dino_warmup_teacher_temp_epochs=30, num_experts=None, moe_use_upcycling=False, moe_upcycling_granularity=1, q_lora_rank=None, kv_lora_rank=32, qk_head_dim=128, qk_pos_emb_head_dim=64, v_head_dim=128, rotary_scaling_factor=1.0, mscale=1.0, mscale_all_dim=0.0, cache_mla_latents=False, mla_down_proj_fusion=False, heterogeneous_layers_config_path=None, heterogeneous_layers_config_encoded_json=None, log_interval=1, log_params_norm=False, log_throughput=True, log_progress=False, timing_log_level=0, timing_log_option='minmax', tensorboard_dir='./ckpt/tensorboard', tensorboard_log_interval=1, tensorboard_queue_size=1000, log_timers_to_tensorboard=False, log_loss_scale_to_tensorboard=True, log_validation_ppl_to_tensorboard=False, log_memory_to_tensorboard=False, log_memory_interval=None, log_device_memory_used=False, log_num_zeros_in_grad=False, log_world_size_to_tensorboard=False, wandb_project=None, wandb_exp_name=None, wandb_save_dir=None, wandb_entity=None, logging_level=None, log_energy=False, log_straggler=False, straggler_ctrlr_port=65535, straggler_minmax_count=1, disable_straggler_on_startup=False, run_workload_inspector_server=False, inference_batch_times_seqlen_threshold=-1, max_tokens_to_oom=12000, output_bert_embeddings=False, bert_embedder_type='megatron', use_legacy_static_engine=False, inference_max_requests=8, inference_max_seq_length=2560, inference_dynamic_batching=False, inference_dynamic_batching_buffer_size_gb=40.0, inference_dynamic_batching_paused_buffer_size_gb=None, inference_dynamic_batching_mamba_memory_ratio=None, inference_dynamic_batching_block_size=256, inference_dynamic_batching_max_requests=None, inference_dynamic_batching_max_tokens=None, inference_dynamic_batching_num_cuda_graphs=16, inference_dynamic_batching_track_paused_request_events=False, inference_dynamic_batching_track_generated_token_events=False, decode_only_cuda_graphs=False, inference_dynamic_batching_unified_memory_level=0, enable_chunked_prefill=False, num_speculative_tokens=0, inference_dynamic_batching_enable_prefix_caching=False, inference_dynamic_batching_prefix_caching_eviction_policy='ref_zero', inference_dynamic_batching_prefix_caching_coordinator_policy='first_prefix_block', inference_dynamic_batching_prefix_caching_routing_alpha=0.5, inference_dynamic_batching_prefix_caching_mamba_gb=None, inference_dynamic_batching_cuda_graph_max_tokens=16384, inference_dynamic_batching_cuda_graph_mixed_prefill_count=16, inference_logging_step_interval=0, inference_text_gen_server_logging=False, inference_wandb_logging=False, inference_coordinator_port=None, mamba_inference_conv_states_dtype=torch.bfloat16, mamba_inference_ssm_states_dtype=torch.bfloat16, inference_use_synchronous_zmq_collectives=False, fp8_param_gather=False, te_precision_config_file=None, enable_experimental=False, spec=None, hybrid_layer_pattern=None, hybrid_override_pattern=None, yaml_cfg=None, use_precision_aware_optimizer=False, main_grads_dtype=torch.float32, main_params_dtype=torch.float32, exp_avg_dtype=torch.float32, exp_avg_sq_dtype=torch.float32, megatron_fsdp_main_params_dtype=torch.float32, megatron_fsdp_main_grads_dtype=None, megatron_fsdp_grad_comm_dtype=None, enable_one_logger=True, one_logger_project='megatron-lm', one_logger_run_name=None, one_logger_async=False, app_tag_run_name=None, app_tag_run_version='0.0.0', inprocess_restart=False, inprocess_max_iterations=None, inprocess_monitor_thread_interval=1.0, inprocess_monitor_process_interval=1.0, inprocess_progress_watchdog_interval=1.0, inprocess_heartbeat_interval=30, inprocess_soft_timeout=60, inprocess_hard_timeout=90, inprocess_heartbeat_timeout=60, inprocess_barrier_timeout=120, inprocess_completion_timeout=120, inprocess_last_call_wait=1, inprocess_termination_grace_time=1, inprocess_granularity='node', inprocess_active_world_size=8, inprocess_empty_cuda_cache=False, enable_ft_package=False, calc_ft_timeouts=False, ft_num_warmup_iters=5, error_injection_rate=0, error_injection_type='transient_error', rerun_mode='validate_results', check_for_spiky_loss=False, enable_msc=True, sft=False, sft_tokenizer_prompt_format='nemotron-h-aligned', model_arch='qwen3vl', processor_path='/workspace/HuggingFace_model_config/qwen3vl/qwen3vl-32b', tarfile_path='/', min_pixels_num=None, max_pixels_num=None, spatial_merge_size=2, mask_history=False, freeze_language_model=False, freeze_vision_model=False, freeze_vision_projection=False, vlm_data_config_path='/workspace/dcu_megatron/examples/qwen3.5/config/config.json', vlm_shuffle_buffer_size=1000000, vlm_dataloader_prefetch_factor=4, vlm_top_domains_to_cut=1, use_hip_profiler=False, profile_dir='./', pipe_sp_splits=1, pipe_sp_strategy='average', recompute_layer_ids=None, recompute_mtp_layer_ids=None, reproduce=False, extra_vocab_size=0, tokenizer_type='HuggingFaceTokenizer', use_bridge=True, bridge_hf_model='/workspace/HuggingFace_model_config/qwen3vl/qwen3vl-32b', load_weights=False, image_tokens_per_sample=None, schedule_method='vanilla', overlap_ep_comm_with_split_attn=False, integrate_recompute_to_ep_comm_overlap=False, ep_overlap_early_recompute=False, enable_pre_init_ep_overlap_streams=False, num_layers_to_build=None, enable_vocab_parallel=False, disable_backward_fusion=False, schedule_timer_start=10, schedule_timer_end=20, enable_a2a_overlap_only_in_1f1b_phase=False, delay_1f1b_cooldown_wgrad_compute=False, recompute_in_bubble=False, recompute_in_advance=False, use_optimizer_feature=False, reuse_fp32_param=False, parallel_linear_impl=None, save_flux_gather_input=False, flux_transpose_weight=False, enable_bw_flux_gemmrs_op=True, enable_dynamic_grad_comp=False, grad_comp=False, grad_comp_warm_up=0.1, rank_adjust_window_size=1000, iteration_sample_ratio=0.01, gradient_sample_ratio=1.0, collect_log_path='./logs', use_quantize_comm=False, quant_comm_bits=8, quant_group_size=None, quant_scale_dtype='bf16', swap_attention=False, swap_modules='self_attention', specify_layers=None, reduce_recompute_for_last_chunk=False, recompute_activation_function=False, recompute_activation_function_num_layers=None, use_ckpt_memory_cache=False, comm_time_log_iter=None, rank=0, world_size=8, dist_url='tcp://10.55.55.102:25900', enable_hyper_connections=False, mhc_use_tilekernels=False, num_residual_streams=4, mhc_sinkhorn_iterations=1, mhc_recompute_layer_num=1, mhc_init_gating_factor=0.01, mhc_expand_emb=False, mhc_tau=0.05, mhc_lite=False, use_vwn=False, mhc_hres_vwnstyle=False, use_mhc_svd=False, mhc_fuse_h_post_compute=False, mhc_log_amax_per_step=1, mhc_fix_muons=False, mhc_fuse_aggregate_compute=False, mhc_init_hpre_use_module_layer=False, sync_free_moe=False, turbo_sync_free_moe_stage=0, use_primus_topk_router=False, use_primus_moe_permute_fusion=False, use_primus_deepep=False, use_primus_grouped_mlp=False, use_primus_fused_act_with_probs=False, use_dist_ckpt=False, transformer_pipeline_model_parallel_size=2, data_parallel_size=2, consumed_train_samples=0, skipped_train_samples=0, consumed_valid_samples=0)
provider: Qwen3VLModelProvider(tensor_model_parallel_size=2, pipeline_model_parallel_comm_backend=None, pipeline_model_parallel_size=2, virtual_pipeline_model_parallel_size=None, sequence_parallel=True, context_parallel_size=1, hierarchical_context_parallel_sizes=None, max_seqlen_per_dp_cp_rank=None, hybrid_context_parallel=False, expert_model_parallel_size=1, expert_tensor_parallel_size=2, perform_initialization=True, use_cpu_initialization=False, fp16=False, bf16=True, params_dtype=torch.bfloat16, timers=None, finalize_model_grads_func=None, grad_scale_func=None, no_sync_func=None, grad_sync_func=None, param_sync_func=None, deterministic_mode=False, enable_autocast=False, autocast_dtype=torch.bfloat16, num_microbatches_with_partial_activation_checkpoints=None, gradient_accumulation_fusion=True, use_te_rng_tracker=False, tp_comm_overlap=False, tp_comm_bulk_wgrad=True, tp_comm_bulk_dgrad=True, tp_comm_overlap_ag=True, tp_comm_overlap_rs=True, tp_comm_overlap_rs_dgrad=False, tp_comm_split_ag=True, tp_comm_atomic_ag=False, tp_comm_split_rs=True, tp_comm_atomic_rs=False, cross_entropy_loss_fusion=True, cross_entropy_fusion_impl='native', tp_comm_overlap_disable_qkv=False, tp_comm_overlap_disable_fc1=False, tp_comm_bootstrap_backend='nccl', overlap_moe_expert_parallel_comm=False, delay_wgrad_compute=False, ep_overlap_early_attn_memory_release=False, pipeline_dtype=torch.bfloat16, variable_seq_lengths=False, overlap_p2p_comm=False, batch_p2p_comm=True, batch_p2p_sync=True, use_ring_exchange_p2p=False, deallocate_pipeline_outputs=True, defer_embedding_wgrad_compute=False, wgrad_deferral_limit=0, overlap_p2p_comm_warmup_flush=False, microbatch_group_size_per_vp_stage=2, mtp_standalone=False, cpu_offloading=False, cpu_offloading_num_layers=0, _cpu_offloading_context=None, cpu_offloading_activations=True, cpu_offloading_weights=False, cpu_offloading_double_buffering=False, cpu_offloading_retain_pinned_cpu_buffers=False, barrier_with_L1_time=True, num_layers=64, mtp_num_layers=None, mtp_loss_scaling_factor=0.1, mtp_use_repeated_layer=False, mtp_hybrid_override_pattern=None, num_layers_in_first_pipeline_stage=None, num_layers_in_last_pipeline_stage=None, pipeline_model_parallel_layout=None, account_for_embedding_in_pipeline_split=False, account_for_loss_in_pipeline_split=False, hidden_size=5120, num_attention_heads=64, attention_backend=<AttnBackend.auto: 5>, softmax_scale=None, softmax_type='vanilla', num_query_groups=8, ffn_hidden_size=25600, kv_channels=128, hidden_dropout=0.0, attention_dropout=0.0, fp32_residual_connection=False, apply_residual_connection_post_layernorm=False, layernorm_epsilon=1e-06, layernorm_zero_centered_gamma=False, add_bias_linear=False, add_qkv_bias=False, gated_linear_unit=True, activation_func=<function silu at 0x7fdd44141c60>, activation_func_fp8_input_store=False, glu_linear_offset=0.0, activation_func_clamp_value=None, num_moe_experts=None, rotary_interleaved=False, window_size=None, window_attn_skip_freq=None, normalization='RMSNorm', qk_layernorm=True, qk_l2_norm=False, qk_clip=False, qk_clip_alpha=0.5, qk_clip_threshold=100, log_max_attention_logit=False, attention_output_gate=False, test_mode=False, calculate_per_token_loss=False, multi_latent_attention=False, no_rope_freq=None, experimental_attention_variant=None, dsa_indexer_n_heads=None, dsa_indexer_head_dim=None, dsa_indexer_topk=None, dsa_indexer_loss_coeff=None, dsa_indexer_use_sparse_loss=False, linear_attention_freq=None, linear_conv_kernel_dim=4, linear_key_head_dim=128, linear_value_head_dim=128, linear_num_key_heads=16, linear_num_value_heads=32, init_method=functools.partial(<function normal_ at 0x7fdd43fc2840>, mean=0.0, std=0.02), output_layer_init_method=functools.partial(<function normal_ at 0x7fdd43fc2840>, mean=0.0, std=0.0017677669529663686), init_method_std=0.02, embedding_init_method=functools.partial(<function normal_ at 0x7fdd43fc2840>, mean=0.0, std=0.02), embedding_init_method_std=0.02, init_model_with_meta_device=False, use_mup=False, mup_width_mult=1.0, mup_base_hidden_size=None, mup_embedding_mult=1.0, mup_output_mult=1.0, mup_base_head_dim=None, mup_attn_scale_power=1.0, apply_query_key_layer_scaling=False, attention_softmax_in_fp32=True, disable_bf16_reduced_precision_matmul=False, bias_activation_fusion=True, masked_softmax_fusion=True, persist_layer_norm=False, memory_efficient_layer_norm=False, bias_dropout_fusion=False, apply_rope_fusion=False, use_fused_weighted_squared_relu=False, fused_single_qkv_rope=False, fused_residual_rmsnorm=False, recompute_granularity=None, recompute_method=None, recompute_num_layers=None, distribute_saved_activations=False, recompute_modules=[], fp8=None, fp8_recipe='delayed', fp8_param=False, fp8_quantizer_factory=None, fp8_margin=0, fp8_interval=1, fp8_amax_history_len=1, fp8_amax_compute_algo='most_recent', fp8_wgrad=True, fp8_dot_product_attention=False, fp8_multi_head_attention=False, tp_only_amax_red=False, first_last_layers_bf16=False, num_layers_at_start_in_bf16=1, num_layers_at_end_in_bf16=1, use_kitchen=False, use_kitchen_attention=False, kitchen_attention_backend='sdpa', fp4=None, fp4_recipe='nvfp4', fp4_param=False, fp4_quantizer_factory=None, moe_shared_expert_intermediate_size=None, moe_shared_expert_gate=False, moe_shared_expert_overlap=False, moe_layer_freq=1, moe_ffn_hidden_size=None, moe_router_load_balancing_type='aux_loss', moe_router_topk=2, moe_enable_routing_replay=False, moe_router_topk_limited_devices=None, moe_router_padding_for_quantization=False, moe_router_padding_for_fp8=False, moe_router_num_groups=None, moe_router_group_topk=None, moe_router_pre_softmax=False, moe_router_topk_scaling_factor=None, moe_router_score_function='softmax', moe_router_dtype=None, moe_router_enable_expert_bias=False, moe_router_bias_update_rate=0.001, moe_router_force_load_balancing=False, moe_router_force_biased=None, moe_grouped_gemm=False, moe_aux_loss_coeff=0.0, moe_z_loss_coeff=None, moe_input_jitter_eps=None, moe_token_dropping=False, moe_token_dispatcher_type='allgather', moe_enable_deepep=False, moe_flex_dispatcher_backend='deepep', moe_per_layer_logging=False, moe_expert_capacity_factor=None, moe_pad_expert_input_to_capacity=False, moe_pad_experts_for_cuda_graph_inference=False, moe_token_drop_policy='probs', moe_layer_recompute=False, moe_permute_fusion=False, moe_router_fusion=False, moe_apply_probs_on_input=False, moe_latent_size=None, moe_deepep_num_sms=20, moe_hybridep_num_sms=16, cp_comm_type=None, enable_cuda_graph=False, cuda_graph_use_single_mempool=False, cuda_graph_retain_backward_graph=False, cuda_graph_warmup_steps=3, external_cuda_graph=False, cuda_graph_impl='none', cuda_graph_scope=[], clone_scatter_output_in_embedding=True, disable_parameter_transpose_cache=False, config_logger_dir='', flash_decode=False, batch_invariant_mode=False, use_te_activation_func=False, inference_rng_tracker=False, inference_sampling_seed=42, symmetric_ar_type=None, nccl_all_reduce_for_prefill=False, use_inference_optimized_layers=False, inference_fuse_tp_communication=False, inference_disable_triton_nvls_kernels=False, inference_grouped_gemm_backend='auto', inference_moe_disable_fused_quant_kernels=False, mrope_section=[24, 20, 20], is_hybrid_model=False, mamba_state_dim=128, mamba_head_dim=64, mamba_num_groups=8, mamba_num_heads=None, use_mamba_mem_eff_path=True, mlp_chunks_for_prefill=1, heterogeneous_block_specs=False, hetereogenous_dist_checkpoint=False, quant_recipe=None, transformer_impl='transformer_engine', fine_grained_activation_offloading=False, offload_modules=[], min_offloaded_tensor_size=1048576, fp16_lm_cross_entropy=False, parallel_output=True, share_embeddings_and_output_weights=False, make_vocab_size_divisible_by=128, position_embedding_type='mrope', rotary_base=5000000, rotary_percent=1.0, rope_scaling=False, rope_scaling_factor=1.0, rotary_scaling_factor=None, seq_len_interpolation_factor=None, yarn_rotary_scaling_factor=None, yarn_original_max_position_embeddings=None, yarn_beta_fast=None, yarn_beta_slow=None, yarn_mscale=None, yarn_mscale_all_dim=None, yarn_correction_range_round_to_int=None, seq_length=262144, scatter_embedding_sequence_parallel=False, tp_comm_overlap_cfg=None, use_transformer_engine_full_layer_spec=False, use_transformer_engine_op_fuser=True, transformer_layer_spec=<function default_layer_spec at 0x7fd76c164fe0>, hf_model_id='/workspace/HuggingFace_model_config/qwen3vl/qwen3vl-32b', vocab_size=151936, should_pad_vocab=False, mtp_enabled=False, restore_modelopt_state=False, use_arbitrary_attention_mask=None, _pg_collection=None, language_max_sequence_length=2048, patch_size=16, temporal_patch_size=2, in_channels=3, spatial_merge_size=2, num_position_embeddings=2304, out_hidden_size=2304, apply_rotary_pos_emb_in_fp32=False, deepstack_visual_indexes=[8, 16, 24], vision_config=Qwen3VLVisionConfig {
  "deepstack_visual_indexes": [
    8,
    16,
    24
  ],
  "depth": 27,
  "dtype": "bfloat16",
  "hidden_act": "gelu_pytorch_tanh",
  "hidden_size": 1152,
  "in_channels": 3,
  "initializer_range": 0.02,
  "intermediate_size": 4304,
  "model_type": "qwen3_vl_vision",
  "num_heads": 16,
  "num_position_embeddings": 2304,
  "out_hidden_size": 5120,
  "patch_size": 16,
  "spatial_merge_size": 2,
  "temporal_patch_size": 2,
  "transformers_version": "5.11.0"
}
, hf_text_config=Qwen3VLTextConfig {
  "attention_bias": false,
  "attention_dropout": 0.0,
  "bos_token_id": 151643,
  "dtype": "bfloat16",
  "eos_token_id": 151645,
  "head_dim": 128,
  "hidden_act": "silu",
  "hidden_size": 5120,
  "initializer_range": 0.02,
  "intermediate_size": 25600,
  "max_position_embeddings": 262144,
  "model_type": "qwen3_vl_text",
  "num_attention_heads": 64,
  "num_hidden_layers": 64,
  "num_key_value_heads": 8,
  "pad_token_id": null,
  "rms_norm_eps": 1e-06,
  "rope_parameters": {
    "mrope_interleaved": true,
    "mrope_section": [
      24,
      20,
      20
    ],
    "rope_theta": 5000000,
    "rope_type": "default"
  },
  "transformers_version": "5.11.0",
  "use_cache": true,
  "vocab_size": 151936
}
, image_token_id=151655, video_token_id=151656, vision_start_token_id=151652, vision_end_token_id=151653, bos_token_id=151643, eos_token_id=151645, freeze_language_model=False, freeze_vision_model=False, freeze_vision_projection=False, use_hf_vision_model=False, vision_dp_when_cp=False, encoder_num_layers=64, decoder_num_layers=None, group_query_attention=False, max_position_embeddings=262144, relative_attention_num_buckets=32, relative_attention_max_distance=128, use_rotary_position_embeddings=False, rotary_seq_len_interpolation_factor=None, use_rope_scaling=False, add_position_embedding=True, openai_gelu=False, squared_relu=False, swiglu=True, quick_geglu=False, onnx_safe=None, bert_binary_head=True, untie_embeddings_and_output_weights=True, weight_decay=0.1, apply_wd_to_qk_layernorm=False, clip_grad=1.0, adam_beta1=0.9, adam_beta2=0.95, adam_eps=1e-08, sgd_momentum=0.9, muon_momentum=0.9, muon_split_qkv=True, muon_use_nesterov=False, muon_scale_mode='spectral', muon_fp32_matmul_prec='medium', muon_coefficient_type='quintic', muon_num_ns_steps=5, muon_tp_mode='blockwise', muon_extra_scale_factor=1.0, muon_scalar_optimizer='adam', lion_beta1=0.95, lion_beta2=0.98, no_weight_decay_cond_type=None, profile=False, profile_step_start=10, profile_step_end=12, use_pytorch_profiler=False, pytorch_profiler_collect_shapes=False, pytorch_profiler_collect_callstack=False, pytorch_profiler_collect_chakra=False, profile_ranks=[], record_memory_history=False, memory_snapshot_path='snapshot.pickle', micro_batch_size=1, global_batch_size=32, rampup_batch_size=None, decrease_batch_size_if_needed=False, empty_unused_memory_level=0, check_weight_hash_across_dp_replicas_interval=None, train_sync_interval=None, train_iters=100, train_samples=None, exit_interval=None, exit_duration_in_mins=None, exit_signal_handler=False, exit_signal=<Signals.SIGTERM: 15>, exit_signal_handler_for_dataloader=False, exit_signal_handler_for_training=False, manual_gc=False, manual_gc_interval=0, manual_gc_eval=True, iterations_to_skip=[], check_for_nan_in_loss_and_grad=True, check_for_large_grads=False, result_rejected_tracker_filename=None, bias_gelu_fusion=False, bias_swiglu_fusion=True, rope_type=None, use_flash_attn=True, optimizer='adam', optimizer_cpu_offload=False, optimizer_cuda_graph=False, optimizer_offload_fraction=1.0, use_torch_optimizer_for_cpu_offload=False, overlap_cpu_optimizer_d2h_h2d=False, dump_param_to_param_group_map=None, pin_cpu_grads=True, pin_cpu_params=True, dataloader_type='external', no_persist_layer_norm=False, deprecated_use_mcore_models=True, use_legacy_models=False, perform_rl_step=False, rl_prompts_per_eval=32, grpo_prompts_per_step=32, grpo_group_size=2, rl_num_parallel_generations=None, rl_num_parallel_generation_batches=None, rl_generation_batch_size=None, grpo_iterations=2, grpo_clamp_eps_lower=0.01, grpo_clamp_eps_upper=0.01, grpo_kl_beta=0.001, grpo_entropy_term_weight=0.0, grpo_filter_groups_with_same_reward=False, langrl_env_config=None, rl_default_temperature=1.0, rl_default_top_p=0, rl_default_top_k=-1, rl_offload_optimizer_during_inference=False, rl_kv_cache_management_mode='persist', rl_persist_cuda_graphs=False, rl_partial_rollouts=False, rl_inference_logprobs_is_correction=False, rl_importance_sampling_truncation_coef=None, rl_use_sequence_packing=False, rl_sequence_packing_max_sequences_per_bin=50, rl_sequence_packing_algo='fifo', rl_training_cuda_graphs=False, rl_inference_tensor_model_parallel_size=None, rl_inference_pipeline_model_parallel_size=None, rl_inference_expert_model_parallel_size=None, rl_inference_expert_tensor_model_parallel_size=None, rl_inference_model_unified_memory_level=0, rl_offload_inference_model_weights_when_idle=False, refit_method='gloo', rl_verify_model_weights_swap=False, rl_parallel_generation_tasks=None, rl_skip_bos_token=False, rl_inference_parsers=[], seed=1234, te_rng_tracker=False, data_parallel_random_init=False, init_method_xavier_uniform=False, lr_decay_style='cosine', lr_wsd_decay_style='exponential', lr_decay_iters=None, lr_decay_samples=None, lr_wsd_decay_iters=None, lr_wsd_decay_samples=None, lr_warmup_fraction=None, lr_warmup_iters=1, lr_warmup_samples=0, lr_warmup_init=0.0, override_opt_param_scheduler=False, use_checkpoint_opt_param_scheduler=False, start_weight_decay=0.1, end_weight_decay=0.1, weight_decay_incr_style='constant', lr=3e-05, min_lr=3e-06, decoupled_lr=None, decoupled_min_lr=None, save=None, save_interval=1000, save_wgrads_interval=None, save_dgrads_interval=None, save_retain_interval=None, load=None, load_main_params_from_ckpt=False, non_persistent_save_interval=None, non_persistent_ckpt_type=None, non_persistent_global_ckpt_dir=None, non_persistent_local_ckpt_dir=None, non_persistent_local_ckpt_algo='fully_parallel', finetune=False, pretrained_checkpoint=None, ckpt_step=None, use_checkpoint_args=False, use_mp_args_from_checkpoint_args=False, use_tokenizer_model_from_checkpoint_args=True, exit_on_missing_checkpoint=False, ckpt_format='torch', auto_detect_ckpt_format=False, ckpt_convert_format=None, ckpt_convert_save=None, ckpt_convert_update_legacy_dist_opt_format=False, ckpt_fully_parallel_save=True, async_save=False, async_strategy='nvrx', use_persistent_ckpt_worker=False, async_ckpt_cpu_priority=10, async_ckpt_io_priority=3, ckpt_fully_parallel_load=False, ckpt_fully_parallel_load_exchange_algo='broadcast', ckpt_fully_parallel_save_process_group='dp', ckpt_fully_parallel_load_process_group='dp', ckpt_assume_constant_structure=False, strict_fsdp_dtensor_load=True, dist_ckpt_strictness='assume_ok_unexpected', dist_ckpt_save_pre_mcore_014=False, dist_ckpt_optim_fully_reshardable=False, distrib_optim_fully_reshardable_mem_efficient=False, replication=False, replication_jump=None, replication_factor=2, no_save_optim=None, no_save_rng=None, no_load_optim=None, no_load_rng=None, use_dist_ckpt_deprecated=False, dist_ckpt_format_deprecated=None, dist_ckpt_workers=1, ckpt_fully_parallel_save_deprecated=False, grad_reduce_in_bf16=False, loss_scale=None, initial_loss_scale=4294967296, min_loss_scale=1.0, loss_scale_window=1000, hysteresis=2, accumulate_allreduce_grads_in_fp32=True, reuse_grad_buf_for_mxfp8_param_ag=False, distributed_backend='nccl', distributed_timeout_minutes=10, align_grad_reduce=True, local_rank=0, lazy_mpu_init=False, use_megatron_fsdp=False, use_torch_fsdp2=False, nccl_communicator_config_path=None, use_tp_pp_dp_mapping=False, use_gloo_process_groups=True, use_sharp=False, sharp_enabled_group=None, high_priority_stream_groups=[], distributed_timeout_seconds_after_init=None, flight_recorder_dump_path=None, flight_recorder_trace_buffer_size=2000, flight_recorder_dump_on_timeout=True, flight_recorder_include_stack_trace=False, flight_recorder_include_only_active=True, flight_recorder_extra_dump_on_exec=True, disable_jit_fuser=False, decoder_first_pipeline_num_layers=None, decoder_last_pipeline_num_layers=None, num_layers_per_virtual_pipeline_stage=None, num_virtual_stages_per_pipeline_rank=None, overlap_grad_reduce=True, ddp_num_buckets=None, ddp_bucket_size=None, ddp_pad_buckets_for_high_nccl_busbw=False, ddp_reduce_scatter_with_fp32_accumulation=False, ddp_param_name_patterns_for_fp32_local_accumulation=[], ddp_average_in_collective=True, overlap_param_gather=False, overlap_param_gather_with_optimizer_step=False, align_param_gather=False, scatter_gather_tensors_in_pipeline=True, use_distributed_optimizer=True, nccl_ub=False, disable_symmetric_registration=False, fsdp_manual_registration=False, create_all_gather_group=False, data_parallel_sharding_strategy='no_shard', outer_dp_sharding_strategy='no_shard', gradient_reduce_div_fusion=True, fsdp_double_buffer=False, suggested_communication_unit_size=None, keep_fp8_transpose_cache=False, enable_full_sharding_in_hsdp=False, num_distributed_optimizer_instances=1, torch_fsdp2_reshard_after_forward=True, fake_process_group=False, eval_iters=5, eval_interval=1000, skip_train=False, full_validation=False, multiple_validation_sets=False, data_path=None, phase_transition_iterations=None, split='949,50,1', train_data_path=None, valid_data_path=None, test_data_path=None, data_args_path=None, per_split_data_args_path=None, per_dataset_sequences_path=None, dataloader_fast_cache_load=False, dataloader_defer_npy_index_mmap=False, data_cache_path=None, mmap_bin_files=True, mock_data=False, encoder_seq_length=4096, decoder_seq_length=None, sample_rate=1.0, mask_prob=0.15, short_seq_prob=0.1, num_workers=2, reset_position_ids=False, reset_attention_mask=False, eod_mask_loss=False, create_attention_mask_in_dataloader=True, num_dataset_builder_threads=1, object_storage_cache_path=None, mid_level_dataset_surplus=0.005, allow_ambiguous_pad_tokens=False, fim_data=False, fim_rate=0.5, fim_spm_rate=0.5, fim_split_sample=None, fim_fragment_rate=None, fim_no_prefix=None, fim_prefix_token='<fim_prefix>', fim_middle_token='<fim_middle>', fim_suffix_token='<fim_suffix>', fim_pad_token='<fim_pad>', fim_eod_token='<|endoftext|>', padded_vocab_size=151808, vocab_file=None, merge_file=None, vocab_extra_ids=0, tokenizer_model='/workspace/HuggingFace_model_config/qwen3vl/qwen3vl-32b', tokenizer_metadata=None, tokenizer_special_tokens=None, tiktoken_pattern=None, tiktoken_num_special_tokens=1000, tiktoken_special_tokens=None, tokenizer_sentencepiece_legacy=False, tokenizer_hf_use_fast=True, tokenizer_hf_include_special_tokens=True, tokenizer_hf_no_use_fast=False, tokenizer_hf_no_include_special_tokens=False, trust_remote_code=False, adlr_autoresume=False, adlr_autoresume_interval=1000, ict_head_size=None, biencoder_projection_dim=0, biencoder_shared_query_context_model=False, ict_load=None, bert_load=None, titles_data_path=None, query_in_block_prob=0.1, use_one_sent_docs=False, evidence_data_path=None, retriever_report_topk_accuracies=[], retriever_score_scaling=False, block_data_path=None, embedding_path=None, indexer_batch_size=128, indexer_log_interval=1000, num_classes=1000, img_h=224, img_w=224, num_channels=3, patch_dim=16, classes_fraction=1.0, data_per_class_fraction=1.0, data_sharding=True, head_lr_mult=1.0, vision_pretraining=False, vision_pretraining_type='classify', vision_backbone_type='vit', swin_backbone_type='tiny', mask_type='random', mask_factor=1.0, iter_per_epoch=1250, dino_local_img_size=96, dino_local_crops_number=10, dino_head_hidden_size=2048, dino_bottleneck_size=256, dino_freeze_last_layer=1, dino_norm_last_layer=False, dino_warmup_teacher_temp=0.04, dino_teacher_temp=0.07, dino_warmup_teacher_temp_epochs=30, num_experts=None, moe_use_upcycling=False, moe_upcycling_granularity=1, q_lora_rank=None, kv_lora_rank=32, qk_head_dim=128, qk_pos_emb_head_dim=64, v_head_dim=128, mscale=1.0, mscale_all_dim=0.0, cache_mla_latents=False, mla_down_proj_fusion=False, heterogeneous_layers_config_path=None, heterogeneous_layers_config_encoded_json=None, log_interval=1, log_params_norm=False, log_throughput=True, log_progress=False, timing_log_level=0, timing_log_option='minmax', tensorboard_dir='./ckpt/tensorboard', tensorboard_log_interval=1, tensorboard_queue_size=1000, log_timers_to_tensorboard=False, log_loss_scale_to_tensorboard=True, log_validation_ppl_to_tensorboard=False, log_memory_to_tensorboard=False, log_memory_interval=None, log_device_memory_used=False, log_num_zeros_in_grad=False, log_world_size_to_tensorboard=False, wandb_project=None, wandb_exp_name=None, wandb_save_dir=None, wandb_entity=None, logging_level=None, log_energy=False, log_straggler=False, straggler_ctrlr_port=65535, straggler_minmax_count=1, disable_straggler_on_startup=False, run_workload_inspector_server=False, inference_batch_times_seqlen_threshold=-1, max_tokens_to_oom=12000, output_bert_embeddings=False, bert_embedder_type='megatron', use_legacy_static_engine=False, inference_max_requests=8, inference_max_seq_length=2560, inference_dynamic_batching=False, inference_dynamic_batching_buffer_size_gb=40.0, inference_dynamic_batching_paused_buffer_size_gb=None, inference_dynamic_batching_mamba_memory_ratio=None, inference_dynamic_batching_block_size=256, inference_dynamic_batching_max_requests=None, inference_dynamic_batching_max_tokens=None, inference_dynamic_batching_num_cuda_graphs=16, inference_dynamic_batching_track_paused_request_events=False, inference_dynamic_batching_track_generated_token_events=False, decode_only_cuda_graphs=False, inference_dynamic_batching_unified_memory_level=0, enable_chunked_prefill=False, num_speculative_tokens=0, inference_dynamic_batching_enable_prefix_caching=False, inference_dynamic_batching_prefix_caching_eviction_policy='ref_zero', inference_dynamic_batching_prefix_caching_coordinator_policy='first_prefix_block', inference_dynamic_batching_prefix_caching_routing_alpha=0.5, inference_dynamic_batching_prefix_caching_mamba_gb=None, inference_dynamic_batching_cuda_graph_max_tokens=16384, inference_dynamic_batching_cuda_graph_mixed_prefill_count=16, inference_logging_step_interval=0, inference_text_gen_server_logging=False, inference_wandb_logging=False, inference_coordinator_port=None, mamba_inference_conv_states_dtype=torch.bfloat16, mamba_inference_ssm_states_dtype=torch.bfloat16, inference_use_synchronous_zmq_collectives=False, fp8_param_gather=False, te_precision_config_file=None, enable_experimental=False, spec=None, hybrid_layer_pattern=None, hybrid_override_pattern=None, yaml_cfg=None, use_precision_aware_optimizer=False, main_grads_dtype=torch.float32, main_params_dtype=torch.float32, exp_avg_dtype=torch.float32, exp_avg_sq_dtype=torch.float32, megatron_fsdp_main_params_dtype=torch.float32, megatron_fsdp_main_grads_dtype=None, megatron_fsdp_grad_comm_dtype=None, enable_one_logger=True, one_logger_project='megatron-lm', one_logger_run_name=None, one_logger_async=False, app_tag_run_name=None, app_tag_run_version='0.0.0', inprocess_restart=False, inprocess_max_iterations=None, inprocess_monitor_thread_interval=1.0, inprocess_monitor_process_interval=1.0, inprocess_progress_watchdog_interval=1.0, inprocess_heartbeat_interval=30, inprocess_soft_timeout=60, inprocess_hard_timeout=90, inprocess_heartbeat_timeout=60, inprocess_barrier_timeout=120, inprocess_completion_timeout=120, inprocess_last_call_wait=1, inprocess_termination_grace_time=1, inprocess_granularity='node', inprocess_active_world_size=8, inprocess_empty_cuda_cache=False, enable_ft_package=False, calc_ft_timeouts=False, ft_num_warmup_iters=5, error_injection_rate=0, error_injection_type='transient_error', rerun_mode='validate_results', check_for_spiky_loss=False, enable_msc=True, sft=False, sft_tokenizer_prompt_format='nemotron-h-aligned', model_arch='qwen3vl', processor_path='/workspace/HuggingFace_model_config/qwen3vl/qwen3vl-32b', tarfile_path='/', min_pixels_num=None, max_pixels_num=None, mask_history=False, vlm_data_config_path='/workspace/dcu_megatron/examples/qwen3.5/config/config.json', vlm_shuffle_buffer_size=1000000, vlm_dataloader_prefetch_factor=4, vlm_top_domains_to_cut=1, use_hip_profiler=False, profile_dir='./', pipe_sp_splits=1, pipe_sp_strategy='average', recompute_layer_ids=None, recompute_mtp_layer_ids=None, reproduce=False, extra_vocab_size=0, tokenizer_type='HuggingFaceTokenizer', use_bridge=True, bridge_hf_model='/workspace/HuggingFace_model_config/qwen3vl/qwen3vl-32b', load_weights=False, image_tokens_per_sample=None, schedule_method='vanilla', overlap_ep_comm_with_split_attn=False, integrate_recompute_to_ep_comm_overlap=False, ep_overlap_early_recompute=False, enable_pre_init_ep_overlap_streams=False, num_layers_to_build=None, enable_vocab_parallel=False, disable_backward_fusion=False, schedule_timer_start=10, schedule_timer_end=20, enable_a2a_overlap_only_in_1f1b_phase=False, delay_1f1b_cooldown_wgrad_compute=False, recompute_in_bubble=False, recompute_in_advance=False, use_optimizer_feature=False, reuse_fp32_param=False, parallel_linear_impl=None, save_flux_gather_input=False, flux_transpose_weight=False, enable_bw_flux_gemmrs_op=True, enable_dynamic_grad_comp=False, grad_comp=False, grad_comp_warm_up=0.1, rank_adjust_window_size=1000, iteration_sample_ratio=0.01, gradient_sample_ratio=1.0, collect_log_path='./logs', use_quantize_comm=False, quant_comm_bits=8, quant_group_size=None, quant_scale_dtype='bf16', swap_attention=False, swap_modules='self_attention', specify_layers=None, reduce_recompute_for_last_chunk=False, recompute_activation_function=False, recompute_activation_function_num_layers=None, use_ckpt_memory_cache=False, comm_time_log_iter=None, rank=0, world_size=8, dist_url='tcp://10.55.55.102:25900', enable_hyper_connections=False, mhc_use_tilekernels=False, num_residual_streams=4, mhc_sinkhorn_iterations=1, mhc_recompute_layer_num=1, mhc_init_gating_factor=0.01, mhc_expand_emb=False, mhc_tau=0.05, mhc_lite=False, use_vwn=False, mhc_hres_vwnstyle=False, use_mhc_svd=False, mhc_fuse_h_post_compute=False, mhc_log_amax_per_step=1, mhc_fix_muons=False, mhc_fuse_aggregate_compute=False, mhc_init_hpre_use_module_layer=False, sync_free_moe=False, turbo_sync_free_moe_stage=0, use_primus_topk_router=False, use_primus_moe_permute_fusion=False, use_primus_deepep=False, use_primus_grouped_mlp=False, use_primus_fused_act_with_probs=False, use_dist_ckpt=False, transformer_pipeline_model_parallel_size=2, data_parallel_size=2, consumed_train_samples=0, skipped_train_samples=0, consumed_valid_samples=0)
/workspace/dcu_megatron/Megatron-LM/megatron/core/models/gpt/gpt_layer_specs.py:209: UserWarning: The fp8 argument in "get_gpt_layer_with_transformer_engine_spec" has been deprecated and will be removed soon. Please update your code accordingly.
  warnings.warn(
/workspace/dcu_megatron/Megatron-LM/megatron/core/transformer/transformer_config.py:1934: UserWarning: full scope is deprecated. Use empty cuda_graph_scope to capture the whole layer.
  warnings.warn(
/workspace/dcu_megatron/Megatron-LM/megatron/core/models/gpt/gpt_layer_specs.py:209: UserWarning: The fp8 argument in "get_gpt_layer_with_transformer_engine_spec" has been deprecated and will be removed soon. Please update your code accordingly.
  warnings.warn(
 > number of parameters on (tensor, pipeline) model parallel rank (0, 1): 8190702592
INFO:megatron.core.distributed.param_and_grad_buffer:Number of buckets for gradient all-reduce / reduce-scatter: 1
Params for bucket 1 (8190702592 elements, 8190702592 padded size, 0 param(s) with extra main_grads):
	module.language_model.output_layer.weight (param.main_grad.dtype=torch.float32)
	module.language_model.decoder.final_layernorm.weight (param.main_grad.dtype=torch.float32)
	module.language_model.decoder.layers.31.mlp.linear_fc2.weight (param.main_grad.dtype=torch.float32)
	module.language_model.decoder.layers.31.mlp.linear_fc1.weight (param.main_grad.dtype=torch.float32)
	module.language_model.decoder.layers.31.mlp.linear_fc1.layer_norm_weight (param.main_grad.dtype=torch.float32)
	module.language_model.decoder.layers.31.self_attention.k_layernorm.weight (param.main_grad.dtype=torch.float32)
	module.language_model.decoder.layers.31.self_attention.q_layernorm.weight (param.main_grad.dtype=torch.float32)
	module.language_model.decoder.layers.31.self_attention.linear_qkv.weight (param.main_grad.dtype=torch.float32)
	module.language_model.decoder.layers.31.self_attention.linear_qkv.layer_norm_weight (param.main_grad.dtype=torch.float32)
	module.language_model.decoder.layers.31.self_attention.linear_proj.weight (param.main_grad.dtype=torch.float32)
	module.language_model.decoder.layers.30.mlp.linear_fc2.weight (param.main_grad.dtype=torch.float32)
	module.language_model.decoder.layers.30.mlp.linear_fc1.weight (param.main_grad.dtype=torch.float32)
	module.language_model.decoder.layers.30.mlp.linear_fc1.layer_norm_weight (param.main_grad.dtype=torch.float32)
	module.language_model.decoder.layers.30.self_attention.k_layernorm.weight (param.main_grad.dtype=torch.float32)
	module.language_model.decoder.layers.30.self_attention.q_layernorm.weight (param.main_grad.dtype=torch.float32)
	module.language_model.decoder.layers.30.self_attention.linear_qkv.weight (param.main_grad.dtype=torch.float32)
	module.language_model.decoder.layers.30.self_attention.linear_qkv.layer_norm_weight (param.main_grad.dtype=torch.float32)
	module.language_model.decoder.layers.30.self_attention.linear_proj.weight (param.main_grad.dtype=torch.float32)
	module.language_model.decoder.layers.29.mlp.linear_fc2.weight (param.main_grad.dtype=torch.float32)
	module.language_model.decoder.layers.29.mlp.linear_fc1.weight (param.main_grad.dtype=torch.float32)
	module.language_model.decoder.layers.29.mlp.linear_fc1.layer_norm_weight (param.main_grad.dtype=torch.float32)
	module.language_model.decoder.layers.29.self_attention.k_layernorm.weight (param.main_grad.dtype=torch.float32)
	module.language_model.decoder.layers.29.self_attention.q_layernorm.weight (param.main_grad.dtype=torch.float32)
	module.language_model.decoder.layers.29.self_attention.linear_qkv.weight (param.main_grad.dtype=torch.float32)
	module.language_model.decoder.layers.29.self_attention.linear_qkv.layer_norm_weight (param.main_grad.dtype=torch.float32)
	module.language_model.decoder.layers.29.self_attention.linear_proj.weight (param.main_grad.dtype=torch.float32)
	module.language_model.decoder.layers.28.mlp.linear_fc2.weight (param.main_grad.dtype=torch.float32)
	module.language_model.decoder.layers.28.mlp.linear_fc1.weight (param.main_grad.dtype=torch.float32)
	module.language_model.decoder.layers.28.mlp.linear_fc1.layer_norm_weight (param.main_grad.dtype=torch.float32)
	module.language_model.decoder.layers.28.self_attention.k_layernorm.weight (param.main_grad.dtype=torch.float32)
	module.language_model.decoder.layers.28.self_attention.q_layernorm.weight (param.main_grad.dtype=torch.float32)
	module.language_model.decoder.layers.28.self_attention.linear_qkv.weight (param.main_grad.dtype=torch.float32)
	module.language_model.decoder.layers.28.self_attention.linear_qkv.layer_norm_weight (param.main_grad.dtype=torch.float32)
	module.language_model.decoder.layers.28.self_attention.linear_proj.weight (param.main_grad.dtype=torch.float32)
	module.language_model.decoder.layers.27.mlp.linear_fc2.weight (param.main_grad.dtype=torch.float32)
	module.language_model.decoder.layers.27.mlp.linear_fc1.weight (param.main_grad.dtype=torch.float32)
	module.language_model.decoder.layers.27.mlp.linear_fc1.layer_norm_weight (param.main_grad.dtype=torch.float32)
	module.language_model.decoder.layers.27.self_attention.k_layernorm.weight (param.main_grad.dtype=torch.float32)
	module.language_model.decoder.layers.27.self_attention.q_layernorm.weight (param.main_grad.dtype=torch.float32)
	module.language_model.decoder.layers.27.self_attention.linear_qkv.weight (param.main_grad.dtype=torch.float32)
	module.language_model.decoder.layers.27.self_attention.linear_qkv.layer_norm_weight (param.main_grad.dtype=torch.float32)
	module.language_model.decoder.layers.27.self_attention.linear_proj.weight (param.main_grad.dtype=torch.float32)
	module.language_model.decoder.layers.26.mlp.linear_fc2.weight (param.main_grad.dtype=torch.float32)
	module.language_model.decoder.layers.26.mlp.linear_fc1.weight (param.main_grad.dtype=torch.float32)
	module.language_model.decoder.layers.26.mlp.linear_fc1.layer_norm_weight (param.main_grad.dtype=torch.float32)
	module.language_model.decoder.layers.26.self_attention.k_layernorm.weight (param.main_grad.dtype=torch.float32)
	module.language_model.decoder.layers.26.self_attention.q_layernorm.weight (param.main_grad.dtype=torch.float32)
	module.language_model.decoder.layers.26.self_attention.linear_qkv.weight (param.main_grad.dtype=torch.float32)
	module.language_model.decoder.layers.26.self_attention.linear_qkv.layer_norm_weight (param.main_grad.dtype=torch.float32)
	module.language_model.decoder.layers.26.self_attention.linear_proj.weight (param.main_grad.dtype=torch.float32)
	module.language_model.decoder.layers.25.mlp.linear_fc2.weight (param.main_grad.dtype=torch.float32)
	module.language_model.decoder.layers.25.mlp.linear_fc1.weight (param.main_grad.dtype=torch.float32)
	module.language_model.decoder.layers.25.mlp.linear_fc1.layer_norm_weight (param.main_grad.dtype=torch.float32)
	module.language_model.decoder.layers.25.self_attention.k_layernorm.weight (param.main_grad.dtype=torch.float32)
	module.language_model.decoder.layers.25.self_attention.q_layernorm.weight (param.main_grad.dtype=torch.float32)
	module.language_model.decoder.layers.25.self_attention.linear_qkv.weight (param.main_grad.dtype=torch.float32)
	module.language_model.decoder.layers.25.self_attention.linear_qkv.layer_norm_weight (param.main_grad.dtype=torch.float32)
	module.language_model.decoder.layers.25.self_attention.linear_proj.weight (param.main_grad.dtype=torch.float32)
	module.language_model.decoder.layers.24.mlp.linear_fc2.weight (param.main_grad.dtype=torch.float32)
	module.language_model.decoder.layers.24.mlp.linear_fc1.weight (param.main_grad.dtype=torch.float32)
	module.language_model.decoder.layers.24.mlp.linear_fc1.layer_norm_weight (param.main_grad.dtype=torch.float32)
	module.language_model.decoder.layers.24.self_attention.k_layernorm.weight (param.main_grad.dtype=torch.float32)
	module.language_model.decoder.layers.24.self_attention.q_layernorm.weight (param.main_grad.dtype=torch.float32)
	module.language_model.decoder.layers.24.self_attention.linear_qkv.weight (param.main_grad.dtype=torch.float32)
	module.language_model.decoder.layers.24.self_attention.linear_qkv.layer_norm_weight (param.main_grad.dtype=torch.float32)
	module.language_model.decoder.layers.24.self_attention.linear_proj.weight (param.main_grad.dtype=torch.float32)
	module.language_model.decoder.layers.23.mlp.linear_fc2.weight (param.main_grad.dtype=torch.float32)
	module.language_model.decoder.layers.23.mlp.linear_fc1.weight (param.main_grad.dtype=torch.float32)
	module.language_model.decoder.layers.23.mlp.linear_fc1.layer_norm_weight (param.main_grad.dtype=torch.float32)
	module.language_model.decoder.layers.23.self_attention.k_layernorm.weight (param.main_grad.dtype=torch.float32)
	module.language_model.decoder.layers.23.self_attention.q_layernorm.weight (param.main_grad.dtype=torch.float32)
	module.language_model.decoder.layers.23.self_attention.linear_qkv.weight (param.main_grad.dtype=torch.float32)
	module.language_model.decoder.layers.23.self_attention.linear_qkv.layer_norm_weight (param.main_grad.dtype=torch.float32)
	module.language_model.decoder.layers.23.self_attention.linear_proj.weight (param.main_grad.dtype=torch.float32)
	module.language_model.decoder.layers.22.mlp.linear_fc2.weight (param.main_grad.dtype=torch.float32)
	module.language_model.decoder.layers.22.mlp.linear_fc1.weight (param.main_grad.dtype=torch.float32)
	module.language_model.decoder.layers.22.mlp.linear_fc1.layer_norm_weight (param.main_grad.dtype=torch.float32)
	module.language_model.decoder.layers.22.self_attention.k_layernorm.weight (param.main_grad.dtype=torch.float32)
	module.language_model.decoder.layers.22.self_attention.q_layernorm.weight (param.main_grad.dtype=torch.float32)
	module.language_model.decoder.layers.22.self_attention.linear_qkv.weight (param.main_grad.dtype=torch.float32)
	module.language_model.decoder.layers.22.self_attention.linear_qkv.layer_norm_weight (param.main_grad.dtype=torch.float32)
	module.language_model.decoder.layers.22.self_attention.linear_proj.weight (param.main_grad.dtype=torch.float32)
	module.language_model.decoder.layers.21.mlp.linear_fc2.weight (param.main_grad.dtype=torch.float32)
	module.language_model.decoder.layers.21.mlp.linear_fc1.weight (param.main_grad.dtype=torch.float32)
	module.language_model.decoder.layers.21.mlp.linear_fc1.layer_norm_weight (param.main_grad.dtype=torch.float32)
	module.language_model.decoder.layers.21.self_attention.k_layernorm.weight (param.main_grad.dtype=torch.float32)
	module.language_model.decoder.layers.21.self_attention.q_layernorm.weight (param.main_grad.dtype=torch.float32)
	module.language_model.decoder.layers.21.self_attention.linear_qkv.weight (param.main_grad.dtype=torch.float32)
	module.language_model.decoder.layers.21.self_attention.linear_qkv.layer_norm_weight (param.main_grad.dtype=torch.float32)
	module.language_model.decoder.layers.21.self_attention.linear_proj.weight (param.main_grad.dtype=torch.float32)
	module.language_model.decoder.layers.20.mlp.linear_fc2.weight (param.main_grad.dtype=torch.float32)
	module.language_model.decoder.layers.20.mlp.linear_fc1.weight (param.main_grad.dtype=torch.float32)
	module.language_model.decoder.layers.20.mlp.linear_fc1.layer_norm_weight (param.main_grad.dtype=torch.float32)
	module.language_model.decoder.layers.20.self_attention.k_layernorm.weight (param.main_grad.dtype=torch.float32)
	module.language_model.decoder.layers.20.self_attention.q_layernorm.weight (param.main_grad.dtype=torch.float32)
	module.language_model.decoder.layers.20.self_attention.linear_qkv.weight (param.main_grad.dtype=torch.float32)
	module.language_model.decoder.layers.20.self_attention.linear_qkv.layer_norm_weight (param.main_grad.dtype=torch.float32)
	module.language_model.decoder.layers.20.self_attention.linear_proj.weight (param.main_grad.dtype=torch.float32)
	module.language_model.decoder.layers.19.mlp.linear_fc2.weight (param.main_grad.dtype=torch.float32)
	module.language_model.decoder.layers.19.mlp.linear_fc1.weight (param.main_grad.dtype=torch.float32)
	module.language_model.decoder.layers.19.mlp.linear_fc1.layer_norm_weight (param.main_grad.dtype=torch.float32)
	module.language_model.decoder.layers.19.self_attention.k_layernorm.weight (param.main_grad.dtype=torch.float32)
	module.language_model.decoder.layers.19.self_attention.q_layernorm.weight (param.main_grad.dtype=torch.float32)
	module.language_model.decoder.layers.19.self_attention.linear_qkv.weight (param.main_grad.dtype=torch.float32)
	module.language_model.decoder.layers.19.self_attention.linear_qkv.layer_norm_weight (param.main_grad.dtype=torch.float32)
	module.language_model.decoder.layers.19.self_attention.linear_proj.weight (param.main_grad.dtype=torch.float32)
	module.language_model.decoder.layers.18.mlp.linear_fc2.weight (param.main_grad.dtype=torch.float32)
	module.language_model.decoder.layers.18.mlp.linear_fc1.weight (param.main_grad.dtype=torch.float32)
	module.language_model.decoder.layers.18.mlp.linear_fc1.layer_norm_weight (param.main_grad.dtype=torch.float32)
	module.language_model.decoder.layers.18.self_attention.k_layernorm.weight (param.main_grad.dtype=torch.float32)
	module.language_model.decoder.layers.18.self_attention.q_layernorm.weight (param.main_grad.dtype=torch.float32)
	module.language_model.decoder.layers.18.self_attention.linear_qkv.weight (param.main_grad.dtype=torch.float32)
	module.language_model.decoder.layers.18.self_attention.linear_qkv.layer_norm_weight (param.main_grad.dtype=torch.float32)
	module.language_model.decoder.layers.18.self_attention.linear_proj.weight (param.main_grad.dtype=torch.float32)
	module.language_model.decoder.layers.17.mlp.linear_fc2.weight (param.main_grad.dtype=torch.float32)
	module.language_model.decoder.layers.17.mlp.linear_fc1.weight (param.main_grad.dtype=torch.float32)
	module.language_model.decoder.layers.17.mlp.linear_fc1.layer_norm_weight (param.main_grad.dtype=torch.float32)
	module.language_model.decoder.layers.17.self_attention.k_layernorm.weight (param.main_grad.dtype=torch.float32)
	module.language_model.decoder.layers.17.self_attention.q_layernorm.weight (param.main_grad.dtype=torch.float32)
	module.language_model.decoder.layers.17.self_attention.linear_qkv.weight (param.main_grad.dtype=torch.float32)
	module.language_model.decoder.layers.17.self_attention.linear_qkv.layer_norm_weight (param.main_grad.dtype=torch.float32)
	module.language_model.decoder.layers.17.self_attention.linear_proj.weight (param.main_grad.dtype=torch.float32)
	module.language_model.decoder.layers.16.mlp.linear_fc2.weight (param.main_grad.dtype=torch.float32)
	module.language_model.decoder.layers.16.mlp.linear_fc1.weight (param.main_grad.dtype=torch.float32)
	module.language_model.decoder.layers.16.mlp.linear_fc1.layer_norm_weight (param.main_grad.dtype=torch.float32)
	module.language_model.decoder.layers.16.self_attention.k_layernorm.weight (param.main_grad.dtype=torch.float32)
	module.language_model.decoder.layers.16.self_attention.q_layernorm.weight (param.main_grad.dtype=torch.float32)
	module.language_model.decoder.layers.16.self_attention.linear_qkv.weight (param.main_grad.dtype=torch.float32)
	module.language_model.decoder.layers.16.self_attention.linear_qkv.layer_norm_weight (param.main_grad.dtype=torch.float32)
	module.language_model.decoder.layers.16.self_attention.linear_proj.weight (param.main_grad.dtype=torch.float32)
	module.language_model.decoder.layers.15.mlp.linear_fc2.weight (param.main_grad.dtype=torch.float32)
	module.language_model.decoder.layers.15.mlp.linear_fc1.weight (param.main_grad.dtype=torch.float32)
	module.language_model.decoder.layers.15.mlp.linear_fc1.layer_norm_weight (param.main_grad.dtype=torch.float32)
	module.language_model.decoder.layers.15.self_attention.k_layernorm.weight (param.main_grad.dtype=torch.float32)
	module.language_model.decoder.layers.15.self_attention.q_layernorm.weight (param.main_grad.dtype=torch.float32)
	module.language_model.decoder.layers.15.self_attention.linear_qkv.weight (param.main_grad.dtype=torch.float32)
	module.language_model.decoder.layers.15.self_attention.linear_qkv.layer_norm_weight (param.main_grad.dtype=torch.float32)
	module.language_model.decoder.layers.15.self_attention.linear_proj.weight (param.main_grad.dtype=torch.float32)
	module.language_model.decoder.layers.14.mlp.linear_fc2.weight (param.main_grad.dtype=torch.float32)
	module.language_model.decoder.layers.14.mlp.linear_fc1.weight (param.main_grad.dtype=torch.float32)
	module.language_model.decoder.layers.14.mlp.linear_fc1.layer_norm_weight (param.main_grad.dtype=torch.float32)
	module.language_model.decoder.layers.14.self_attention.k_layernorm.weight (param.main_grad.dtype=torch.float32)
	module.language_model.decoder.layers.14.self_attention.q_layernorm.weight (param.main_grad.dtype=torch.float32)
	module.language_model.decoder.layers.14.self_attention.linear_qkv.weight (param.main_grad.dtype=torch.float32)
	module.language_model.decoder.layers.14.self_attention.linear_qkv.layer_norm_weight (param.main_grad.dtype=torch.float32)
	module.language_model.decoder.layers.14.self_attention.linear_proj.weight (param.main_grad.dtype=torch.float32)
	module.language_model.decoder.layers.13.mlp.linear_fc2.weight (param.main_grad.dtype=torch.float32)
	module.language_model.decoder.layers.13.mlp.linear_fc1.weight (param.main_grad.dtype=torch.float32)
	module.language_model.decoder.layers.13.mlp.linear_fc1.layer_norm_weight (param.main_grad.dtype=torch.float32)
	module.language_model.decoder.layers.13.self_attention.k_layernorm.weight (param.main_grad.dtype=torch.float32)
	module.language_model.decoder.layers.13.self_attention.q_layernorm.weight (param.main_grad.dtype=torch.float32)
	module.language_model.decoder.layers.13.self_attention.linear_qkv.weight (param.main_grad.dtype=torch.float32)
	module.language_model.decoder.layers.13.self_attention.linear_qkv.layer_norm_weight (param.main_grad.dtype=torch.float32)
	module.language_model.decoder.layers.13.self_attention.linear_proj.weight (param.main_grad.dtype=torch.float32)
	module.language_model.decoder.layers.12.mlp.linear_fc2.weight (param.main_grad.dtype=torch.float32)
	module.language_model.decoder.layers.12.mlp.linear_fc1.weight (param.main_grad.dtype=torch.float32)
	module.language_model.decoder.layers.12.mlp.linear_fc1.layer_norm_weight (param.main_grad.dtype=torch.float32)
	module.language_model.decoder.layers.12.self_attention.k_layernorm.weight (param.main_grad.dtype=torch.float32)
	module.language_model.decoder.layers.12.self_attention.q_layernorm.weight (param.main_grad.dtype=torch.float32)
	module.language_model.decoder.layers.12.self_attention.linear_qkv.weight (param.main_grad.dtype=torch.float32)
	module.language_model.decoder.layers.12.self_attention.linear_qkv.layer_norm_weight (param.main_grad.dtype=torch.float32)
	module.language_model.decoder.layers.12.self_attention.linear_proj.weight (param.main_grad.dtype=torch.float32)
	module.language_model.decoder.layers.11.mlp.linear_fc2.weight (param.main_grad.dtype=torch.float32)
	module.language_model.decoder.layers.11.mlp.linear_fc1.weight (param.main_grad.dtype=torch.float32)
	module.language_model.decoder.layers.11.mlp.linear_fc1.layer_norm_weight (param.main_grad.dtype=torch.float32)
	module.language_model.decoder.layers.11.self_attention.k_layernorm.weight (param.main_grad.dtype=torch.float32)
	module.language_model.decoder.layers.11.self_attention.q_layernorm.weight (param.main_grad.dtype=torch.float32)
	module.language_model.decoder.layers.11.self_attention.linear_qkv.weight (param.main_grad.dtype=torch.float32)
	module.language_model.decoder.layers.11.self_attention.linear_qkv.layer_norm_weight (param.main_grad.dtype=torch.float32)
	module.language_model.decoder.layers.11.self_attention.linear_proj.weight (param.main_grad.dtype=torch.float32)
	module.language_model.decoder.layers.10.mlp.linear_fc2.weight (param.main_grad.dtype=torch.float32)
	module.language_model.decoder.layers.10.mlp.linear_fc1.weight (param.main_grad.dtype=torch.float32)
	module.language_model.decoder.layers.10.mlp.linear_fc1.layer_norm_weight (param.main_grad.dtype=torch.float32)
	module.language_model.decoder.layers.10.self_attention.k_layernorm.weight (param.main_grad.dtype=torch.float32)
	module.language_model.decoder.layers.10.self_attention.q_layernorm.weight (param.main_grad.dtype=torch.float32)
	module.language_model.decoder.layers.10.self_attention.linear_qkv.weight (param.main_grad.dtype=torch.float32)
	module.language_model.decoder.layers.10.self_attention.linear_qkv.layer_norm_weight (param.main_grad.dtype=torch.float32)
	module.language_model.decoder.layers.10.self_attention.linear_proj.weight (param.main_grad.dtype=torch.float32)
	module.language_model.decoder.layers.9.mlp.linear_fc2.weight (param.main_grad.dtype=torch.float32)
	module.language_model.decoder.layers.9.mlp.linear_fc1.weight (param.main_grad.dtype=torch.float32)
	module.language_model.decoder.layers.9.mlp.linear_fc1.layer_norm_weight (param.main_grad.dtype=torch.float32)
	module.language_model.decoder.layers.9.self_attention.k_layernorm.weight (param.main_grad.dtype=torch.float32)
	module.language_model.decoder.layers.9.self_attention.q_layernorm.weight (param.main_grad.dtype=torch.float32)
	module.language_model.decoder.layers.9.self_attention.linear_qkv.weight (param.main_grad.dtype=torch.float32)
	module.language_model.decoder.layers.9.self_attention.linear_qkv.layer_norm_weight (param.main_grad.dtype=torch.float32)
	module.language_model.decoder.layers.9.self_attention.linear_proj.weight (param.main_grad.dtype=torch.float32)
	module.language_model.decoder.layers.8.mlp.linear_fc2.weight (param.main_grad.dtype=torch.float32)
	module.language_model.decoder.layers.8.mlp.linear_fc1.weight (param.main_grad.dtype=torch.float32)
	module.language_model.decoder.layers.8.mlp.linear_fc1.layer_norm_weight (param.main_grad.dtype=torch.float32)
	module.language_model.decoder.layers.8.self_attention.k_layernorm.weight (param.main_grad.dtype=torch.float32)
	module.language_model.decoder.layers.8.self_attention.q_layernorm.weight (param.main_grad.dtype=torch.float32)
	module.language_model.decoder.layers.8.self_attention.linear_qkv.weight (param.main_grad.dtype=torch.float32)
	module.language_model.decoder.layers.8.self_attention.linear_qkv.layer_norm_weight (param.main_grad.dtype=torch.float32)
	module.language_model.decoder.layers.8.self_attention.linear_proj.weight (param.main_grad.dtype=torch.float32)
	module.language_model.decoder.layers.7.mlp.linear_fc2.weight (param.main_grad.dtype=torch.float32)
	module.language_model.decoder.layers.7.mlp.linear_fc1.weight (param.main_grad.dtype=torch.float32)
	module.language_model.decoder.layers.7.mlp.linear_fc1.layer_norm_weight (param.main_grad.dtype=torch.float32)
	module.language_model.decoder.layers.7.self_attention.k_layernorm.weight (param.main_grad.dtype=torch.float32)
	module.language_model.decoder.layers.7.self_attention.q_layernorm.weight (param.main_grad.dtype=torch.float32)
	module.language_model.decoder.layers.7.self_attention.linear_qkv.weight (param.main_grad.dtype=torch.float32)
	module.language_model.decoder.layers.7.self_attention.linear_qkv.layer_norm_weight (param.main_grad.dtype=torch.float32)
	module.language_model.decoder.layers.7.self_attention.linear_proj.weight (param.main_grad.dtype=torch.float32)
	module.language_model.decoder.layers.6.mlp.linear_fc2.weight (param.main_grad.dtype=torch.float32)
	module.language_model.decoder.layers.6.mlp.linear_fc1.weight (param.main_grad.dtype=torch.float32)
	module.language_model.decoder.layers.6.mlp.linear_fc1.layer_norm_weight (param.main_grad.dtype=torch.float32)
	module.language_model.decoder.layers.6.self_attention.k_layernorm.weight (param.main_grad.dtype=torch.float32)
	module.language_model.decoder.layers.6.self_attention.q_layernorm.weight (param.main_grad.dtype=torch.float32)
	module.language_model.decoder.layers.6.self_attention.linear_qkv.weight (param.main_grad.dtype=torch.float32)
	module.language_model.decoder.layers.6.self_attention.linear_qkv.layer_norm_weight (param.main_grad.dtype=torch.float32)
	module.language_model.decoder.layers.6.self_attention.linear_proj.weight (param.main_grad.dtype=torch.float32)
	module.language_model.decoder.layers.5.mlp.linear_fc2.weight (param.main_grad.dtype=torch.float32)
	module.language_model.decoder.layers.5.mlp.linear_fc1.weight (param.main_grad.dtype=torch.float32)
	module.language_model.decoder.layers.5.mlp.linear_fc1.layer_norm_weight (param.main_grad.dtype=torch.float32)
	module.language_model.decoder.layers.5.self_attention.k_layernorm.weight (param.main_grad.dtype=torch.float32)
	module.language_model.decoder.layers.5.self_attention.q_layernorm.weight (param.main_grad.dtype=torch.float32)
	module.language_model.decoder.layers.5.self_attention.linear_qkv.weight (param.main_grad.dtype=torch.float32)
	module.language_model.decoder.layers.5.self_attention.linear_qkv.layer_norm_weight (param.main_grad.dtype=torch.float32)
	module.language_model.decoder.layers.5.self_attention.linear_proj.weight (param.main_grad.dtype=torch.float32)
	module.language_model.decoder.layers.4.mlp.linear_fc2.weight (param.main_grad.dtype=torch.float32)
	module.language_model.decoder.layers.4.mlp.linear_fc1.weight (param.main_grad.dtype=torch.float32)
	module.language_model.decoder.layers.4.mlp.linear_fc1.layer_norm_weight (param.main_grad.dtype=torch.float32)
	module.language_model.decoder.layers.4.self_attention.k_layernorm.weight (param.main_grad.dtype=torch.float32)
	module.language_model.decoder.layers.4.self_attention.q_layernorm.weight (param.main_grad.dtype=torch.float32)
	module.language_model.decoder.layers.4.self_attention.linear_qkv.weight (param.main_grad.dtype=torch.float32)
	module.language_model.decoder.layers.4.self_attention.linear_qkv.layer_norm_weight (param.main_grad.dtype=torch.float32)
	module.language_model.decoder.layers.4.self_attention.linear_proj.weight (param.main_grad.dtype=torch.float32)
	module.language_model.decoder.layers.3.mlp.linear_fc2.weight (param.main_grad.dtype=torch.float32)
	module.language_model.decoder.layers.3.mlp.linear_fc1.weight (param.main_grad.dtype=torch.float32)
	module.language_model.decoder.layers.3.mlp.linear_fc1.layer_norm_weight (param.main_grad.dtype=torch.float32)
	module.language_model.decoder.layers.3.self_attention.k_layernorm.weight (param.main_grad.dtype=torch.float32)
	module.language_model.decoder.layers.3.self_attention.q_layernorm.weight (param.main_grad.dtype=torch.float32)
	module.language_model.decoder.layers.3.self_attention.linear_qkv.weight (param.main_grad.dtype=torch.float32)
	module.language_model.decoder.layers.3.self_attention.linear_qkv.layer_norm_weight (param.main_grad.dtype=torch.float32)
	module.language_model.decoder.layers.3.self_attention.linear_proj.weight (param.main_grad.dtype=torch.float32)
	module.language_model.decoder.layers.2.mlp.linear_fc2.weight (param.main_grad.dtype=torch.float32)
	module.language_model.decoder.layers.2.mlp.linear_fc1.weight (param.main_grad.dtype=torch.float32)
	module.language_model.decoder.layers.2.mlp.linear_fc1.layer_norm_weight (param.main_grad.dtype=torch.float32)
	module.language_model.decoder.layers.2.self_attention.k_layernorm.weight (param.main_grad.dtype=torch.float32)
	module.language_model.decoder.layers.2.self_attention.q_layernorm.weight (param.main_grad.dtype=torch.float32)
	module.language_model.decoder.layers.2.self_attention.linear_qkv.weight (param.main_grad.dtype=torch.float32)
	module.language_model.decoder.layers.2.self_attention.linear_qkv.layer_norm_weight (param.main_grad.dtype=torch.float32)
	module.language_model.decoder.layers.2.self_attention.linear_proj.weight (param.main_grad.dtype=torch.float32)
	module.language_model.decoder.layers.1.mlp.linear_fc2.weight (param.main_grad.dtype=torch.float32)
	module.language_model.decoder.layers.1.mlp.linear_fc1.weight (param.main_grad.dtype=torch.float32)
	module.language_model.decoder.layers.1.mlp.linear_fc1.layer_norm_weight (param.main_grad.dtype=torch.float32)
	module.language_model.decoder.layers.1.self_attention.k_layernorm.weight (param.main_grad.dtype=torch.float32)
	module.language_model.decoder.layers.1.self_attention.q_layernorm.weight (param.main_grad.dtype=torch.float32)
	module.language_model.decoder.layers.1.self_attention.linear_qkv.weight (param.main_grad.dtype=torch.float32)
	module.language_model.decoder.layers.1.self_attention.linear_qkv.layer_norm_weight (param.main_grad.dtype=torch.float32)
	module.language_model.decoder.layers.1.self_attention.linear_proj.weight (param.main_grad.dtype=torch.float32)
	module.language_model.decoder.layers.0.mlp.linear_fc2.weight (param.main_grad.dtype=torch.float32)
	module.language_model.decoder.layers.0.mlp.linear_fc1.weight (param.main_grad.dtype=torch.float32)
	module.language_model.decoder.layers.0.mlp.linear_fc1.layer_norm_weight (param.main_grad.dtype=torch.float32)
	module.language_model.decoder.layers.0.self_attention.k_layernorm.weight (param.main_grad.dtype=torch.float32)
	module.language_model.decoder.layers.0.self_attention.q_layernorm.weight (param.main_grad.dtype=torch.float32)
	module.language_model.decoder.layers.0.self_attention.linear_qkv.weight (param.main_grad.dtype=torch.float32)
	module.language_model.decoder.layers.0.self_attention.linear_qkv.layer_norm_weight (param.main_grad.dtype=torch.float32)
	module.language_model.decoder.layers.0.self_attention.linear_proj.weight (param.main_grad.dtype=torch.float32)
 > number of parameters on (tensor, pipeline) model parallel rank (1, 1): 8190702592
 > number of parameters on (tensor, pipeline) model parallel rank (1, 0): 8490661816
 > number of parameters on (tensor, pipeline) model parallel rank (0, 0): 8490661816
INFO:megatron.core.distributed.distributed_data_parallel:Setting up DistributedDataParallel with config DistributedDataParallelConfig(grad_reduce_in_fp32=True, overlap_grad_reduce=True, overlap_param_gather=False, align_param_gather=False, use_distributed_optimizer=True, num_distributed_optimizer_instances=1, check_for_nan_in_grad=True, check_for_large_grads=False, bucket_size=40000000, pad_buckets_for_high_nccl_busbw=False, reduce_scatter_with_fp32_accumulation=False, param_name_patterns_for_fp32_local_accumulation=(), average_in_collective=True, fp8_param_gather=False, reuse_grad_buf_for_mxfp8_param_ag=False, use_megatron_fsdp=False, use_custom_fsdp=False, data_parallel_sharding_strategy='no_shard', gradient_reduce_div_fusion=True, suggested_communication_unit_size=None, keep_fp8_transpose_cache=False, nccl_ub=False, fsdp_double_buffer=False, fsdp_db_use_persist_buf_on_alloc_fail=False, fsdp_all_gather_in_start_param_sync=True, outer_dp_sharding_strategy='no_shard', disable_symmetric_registration=False, fsdp_manual_registration=False, delay_wgrad_compute=False, megatron_fsdp_main_params_dtype=torch.float32, megatron_fsdp_main_grads_dtype=None, megatron_fsdp_grad_comm_dtype=None)
INFO:megatron.core.distributed.param_and_grad_buffer:Number of buckets for gradient all-reduce / reduce-scatter: 105
Params for bucket 1 (65536000 elements, 65536000 padded size, 0 param(s) with extra main_grads):
	module.language_model.decoder.layers.31.mlp.linear_fc2.weight (param.main_grad.dtype=torch.float32)
Params for bucket 2 (131072000 elements, 131072000 padded size, 0 param(s) with extra main_grads):
	module.language_model.decoder.layers.31.mlp.linear_fc1.weight (param.main_grad.dtype=torch.float32)
Params for bucket 3 (47196416 elements, 47196416 padded size, 0 param(s) with extra main_grads):
	module.language_model.decoder.layers.31.mlp.linear_fc1.layer_norm_weight (param.main_grad.dtype=torch.float32)
	module.language_model.decoder.layers.31.self_attention.k_layernorm.weight (param.main_grad.dtype=torch.float32)
	module.language_model.decoder.layers.31.self_attention.q_layernorm.weight (param.main_grad.dtype=torch.float32)
	module.language_model.decoder.layers.31.self_attention.linear_qkv.weight (param.main_grad.dtype=torch.float32)
	module.language_model.decoder.layers.31.self_attention.linear_qkv.layer_norm_weight (param.main_grad.dtype=torch.float32)
	module.language_model.decoder.layers.31.self_attention.linear_proj.weight (param.main_grad.dtype=torch.float32)
Params for bucket 4 (65536000 elements, 65536000 padded size, 0 param(s) with extra main_grads):
	module.language_model.decoder.layers.30.mlp.linear_fc2.weight (param.main_grad.dtype=torch.float32)
Params for bucket 5 (131072000 elements, 131072000 padded size, 0 param(s) with extra main_grads):
	module.language_model.decoder.layers.30.mlp.linear_fc1.weight (param.main_grad.dtype=torch.float32)
Params for bucket 6 (47196416 elements, 47196416 padded size, 0 param(s) with extra main_grads):
	module.language_model.decoder.layers.30.mlp.linear_fc1.layer_norm_weight (param.main_grad.dtype=torch.float32)
	module.language_model.decoder.layers.30.self_attention.k_layernorm.weight (param.main_grad.dtype=torch.float32)
	module.language_model.decoder.layers.30.self_attention.q_layernorm.weight (param.main_grad.dtype=torch.float32)
	module.language_model.decoder.layers.30.self_attention.linear_qkv.weight (param.main_grad.dtype=torch.float32)
	module.language_model.decoder.layers.30.self_attention.linear_qkv.layer_norm_weight (param.main_grad.dtype=torch.float32)
	module.language_model.decoder.layers.30.self_attention.linear_proj.weight (param.main_grad.dtype=torch.float32)
Params for bucket 7 (65536000 elements, 65536000 padded size, 0 param(s) with extra main_grads):
	module.language_model.decoder.layers.29.mlp.linear_fc2.weight (param.main_grad.dtype=torch.float32)
Params for bucket 8 (131072000 elements, 131072000 padded size, 0 param(s) with extra main_grads):
	module.language_model.decoder.layers.29.mlp.linear_fc1.weight (param.main_grad.dtype=torch.float32)
Params for bucket 9 (47196416 elements, 47196416 padded size, 0 param(s) with extra main_grads):
	module.language_model.decoder.layers.29.mlp.linear_fc1.layer_norm_weight (param.main_grad.dtype=torch.float32)
	module.language_model.decoder.layers.29.self_attention.k_layernorm.weight (param.main_grad.dtype=torch.float32)
	module.language_model.decoder.layers.29.self_attention.q_layernorm.weight (param.main_grad.dtype=torch.float32)
	module.language_model.decoder.layers.29.self_attention.linear_qkv.weight (param.main_grad.dtype=torch.float32)
	module.language_model.decoder.layers.29.self_attention.linear_qkv.layer_norm_weight (param.main_grad.dtype=torch.float32)
	module.language_model.decoder.layers.29.self_attention.linear_proj.weight (param.main_grad.dtype=torch.float32)
Params for bucket 10 (65536000 elements, 65536000 padded size, 0 param(s) with extra main_grads):
	module.language_model.decoder.layers.28.mlp.linear_fc2.weight (param.main_grad.dtype=torch.float32)
Params for bucket 11 (131072000 elements, 131072000 padded size, 0 param(s) with extra main_grads):
	module.language_model.decoder.layers.28.mlp.linear_fc1.weight (param.main_grad.dtype=torch.float32)
Params for bucket 12 (47196416 elements, 47196416 padded size, 0 param(s) with extra main_grads):
	module.language_model.decoder.layers.28.mlp.linear_fc1.layer_norm_weight (param.main_grad.dtype=torch.float32)
	module.language_model.decoder.layers.28.self_attention.k_layernorm.weight (param.main_grad.dtype=torch.float32)
	module.language_model.decoder.layers.28.self_attention.q_layernorm.weight (param.main_grad.dtype=torch.float32)
	module.language_model.decoder.layers.28.self_attention.linear_qkv.weight (param.main_grad.dtype=torch.float32)
	module.language_model.decoder.layers.28.self_attention.linear_qkv.layer_norm_weight (param.main_grad.dtype=torch.float32)
	module.language_model.decoder.layers.28.self_attention.linear_proj.weight (param.main_grad.dtype=torch.float32)
Params for bucket 13 (65536000 elements, 65536000 padded size, 0 param(s) with extra main_grads):
	module.language_model.decoder.layers.27.mlp.linear_fc2.weight (param.main_grad.dtype=torch.float32)
Params for bucket 14 (131072000 elements, 131072000 padded size, 0 param(s) with extra main_grads):
	module.language_model.decoder.layers.27.mlp.linear_fc1.weight (param.main_grad.dtype=torch.float32)
Params for bucket 15 (47196416 elements, 47196416 padded size, 0 param(s) with extra main_grads):
	module.language_model.decoder.layers.27.mlp.linear_fc1.layer_norm_weight (param.main_grad.dtype=torch.float32)
	module.language_model.decoder.layers.27.self_attention.k_layernorm.weight (param.main_grad.dtype=torch.float32)
	module.language_model.decoder.layers.27.self_attention.q_layernorm.weight (param.main_grad.dtype=torch.float32)
	module.language_model.decoder.layers.27.self_attention.linear_qkv.weight (param.main_grad.dtype=torch.float32)
	module.language_model.decoder.layers.27.self_attention.linear_qkv.layer_norm_weight (param.main_grad.dtype=torch.float32)
	module.language_model.decoder.layers.27.self_attention.linear_proj.weight (param.main_grad.dtype=torch.float32)
Params for bucket 16 (65536000 elements, 65536000 padded size, 0 param(s) with extra main_grads):
	module.language_model.decoder.layers.26.mlp.linear_fc2.weight (param.main_grad.dtype=torch.float32)
Params for bucket 17 (131072000 elements, 131072000 padded size, 0 param(s) with extra main_grads):
	module.language_model.decoder.layers.26.mlp.linear_fc1.weight (param.main_grad.dtype=torch.float32)
Params for bucket 18 (47196416 elements, 47196416 padded size, 0 param(s) with extra main_grads):
	module.language_model.decoder.layers.26.mlp.linear_fc1.layer_norm_weight (param.main_grad.dtype=torch.float32)
	module.language_model.decoder.layers.26.self_attention.k_layernorm.weight (param.main_grad.dtype=torch.float32)
	module.language_model.decoder.layers.26.self_attention.q_layernorm.weight (param.main_grad.dtype=torch.float32)
	module.language_model.decoder.layers.26.self_attention.linear_qkv.weight (param.main_grad.dtype=torch.float32)
	module.language_model.decoder.layers.26.self_attention.linear_qkv.layer_norm_weight (param.main_grad.dtype=torch.float32)
	module.language_model.decoder.layers.26.self_attention.linear_proj.weight (param.main_grad.dtype=torch.float32)
Params for bucket 19 (65536000 elements, 65536000 padded size, 0 param(s) with extra main_grads):
	module.language_model.decoder.layers.25.mlp.linear_fc2.weight (param.main_grad.dtype=torch.float32)
Params for bucket 20 (131072000 elements, 131072000 padded size, 0 param(s) with extra main_grads):
	module.language_model.decoder.layers.25.mlp.linear_fc1.weight (param.main_grad.dtype=torch.float32)
Params for bucket 21 (47196416 elements, 47196416 padded size, 0 param(s) with extra main_grads):
	module.language_model.decoder.layers.25.mlp.linear_fc1.layer_norm_weight (param.main_grad.dtype=torch.float32)
	module.language_model.decoder.layers.25.self_attention.k_layernorm.weight (param.main_grad.dtype=torch.float32)
	module.language_model.decoder.layers.25.self_attention.q_layernorm.weight (param.main_grad.dtype=torch.float32)
	module.language_model.decoder.layers.25.self_attention.linear_qkv.weight (param.main_grad.dtype=torch.float32)
	module.language_model.decoder.layers.25.self_attention.linear_qkv.layer_norm_weight (param.main_grad.dtype=torch.float32)
	module.language_model.decoder.layers.25.self_attention.linear_proj.weight (param.main_grad.dtype=torch.float32)
Params for bucket 22 (65536000 elements, 65536000 padded size, 0 param(s) with extra main_grads):
	module.language_model.decoder.layers.24.mlp.linear_fc2.weight (param.main_grad.dtype=torch.float32)
Params for bucket 23 (131072000 elements, 131072000 padded size, 0 param(s) with extra main_grads):
	module.language_model.decoder.layers.24.mlp.linear_fc1.weight (param.main_grad.dtype=torch.float32)
Params for bucket 24 (47196416 elements, 47196416 padded size, 0 param(s) with extra main_grads):
	module.language_model.decoder.layers.24.mlp.linear_fc1.layer_norm_weight (param.main_grad.dtype=torch.float32)
	module.language_model.decoder.layers.24.self_attention.k_layernorm.weight (param.main_grad.dtype=torch.float32)
	module.language_model.decoder.layers.24.self_attention.q_layernorm.weight (param.main_grad.dtype=torch.float32)
	module.language_model.decoder.layers.24.self_attention.linear_qkv.weight (param.main_grad.dtype=torch.float32)
	module.language_model.decoder.layers.24.self_attention.linear_qkv.layer_norm_weight (param.main_grad.dtype=torch.float32)
	module.language_model.decoder.layers.24.self_attention.linear_proj.weight (param.main_grad.dtype=torch.float32)
Params for bucket 25 (65536000 elements, 65536000 padded size, 0 param(s) with extra main_grads):
	module.language_model.decoder.layers.23.mlp.linear_fc2.weight (param.main_grad.dtype=torch.float32)
Params for bucket 26 (131072000 elements, 131072000 padded size, 0 param(s) with extra main_grads):
	module.language_model.decoder.layers.23.mlp.linear_fc1.weight (param.main_grad.dtype=torch.float32)
Params for bucket 27 (47196416 elements, 47196416 padded size, 0 param(s) with extra main_grads):
	module.language_model.decoder.layers.23.mlp.linear_fc1.layer_norm_weight (param.main_grad.dtype=torch.float32)
	module.language_model.decoder.layers.23.self_attention.k_layernorm.weight (param.main_grad.dtype=torch.float32)
	module.language_model.decoder.layers.23.self_attention.q_layernorm.weight (param.main_grad.dtype=torch.float32)
	module.language_model.decoder.layers.23.self_attention.linear_qkv.weight (param.main_grad.dtype=torch.float32)
	module.language_model.decoder.layers.23.self_attention.linear_qkv.layer_norm_weight (param.main_grad.dtype=torch.float32)
	module.language_model.decoder.layers.23.self_attention.linear_proj.weight (param.main_grad.dtype=torch.float32)
Params for bucket 28 (65536000 elements, 65536000 padded size, 0 param(s) with extra main_grads):
	module.language_model.decoder.layers.22.mlp.linear_fc2.weight (param.main_grad.dtype=torch.float32)
Params for bucket 29 (131072000 elements, 131072000 padded size, 0 param(s) with extra main_grads):
	module.language_model.decoder.layers.22.mlp.linear_fc1.weight (param.main_grad.dtype=torch.float32)
Params for bucket 30 (47196416 elements, 47196416 padded size, 0 param(s) with extra main_grads):
	module.language_model.decoder.layers.22.mlp.linear_fc1.layer_norm_weight (param.main_grad.dtype=torch.float32)
	module.language_model.decoder.layers.22.self_attention.k_layernorm.weight (param.main_grad.dtype=torch.float32)
	module.language_model.decoder.layers.22.self_attention.q_layernorm.weight (param.main_grad.dtype=torch.float32)
	module.language_model.decoder.layers.22.self_attention.linear_qkv.weight (param.main_grad.dtype=torch.float32)
	module.language_model.decoder.layers.22.self_attention.linear_qkv.layer_norm_weight (param.main_grad.dtype=torch.float32)
	module.language_model.decoder.layers.22.self_attention.linear_proj.weight (param.main_grad.dtype=torch.float32)
Params for bucket 31 (65536000 elements, 65536000 padded size, 0 param(s) with extra main_grads):
	module.language_model.decoder.layers.21.mlp.linear_fc2.weight (param.main_grad.dtype=torch.float32)
Params for bucket 32 (131072000 elements, 131072000 padded size, 0 param(s) with extra main_grads):
	module.language_model.decoder.layers.21.mlp.linear_fc1.weight (param.main_grad.dtype=torch.float32)
Params for bucket 33 (47196416 elements, 47196416 padded size, 0 param(s) with extra main_grads):
	module.language_model.decoder.layers.21.mlp.linear_fc1.layer_norm_weight (param.main_grad.dtype=torch.float32)
	module.language_model.decoder.layers.21.self_attention.k_layernorm.weight (param.main_grad.dtype=torch.float32)
	module.language_model.decoder.layers.21.self_attention.q_layernorm.weight (param.main_grad.dtype=torch.float32)
	module.language_model.decoder.layers.21.self_attention.linear_qkv.weight (param.main_grad.dtype=torch.float32)
	module.language_model.decoder.layers.21.self_attention.linear_qkv.layer_norm_weight (param.main_grad.dtype=torch.float32)
	module.language_model.decoder.layers.21.self_attention.linear_proj.weight (param.main_grad.dtype=torch.float32)
Params for bucket 34 (65536000 elements, 65536000 padded size, 0 param(s) with extra main_grads):
	module.language_model.decoder.layers.20.mlp.linear_fc2.weight (param.main_grad.dtype=torch.float32)
Params for bucket 35 (131072000 elements, 131072000 padded size, 0 param(s) with extra main_grads):
	module.language_model.decoder.layers.20.mlp.linear_fc1.weight (param.main_grad.dtype=torch.float32)
Params for bucket 36 (47196416 elements, 47196416 padded size, 0 param(s) with extra main_grads):
	module.language_model.decoder.layers.20.mlp.linear_fc1.layer_norm_weight (param.main_grad.dtype=torch.float32)
	module.language_model.decoder.layers.20.self_attention.k_layernorm.weight (param.main_grad.dtype=torch.float32)
	module.language_model.decoder.layers.20.self_attention.q_layernorm.weight (param.main_grad.dtype=torch.float32)
	module.language_model.decoder.layers.20.self_attention.linear_qkv.weight (param.main_grad.dtype=torch.float32)
	module.language_model.decoder.layers.20.self_attention.linear_qkv.layer_norm_weight (param.main_grad.dtype=torch.float32)
	module.language_model.decoder.layers.20.self_attention.linear_proj.weight (param.main_grad.dtype=torch.float32)
Params for bucket 37 (65536000 elements, 65536000 padded size, 0 param(s) with extra main_grads):
	module.language_model.decoder.layers.19.mlp.linear_fc2.weight (param.main_grad.dtype=torch.float32)
Params for bucket 38 (131072000 elements, 131072000 padded size, 0 param(s) with extra main_grads):
	module.language_model.decoder.layers.19.mlp.linear_fc1.weight (param.main_grad.dtype=torch.float32)
Params for bucket 39 (47196416 elements, 47196416 padded size, 0 param(s) with extra main_grads):
	module.language_model.decoder.layers.19.mlp.linear_fc1.layer_norm_weight (param.main_grad.dtype=torch.float32)
	module.language_model.decoder.layers.19.self_attention.k_layernorm.weight (param.main_grad.dtype=torch.float32)
	module.language_model.decoder.layers.19.self_attention.q_layernorm.weight (param.main_grad.dtype=torch.float32)
	module.language_model.decoder.layers.19.self_attention.linear_qkv.weight (param.main_grad.dtype=torch.float32)
	module.language_model.decoder.layers.19.self_attention.linear_qkv.layer_norm_weight (param.main_grad.dtype=torch.float32)
	module.language_model.decoder.layers.19.self_attention.linear_proj.weight (param.main_grad.dtype=torch.float32)
Params for bucket 40 (65536000 elements, 65536000 padded size, 0 param(s) with extra main_grads):
	module.language_model.decoder.layers.18.mlp.linear_fc2.weight (param.main_grad.dtype=torch.float32)
Params for bucket 41 (131072000 elements, 131072000 padded size, 0 param(s) with extra main_grads):
	module.language_model.decoder.layers.18.mlp.linear_fc1.weight (param.main_grad.dtype=torch.float32)
Params for bucket 42 (47196416 elements, 47196416 padded size, 0 param(s) with extra main_grads):
	module.language_model.decoder.layers.18.mlp.linear_fc1.layer_norm_weight (param.main_grad.dtype=torch.float32)
	module.language_model.decoder.layers.18.self_attention.k_layernorm.weight (param.main_grad.dtype=torch.float32)
	module.language_model.decoder.layers.18.self_attention.q_layernorm.weight (param.main_grad.dtype=torch.float32)
	module.language_model.decoder.layers.18.self_attention.linear_qkv.weight (param.main_grad.dtype=torch.float32)
	module.language_model.decoder.layers.18.self_attention.linear_qkv.layer_norm_weight (param.main_grad.dtype=torch.float32)
	module.language_model.decoder.layers.18.self_attention.linear_proj.weight (param.main_grad.dtype=torch.float32)
Params for bucket 43 (65536000 elements, 65536000 padded size, 0 param(s) with extra main_grads):
	module.language_model.decoder.layers.17.mlp.linear_fc2.weight (param.main_grad.dtype=torch.float32)
Params for bucket 44 (131072000 elements, 131072000 padded size, 0 param(s) with extra main_grads):
	module.language_model.decoder.layers.17.mlp.linear_fc1.weight (param.main_grad.dtype=torch.float32)
Params for bucket 45 (47196416 elements, 47196416 padded size, 0 param(s) with extra main_grads):
	module.language_model.decoder.layers.17.mlp.linear_fc1.layer_norm_weight (param.main_grad.dtype=torch.float32)
	module.language_model.decoder.layers.17.self_attention.k_layernorm.weight (param.main_grad.dtype=torch.float32)
	module.language_model.decoder.layers.17.self_attention.q_layernorm.weight (param.main_grad.dtype=torch.float32)
	module.language_model.decoder.layers.17.self_attention.linear_qkv.weight (param.main_grad.dtype=torch.float32)
	module.language_model.decoder.layers.17.self_attention.linear_qkv.layer_norm_weight (param.main_grad.dtype=torch.float32)
	module.language_model.decoder.layers.17.self_attention.linear_proj.weight (param.main_grad.dtype=torch.float32)
Params for bucket 46 (65536000 elements, 65536000 padded size, 0 param(s) with extra main_grads):
	module.language_model.decoder.layers.16.mlp.linear_fc2.weight (param.main_grad.dtype=torch.float32)
Params for bucket 47 (131072000 elements, 131072000 padded size, 0 param(s) with extra main_grads):
	module.language_model.decoder.layers.16.mlp.linear_fc1.weight (param.main_grad.dtype=torch.float32)
Params for bucket 48 (47196416 elements, 47196416 padded size, 0 param(s) with extra main_grads):
	module.language_model.decoder.layers.16.mlp.linear_fc1.layer_norm_weight (param.main_grad.dtype=torch.float32)
	module.language_model.decoder.layers.16.self_attention.k_layernorm.weight (param.main_grad.dtype=torch.float32)
	module.language_model.decoder.layers.16.self_attention.q_layernorm.weight (param.main_grad.dtype=torch.float32)
	module.language_model.decoder.layers.16.self_attention.linear_qkv.weight (param.main_grad.dtype=torch.float32)
	module.language_model.decoder.layers.16.self_attention.linear_qkv.layer_norm_weight (param.main_grad.dtype=torch.float32)
	module.language_model.decoder.layers.16.self_attention.linear_proj.weight (param.main_grad.dtype=torch.float32)
Params for bucket 49 (65536000 elements, 65536000 padded size, 0 param(s) with extra main_grads):
	module.language_model.decoder.layers.15.mlp.linear_fc2.weight (param.main_grad.dtype=torch.float32)
Params for bucket 50 (131072000 elements, 131072000 padded size, 0 param(s) with extra main_grads):
	module.language_model.decoder.layers.15.mlp.linear_fc1.weight (param.main_grad.dtype=torch.float32)
Params for bucket 51 (47196416 elements, 47196416 padded size, 0 param(s) with extra main_grads):
	module.language_model.decoder.layers.15.mlp.linear_fc1.layer_norm_weight (param.main_grad.dtype=torch.float32)
	module.language_model.decoder.layers.15.self_attention.k_layernorm.weight (param.main_grad.dtype=torch.float32)
	module.language_model.decoder.layers.15.self_attention.q_layernorm.weight (param.main_grad.dtype=torch.float32)
	module.language_model.decoder.layers.15.self_attention.linear_qkv.weight (param.main_grad.dtype=torch.float32)
	module.language_model.decoder.layers.15.self_attention.linear_qkv.layer_norm_weight (param.main_grad.dtype=torch.float32)
	module.language_model.decoder.layers.15.self_attention.linear_proj.weight (param.main_grad.dtype=torch.float32)
Params for bucket 52 (65536000 elements, 65536000 padded size, 0 param(s) with extra main_grads):
	module.language_model.decoder.layers.14.mlp.linear_fc2.weight (param.main_grad.dtype=torch.float32)
Params for bucket 53 (131072000 elements, 131072000 padded size, 0 param(s) with extra main_grads):
	module.language_model.decoder.layers.14.mlp.linear_fc1.weight (param.main_grad.dtype=torch.float32)
Params for bucket 54 (47196416 elements, 47196416 padded size, 0 param(s) with extra main_grads):
	module.language_model.decoder.layers.14.mlp.linear_fc1.layer_norm_weight (param.main_grad.dtype=torch.float32)
	module.language_model.decoder.layers.14.self_attention.k_layernorm.weight (param.main_grad.dtype=torch.float32)
	module.language_model.decoder.layers.14.self_attention.q_layernorm.weight (param.main_grad.dtype=torch.float32)
	module.language_model.decoder.layers.14.self_attention.linear_qkv.weight (param.main_grad.dtype=torch.float32)
	module.language_model.decoder.layers.14.self_attention.linear_qkv.layer_norm_weight (param.main_grad.dtype=torch.float32)
	module.language_model.decoder.layers.14.self_attention.linear_proj.weight (param.main_grad.dtype=torch.float32)
Params for bucket 55 (65536000 elements, 65536000 padded size, 0 param(s) with extra main_grads):
	module.language_model.decoder.layers.13.mlp.linear_fc2.weight (param.main_grad.dtype=torch.float32)
Params for bucket 56 (131072000 elements, 131072000 padded size, 0 param(s) with extra main_grads):
	module.language_model.decoder.layers.13.mlp.linear_fc1.weight (param.main_grad.dtype=torch.float32)
Params for bucket 57 (47196416 elements, 47196416 padded size, 0 param(s) with extra main_grads):
	module.language_model.decoder.layers.13.mlp.linear_fc1.layer_norm_weight (param.main_grad.dtype=torch.float32)
	module.language_model.decoder.layers.13.self_attention.k_layernorm.weight (param.main_grad.dtype=torch.float32)
	module.language_model.decoder.layers.13.self_attention.q_layernorm.weight (param.main_grad.dtype=torch.float32)
	module.language_model.decoder.layers.13.self_attention.linear_qkv.weight (param.main_grad.dtype=torch.float32)
	module.language_model.decoder.layers.13.self_attention.linear_qkv.layer_norm_weight (param.main_grad.dtype=torch.float32)
	module.language_model.decoder.layers.13.self_attention.linear_proj.weight (param.main_grad.dtype=torch.float32)
Params for bucket 58 (65536000 elements, 65536000 padded size, 0 param(s) with extra main_grads):
	module.language_model.decoder.layers.12.mlp.linear_fc2.weight (param.main_grad.dtype=torch.float32)
Params for bucket 59 (131072000 elements, 131072000 padded size, 0 param(s) with extra main_grads):
	module.language_model.decoder.layers.12.mlp.linear_fc1.weight (param.main_grad.dtype=torch.float32)
Params for bucket 60 (47196416 elements, 47196416 padded size, 0 param(s) with extra main_grads):
	module.language_model.decoder.layers.12.mlp.linear_fc1.layer_norm_weight (param.main_grad.dtype=torch.float32)
	module.language_model.decoder.layers.12.self_attention.k_layernorm.weight (param.main_grad.dtype=torch.float32)
	module.language_model.decoder.layers.12.self_attention.q_layernorm.weight (param.main_grad.dtype=torch.float32)
	module.language_model.decoder.layers.12.self_attention.linear_qkv.weight (param.main_grad.dtype=torch.float32)
	module.language_model.decoder.layers.12.self_attention.linear_qkv.layer_norm_weight (param.main_grad.dtype=torch.float32)
	module.language_model.decoder.layers.12.self_attention.linear_proj.weight (param.main_grad.dtype=torch.float32)
Params for bucket 61 (65536000 elements, 65536000 padded size, 0 param(s) with extra main_grads):
	module.language_model.decoder.layers.11.mlp.linear_fc2.weight (param.main_grad.dtype=torch.float32)
Params for bucket 62 (131072000 elements, 131072000 padded size, 0 param(s) with extra main_grads):
	module.language_model.decoder.layers.11.mlp.linear_fc1.weight (param.main_grad.dtype=torch.float32)
Params for bucket 63 (47196416 elements, 47196416 padded size, 0 param(s) with extra main_grads):
	module.language_model.decoder.layers.11.mlp.linear_fc1.layer_norm_weight (param.main_grad.dtype=torch.float32)
	module.language_model.decoder.layers.11.self_attention.k_layernorm.weight (param.main_grad.dtype=torch.float32)
	module.language_model.decoder.layers.11.self_attention.q_layernorm.weight (param.main_grad.dtype=torch.float32)
	module.language_model.decoder.layers.11.self_attention.linear_qkv.weight (param.main_grad.dtype=torch.float32)
	module.language_model.decoder.layers.11.self_attention.linear_qkv.layer_norm_weight (param.main_grad.dtype=torch.float32)
	module.language_model.decoder.layers.11.self_attention.linear_proj.weight (param.main_grad.dtype=torch.float32)
Params for bucket 64 (65536000 elements, 65536000 padded size, 0 param(s) with extra main_grads):
	module.language_model.decoder.layers.10.mlp.linear_fc2.weight (param.main_grad.dtype=torch.float32)
Params for bucket 65 (131072000 elements, 131072000 padded size, 0 param(s) with extra main_grads):
	module.language_model.decoder.layers.10.mlp.linear_fc1.weight (param.main_grad.dtype=torch.float32)
Params for bucket 66 (47196416 elements, 47196416 padded size, 0 param(s) with extra main_grads):
	module.language_model.decoder.layers.10.mlp.linear_fc1.layer_norm_weight (param.main_grad.dtype=torch.float32)
	module.language_model.decoder.layers.10.self_attention.k_layernorm.weight (param.main_grad.dtype=torch.float32)
	module.language_model.decoder.layers.10.self_attention.q_layernorm.weight (param.main_grad.dtype=torch.float32)
	module.language_model.decoder.layers.10.self_attention.linear_qkv.weight (param.main_grad.dtype=torch.float32)
	module.language_model.decoder.layers.10.self_attention.linear_qkv.layer_norm_weight (param.main_grad.dtype=torch.float32)
	module.language_model.decoder.layers.10.self_attention.linear_proj.weight (param.main_grad.dtype=torch.float32)
Params for bucket 67 (65536000 elements, 65536000 padded size, 0 param(s) with extra main_grads):
	module.language_model.decoder.layers.9.mlp.linear_fc2.weight (param.main_grad.dtype=torch.float32)
Params for bucket 68 (131072000 elements, 131072000 padded size, 0 param(s) with extra main_grads):
	module.language_model.decoder.layers.9.mlp.linear_fc1.weight (param.main_grad.dtype=torch.float32)
Params for bucket 69 (47196416 elements, 47196416 padded size, 0 param(s) with extra main_grads):
	module.language_model.decoder.layers.9.mlp.linear_fc1.layer_norm_weight (param.main_grad.dtype=torch.float32)
	module.language_model.decoder.layers.9.self_attention.k_layernorm.weight (param.main_grad.dtype=torch.float32)
	module.language_model.decoder.layers.9.self_attention.q_layernorm.weight (param.main_grad.dtype=torch.float32)
	module.language_model.decoder.layers.9.self_attention.linear_qkv.weight (param.main_grad.dtype=torch.float32)
	module.language_model.decoder.layers.9.self_attention.linear_qkv.layer_norm_weight (param.main_grad.dtype=torch.float32)
	module.language_model.decoder.layers.9.self_attention.linear_proj.weight (param.main_grad.dtype=torch.float32)
Params for bucket 70 (65536000 elements, 65536000 padded size, 0 param(s) with extra main_grads):
	module.language_model.decoder.layers.8.mlp.linear_fc2.weight (param.main_grad.dtype=torch.float32)
Params for bucket 71 (131072000 elements, 131072000 padded size, 0 param(s) with extra main_grads):
	module.language_model.decoder.layers.8.mlp.linear_fc1.weight (param.main_grad.dtype=torch.float32)
Params for bucket 72 (47196416 elements, 47196416 padded size, 0 param(s) with extra main_grads):
	module.language_model.decoder.layers.8.mlp.linear_fc1.layer_norm_weight (param.main_grad.dtype=torch.float32)
	module.language_model.decoder.layers.8.self_attention.k_layernorm.weight (param.main_grad.dtype=torch.float32)
	module.language_model.decoder.layers.8.self_attention.q_layernorm.weight (param.main_grad.dtype=torch.float32)
	module.language_model.decoder.layers.8.self_attention.linear_qkv.weight (param.main_grad.dtype=torch.float32)
	module.language_model.decoder.layers.8.self_attention.linear_qkv.layer_norm_weight (param.main_grad.dtype=torch.float32)
	module.language_model.decoder.layers.8.self_attention.linear_proj.weight (param.main_grad.dtype=torch.float32)
Params for bucket 73 (65536000 elements, 65536000 padded size, 0 param(s) with extra main_grads):
	module.language_model.decoder.layers.7.mlp.linear_fc2.weight (param.main_grad.dtype=torch.float32)
Params for bucket 74 (131072000 elements, 131072000 padded size, 0 param(s) with extra main_grads):
	module.language_model.decoder.layers.7.mlp.linear_fc1.weight (param.main_grad.dtype=torch.float32)
Params for bucket 75 (47196416 elements, 47196416 padded size, 0 param(s) with extra main_grads):
	module.language_model.decoder.layers.7.mlp.linear_fc1.layer_norm_weight (param.main_grad.dtype=torch.float32)
	module.language_model.decoder.layers.7.self_attention.k_layernorm.weight (param.main_grad.dtype=torch.float32)
	module.language_model.decoder.layers.7.self_attention.q_layernorm.weight (param.main_grad.dtype=torch.float32)
	module.language_model.decoder.layers.7.self_attention.linear_qkv.weight (param.main_grad.dtype=torch.float32)
	module.language_model.decoder.layers.7.self_attention.linear_qkv.layer_norm_weight (param.main_grad.dtype=torch.float32)
	module.language_model.decoder.layers.7.self_attention.linear_proj.weight (param.main_grad.dtype=torch.float32)
Params for bucket 76 (65536000 elements, 65536000 padded size, 0 param(s) with extra main_grads):
	module.language_model.decoder.layers.6.mlp.linear_fc2.weight (param.main_grad.dtype=torch.float32)
Params for bucket 77 (131072000 elements, 131072000 padded size, 0 param(s) with extra main_grads):
	module.language_model.decoder.layers.6.mlp.linear_fc1.weight (param.main_grad.dtype=torch.float32)
Params for bucket 78 (47196416 elements, 47196416 padded size, 0 param(s) with extra main_grads):
	module.language_model.decoder.layers.6.mlp.linear_fc1.layer_norm_weight (param.main_grad.dtype=torch.float32)
	module.language_model.decoder.layers.6.self_attention.k_layernorm.weight (param.main_grad.dtype=torch.float32)
	module.language_model.decoder.layers.6.self_attention.q_layernorm.weight (param.main_grad.dtype=torch.float32)
	module.language_model.decoder.layers.6.self_attention.linear_qkv.weight (param.main_grad.dtype=torch.float32)
	module.language_model.decoder.layers.6.self_attention.linear_qkv.layer_norm_weight (param.main_grad.dtype=torch.float32)
	module.language_model.decoder.layers.6.self_attention.linear_proj.weight (param.main_grad.dtype=torch.float32)
Params for bucket 79 (65536000 elements, 65536000 padded size, 0 param(s) with extra main_grads):
	module.language_model.decoder.layers.5.mlp.linear_fc2.weight (param.main_grad.dtype=torch.float32)
Params for bucket 80 (131072000 elements, 131072000 padded size, 0 param(s) with extra main_grads):
	module.language_model.decoder.layers.5.mlp.linear_fc1.weight (param.main_grad.dtype=torch.float32)
Params for bucket 81 (47196416 elements, 47196416 padded size, 0 param(s) with extra main_grads):
	module.language_model.decoder.layers.5.mlp.linear_fc1.layer_norm_weight (param.main_grad.dtype=torch.float32)
	module.language_model.decoder.layers.5.self_attention.k_layernorm.weight (param.main_grad.dtype=torch.float32)
	module.language_model.decoder.layers.5.self_attention.q_layernorm.weight (param.main_grad.dtype=torch.float32)
	module.language_model.decoder.layers.5.self_attention.linear_qkv.weight (param.main_grad.dtype=torch.float32)
	module.language_model.decoder.layers.5.self_attention.linear_qkv.layer_norm_weight (param.main_grad.dtype=torch.float32)
	module.language_model.decoder.layers.5.self_attention.linear_proj.weight (param.main_grad.dtype=torch.float32)
Params for bucket 82 (65536000 elements, 65536000 padded size, 0 param(s) with extra main_grads):
	module.language_model.decoder.layers.4.mlp.linear_fc2.weight (param.main_grad.dtype=torch.float32)
Params for bucket 83 (131072000 elements, 131072000 padded size, 0 param(s) with extra main_grads):
	module.language_model.decoder.layers.4.mlp.linear_fc1.weight (param.main_grad.dtype=torch.float32)
Params for bucket 84 (47196416 elements, 47196416 padded size, 0 param(s) with extra main_grads):
	module.language_model.decoder.layers.4.mlp.linear_fc1.layer_norm_weight (param.main_grad.dtype=torch.float32)
	module.language_model.decoder.layers.4.self_attention.k_layernorm.weight (param.main_grad.dtype=torch.float32)
	module.language_model.decoder.layers.4.self_attention.q_layernorm.weight (param.main_grad.dtype=torch.float32)
	module.language_model.decoder.layers.4.self_attention.linear_qkv.weight (param.main_grad.dtype=torch.float32)
	module.language_model.decoder.layers.4.self_attention.linear_qkv.layer_norm_weight (param.main_grad.dtype=torch.float32)
	module.language_model.decoder.layers.4.self_attention.linear_proj.weight (param.main_grad.dtype=torch.float32)
Params for bucket 85 (65536000 elements, 65536000 padded size, 0 param(s) with extra main_grads):
	module.language_model.decoder.layers.3.mlp.linear_fc2.weight (param.main_grad.dtype=torch.float32)
Params for bucket 86 (131072000 elements, 131072000 padded size, 0 param(s) with extra main_grads):
	module.language_model.decoder.layers.3.mlp.linear_fc1.weight (param.main_grad.dtype=torch.float32)
Params for bucket 87 (47196416 elements, 47196416 padded size, 0 param(s) with extra main_grads):
	module.language_model.decoder.layers.3.mlp.linear_fc1.layer_norm_weight (param.main_grad.dtype=torch.float32)
	module.language_model.decoder.layers.3.self_attention.k_layernorm.weight (param.main_grad.dtype=torch.float32)
	module.language_model.decoder.layers.3.self_attention.q_layernorm.weight (param.main_grad.dtype=torch.float32)
	module.language_model.decoder.layers.3.self_attention.linear_qkv.weight (param.main_grad.dtype=torch.float32)
	module.language_model.decoder.layers.3.self_attention.linear_qkv.layer_norm_weight (param.main_grad.dtype=torch.float32)
	module.language_model.decoder.layers.3.self_attention.linear_proj.weight (param.main_grad.dtype=torch.float32)
Params for bucket 88 (65536000 elements, 65536000 padded size, 0 param(s) with extra main_grads):
	module.language_model.decoder.layers.2.mlp.linear_fc2.weight (param.main_grad.dtype=torch.float32)
Params for bucket 89 (131072000 elements, 131072000 padded size, 0 param(s) with extra main_grads):
	module.language_model.decoder.layers.2.mlp.linear_fc1.weight (param.main_grad.dtype=torch.float32)
Params for bucket 90 (47196416 elements, 47196416 padded size, 0 param(s) with extra main_grads):
	module.language_model.decoder.layers.2.mlp.linear_fc1.layer_norm_weight (param.main_grad.dtype=torch.float32)
	module.language_model.decoder.layers.2.self_attention.k_layernorm.weight (param.main_grad.dtype=torch.float32)
	module.language_model.decoder.layers.2.self_attention.q_layernorm.weight (param.main_grad.dtype=torch.float32)
	module.language_model.decoder.layers.2.self_attention.linear_qkv.weight (param.main_grad.dtype=torch.float32)
	module.language_model.decoder.layers.2.self_attention.linear_qkv.layer_norm_weight (param.main_grad.dtype=torch.float32)
	module.language_model.decoder.layers.2.self_attention.linear_proj.weight (param.main_grad.dtype=torch.float32)
Params for bucket 91 (65536000 elements, 65536000 padded size, 0 param(s) with extra main_grads):
	module.language_model.decoder.layers.1.mlp.linear_fc2.weight (param.main_grad.dtype=torch.float32)
Params for bucket 92 (131072000 elements, 131072000 padded size, 0 param(s) with extra main_grads):
	module.language_model.decoder.layers.1.mlp.linear_fc1.weight (param.main_grad.dtype=torch.float32)
Params for bucket 93 (47196416 elements, 47196416 padded size, 0 param(s) with extra main_grads):
	module.language_model.decoder.layers.1.mlp.linear_fc1.layer_norm_weight (param.main_grad.dtype=torch.float32)
	module.language_model.decoder.layers.1.self_attention.k_layernorm.weight (param.main_grad.dtype=torch.float32)
	module.language_model.decoder.layers.1.self_attention.q_layernorm.weight (param.main_grad.dtype=torch.float32)
	module.language_model.decoder.layers.1.self_attention.linear_qkv.weight (param.main_grad.dtype=torch.float32)
	module.language_model.decoder.layers.1.self_attention.linear_qkv.layer_norm_weight (param.main_grad.dtype=torch.float32)
	module.language_model.decoder.layers.1.self_attention.linear_proj.weight (param.main_grad.dtype=torch.float32)
Params for bucket 94 (65536000 elements, 65536000 padded size, 0 param(s) with extra main_grads):
	module.language_model.decoder.layers.0.mlp.linear_fc2.weight (param.main_grad.dtype=torch.float32)
Params for bucket 95 (131072000 elements, 131072000 padded size, 0 param(s) with extra main_grads):
	module.language_model.decoder.layers.0.mlp.linear_fc1.weight (param.main_grad.dtype=torch.float32)
Params for bucket 96 (47196416 elements, 47196416 padded size, 0 param(s) with extra main_grads):
	module.language_model.decoder.layers.0.mlp.linear_fc1.layer_norm_weight (param.main_grad.dtype=torch.float32)
	module.language_model.decoder.layers.0.self_attention.k_layernorm.weight (param.main_grad.dtype=torch.float32)
	module.language_model.decoder.layers.0.self_attention.q_layernorm.weight (param.main_grad.dtype=torch.float32)
	module.language_model.decoder.layers.0.self_attention.linear_qkv.weight (param.main_grad.dtype=torch.float32)
	module.language_model.decoder.layers.0.self_attention.linear_qkv.layer_norm_weight (param.main_grad.dtype=torch.float32)
	module.language_model.decoder.layers.0.self_attention.linear_proj.weight (param.main_grad.dtype=torch.float32)
Params for bucket 97 (388956160 elements, 388956160 padded size, 0 param(s) with extra main_grads):
	module.language_model.embedding.word_embeddings.weight (param.main_grad.dtype=torch.float32)
Params for bucket 98 (44843776 elements, 44843776 padded size, 0 param(s) with extra main_grads):
	module.vision_model.merger.linear_fc2.bias (param.main_grad.dtype=torch.float32)
	module.vision_model.merger.linear_fc2.weight (param.main_grad.dtype=torch.float32)
	module.vision_model.merger.linear_fc1.bias (param.main_grad.dtype=torch.float32)
	module.vision_model.merger.linear_fc1.weight (param.main_grad.dtype=torch.float32)
	module.vision_model.merger.patch_norm.bias (param.main_grad.dtype=torch.float32)
	module.vision_model.merger.patch_norm.weight (param.main_grad.dtype=torch.float32)
	module.vision_model.decoder.deepstack_merger_list.2.linear_fc2.bias (param.main_grad.dtype=torch.float32)
	module.vision_model.decoder.deepstack_merger_list.2.linear_fc2.weight (param.main_grad.dtype=torch.float32)
	module.vision_model.decoder.deepstack_merger_list.2.linear_fc1.bias (param.main_grad.dtype=torch.float32)
	module.vision_model.decoder.deepstack_merger_list.2.linear_fc1.weight (param.main_grad.dtype=torch.float32)
Params for bucket 99 (44859904 elements, 44859904 padded size, 0 param(s) with extra main_grads):
	module.vision_model.decoder.deepstack_merger_list.2.patch_norm.bias (param.main_grad.dtype=torch.float32)
	module.vision_model.decoder.deepstack_merger_list.2.patch_norm.weight (param.main_grad.dtype=torch.float32)
	module.vision_model.decoder.deepstack_merger_list.1.linear_fc2.bias (param.main_grad.dtype=torch.float32)
	module.vision_model.decoder.deepstack_merger_list.1.linear_fc2.weight (param.main_grad.dtype=torch.float32)
	module.vision_model.decoder.deepstack_merger_list.1.linear_fc1.bias (param.main_grad.dtype=torch.float32)
	module.vision_model.decoder.deepstack_merger_list.1.linear_fc1.weight (param.main_grad.dtype=torch.float32)
	module.vision_model.decoder.deepstack_merger_list.1.patch_norm.bias (param.main_grad.dtype=torch.float32)
	module.vision_model.decoder.deepstack_merger_list.1.patch_norm.weight (param.main_grad.dtype=torch.float32)
	module.vision_model.decoder.deepstack_merger_list.0.linear_fc2.bias (param.main_grad.dtype=torch.float32)
	module.vision_model.decoder.deepstack_merger_list.0.linear_fc2.weight (param.main_grad.dtype=torch.float32)
	module.vision_model.decoder.deepstack_merger_list.0.linear_fc1.bias (param.main_grad.dtype=torch.float32)
	module.vision_model.decoder.deepstack_merger_list.0.linear_fc1.weight (param.main_grad.dtype=torch.float32)
Params for bucket 100 (40605512 elements, 40605696 padded size, 0 param(s) with extra main_grads):
	module.vision_model.decoder.deepstack_merger_list.0.patch_norm.bias (param.main_grad.dtype=torch.float32)
	module.vision_model.decoder.deepstack_merger_list.0.patch_norm.weight (param.main_grad.dtype=torch.float32)
	module.vision_model.decoder.layers.26.mlp.linear_fc2.bias (param.main_grad.dtype=torch.float32)
	module.vision_model.decoder.layers.26.mlp.linear_fc2.weight (param.main_grad.dtype=torch.float32)
	module.vision_model.decoder.layers.26.mlp.linear_fc1.bias (param.main_grad.dtype=torch.float32)
	module.vision_model.decoder.layers.26.mlp.linear_fc1.weight (param.main_grad.dtype=torch.float32)
	module.vision_model.decoder.layers.26.mlp.linear_fc1.layer_norm_bias (param.main_grad.dtype=torch.float32)
	module.vision_model.decoder.layers.26.mlp.linear_fc1.layer_norm_weight (param.main_grad.dtype=torch.float32)
	module.vision_model.decoder.layers.26.self_attention.linear_qkv.bias (param.main_grad.dtype=torch.float32)
	module.vision_model.decoder.layers.26.self_attention.linear_qkv.weight (param.main_grad.dtype=torch.float32)
	module.vision_model.decoder.layers.26.self_attention.linear_qkv.layer_norm_bias (param.main_grad.dtype=torch.float32)
	module.vision_model.decoder.layers.26.self_attention.linear_qkv.layer_norm_weight (param.main_grad.dtype=torch.float32)
	module.vision_model.decoder.layers.26.self_attention.linear_proj.bias (param.main_grad.dtype=torch.float32)
	module.vision_model.decoder.layers.26.self_attention.linear_proj.weight (param.main_grad.dtype=torch.float32)
	module.vision_model.decoder.layers.25.mlp.linear_fc2.bias (param.main_grad.dtype=torch.float32)
	module.vision_model.decoder.layers.25.mlp.linear_fc2.weight (param.main_grad.dtype=torch.float32)
	module.vision_model.decoder.layers.25.mlp.linear_fc1.bias (param.main_grad.dtype=torch.float32)
	module.vision_model.decoder.layers.25.mlp.linear_fc1.weight (param.main_grad.dtype=torch.float32)
	module.vision_model.decoder.layers.25.mlp.linear_fc1.layer_norm_bias (param.main_grad.dtype=torch.float32)
	module.vision_model.decoder.layers.25.mlp.linear_fc1.layer_norm_weight (param.main_grad.dtype=torch.float32)
	module.vision_model.decoder.layers.25.self_attention.linear_qkv.bias (param.main_grad.dtype=torch.float32)
	module.vision_model.decoder.layers.25.self_attention.linear_qkv.weight (param.main_grad.dtype=torch.float32)
	module.vision_model.decoder.layers.25.self_attention.linear_qkv.layer_norm_bias (param.main_grad.dtype=torch.float32)
	module.vision_model.decoder.layers.25.self_attention.linear_qkv.layer_norm_weight (param.main_grad.dtype=torch.float32)
	module.vision_model.decoder.layers.25.self_attention.linear_proj.bias (param.main_grad.dtype=torch.float32)
	module.vision_model.decoder.layers.25.self_attention.linear_proj.weight (param.main_grad.dtype=torch.float32)
	module.vision_model.decoder.layers.24.mlp.linear_fc2.bias (param.main_grad.dtype=torch.float32)
	module.vision_model.decoder.layers.24.mlp.linear_fc2.weight (param.main_grad.dtype=torch.float32)
	module.vision_model.decoder.layers.24.mlp.linear_fc1.bias (param.main_grad.dtype=torch.float32)
	module.vision_model.decoder.layers.24.mlp.linear_fc1.weight (param.main_grad.dtype=torch.float32)
	module.vision_model.decoder.layers.24.mlp.linear_fc1.layer_norm_bias (param.main_grad.dtype=torch.float32)
	module.vision_model.decoder.layers.24.mlp.linear_fc1.layer_norm_weight (param.main_grad.dtype=torch.float32)
	module.vision_model.decoder.layers.24.self_attention.linear_qkv.bias (param.main_grad.dtype=torch.float32)
	module.vision_model.decoder.layers.24.self_attention.linear_qkv.weight (param.main_grad.dtype=torch.float32)
	module.vision_model.decoder.layers.24.self_attention.linear_qkv.layer_norm_bias (param.main_grad.dtype=torch.float32)
	module.vision_model.decoder.layers.24.self_attention.linear_qkv.layer_norm_weight (param.main_grad.dtype=torch.float32)
	module.vision_model.decoder.layers.24.self_attention.linear_proj.bias (param.main_grad.dtype=torch.float32)
	module.vision_model.decoder.layers.24.self_attention.linear_proj.weight (param.main_grad.dtype=torch.float32)
	module.vision_model.decoder.layers.23.mlp.linear_fc2.bias (param.main_grad.dtype=torch.float32)
	module.vision_model.decoder.layers.23.mlp.linear_fc2.weight (param.main_grad.dtype=torch.float32)
	module.vision_model.decoder.layers.23.mlp.linear_fc1.bias (param.main_grad.dtype=torch.float32)
	module.vision_model.decoder.layers.23.mlp.linear_fc1.weight (param.main_grad.dtype=torch.float32)
	module.vision_model.decoder.layers.23.mlp.linear_fc1.layer_norm_bias (param.main_grad.dtype=torch.float32)
	module.vision_model.decoder.layers.23.mlp.linear_fc1.layer_norm_weight (param.main_grad.dtype=torch.float32)
	module.vision_model.decoder.layers.23.self_attention.linear_qkv.bias (param.main_grad.dtype=torch.float32)
	module.vision_model.decoder.layers.23.self_attention.linear_qkv.weight (param.main_grad.dtype=torch.float32)
	module.vision_model.decoder.layers.23.self_attention.linear_qkv.layer_norm_bias (param.main_grad.dtype=torch.float32)
	module.vision_model.decoder.layers.23.self_attention.linear_qkv.layer_norm_weight (param.main_grad.dtype=torch.float32)
	module.vision_model.decoder.layers.23.self_attention.linear_proj.bias (param.main_grad.dtype=torch.float32)
	module.vision_model.decoder.layers.23.self_attention.linear_proj.weight (param.main_grad.dtype=torch.float32)
	module.vision_model.decoder.layers.22.mlp.linear_fc2.bias (param.main_grad.dtype=torch.float32)
	module.vision_model.decoder.layers.22.mlp.linear_fc2.weight (param.main_grad.dtype=torch.float32)
	module.vision_model.decoder.layers.22.mlp.linear_fc1.bias (param.main_grad.dtype=torch.float32)
	module.vision_model.decoder.layers.22.mlp.linear_fc1.weight (param.main_grad.dtype=torch.float32)
	module.vision_model.decoder.layers.22.mlp.linear_fc1.layer_norm_bias (param.main_grad.dtype=torch.float32)
	module.vision_model.decoder.layers.22.mlp.linear_fc1.layer_norm_weight (param.main_grad.dtype=torch.float32)
	module.vision_model.decoder.layers.22.self_attention.linear_qkv.bias (param.main_grad.dtype=torch.float32)
	module.vision_model.decoder.layers.22.self_attention.linear_qkv.weight (param.main_grad.dtype=torch.float32)
	module.vision_model.decoder.layers.22.self_attention.linear_qkv.layer_norm_bias (param.main_grad.dtype=torch.float32)
	module.vision_model.decoder.layers.22.self_attention.linear_qkv.layer_norm_weight (param.main_grad.dtype=torch.float32)
	module.vision_model.decoder.layers.22.self_attention.linear_proj.bias (param.main_grad.dtype=torch.float32)
	module.vision_model.decoder.layers.22.self_attention.linear_proj.weight (param.main_grad.dtype=torch.float32)
	module.vision_model.decoder.layers.21.mlp.linear_fc2.bias (param.main_grad.dtype=torch.float32)
	module.vision_model.decoder.layers.21.mlp.linear_fc2.weight (param.main_grad.dtype=torch.float32)
Params for bucket 101 (40597296 elements, 40597504 padded size, 0 param(s) with extra main_grads):
	module.vision_model.decoder.layers.21.mlp.linear_fc1.bias (param.main_grad.dtype=torch.float32)
	module.vision_model.decoder.layers.21.mlp.linear_fc1.weight (param.main_grad.dtype=torch.float32)
	module.vision_model.decoder.layers.21.mlp.linear_fc1.layer_norm_bias (param.main_grad.dtype=torch.float32)
	module.vision_model.decoder.layers.21.mlp.linear_fc1.layer_norm_weight (param.main_grad.dtype=torch.float32)
	module.vision_model.decoder.layers.21.self_attention.linear_qkv.bias (param.main_grad.dtype=torch.float32)
	module.vision_model.decoder.layers.21.self_attention.linear_qkv.weight (param.main_grad.dtype=torch.float32)
	module.vision_model.decoder.layers.21.self_attention.linear_qkv.layer_norm_bias (param.main_grad.dtype=torch.float32)
	module.vision_model.decoder.layers.21.self_attention.linear_qkv.layer_norm_weight (param.main_grad.dtype=torch.float32)
	module.vision_model.decoder.layers.21.self_attention.linear_proj.bias (param.main_grad.dtype=torch.float32)
	module.vision_model.decoder.layers.21.self_attention.linear_proj.weight (param.main_grad.dtype=torch.float32)
	module.vision_model.decoder.layers.20.mlp.linear_fc2.bias (param.main_grad.dtype=torch.float32)
	module.vision_model.decoder.layers.20.mlp.linear_fc2.weight (param.main_grad.dtype=torch.float32)
	module.vision_model.decoder.layers.20.mlp.linear_fc1.bias (param.main_grad.dtype=torch.float32)
	module.vision_model.decoder.layers.20.mlp.linear_fc1.weight (param.main_grad.dtype=torch.float32)
	module.vision_model.decoder.layers.20.mlp.linear_fc1.layer_norm_bias (param.main_grad.dtype=torch.float32)
	module.vision_model.decoder.layers.20.mlp.linear_fc1.layer_norm_weight (param.main_grad.dtype=torch.float32)
	module.vision_model.decoder.layers.20.self_attention.linear_qkv.bias (param.main_grad.dtype=torch.float32)
	module.vision_model.decoder.layers.20.self_attention.linear_qkv.weight (param.main_grad.dtype=torch.float32)
	module.vision_model.decoder.layers.20.self_attention.linear_qkv.layer_norm_bias (param.main_grad.dtype=torch.float32)
	module.vision_model.decoder.layers.20.self_attention.linear_qkv.layer_norm_weight (param.main_grad.dtype=torch.float32)
	module.vision_model.decoder.layers.20.self_attention.linear_proj.bias (param.main_grad.dtype=torch.float32)
	module.vision_model.decoder.layers.20.self_attention.linear_proj.weight (param.main_grad.dtype=torch.float32)
	module.vision_model.decoder.layers.19.mlp.linear_fc2.bias (param.main_grad.dtype=torch.float32)
	module.vision_model.decoder.layers.19.mlp.linear_fc2.weight (param.main_grad.dtype=torch.float32)
	module.vision_model.decoder.layers.19.mlp.linear_fc1.bias (param.main_grad.dtype=torch.float32)
	module.vision_model.decoder.layers.19.mlp.linear_fc1.weight (param.main_grad.dtype=torch.float32)
	module.vision_model.decoder.layers.19.mlp.linear_fc1.layer_norm_bias (param.main_grad.dtype=torch.float32)
	module.vision_model.decoder.layers.19.mlp.linear_fc1.layer_norm_weight (param.main_grad.dtype=torch.float32)
	module.vision_model.decoder.layers.19.self_attention.linear_qkv.bias (param.main_grad.dtype=torch.float32)
	module.vision_model.decoder.layers.19.self_attention.linear_qkv.weight (param.main_grad.dtype=torch.float32)
	module.vision_model.decoder.layers.19.self_attention.linear_qkv.layer_norm_bias (param.main_grad.dtype=torch.float32)
	module.vision_model.decoder.layers.19.self_attention.linear_qkv.layer_norm_weight (param.main_grad.dtype=torch.float32)
	module.vision_model.decoder.layers.19.self_attention.linear_proj.bias (param.main_grad.dtype=torch.float32)
	module.vision_model.decoder.layers.19.self_attention.linear_proj.weight (param.main_grad.dtype=torch.float32)
	module.vision_model.decoder.layers.18.mlp.linear_fc2.bias (param.main_grad.dtype=torch.float32)
	module.vision_model.decoder.layers.18.mlp.linear_fc2.weight (param.main_grad.dtype=torch.float32)
	module.vision_model.decoder.layers.18.mlp.linear_fc1.bias (param.main_grad.dtype=torch.float32)
	module.vision_model.decoder.layers.18.mlp.linear_fc1.weight (param.main_grad.dtype=torch.float32)
	module.vision_model.decoder.layers.18.mlp.linear_fc1.layer_norm_bias (param.main_grad.dtype=torch.float32)
	module.vision_model.decoder.layers.18.mlp.linear_fc1.layer_norm_weight (param.main_grad.dtype=torch.float32)
	module.vision_model.decoder.layers.18.self_attention.linear_qkv.bias (param.main_grad.dtype=torch.float32)
	module.vision_model.decoder.layers.18.self_attention.linear_qkv.weight (param.main_grad.dtype=torch.float32)
	module.vision_model.decoder.layers.18.self_attention.linear_qkv.layer_norm_bias (param.main_grad.dtype=torch.float32)
	module.vision_model.decoder.layers.18.self_attention.linear_qkv.layer_norm_weight (param.main_grad.dtype=torch.float32)
	module.vision_model.decoder.layers.18.self_attention.linear_proj.bias (param.main_grad.dtype=torch.float32)
	module.vision_model.decoder.layers.18.self_attention.linear_proj.weight (param.main_grad.dtype=torch.float32)
	module.vision_model.decoder.layers.17.mlp.linear_fc2.bias (param.main_grad.dtype=torch.float32)
	module.vision_model.decoder.layers.17.mlp.linear_fc2.weight (param.main_grad.dtype=torch.float32)
	module.vision_model.decoder.layers.17.mlp.linear_fc1.bias (param.main_grad.dtype=torch.float32)
	module.vision_model.decoder.layers.17.mlp.linear_fc1.weight (param.main_grad.dtype=torch.float32)
	module.vision_model.decoder.layers.17.mlp.linear_fc1.layer_norm_bias (param.main_grad.dtype=torch.float32)
	module.vision_model.decoder.layers.17.mlp.linear_fc1.layer_norm_weight (param.main_grad.dtype=torch.float32)
	module.vision_model.decoder.layers.17.self_attention.linear_qkv.bias (param.main_grad.dtype=torch.float32)
	module.vision_model.decoder.layers.17.self_attention.linear_qkv.weight (param.main_grad.dtype=torch.float32)
	module.vision_model.decoder.layers.17.self_attention.linear_qkv.layer_norm_bias (param.main_grad.dtype=torch.float32)
	module.vision_model.decoder.layers.17.self_attention.linear_qkv.layer_norm_weight (param.main_grad.dtype=torch.float32)
	module.vision_model.decoder.layers.17.self_attention.linear_proj.bias (param.main_grad.dtype=torch.float32)
	module.vision_model.decoder.layers.17.self_attention.linear_proj.weight (param.main_grad.dtype=torch.float32)
	module.vision_model.decoder.layers.16.mlp.linear_fc2.bias (param.main_grad.dtype=torch.float32)
	module.vision_model.decoder.layers.16.mlp.linear_fc2.weight (param.main_grad.dtype=torch.float32)
	module.vision_model.decoder.layers.16.mlp.linear_fc1.bias (param.main_grad.dtype=torch.float32)
	module.vision_model.decoder.layers.16.mlp.linear_fc1.weight (param.main_grad.dtype=torch.float32)
Params for bucket 102 (40110728 elements, 40110848 padded size, 0 param(s) with extra main_grads):
	module.vision_model.decoder.layers.16.mlp.linear_fc1.layer_norm_bias (param.main_grad.dtype=torch.float32)
	module.vision_model.decoder.layers.16.mlp.linear_fc1.layer_norm_weight (param.main_grad.dtype=torch.float32)
	module.vision_model.decoder.layers.16.self_attention.linear_qkv.bias (param.main_grad.dtype=torch.float32)
	module.vision_model.decoder.layers.16.self_attention.linear_qkv.weight (param.main_grad.dtype=torch.float32)
	module.vision_model.decoder.layers.16.self_attention.linear_qkv.layer_norm_bias (param.main_grad.dtype=torch.float32)
	module.vision_model.decoder.layers.16.self_attention.linear_qkv.layer_norm_weight (param.main_grad.dtype=torch.float32)
	module.vision_model.decoder.layers.16.self_attention.linear_proj.bias (param.main_grad.dtype=torch.float32)
	module.vision_model.decoder.layers.16.self_attention.linear_proj.weight (param.main_grad.dtype=torch.float32)
	module.vision_model.decoder.layers.15.mlp.linear_fc2.bias (param.main_grad.dtype=torch.float32)
	module.vision_model.decoder.layers.15.mlp.linear_fc2.weight (param.main_grad.dtype=torch.float32)
	module.vision_model.decoder.layers.15.mlp.linear_fc1.bias (param.main_grad.dtype=torch.float32)
	module.vision_model.decoder.layers.15.mlp.linear_fc1.weight (param.main_grad.dtype=torch.float32)
	module.vision_model.decoder.layers.15.mlp.linear_fc1.layer_norm_bias (param.main_grad.dtype=torch.float32)
	module.vision_model.decoder.layers.15.mlp.linear_fc1.layer_norm_weight (param.main_grad.dtype=torch.float32)
	module.vision_model.decoder.layers.15.self_attention.linear_qkv.bias (param.main_grad.dtype=torch.float32)
	module.vision_model.decoder.layers.15.self_attention.linear_qkv.weight (param.main_grad.dtype=torch.float32)
	module.vision_model.decoder.layers.15.self_attention.linear_qkv.layer_norm_bias (param.main_grad.dtype=torch.float32)
	module.vision_model.decoder.layers.15.self_attention.linear_qkv.layer_norm_weight (param.main_grad.dtype=torch.float32)
	module.vision_model.decoder.layers.15.self_attention.linear_proj.bias (param.main_grad.dtype=torch.float32)
	module.vision_model.decoder.layers.15.self_attention.linear_proj.weight (param.main_grad.dtype=torch.float32)
	module.vision_model.decoder.layers.14.mlp.linear_fc2.bias (param.main_grad.dtype=torch.float32)
	module.vision_model.decoder.layers.14.mlp.linear_fc2.weight (param.main_grad.dtype=torch.float32)
	module.vision_model.decoder.layers.14.mlp.linear_fc1.bias (param.main_grad.dtype=torch.float32)
	module.vision_model.decoder.layers.14.mlp.linear_fc1.weight (param.main_grad.dtype=torch.float32)
	module.vision_model.decoder.layers.14.mlp.linear_fc1.layer_norm_bias (param.main_grad.dtype=torch.float32)
	module.vision_model.decoder.layers.14.mlp.linear_fc1.layer_norm_weight (param.main_grad.dtype=torch.float32)
	module.vision_model.decoder.layers.14.self_attention.linear_qkv.bias (param.main_grad.dtype=torch.float32)
	module.vision_model.decoder.layers.14.self_attention.linear_qkv.weight (param.main_grad.dtype=torch.float32)
	module.vision_model.decoder.layers.14.self_attention.linear_qkv.layer_norm_bias (param.main_grad.dtype=torch.float32)
	module.vision_model.decoder.layers.14.self_attention.linear_qkv.layer_norm_weight (param.main_grad.dtype=torch.float32)
	module.vision_model.decoder.layers.14.self_attention.linear_proj.bias (param.main_grad.dtype=torch.float32)
	module.vision_model.decoder.layers.14.self_attention.linear_proj.weight (param.main_grad.dtype=torch.float32)
	module.vision_model.decoder.layers.13.mlp.linear_fc2.bias (param.main_grad.dtype=torch.float32)
	module.vision_model.decoder.layers.13.mlp.linear_fc2.weight (param.main_grad.dtype=torch.float32)
	module.vision_model.decoder.layers.13.mlp.linear_fc1.bias (param.main_grad.dtype=torch.float32)
	module.vision_model.decoder.layers.13.mlp.linear_fc1.weight (param.main_grad.dtype=torch.float32)
	module.vision_model.decoder.layers.13.mlp.linear_fc1.layer_norm_bias (param.main_grad.dtype=torch.float32)
	module.vision_model.decoder.layers.13.mlp.linear_fc1.layer_norm_weight (param.main_grad.dtype=torch.float32)
	module.vision_model.decoder.layers.13.self_attention.linear_qkv.bias (param.main_grad.dtype=torch.float32)
	module.vision_model.decoder.layers.13.self_attention.linear_qkv.weight (param.main_grad.dtype=torch.float32)
	module.vision_model.decoder.layers.13.self_attention.linear_qkv.layer_norm_bias (param.main_grad.dtype=torch.float32)
	module.vision_model.decoder.layers.13.self_attention.linear_qkv.layer_norm_weight (param.main_grad.dtype=torch.float32)
	module.vision_model.decoder.layers.13.self_attention.linear_proj.bias (param.main_grad.dtype=torch.float32)
	module.vision_model.decoder.layers.13.self_attention.linear_proj.weight (param.main_grad.dtype=torch.float32)
	module.vision_model.decoder.layers.12.mlp.linear_fc2.bias (param.main_grad.dtype=torch.float32)
	module.vision_model.decoder.layers.12.mlp.linear_fc2.weight (param.main_grad.dtype=torch.float32)
	module.vision_model.decoder.layers.12.mlp.linear_fc1.bias (param.main_grad.dtype=torch.float32)
	module.vision_model.decoder.layers.12.mlp.linear_fc1.weight (param.main_grad.dtype=torch.float32)
	module.vision_model.decoder.layers.12.mlp.linear_fc1.layer_norm_bias (param.main_grad.dtype=torch.float32)
	module.vision_model.decoder.layers.12.mlp.linear_fc1.layer_norm_weight (param.main_grad.dtype=torch.float32)
	module.vision_model.decoder.layers.12.self_attention.linear_qkv.bias (param.main_grad.dtype=torch.float32)
	module.vision_model.decoder.layers.12.self_attention.linear_qkv.weight (param.main_grad.dtype=torch.float32)
	module.vision_model.decoder.layers.12.self_attention.linear_qkv.layer_norm_bias (param.main_grad.dtype=torch.float32)
	module.vision_model.decoder.layers.12.self_attention.linear_qkv.layer_norm_weight (param.main_grad.dtype=torch.float32)
	module.vision_model.decoder.layers.12.self_attention.linear_proj.bias (param.main_grad.dtype=torch.float32)
	module.vision_model.decoder.layers.12.self_attention.linear_proj.weight (param.main_grad.dtype=torch.float32)
	module.vision_model.decoder.layers.11.mlp.linear_fc2.bias (param.main_grad.dtype=torch.float32)
	module.vision_model.decoder.layers.11.mlp.linear_fc2.weight (param.main_grad.dtype=torch.float32)
	module.vision_model.decoder.layers.11.mlp.linear_fc1.bias (param.main_grad.dtype=torch.float32)
	module.vision_model.decoder.layers.11.mlp.linear_fc1.weight (param.main_grad.dtype=torch.float32)
	module.vision_model.decoder.layers.11.mlp.linear_fc1.layer_norm_bias (param.main_grad.dtype=torch.float32)
	module.vision_model.decoder.layers.11.mlp.linear_fc1.layer_norm_weight (param.main_grad.dtype=torch.float32)
	module.vision_model.decoder.layers.11.self_attention.linear_qkv.bias (param.main_grad.dtype=torch.float32)
	module.vision_model.decoder.layers.11.self_attention.linear_qkv.weight (param.main_grad.dtype=torch.float32)
Params for bucket 103 (41263304 elements, 41263488 padded size, 0 param(s) with extra main_grads):
	module.vision_model.decoder.layers.11.self_attention.linear_qkv.layer_norm_bias (param.main_grad.dtype=torch.float32)
	module.vision_model.decoder.layers.11.self_attention.linear_qkv.layer_norm_weight (param.main_grad.dtype=torch.float32)
	module.vision_model.decoder.layers.11.self_attention.linear_proj.bias (param.main_grad.dtype=torch.float32)
	module.vision_model.decoder.layers.11.self_attention.linear_proj.weight (param.main_grad.dtype=torch.float32)
	module.vision_model.decoder.layers.10.mlp.linear_fc2.bias (param.main_grad.dtype=torch.float32)
	module.vision_model.decoder.layers.10.mlp.linear_fc2.weight (param.main_grad.dtype=torch.float32)
	module.vision_model.decoder.layers.10.mlp.linear_fc1.bias (param.main_grad.dtype=torch.float32)
	module.vision_model.decoder.layers.10.mlp.linear_fc1.weight (param.main_grad.dtype=torch.float32)
	module.vision_model.decoder.layers.10.mlp.linear_fc1.layer_norm_bias (param.main_grad.dtype=torch.float32)
	module.vision_model.decoder.layers.10.mlp.linear_fc1.layer_norm_weight (param.main_grad.dtype=torch.float32)
	module.vision_model.decoder.layers.10.self_attention.linear_qkv.bias (param.main_grad.dtype=torch.float32)
	module.vision_model.decoder.layers.10.self_attention.linear_qkv.weight (param.main_grad.dtype=torch.float32)
	module.vision_model.decoder.layers.10.self_attention.linear_qkv.layer_norm_bias (param.main_grad.dtype=torch.float32)
	module.vision_model.decoder.layers.10.self_attention.linear_qkv.layer_norm_weight (param.main_grad.dtype=torch.float32)
	module.vision_model.decoder.layers.10.self_attention.linear_proj.bias (param.main_grad.dtype=torch.float32)
	module.vision_model.decoder.layers.10.self_attention.linear_proj.weight (param.main_grad.dtype=torch.float32)
	module.vision_model.decoder.layers.9.mlp.linear_fc2.bias (param.main_grad.dtype=torch.float32)
	module.vision_model.decoder.layers.9.mlp.linear_fc2.weight (param.main_grad.dtype=torch.float32)
	module.vision_model.decoder.layers.9.mlp.linear_fc1.bias (param.main_grad.dtype=torch.float32)
	module.vision_model.decoder.layers.9.mlp.linear_fc1.weight (param.main_grad.dtype=torch.float32)
	module.vision_model.decoder.layers.9.mlp.linear_fc1.layer_norm_bias (param.main_grad.dtype=torch.float32)
	module.vision_model.decoder.layers.9.mlp.linear_fc1.layer_norm_weight (param.main_grad.dtype=torch.float32)
	module.vision_model.decoder.layers.9.self_attention.linear_qkv.bias (param.main_grad.dtype=torch.float32)
	module.vision_model.decoder.layers.9.self_attention.linear_qkv.weight (param.main_grad.dtype=torch.float32)
	module.vision_model.decoder.layers.9.self_attention.linear_qkv.layer_norm_bias (param.main_grad.dtype=torch.float32)
	module.vision_model.decoder.layers.9.self_attention.linear_qkv.layer_norm_weight (param.main_grad.dtype=torch.float32)
	module.vision_model.decoder.layers.9.self_attention.linear_proj.bias (param.main_grad.dtype=torch.float32)
	module.vision_model.decoder.layers.9.self_attention.linear_proj.weight (param.main_grad.dtype=torch.float32)
	module.vision_model.decoder.layers.8.mlp.linear_fc2.bias (param.main_grad.dtype=torch.float32)
	module.vision_model.decoder.layers.8.mlp.linear_fc2.weight (param.main_grad.dtype=torch.float32)
	module.vision_model.decoder.layers.8.mlp.linear_fc1.bias (param.main_grad.dtype=torch.float32)
	module.vision_model.decoder.layers.8.mlp.linear_fc1.weight (param.main_grad.dtype=torch.float32)
	module.vision_model.decoder.layers.8.mlp.linear_fc1.layer_norm_bias (param.main_grad.dtype=torch.float32)
	module.vision_model.decoder.layers.8.mlp.linear_fc1.layer_norm_weight (param.main_grad.dtype=torch.float32)
	module.vision_model.decoder.layers.8.self_attention.linear_qkv.bias (param.main_grad.dtype=torch.float32)
	module.vision_model.decoder.layers.8.self_attention.linear_qkv.weight (param.main_grad.dtype=torch.float32)
	module.vision_model.decoder.layers.8.self_attention.linear_qkv.layer_norm_bias (param.main_grad.dtype=torch.float32)
	module.vision_model.decoder.layers.8.self_attention.linear_qkv.layer_norm_weight (param.main_grad.dtype=torch.float32)
	module.vision_model.decoder.layers.8.self_attention.linear_proj.bias (param.main_grad.dtype=torch.float32)
	module.vision_model.decoder.layers.8.self_attention.linear_proj.weight (param.main_grad.dtype=torch.float32)
	module.vision_model.decoder.layers.7.mlp.linear_fc2.bias (param.main_grad.dtype=torch.float32)
	module.vision_model.decoder.layers.7.mlp.linear_fc2.weight (param.main_grad.dtype=torch.float32)
	module.vision_model.decoder.layers.7.mlp.linear_fc1.bias (param.main_grad.dtype=torch.float32)
	module.vision_model.decoder.layers.7.mlp.linear_fc1.weight (param.main_grad.dtype=torch.float32)
	module.vision_model.decoder.layers.7.mlp.linear_fc1.layer_norm_bias (param.main_grad.dtype=torch.float32)
	module.vision_model.decoder.layers.7.mlp.linear_fc1.layer_norm_weight (param.main_grad.dtype=torch.float32)
	module.vision_model.decoder.layers.7.self_attention.linear_qkv.bias (param.main_grad.dtype=torch.float32)
	module.vision_model.decoder.layers.7.self_attention.linear_qkv.weight (param.main_grad.dtype=torch.float32)
	module.vision_model.decoder.layers.7.self_attention.linear_qkv.layer_norm_bias (param.main_grad.dtype=torch.float32)
	module.vision_model.decoder.layers.7.self_attention.linear_qkv.layer_norm_weight (param.main_grad.dtype=torch.float32)
	module.vision_model.decoder.layers.7.self_attention.linear_proj.bias (param.main_grad.dtype=torch.float32)
	module.vision_model.decoder.layers.7.self_attention.linear_proj.weight (param.main_grad.dtype=torch.float32)
	module.vision_model.decoder.layers.6.mlp.linear_fc2.bias (param.main_grad.dtype=torch.float32)
	module.vision_model.decoder.layers.6.mlp.linear_fc2.weight (param.main_grad.dtype=torch.float32)
	module.vision_model.decoder.layers.6.mlp.linear_fc1.bias (param.main_grad.dtype=torch.float32)
	module.vision_model.decoder.layers.6.mlp.linear_fc1.weight (param.main_grad.dtype=torch.float32)
	module.vision_model.decoder.layers.6.mlp.linear_fc1.layer_norm_bias (param.main_grad.dtype=torch.float32)
	module.vision_model.decoder.layers.6.mlp.linear_fc1.layer_norm_weight (param.main_grad.dtype=torch.float32)
	module.vision_model.decoder.layers.6.self_attention.linear_qkv.bias (param.main_grad.dtype=torch.float32)
	module.vision_model.decoder.layers.6.self_attention.linear_qkv.weight (param.main_grad.dtype=torch.float32)
	module.vision_model.decoder.layers.6.self_attention.linear_qkv.layer_norm_bias (param.main_grad.dtype=torch.float32)
	module.vision_model.decoder.layers.6.self_attention.linear_qkv.layer_norm_weight (param.main_grad.dtype=torch.float32)
	module.vision_model.decoder.layers.6.self_attention.linear_proj.bias (param.main_grad.dtype=torch.float32)
	module.vision_model.decoder.layers.6.self_attention.linear_proj.weight (param.main_grad.dtype=torch.float32)
	module.vision_model.decoder.layers.5.mlp.linear_fc2.bias (param.main_grad.dtype=torch.float32)
	module.vision_model.decoder.layers.5.mlp.linear_fc2.weight (param.main_grad.dtype=torch.float32)
Params for bucket 104 (40597296 elements, 40597504 padded size, 0 param(s) with extra main_grads):
	module.vision_model.decoder.layers.5.mlp.linear_fc1.bias (param.main_grad.dtype=torch.float32)
	module.vision_model.decoder.layers.5.mlp.linear_fc1.weight (param.main_grad.dtype=torch.float32)
	module.vision_model.decoder.layers.5.mlp.linear_fc1.layer_norm_bias (param.main_grad.dtype=torch.float32)
	module.vision_model.decoder.layers.5.mlp.linear_fc1.layer_norm_weight (param.main_grad.dtype=torch.float32)
	module.vision_model.decoder.layers.5.self_attention.linear_qkv.bias (param.main_grad.dtype=torch.float32)
	module.vision_model.decoder.layers.5.self_attention.linear_qkv.weight (param.main_grad.dtype=torch.float32)
	module.vision_model.decoder.layers.5.self_attention.linear_qkv.layer_norm_bias (param.main_grad.dtype=torch.float32)
	module.vision_model.decoder.layers.5.self_attention.linear_qkv.layer_norm_weight (param.main_grad.dtype=torch.float32)
	module.vision_model.decoder.layers.5.self_attention.linear_proj.bias (param.main_grad.dtype=torch.float32)
	module.vision_model.decoder.layers.5.self_attention.linear_proj.weight (param.main_grad.dtype=torch.float32)
	module.vision_model.decoder.layers.4.mlp.linear_fc2.bias (param.main_grad.dtype=torch.float32)
	module.vision_model.decoder.layers.4.mlp.linear_fc2.weight (param.main_grad.dtype=torch.float32)
	module.vision_model.decoder.layers.4.mlp.linear_fc1.bias (param.main_grad.dtype=torch.float32)
	module.vision_model.decoder.layers.4.mlp.linear_fc1.weight (param.main_grad.dtype=torch.float32)
	module.vision_model.decoder.layers.4.mlp.linear_fc1.layer_norm_bias (param.main_grad.dtype=torch.float32)
	module.vision_model.decoder.layers.4.mlp.linear_fc1.layer_norm_weight (param.main_grad.dtype=torch.float32)
	module.vision_model.decoder.layers.4.self_attention.linear_qkv.bias (param.main_grad.dtype=torch.float32)
	module.vision_model.decoder.layers.4.self_attention.linear_qkv.weight (param.main_grad.dtype=torch.float32)
	module.vision_model.decoder.layers.4.self_attention.linear_qkv.layer_norm_bias (param.main_grad.dtype=torch.float32)
	module.vision_model.decoder.layers.4.self_attention.linear_qkv.layer_norm_weight (param.main_grad.dtype=torch.float32)
	module.vision_model.decoder.layers.4.self_attention.linear_proj.bias (param.main_grad.dtype=torch.float32)
	module.vision_model.decoder.layers.4.self_attention.linear_proj.weight (param.main_grad.dtype=torch.float32)
	module.vision_model.decoder.layers.3.mlp.linear_fc2.bias (param.main_grad.dtype=torch.float32)
	module.vision_model.decoder.layers.3.mlp.linear_fc2.weight (param.main_grad.dtype=torch.float32)
	module.vision_model.decoder.layers.3.mlp.linear_fc1.bias (param.main_grad.dtype=torch.float32)
	module.vision_model.decoder.layers.3.mlp.linear_fc1.weight (param.main_grad.dtype=torch.float32)
	module.vision_model.decoder.layers.3.mlp.linear_fc1.layer_norm_bias (param.main_grad.dtype=torch.float32)
	module.vision_model.decoder.layers.3.mlp.linear_fc1.layer_norm_weight (param.main_grad.dtype=torch.float32)
	module.vision_model.decoder.layers.3.self_attention.linear_qkv.bias (param.main_grad.dtype=torch.float32)
	module.vision_model.decoder.layers.3.self_attention.linear_qkv.weight (param.main_grad.dtype=torch.float32)
	module.vision_model.decoder.layers.3.self_attention.linear_qkv.layer_norm_bias (param.main_grad.dtype=torch.float32)
	module.vision_model.decoder.layers.3.self_attention.linear_qkv.layer_norm_weight (param.main_grad.dtype=torch.float32)
	module.vision_model.decoder.layers.3.self_attention.linear_proj.bias (param.main_grad.dtype=torch.float32)
	module.vision_model.decoder.layers.3.self_attention.linear_proj.weight (param.main_grad.dtype=torch.float32)
	module.vision_model.decoder.layers.2.mlp.linear_fc2.bias (param.main_grad.dtype=torch.float32)
	module.vision_model.decoder.layers.2.mlp.linear_fc2.weight (param.main_grad.dtype=torch.float32)
	module.vision_model.decoder.layers.2.mlp.linear_fc1.bias (param.main_grad.dtype=torch.float32)
	module.vision_model.decoder.layers.2.mlp.linear_fc1.weight (param.main_grad.dtype=torch.float32)
	module.vision_model.decoder.layers.2.mlp.linear_fc1.layer_norm_bias (param.main_grad.dtype=torch.float32)
	module.vision_model.decoder.layers.2.mlp.linear_fc1.layer_norm_weight (param.main_grad.dtype=torch.float32)
	module.vision_model.decoder.layers.2.self_attention.linear_qkv.bias (param.main_grad.dtype=torch.float32)
	module.vision_model.decoder.layers.2.self_attention.linear_qkv.weight (param.main_grad.dtype=torch.float32)
	module.vision_model.decoder.layers.2.self_attention.linear_qkv.layer_norm_bias (param.main_grad.dtype=torch.float32)
	module.vision_model.decoder.layers.2.self_attention.linear_qkv.layer_norm_weight (param.main_grad.dtype=torch.float32)
	module.vision_model.decoder.layers.2.self_attention.linear_proj.bias (param.main_grad.dtype=torch.float32)
	module.vision_model.decoder.layers.2.self_attention.linear_proj.weight (param.main_grad.dtype=torch.float32)
	module.vision_model.decoder.layers.1.mlp.linear_fc2.bias (param.main_grad.dtype=torch.float32)
	module.vision_model.decoder.layers.1.mlp.linear_fc2.weight (param.main_grad.dtype=torch.float32)
	module.vision_model.decoder.layers.1.mlp.linear_fc1.bias (param.main_grad.dtype=torch.float32)
	module.vision_model.decoder.layers.1.mlp.linear_fc1.weight (param.main_grad.dtype=torch.float32)
	module.vision_model.decoder.layers.1.mlp.linear_fc1.layer_norm_bias (param.main_grad.dtype=torch.float32)
	module.vision_model.decoder.layers.1.mlp.linear_fc1.layer_norm_weight (param.main_grad.dtype=torch.float32)
	module.vision_model.decoder.layers.1.self_attention.linear_qkv.bias (param.main_grad.dtype=torch.float32)
	module.vision_model.decoder.layers.1.self_attention.linear_qkv.weight (param.main_grad.dtype=torch.float32)
	module.vision_model.decoder.layers.1.self_attention.linear_qkv.layer_norm_bias (param.main_grad.dtype=torch.float32)
	module.vision_model.decoder.layers.1.self_attention.linear_qkv.layer_norm_weight (param.main_grad.dtype=torch.float32)
	module.vision_model.decoder.layers.1.self_attention.linear_proj.bias (param.main_grad.dtype=torch.float32)
	module.vision_model.decoder.layers.1.self_attention.linear_proj.weight (param.main_grad.dtype=torch.float32)
	module.vision_model.decoder.layers.0.mlp.linear_fc2.bias (param.main_grad.dtype=torch.float32)
	module.vision_model.decoder.layers.0.mlp.linear_fc2.weight (param.main_grad.dtype=torch.float32)
	module.vision_model.decoder.layers.0.mlp.linear_fc1.bias (param.main_grad.dtype=torch.float32)
	module.vision_model.decoder.layers.0.mlp.linear_fc1.weight (param.main_grad.dtype=torch.float32)
Params for bucket 105 (7086528 elements, 7086592 padded size, 0 param(s) with extra main_grads):
	module.vision_model.decoder.layers.0.mlp.linear_fc1.layer_norm_bias (param.main_grad.dtype=torch.float32)
	module.vision_model.decoder.layers.0.mlp.linear_fc1.layer_norm_weight (param.main_grad.dtype=torch.float32)
	module.vision_model.decoder.layers.0.self_attention.linear_qkv.bias (param.main_grad.dtype=torch.float32)
	module.vision_model.decoder.layers.0.self_attention.linear_qkv.weight (param.main_grad.dtype=torch.float32)
	module.vision_model.decoder.layers.0.self_attention.linear_qkv.layer_norm_bias (param.main_grad.dtype=torch.float32)
	module.vision_model.decoder.layers.0.self_attention.linear_qkv.layer_norm_weight (param.main_grad.dtype=torch.float32)
	module.vision_model.decoder.layers.0.self_attention.linear_proj.bias (param.main_grad.dtype=torch.float32)
	module.vision_model.decoder.layers.0.self_attention.linear_proj.weight (param.main_grad.dtype=torch.float32)
	module.vision_model.pos_embed.weight (param.main_grad.dtype=torch.float32)
	module.vision_model.patch_embed.proj.bias (param.main_grad.dtype=torch.float32)
	module.vision_model.patch_embed.proj.weight (param.main_grad.dtype=torch.float32)
model rank[0]: [DistributedDataParallel(
  (module): Float16Module(
    (module): Qwen3VLModel(
      (vision_model): Qwen3VLVisionModel(
        (patch_embed): Qwen3VLVisionPatchEmbed(
          (proj): Conv3d(3, 1152, kernel_size=(2, 16, 16), stride=(2, 16, 16))
        )
        (pos_embed): Embedding(2304, 1152)
        (rotary_pos_emb): Qwen3VLVisionRotaryEmbedding()
        (decoder): Qwen3VLVisionTransformerBlock(
          (layers): ModuleList(
            (0-26): 27 x TransformerLayer(
              (input_layernorm): IdentityOp()
              (self_attention): Qwen3VLSelfAttention(
                (core_attention): TEDotProductAttention(
                  (flash_attention): FlashAttention()
                  (fused_attention): FusedAttention()
                  (unfused_attention): UnfusedDotProductAttention(
                    (scale_mask_softmax): FusedScaleMaskSoftmax()
                    (attention_dropout): Dropout(p=0.0, inplace=False)
                  )
                )
                (linear_proj): TERowParallelLinear(in_features=576, out_features=1152, bias=True, TP=2)
                (linear_qkv): TELayerNormColumnParallelLinear(in_features=1152, out_features=1728, bias=True, TP=2)
              )
              (pre_cross_attn_layernorm): IdentityOp()
              (cross_attention): IdentityOp()
              (cross_attn_bda): IdentityFuncOp()
              (pre_mlp_layernorm): IdentityOp()
              (mlp): MLP(
                (linear_fc1): TELayerNormColumnParallelLinear(in_features=1152, out_features=2152, bias=True, TP=2)
                (linear_fc2): TERowParallelLinear(in_features=2152, out_features=1152, bias=True, TP=2)
              )
            )
          )
          (deepstack_merger_list): ModuleList(
            (0-2): 3 x Qwen3VLVisionPatchMerger(
              (patch_norm): LayerNorm()
              (linear_fc1): TEColumnParallelLinear(in_features=4608, out_features=2304, bias=True, TP=2)
              (linear_fc2): TERowParallelLinear(in_features=2304, out_features=5120, bias=True, TP=2)
            )
          )
        )
        (merger): Qwen3VLVisionPatchMerger(
          (patch_norm): LayerNorm()
          (linear_fc1): TEColumnParallelLinear(in_features=4608, out_features=2304, bias=True, TP=2)
          (linear_fc2): TERowParallelLinear(in_features=2304, out_features=5120, bias=True, TP=2)
        )
      )
      (language_model): Qwen3VLGPTModel(
        (embedding): LanguageModelEmbedding(
          (word_embeddings): VocabParallelEmbedding()
          (embedding_dropout): Dropout(p=0.0, inplace=False)
        )
        (rotary_pos_emb): Qwen3VLMultimodalRotaryEmbedding()
        (decoder): Qwen3VLTransformerBlock(
          (layers): ModuleList(
            (0-31): 32 x TransformerLayer(
              (input_layernorm): IdentityOp()
              (self_attention): Qwen3VLSelfAttention(
                (core_attention): TEDotProductAttention(
                  (flash_attention): FlashAttention()
                  (fused_attention): FusedAttention()
                  (unfused_attention): UnfusedDotProductAttention(
                    (scale_mask_softmax): FusedScaleMaskSoftmax()
                    (attention_dropout): Dropout(p=0.0, inplace=False)
                  )
                )
                (linear_proj): TERowParallelLinear(in_features=4096, out_features=5120, bias=False, TP=2)
                (linear_qkv): TELayerNormColumnParallelLinear(in_features=5120, out_features=5120, bias=False, TP=2)
                (q_layernorm): RMSNorm()
                (k_layernorm): RMSNorm()
              )
              (pre_cross_attn_layernorm): IdentityOp()
              (cross_attention): IdentityOp()
              (cross_attn_bda): IdentityFuncOp()
              (pre_mlp_layernorm): IdentityOp()
              (mlp): MLP(
                (linear_fc1): TELayerNormColumnParallelLinear(in_features=5120, out_features=25600, bias=False, TP=2)
                (linear_fc2): TERowParallelLinear(in_features=12800, out_features=5120, bias=False, TP=2)
              )
            )
          )
        )
      )
    )
  )
)]
INFO:megatron.core.optimizer:Setting up optimizer with config AdamOptimizerConfig(lr=3e-05, min_lr=3e-06, decoupled_lr=None, decoupled_min_lr=None, weight_decay=0.1, apply_wd_to_qk_layernorm=False, fp8_recipe='delayed', fp16=False, bf16=True, reuse_grad_buf_for_mxfp8_param_ag=False, params_dtype=torch.bfloat16, use_precision_aware_optimizer=False, store_param_remainders=True, main_grads_dtype=torch.float32, main_params_dtype=torch.float32, exp_avg_dtype=torch.float32, exp_avg_sq_dtype=torch.float32, optimizer='adam', loss_scale=None, initial_loss_scale=4294967296, min_loss_scale=1.0, loss_scale_window=1000, hysteresis=2, adam_beta1=0.9, adam_beta2=0.95, adam_eps=1e-08, decoupled_weight_decay=True, sgd_momentum=0.9, muon_momentum=0.9, muon_split_qkv=True, muon_use_nesterov=False, muon_scale_mode='spectral', muon_fp32_matmul_prec='medium', muon_coefficient_type='quintic', muon_num_ns_steps=5, muon_tp_mode='blockwise', muon_extra_scale_factor=1.0, muon_scalar_optimizer='adam', lion_beta1=0.95, lion_beta2=0.98, use_distributed_optimizer=True, overlap_param_gather=False, overlap_param_gather_with_optimizer_step=False, optimizer_cpu_offload=False, optimizer_offload_fraction=1.0, use_torch_optimizer_for_cpu_offload=False, overlap_cpu_optimizer_d2h_h2d=False, pin_cpu_grads=True, pin_cpu_params=True, clip_grad=1.0, log_num_zeros_in_grad=False, barrier_with_L1_time=True, timers=<megatron.core.timers.Timers object at 0x7fda74a0c140>, config_logger_dir='', optimizer_cuda_graph=False)
INFO:megatron.core.optimizer_param_scheduler:> learning rate decay style: cosine
[after model, optimizer, and learning rate scheduler are built] datetime: 2026-07-22 04:31:10.272425 
> building train, validation, and test datasets ...
 > datasets target sizes (minimum size):
    train:      3200
    validation: 160
    test:       160
parse_dataset_config: data_path=['/workspace/coco_2014_caption/train2014_my.jsonl'] vlm_domain_probabilities=[1.0] train_data_domain_names=['coco_caption'] vlm_eval_data_path=None 
>>> tokenizer: <megatron.core.tokenizers.text.models.default_tokenizer.DefaultTokenizerText object at 0x7fcf08254ce0> <<<
[transformers] The `use_fast` parameter is deprecated and will be removed in a future version. Use `backend="torchvision"` instead of `use_fast=True`, or `backend="pil"` instead of `use_fast=False`.
>>> tokenizer: <megatron.core.tokenizers.text.models.default_tokenizer.DefaultTokenizerText object at 0x7fc4a8717cb0> <<<
[transformers] The `use_fast` parameter is deprecated and will be removed in a future version. Use `backend="torchvision"` instead of `use_fast=True`, or `backend="pil"` instead of `use_fast=False`.
>>> tokenizer: <megatron.core.tokenizers.text.models.default_tokenizer.DefaultTokenizerText object at 0x7f075e4010d0> <<<
[transformers] The `use_fast` parameter is deprecated and will be removed in a future version. Use `backend="torchvision"` instead of `use_fast=True`, or `backend="pil"` instead of `use_fast=False`.
>>> tokenizer: <megatron.core.tokenizers.text.models.default_tokenizer.DefaultTokenizerText object at 0x7f0e2858d340> <<<
[transformers] The `use_fast` parameter is deprecated and will be removed in a future version. Use `backend="torchvision"` instead of `use_fast=True`, or `backend="pil"` instead of `use_fast=False`.
>>> tokenizer: <megatron.core.tokenizers.text.models.default_tokenizer.DefaultTokenizerText object at 0x7f0b5405bd10> <<<
[transformers] The `use_fast` parameter is deprecated and will be removed in a future version. Use `backend="torchvision"` instead of `use_fast=True`, or `backend="pil"` instead of `use_fast=False`.
>>> tokenizer: <megatron.core.tokenizers.text.models.default_tokenizer.DefaultTokenizerText object at 0x7f0f40075880> <<<
[transformers] The `use_fast` parameter is deprecated and will be removed in a future version. Use `backend="torchvision"` instead of `use_fast=True`, or `backend="pil"` instead of `use_fast=False`.
>>> tokenizer: <megatron.core.tokenizers.text.models.default_tokenizer.DefaultTokenizerText object at 0x7fe104269910> <<<
>>> tokenizer: <megatron.core.tokenizers.text.models.default_tokenizer.DefaultTokenizerText object at 0x7fd6d43403b0> <<<
[transformers] The `use_fast` parameter is deprecated and will be removed in a future version. Use `backend="torchvision"` instead of `use_fast=True`, or `backend="pil"` instead of `use_fast=False`.
[transformers] The `use_fast` parameter is deprecated and will be removed in a future version. Use `backend="torchvision"` instead of `use_fast=True`, or `backend="pil"` instead of `use_fast=False`.
Dataset init dp rank 0 train True global_batch_domain_id [0, 0, 0, 0, 0, 0, 0, 0, 0, 0, 0, 0, 0, 0, 0, 0, 0, 0, 0, 0, 0, 0, 0, 0, 0, 0, 0, 0, 0, 0, 0, 0]
> dp world size 2 rank 0 finished creating dataloader ...
Dataset init dp rank 0 train True global_batch_domain_id [0, 0, 0, 0, 0, 0, 0, 0, 0, 0, 0, 0, 0, 0, 0, 0, 0, 0, 0, 0, 0, 0, 0, 0, 0, 0, 0, 0, 0, 0, 0, 0]
> dp world size 2 rank 0 finished creating dataloader ...
Dataset init dp rank 1 train True global_batch_domain_id [0, 0, 0, 0, 0, 0, 0, 0, 0, 0, 0, 0, 0, 0, 0, 0, 0, 0, 0, 0, 0, 0, 0, 0, 0, 0, 0, 0, 0, 0, 0, 0]
> dp world size 2 rank 1 finished creating dataloader ...
Dataset init dp rank 1 train True global_batch_domain_id [0, 0, 0, 0, 0, 0, 0, 0, 0, 0, 0, 0, 0, 0, 0, 0, 0, 0, 0, 0, 0, 0, 0, 0, 0, 0, 0, 0, 0, 0, 0, 0]
> dp world size 2 rank 1 finished creating dataloader ...
Dataset init dp rank 0 train True global_batch_domain_id [0, 0, 0, 0, 0, 0, 0, 0, 0, 0, 0, 0, 0, 0, 0, 0, 0, 0, 0, 0, 0, 0, 0, 0, 0, 0, 0, 0, 0, 0, 0, 0]
> dp world size 2 rank 0 finished creating dataloader ...
Dataset init dp rank 1 train True global_batch_domain_id [0, 0, 0, 0, 0, 0, 0, 0, 0, 0, 0, 0, 0, 0, 0, 0, 0, 0, 0, 0, 0, 0, 0, 0, 0, 0, 0, 0, 0, 0, 0, 0]
Dataset init dp rank 1 train True global_batch_domain_id [0, 0, 0, 0, 0, 0, 0, 0, 0, 0, 0, 0, 0, 0, 0, 0, 0, 0, 0, 0, 0, 0, 0, 0, 0, 0, 0, 0, 0, 0, 0, 0]
> dp world size 2 rank 1 finished creating dataloader ...
> dp world size 2 rank 1 finished creating dataloader ...
build_train_valid_datasets train_data_consuming_progresses {}
MegaIndexedJsonlDatasetMM id / domain mapping [
    {
        "domain_id": 0,
        "domain_name": "coco_caption",
        "domain_path_like": "/workspace/coco_2014_caption/train2014_my.jsonl",
        "domain_probabilities": 1.0
    }
]
Dataset init dp rank 0 train True global_batch_domain_id [0, 0, 0, 0, 0, 0, 0, 0, 0, 0, 0, 0, 0, 0, 0, 0, 0, 0, 0, 0, 0, 0, 0, 0, 0, 0, 0, 0, 0, 0, 0, 0]
> dp world size 2 rank 0 finished creating dataloader ...
[after dataloaders are built] datetime: 2026-07-22 04:31:10.913638 
done with setup ...
training ...
INFO:megatron.core.timers:(min, max) time across ranks (ms):
    model-and-optimizer-setup ......................: (3586.68, 3586.78)
    train/valid/test-data-iterators-setup ..........: (640.14, 640.83)
Overwriting rerun_state_machine.current_iteration from -1 to 0...
[before the start of training step] datetime: 2026-07-22 04:31:11.049995 
Warning: PngImagePlugin.MAX_TEXT_CHUNK changed from 1048576 to 1024 * 1024 * 1024
Warning: PngImagePlugin.MAX_TEXT_CHUNK changed from 1048576 to 1024 * 1024 * 1024
Warning: PngImagePlugin.MAX_TEXT_CHUNK changed from 1048576 to 1024 * 1024 * 1024
Warning: PngImagePlugin.MAX_TEXT_CHUNK changed from 1048576 to 1024 * 1024 * 1024
Warning: PngImagePlugin.MAX_TEXT_CHUNK changed from 1048576 to 1024 * 1024 * 1024
Warning: PngImagePlugin.MAX_TEXT_CHUNK changed from 1048576 to 1024 * 1024 * 1024
Warning: PngImagePlugin.MAX_TEXT_CHUNK changed from 1048576 to 1024 * 1024 * 1024
Warning: PngImagePlugin.MAX_TEXT_CHUNK changed from 1048576 to 1024 * 1024 * 1024
Warning: PngImagePlugin.MAX_TEXT_CHUNK changed from 1048576 to 1024 * 1024 * 1024
Warning: PngImagePlugin.MAX_TEXT_CHUNK changed from 1048576 to 1024 * 1024 * 1024
Warning: PngImagePlugin.MAX_TEXT_CHUNK changed from 1048576 to 1024 * 1024 * 1024
Warning: PngImagePlugin.MAX_TEXT_CHUNK changed from 1048576 to 1024 * 1024 * 1024
Warning: PngImagePlugin.MAX_TEXT_CHUNK changed from 1048576 to 1024 * 1024 * 1024
Warning: PngImagePlugin.MAX_TEXT_CHUNK changed from 1048576 to 1024 * 1024 * 1024
Warning: PngImagePlugin.MAX_TEXT_CHUNK changed from 1048576 to 1024 * 1024 * 1024
Warning: PngImagePlugin.MAX_TEXT_CHUNK changed from 1048576 to 1024 * 1024 * 1024
/workspace/dcu_megatron/Megatron-LM/megatron/core/pipeline_parallel/schedules.py:211: UserWarning: The AccumulateGrad node's stream does not match the stream of the node that produced the incoming gradient. This may incur unnecessary synchronization and break CUDA graph capture if the AccumulateGrad node's stream is the default stream. This mismatch is caused by an AccumulateGrad node created prior to the current iteration being kept alive. This can happen if the autograd graph is still being kept alive by tensors such as the loss, or if you are using DDP, which will stash a reference to the node. To resolve the mismatch, delete all references to the autograd graph or ensure that DDP initialization is performed under the same stream as subsequent forwards. If the mismatch is intentional, you can use torch.autograd.graph.set_warn_on_accumulate_grad_stream_mismatch(False) to suppress this warning. (Triggered internally at /opt/pytorch/pytorch/torch/csrc/autograd/input_buffer.cpp:240.)
  Variable._execution_engine.run_backward(
/workspace/dcu_megatron/Megatron-LM/megatron/core/pipeline_parallel/schedules.py:211: UserWarning: The AccumulateGrad node's stream does not match the stream of the node that produced the incoming gradient. This may incur unnecessary synchronization and break CUDA graph capture if the AccumulateGrad node's stream is the default stream. This mismatch is caused by an AccumulateGrad node created prior to the current iteration being kept alive. This can happen if the autograd graph is still being kept alive by tensors such as the loss, or if you are using DDP, which will stash a reference to the node. To resolve the mismatch, delete all references to the autograd graph or ensure that DDP initialization is performed under the same stream as subsequent forwards. If the mismatch is intentional, you can use torch.autograd.graph.set_warn_on_accumulate_grad_stream_mismatch(False) to suppress this warning. (Triggered internally at /opt/pytorch/pytorch/torch/csrc/autograd/input_buffer.cpp:240.)
  Variable._execution_engine.run_backward(
/workspace/dcu_megatron/Megatron-LM/megatron/core/pipeline_parallel/schedules.py:211: UserWarning: The AccumulateGrad node's stream does not match the stream of the node that produced the incoming gradient. This may incur unnecessary synchronization and break CUDA graph capture if the AccumulateGrad node's stream is the default stream. This mismatch is caused by an AccumulateGrad node created prior to the current iteration being kept alive. This can happen if the autograd graph is still being kept alive by tensors such as the loss, or if you are using DDP, which will stash a reference to the node. To resolve the mismatch, delete all references to the autograd graph or ensure that DDP initialization is performed under the same stream as subsequent forwards. If the mismatch is intentional, you can use torch.autograd.graph.set_warn_on_accumulate_grad_stream_mismatch(False) to suppress this warning. (Triggered internally at /opt/pytorch/pytorch/torch/csrc/autograd/input_buffer.cpp:240.)
  Variable._execution_engine.run_backward(
/workspace/dcu_megatron/Megatron-LM/megatron/core/pipeline_parallel/schedules.py:211: UserWarning: The AccumulateGrad node's stream does not match the stream of the node that produced the incoming gradient. This may incur unnecessary synchronization and break CUDA graph capture if the AccumulateGrad node's stream is the default stream. This mismatch is caused by an AccumulateGrad node created prior to the current iteration being kept alive. This can happen if the autograd graph is still being kept alive by tensors such as the loss, or if you are using DDP, which will stash a reference to the node. To resolve the mismatch, delete all references to the autograd graph or ensure that DDP initialization is performed under the same stream as subsequent forwards. If the mismatch is intentional, you can use torch.autograd.graph.set_warn_on_accumulate_grad_stream_mismatch(False) to suppress this warning. (Triggered internally at /opt/pytorch/pytorch/torch/csrc/autograd/input_buffer.cpp:240.)
  Variable._execution_engine.run_backward(
/workspace/dcu_megatron/Megatron-LM/megatron/core/pipeline_parallel/schedules.py:211: UserWarning: The AccumulateGrad node's stream does not match the stream of the node that produced the incoming gradient. This may incur unnecessary synchronization and break CUDA graph capture if the AccumulateGrad node's stream is the default stream. This mismatch is caused by an AccumulateGrad node created prior to the current iteration being kept alive. This can happen if the autograd graph is still being kept alive by tensors such as the loss, or if you are using DDP, which will stash a reference to the node. To resolve the mismatch, delete all references to the autograd graph or ensure that DDP initialization is performed under the same stream as subsequent forwards. If the mismatch is intentional, you can use torch.autograd.graph.set_warn_on_accumulate_grad_stream_mismatch(False) to suppress this warning. (Triggered internally at /opt/pytorch/pytorch/torch/csrc/autograd/input_buffer.cpp:240.)
  Variable._execution_engine.run_backward(
/workspace/dcu_megatron/Megatron-LM/megatron/core/pipeline_parallel/schedules.py:211: UserWarning: The AccumulateGrad node's stream does not match the stream of the node that produced the incoming gradient. This may incur unnecessary synchronization and break CUDA graph capture if the AccumulateGrad node's stream is the default stream. This mismatch is caused by an AccumulateGrad node created prior to the current iteration being kept alive. This can happen if the autograd graph is still being kept alive by tensors such as the loss, or if you are using DDP, which will stash a reference to the node. To resolve the mismatch, delete all references to the autograd graph or ensure that DDP initialization is performed under the same stream as subsequent forwards. If the mismatch is intentional, you can use torch.autograd.graph.set_warn_on_accumulate_grad_stream_mismatch(False) to suppress this warning. (Triggered internally at /opt/pytorch/pytorch/torch/csrc/autograd/input_buffer.cpp:240.)
  Variable._execution_engine.run_backward(
/workspace/dcu_megatron/Megatron-LM/megatron/core/pipeline_parallel/schedules.py:211: UserWarning: The AccumulateGrad node's stream does not match the stream of the node that produced the incoming gradient. This may incur unnecessary synchronization and break CUDA graph capture if the AccumulateGrad node's stream is the default stream. This mismatch is caused by an AccumulateGrad node created prior to the current iteration being kept alive. This can happen if the autograd graph is still being kept alive by tensors such as the loss, or if you are using DDP, which will stash a reference to the node. To resolve the mismatch, delete all references to the autograd graph or ensure that DDP initialization is performed under the same stream as subsequent forwards. If the mismatch is intentional, you can use torch.autograd.graph.set_warn_on_accumulate_grad_stream_mismatch(False) to suppress this warning. (Triggered internally at /opt/pytorch/pytorch/torch/csrc/autograd/input_buffer.cpp:240.)
  Variable._execution_engine.run_backward(
/workspace/dcu_megatron/Megatron-LM/megatron/core/pipeline_parallel/schedules.py:211: UserWarning: The AccumulateGrad node's stream does not match the stream of the node that produced the incoming gradient. This may incur unnecessary synchronization and break CUDA graph capture if the AccumulateGrad node's stream is the default stream. This mismatch is caused by an AccumulateGrad node created prior to the current iteration being kept alive. This can happen if the autograd graph is still being kept alive by tensors such as the loss, or if you are using DDP, which will stash a reference to the node. To resolve the mismatch, delete all references to the autograd graph or ensure that DDP initialization is performed under the same stream as subsequent forwards. If the mismatch is intentional, you can use torch.autograd.graph.set_warn_on_accumulate_grad_stream_mismatch(False) to suppress this warning. (Triggered internally at /opt/pytorch/pytorch/torch/csrc/autograd/input_buffer.cpp:240.)
  Variable._execution_engine.run_backward(
WARNING:megatron.core.rerun_state_machine:Result validation enabled
/usr/local/lib/python3.12/dist-packages/torch/distributed/c10d_logger.py:83: UserWarning: barrier(): using the device under current context. You can specify `device_id` in `init_process_group` to mute this warning.
  return func(*args, **kwargs)
Number of parameters in transformer block in billions:  31.88
Number of active parameters in transformer block in billions:  31.88
Number of parameters in embedding layers in billions: 1.55
Total number of parameters in billions: 33.43
Total number of active parameters in billions: 33.43
Number of parameters in most loaded shard in billions: 8.3580
Number of parameters in other shards in billions: 7.9693
 [2026-07-22 04:31:53.666346] iteration        1/     100 | consumed samples:           32 | elapsed time per iteration (ms): 42616.0 | throughput per GPU (TFLOP/s/GPU): 78.7 | learning rate: 3.000000E-05 | global batch size:    32 | lm loss: 1.285473E+01 | real_seqlen: 4.096000E+03 | loss scale: 1.0 | grad norm: 79.538 | number of skipped iterations:   0 | number of nan iterations:   0 |
compute_activation_memory_without_sp
Activation memory footprint per transformer layer (precise, without SP): 440.0 MB
Number of in-flight microbatches: 2
Theoretical memory footprints: weight and optimizer=95649.39 MB, activation=29610.07 MB, total=125259.46 MB

[Rank 5] (after 1 iterations) memory (MB) | allocated: 95229.63 | max allocated: 95229.64 | reserved: 105714.00 | max reserved: 105714.00
[Rank 1] (after 1 iterations) memory (MB) | allocated: 97891.14 | max allocated: 98878.83 | reserved: 113958.00 | max reserved: 113958.00
[Rank 4] (after 1 iterations) memory (MB) | allocated: 95229.63 | max allocated: 95229.64 | reserved: 105714.00 | max reserved: 105714.00
[Rank 0] (after 1 iterations) memory (MB) | allocated: 97896.12 | max allocated: 98876.61 | reserved: 113826.00 | max reserved: 113826.00
Number of parameters in transformer block in billions:  31.88
Number of active parameters in transformer block in billions:  31.88
Number of parameters in embedding layers in billions: 1.55
Total number of parameters in billions: 33.43
Total number of active parameters in billions: 33.43
Number of parameters in most loaded shard in billions: 8.3580
Number of parameters in other shards in billions: 7.9693
compute_activation_memory_without_sp
Activation memory footprint per transformer layer (precise, without SP): 440.0 MB
Number of in-flight microbatches: 2
Theoretical memory footprints: weight and optimizer=95649.39 MB, activation=29610.07 MB, total=125259.46 MB

 [2026-07-22 04:32:25.276278] iteration        2/     100 | consumed samples:           64 | elapsed time per iteration (ms): 37112.9 | throughput per GPU (TFLOP/s/GPU): 90.4 | learning rate: 2.999320E-05 | global batch size:    32 | lm loss: 1.287945E+01 | real_seqlen: 4.096000E+03 | loss scale: 1.0 | grad norm: 65.592 | number of skipped iterations:   0 | number of nan iterations:   0 |
[Rank 4] (after 2 iterations) memory (MB) | allocated: 95336.46 | max allocated: 114136.61 | reserved: 116788.00 | max reserved: 116788.00
[Rank 5] (after 2 iterations) memory (MB) | allocated: 95336.46 | max allocated: 114136.61 | reserved: 116788.00 | max reserved: 116788.00
[Rank 1] (after 2 iterations) memory (MB) | allocated: 98001.26 | max allocated: 131907.71 | reserved: 135852.00 | max reserved: 135852.00
[Rank 0] (after 2 iterations) memory (MB) | allocated: 98005.61 | max allocated: 131916.86 | reserved: 135720.00 | max reserved: 135720.00
 [2026-07-22 04:32:56.381216] iteration        3/     100 | consumed samples:           96 | elapsed time per iteration (ms): 31104.7 | throughput per GPU (TFLOP/s/GPU): 107.8 | learning rate: 2.997282E-05 | global batch size:    32 | lm loss: 1.341990E+01 | real_seqlen: 4.096000E+03 | loss scale: 1.0 | grad norm: 87.683 | number of skipped iterations:   0 | number of nan iterations:   0 |
 [2026-07-22 04:33:27.451509] iteration        4/     100 | consumed samples:          128 | elapsed time per iteration (ms): 31070.1 | throughput per GPU (TFLOP/s/GPU): 107.8 | learning rate: 2.993887E-05 | global batch size:    32 | lm loss: 2.142372E+01 | real_seqlen: 4.096000E+03 | loss scale: 1.0 | grad norm: 20.624 | number of skipped iterations:   0 | number of nan iterations:   0 |
 [2026-07-22 04:33:59.147420] iteration        5/     100 | consumed samples:          160 | elapsed time per iteration (ms): 31695.7 | throughput per GPU (TFLOP/s/GPU): 105.9 | learning rate: 2.989139E-05 | global batch size:    32 | lm loss: 1.916826E+01 | real_seqlen: 4.096000E+03 | loss scale: 1.0 | grad norm: 39.504 | number of skipped iterations:   0 | number of nan iterations:   0 |
 [2026-07-22 04:34:30.255758] iteration        6/     100 | consumed samples:          192 | elapsed time per iteration (ms): 31108.2 | throughput per GPU (TFLOP/s/GPU): 107.9 | learning rate: 2.983043E-05 | global batch size:    32 | lm loss: 1.793607E+01 | real_seqlen: 4.096000E+03 | loss scale: 1.0 | grad norm: 25.128 | number of skipped iterations:   0 | number of nan iterations:   0 |
 [2026-07-22 04:35:01.363821] iteration        7/     100 | consumed samples:          224 | elapsed time per iteration (ms): 31107.9 | throughput per GPU (TFLOP/s/GPU): 107.7 | learning rate: 2.975604E-05 | global batch size:    32 | lm loss: 1.894877E+01 | real_seqlen: 4.096000E+03 | loss scale: 1.0 | grad norm: 4.739 | number of skipped iterations:   0 | number of nan iterations:   0 |
 [2026-07-22 04:35:32.493742] iteration        8/     100 | consumed samples:          256 | elapsed time per iteration (ms): 31129.8 | throughput per GPU (TFLOP/s/GPU): 107.8 | learning rate: 2.966830E-05 | global batch size:    32 | lm loss: 2.650762E+01 | real_seqlen: 4.096000E+03 | loss scale: 1.0 | grad norm: 10.845 | number of skipped iterations:   0 | number of nan iterations:   0 |
 [2026-07-22 04:36:04.166473] iteration        9/     100 | consumed samples:          288 | elapsed time per iteration (ms): 31672.6 | throughput per GPU (TFLOP/s/GPU): 105.9 | learning rate: 2.956731E-05 | global batch size:    32 | lm loss: 2.246027E+01 | real_seqlen: 4.096000E+03 | loss scale: 1.0 | grad norm: 8.778 | number of skipped iterations:   0 | number of nan iterations:   0 |
 [2026-07-22 04:36:35.275009] iteration       10/     100 | consumed samples:          320 | elapsed time per iteration (ms): 31108.4 | throughput per GPU (TFLOP/s/GPU): 107.8 | learning rate: 2.945315E-05 | global batch size:    32 | lm loss: 2.101836E+01 | real_seqlen: 4.096000E+03 | loss scale: 1.0 | grad norm: 6.738 | number of skipped iterations:   0 | number of nan iterations:   0 |
 [2026-07-22 04:37:06.368566] iteration       11/     100 | consumed samples:          352 | elapsed time per iteration (ms): 31093.4 | throughput per GPU (TFLOP/s/GPU): 108.1 | learning rate: 2.932596E-05 | global batch size:    32 | lm loss: 1.696969E+01 | real_seqlen: 4.096000E+03 | loss scale: 1.0 | grad norm: 5.395 | number of skipped iterations:   0 | number of nan iterations:   0 |
 [2026-07-22 04:37:37.481484] iteration       12/     100 | consumed samples:          384 | elapsed time per iteration (ms): 31112.8 | throughput per GPU (TFLOP/s/GPU): 107.8 | learning rate: 2.918585E-05 | global batch size:    32 | lm loss: 1.830441E+01 | real_seqlen: 4.096000E+03 | loss scale: 1.0 | grad norm: 4.764 | number of skipped iterations:   0 | number of nan iterations:   0 |
 [2026-07-22 04:38:08.923282] iteration       13/     100 | consumed samples:          416 | elapsed time per iteration (ms): 31441.7 | throughput per GPU (TFLOP/s/GPU): 106.8 | learning rate: 2.903297E-05 | global batch size:    32 | lm loss: 1.729461E+01 | real_seqlen: 4.096000E+03 | loss scale: 1.0 | grad norm: 4.462 | number of skipped iterations:   0 | number of nan iterations:   0 |
 [2026-07-22 04:38:40.011084] iteration       14/     100 | consumed samples:          448 | elapsed time per iteration (ms): 31087.6 | throughput per GPU (TFLOP/s/GPU): 108.1 | learning rate: 2.886746E-05 | global batch size:    32 | lm loss: 1.726905E+01 | real_seqlen: 4.096000E+03 | loss scale: 1.0 | grad norm: 3.468 | number of skipped iterations:   0 | number of nan iterations:   0 |
 [2026-07-22 04:39:11.208910] iteration       15/     100 | consumed samples:          480 | elapsed time per iteration (ms): 31197.6 | throughput per GPU (TFLOP/s/GPU): 107.4 | learning rate: 2.868951E-05 | global batch size:    32 | lm loss: 1.494032E+01 | real_seqlen: 4.096000E+03 | loss scale: 1.0 | grad norm: 1.163 | number of skipped iterations:   0 | number of nan iterations:   0 |
 [2026-07-22 04:39:42.667179] iteration       16/     100 | consumed samples:          512 | elapsed time per iteration (ms): 31458.1 | throughput per GPU (TFLOP/s/GPU): 106.6 | learning rate: 2.849928E-05 | global batch size:    32 | lm loss: 1.476814E+01 | real_seqlen: 4.096000E+03 | loss scale: 1.0 | grad norm: 1.053 | number of skipped iterations:   0 | number of nan iterations:   0 |
