libnuma: Warning: node argument 6 is out of range

usage: numactl [--all | -a] [--interleave= | -i <nodes>] [--preferred= | -p <node>]
               [--physcpubind= | -C <cpus>] [--cpunodebind= | -N <nodes>]
               [--membind= | -m <nodes>] [--localalloc | -l] command args ...
       numactl [--show | -s]
       numactl [--hardware | -H]
       numactl [--length | -l <length>] [--offset | -o <offset>] [--shmmode | -M <shmmode>]
               [--strict | -t]
               [--shmid | -I <id>] --shm | -S <shmkeyfile>
               [--shmid | -I <id>] --file | -f <tmpfsfile>
               [--huge | -u] [--touch | -T] 
               memory policy | --dump | -d | --dump-nodes | -D

memory policy is --interleave | -i, --preferred | -p, --membind | -m, --localalloc | -l
<nodes> is a comma delimited list of node numbers or A-B ranges or all.
Instead of a number a node can also be:
  netdev:DEV the node connected to network device DEV
  file:PATH  the node the block device of path is connected to
  ip:HOST    the node of the network device host routes through
  block:PATH the node of block device path
  pci:[seg:]bus:dev[:func] The node of a PCI device
<cpus> is a comma delimited list of cpu numbers or A-B ranges or all
all ranges can be inverted with !
all numbers and ranges can be made cpuset-relative with +
the old --cpubind argument is deprecated.
use --cpunodebind or --physcpubind instead
<length> can have g (GB), m (MB) or k (KB) suffixes
libnuma: Warning: node argument 7 is out of range

usage: numactl [--all | -a] [--interleave= | -i <nodes>] [--preferred= | -p <node>]
               [--physcpubind= | -C <cpus>] [--cpunodebind= | -N <nodes>]
               [--membind= | -m <nodes>] [--localalloc | -l] command args ...
       numactl [--show | -s]
       numactl [--hardware | -H]
       numactl [--length | -l <length>] [--offset | -o <offset>] [--shmmode | -M <shmmode>]
               [--strict | -t]
               [--shmid | -I <id>] --shm | -S <shmkeyfile>
               [--shmid | -I <id>] --file | -f <tmpfsfile>
               [--huge | -u] [--touch | -T] 
               memory policy | --dump | -d | --dump-nodes | -D

memory policy is --interleave | -i, --preferred | -p, --membind | -m, --localalloc | -l
<nodes> is a comma delimited list of node numbers or A-B ranges or all.
Instead of a number a node can also be:
  netdev:DEV the node connected to network device DEV
  file:PATH  the node the block device of path is connected to
  ip:HOST    the node of the network device host routes through
  block:PATH the node of block device path
  pci:[seg:]bus:dev[:func] The node of a PCI device
<cpus> is a comma delimited list of cpu numbers or A-B ranges or all
all ranges can be inverted with !
all numbers and ranges can be made cpuset-relative with +
the old --cpubind argument is deprecated.
use --cpunodebind or --physcpubind instead
<length> can have g (GB), m (MB) or k (KB) suffixes
usage: numactl [--all | -a] [--interleave= | -i <nodes>] [--preferred= | -p <node>]
               [--physcpubind= | -C <cpus>] [--cpunodebind= | -N <nodes>]
               [--membind= | -m <nodes>] [--localalloc | -l] command args ...
       numactl [--show | -s]
       numactl [--hardware | -H]
       numactl [--length | -l <length>] [--offset | -o <offset>] [--shmmode | -M <shmmode>]
               [--strict | -t]
               [--shmid | -I <id>] --shm | -S <shmkeyfile>
               [--shmid | -I <id>] --file | -f <tmpfsfile>
               [--huge | -u] [--touch | -T] 
               memory policy | --dump | -d | --dump-nodes | -D

memory policy is --interleave | -i, --preferred | -p, --membind | -m, --localalloc | -l
<nodes> is a comma delimited list of node numbers or A-B ranges or all.
Instead of a number a node can also be:
  netdev:DEV the node connected to network device DEV
  file:PATH  the node the block device of path is connected to
  ip:HOST    the node of the network device host routes through
  block:PATH the node of block device path
  pci:[seg:]bus:dev[:func] The node of a PCI device
<cpus> is a comma delimited list of cpu numbers or A-B ranges or all
all ranges can be inverted with !
all numbers and ranges can be made cpuset-relative with +
the old --cpubind argument is deprecated.
use --cpunodebind or --physcpubind instead
<length> can have g (GB), m (MB) or k (KB) suffixes
libnuma: Warning: node argument 3 is out of range

usage: numactl [--all | -a] [--interleave= | -i <nodes>] [--preferred= | -p <node>]
               [--physcpubind= | -C <cpus>] [--cpunodebind= | -N <nodes>]
               [--membind= | -m <nodes>] [--localalloc | -l] command args ...
       numactl [--show | -s]
       numactl [--hardware | -H]
       numactl [--length | -l <length>] [--offset | -o <offset>] [--shmmode | -M <shmmode>]
               [--strict | -t]
               [--shmid | -I <id>] --shm | -S <shmkeyfile>
               [--shmid | -I <id>] --file | -f <tmpfsfile>
               [--huge | -u] [--touch | -T] 
               memory policy | --dump | -d | --dump-nodes | -D

memory policy is --interleave | -i, --preferred | -p, --membind | -m, --localalloc | -l
<nodes> is a comma delimited list of node numbers or A-B ranges or all.
Instead of a number a node can also be:
  netdev:DEV the node connected to network device DEV
  file:PATH  the node the block device of path is connected to
  ip:HOST    the node of the network device host routes through
  block:PATH the node of block device path
  pci:[seg:]bus:dev[:func] The node of a PCI device
<cpus> is a comma delimited list of cpu numbers or A-B ranges or all
all ranges can be inverted with !
all numbers and ranges can be made cpuset-relative with +
the old --cpubind argument is deprecated.
use --cpunodebind or --physcpubind instead
<length> can have g (GB), m (MB) or k (KB) suffixes
<6> is invalid
<7> is invalid
<3> is invalid
usage: numactl [--all | -a] [--interleave= | -i <nodes>] [--preferred= | -p <node>]
               [--physcpubind= | -C <cpus>] [--cpunodebind= | -N <nodes>]
               [--membind= | -m <nodes>] [--localalloc | -l] command args ...
       numactl [--show | -s]
       numactl [--hardware | -H]
       numactl [--length | -l <length>] [--offset | -o <offset>] [--shmmode | -M <shmmode>]
               [--strict | -t]
               [--shmid | -I <id>] --shm | -S <shmkeyfile>
               [--shmid | -I <id>] --file | -f <tmpfsfile>
               [--huge | -u] [--touch | -T] 
               memory policy | --dump | -d | --dump-nodes | -D

memory policy is --interleave | -i, --preferred | -p, --membind | -m, --localalloc | -l
<nodes> is a comma delimited list of node numbers or A-B ranges or all.
Instead of a number a node can also be:
  netdev:DEV the node connected to network device DEV
  file:PATH  the node the block device of path is connected to
  ip:HOST    the node of the network device host routes through
  block:PATH the node of block device path
  pci:[seg:]bus:dev[:func] The node of a PCI device
<cpus> is a comma delimited list of cpu numbers or A-B ranges or all
all ranges can be inverted with !
all numbers and ranges can be made cpuset-relative with +
the old --cpubind argument is deprecated.
use --cpunodebind or --physcpubind instead
<length> can have g (GB), m (MB) or k (KB) suffixes
libnuma: Warning: node argument 5 is out of range

usage: numactl [--all | -a] [--interleave= | -i <nodes>] [--preferred= | -p <node>]
               [--physcpubind= | -C <cpus>] [--cpunodebind= | -N <nodes>]
               [--membind= | -m <nodes>] [--localalloc | -l] command args ...
       numactl [--show | -s]
       numactl [--hardware | -H]
       numactl [--length | -l <length>] [--offset | -o <offset>] [--shmmode | -M <shmmode>]
               [--strict | -t]
               [--shmid | -I <id>] --shm | -S <shmkeyfile>
               [--shmid | -I <id>] --file | -f <tmpfsfile>
               [--huge | -u] [--touch | -T] 
               memory policy | --dump | -d | --dump-nodes | -D

memory policy is --interleave | -i, --preferred | -p, --membind | -m, --localalloc | -l
<nodes> is a comma delimited list of node numbers or A-B ranges or all.
Instead of a number a node can also be:
  netdev:DEV the node connected to network device DEV
  file:PATH  the node the block device of path is connected to
  ip:HOST    the node of the network device host routes through
  block:PATH the node of block device path
  pci:[seg:]bus:dev[:func] The node of a PCI device
<cpus> is a comma delimited list of cpu numbers or A-B ranges or all
all ranges can be inverted with !
all numbers and ranges can be made cpuset-relative with +
the old --cpubind argument is deprecated.
use --cpunodebind or --physcpubind instead
<length> can have g (GB), m (MB) or k (KB) suffixes
<5> is invalid
libnuma: Warning: node argument 4 is out of range
libnuma: Warning: node argument 2 is out of range


usage: numactl [--all | -a] [--interleave= | -i <nodes>] [--preferred= | -p <node>]
               [--physcpubind= | -C <cpus>] [--cpunodebind= | -N <nodes>]
               [--membind= | -m <nodes>] [--localalloc | -l] command args ...
       numactl [--show | -s]
       numactl [--hardware | -H]
       numactl [--length | -l <length>] [--offset | -o <offset>] [--shmmode | -M <shmmode>]
               [--strict | -t]
               [--shmid | -I <id>] --shm | -S <shmkeyfile>
               [--shmid | -I <id>] --file | -f <tmpfsfile>
               [--huge | -u] [--touch | -T] 
               memory policy | --dump | -d | --dump-nodes | -D

memory policy is --interleave | -i, --preferred | -p, --membind | -m, --localalloc | -l
<nodes> is a comma delimited list of node numbers or A-B ranges or all.
Instead of a number a node can also be:
  netdev:DEV the node connected to network device DEV
  file:PATH  the node the block device of path is connected to
  ip:HOST    the node of the network device host routes through
  block:PATH the node of block device path
  pci:[seg:]bus:dev[:func] The node of a PCI device
<cpus> is a comma delimited list of cpu numbers or A-B ranges or all
all ranges can be inverted with !
all numbers and ranges can be made cpuset-relative with +
the old --cpubind argument is deprecated.
use --cpunodebind or --physcpubind instead
<length> can have g (GB), m (MB) or k (KB) suffixes
usage: numactl [--all | -a] [--interleave= | -i <nodes>] [--preferred= | -p <node>]
               [--physcpubind= | -C <cpus>] [--cpunodebind= | -N <nodes>]
               [--membind= | -m <nodes>] [--localalloc | -l] command args ...
       numactl [--show | -s]
       numactl [--hardware | -H]
       numactl [--length | -l <length>] [--offset | -o <offset>] [--shmmode | -M <shmmode>]
               [--strict | -t]
               [--shmid | -I <id>] --shm | -S <shmkeyfile>
               [--shmid | -I <id>] --file | -f <tmpfsfile>
               [--huge | -u] [--touch | -T] 
               memory policy | --dump | -d | --dump-nodes | -D

memory policy is --interleave | -i, --preferred | -p, --membind | -m, --localalloc | -l
<nodes> is a comma delimited list of node numbers or A-B ranges or all.
Instead of a number a node can also be:
  netdev:DEV the node connected to network device DEV
  file:PATH  the node the block device of path is connected to
  ip:HOST    the node of the network device host routes through
  block:PATH the node of block device path
  pci:[seg:]bus:dev[:func] The node of a PCI device
<cpus> is a comma delimited list of cpu numbers or A-B ranges or all
all ranges can be inverted with !
all numbers and ranges can be made cpuset-relative with +
the old --cpubind argument is deprecated.
use --cpunodebind or --physcpubind instead
<length> can have g (GB), m (MB) or k (KB) suffixes
<4> is invalid
<2> is invalid
INFO 07-24 14:34:44 [__init__.py:217] Automatically detected platform rocm.
INFO 07-24 14:34:44 [__init__.py:217] Automatically detected platform rocm.
INFO 07-24 14:34:44 [__init__.py:217] Automatically detected platform rocm.
INFO 07-24 14:34:44 [__init__.py:217] Automatically detected platform rocm.
INFO 07-24 14:34:44 [__init__.py:217] Automatically detected platform rocm.
INFO 07-24 14:34:44 [__init__.py:217] Automatically detected platform rocm.
INFO 07-24 14:34:44 [__init__.py:217] Automatically detected platform rocm.
INFO 07-24 14:34:44 [__init__.py:217] Automatically detected platform rocm.
LANG_RL Log directory: None
LANG_RL Log directory: None
LANG_RL Log directory: None
LANG_RL Log directory: None
LANG_RL Log directory: None
LANG_RL Log directory: None
LANG_RL Log directory: None
LANG_RL Log directory: None
using world size: 8, data-parallel size: 2, context-parallel size: 1, hierarchical context-parallel sizes: None, tensor-model-parallel size: 2, pipeline-model-parallel size: 2
WARNING: Setting args.overlap_p2p_comm and args.align_param_gather to False since non-interleaved schedule does not support overlapping p2p communication and aligned param AG
Number of virtual stages per pipeline stage: None
accumulate and all-reduce gradients in fp32 for bfloat16 data type.
using torch.bfloat16 for parameters ...
------------------------ arguments ------------------------
  account_for_embedding_in_pipeline_split ......... False
  account_for_loss_in_pipeline_split .............. False
  accumulate_allreduce_grads_in_fp32 .............. True
  activation_func_clamp_value ..................... None
  adam_beta1 ...................................... 0.9
  adam_beta2 ...................................... 0.95
  adam_eps ........................................ 1e-08
  add_bias_linear ................................. False
  add_position_embedding .......................... True
  add_qkv_bias .................................... False
  adlr_autoresume ................................. False
  adlr_autoresume_interval ........................ 1000
  align_grad_reduce ............................... True
  align_param_gather .............................. False
  allow_ambiguous_pad_tokens ...................... False
  app_tag_run_name ................................ None
  app_tag_run_version ............................. 0.0.0
  apply_pareto_sampling ........................... False
  apply_query_key_layer_scaling ................... False
  apply_residual_connection_post_layernorm ........ False
  apply_rope_fusion ............................... True
  apply_wd_to_qk_layernorm ........................ False
  async_ckpt_cpu_priority ......................... 10
  async_ckpt_io_priority .......................... 3
  async_save ...................................... False
  async_strategy .................................. nvrx
  attention_backend ............................... AttnBackend.auto
  attention_dropout ............................... 0.0
  attention_output_gate ........................... False
  attention_softmax_in_fp32 ....................... False
  auto_detect_ckpt_format ......................... False
  barrier_with_L1_time ............................ True
  batch_invariant_mode ............................ False
  bert_binary_head ................................ True
  bert_embedder_type .............................. megatron
  bert_load ....................................... None
  bf16 ............................................ True
  bias_dropout_fusion ............................. True
  bias_gelu_fusion ................................ False
  bias_swiglu_fusion .............................. True
  biencoder_projection_dim ........................ 0
  biencoder_shared_query_context_model ............ False
  block_data_path ................................. None
  bridge_hf_model ................................. /workspace/HuggingFace_model_config/qwen3vl/qwen3vl-32b
  cache_mla_latents ............................... False
  calc_ft_timeouts ................................ False
  calculate_per_token_loss ........................ False
  check_for_large_grads ........................... False
  check_for_nan_in_loss_and_grad .................. True
  check_for_spiky_loss ............................ False
  check_weight_hash_across_dp_replicas_interval ... None
  ckpt_assume_constant_structure .................. False
  ckpt_convert_format ............................. None
  ckpt_convert_save ............................... None
  ckpt_convert_update_legacy_dist_opt_format ...... False
  ckpt_format ..................................... torch
  ckpt_fully_parallel_load ........................ False
  ckpt_fully_parallel_load_exchange_algo .......... broadcast
  ckpt_fully_parallel_load_process_group .......... dp
  ckpt_fully_parallel_save ........................ True
  ckpt_fully_parallel_save_deprecated ............. False
  ckpt_fully_parallel_save_process_group .......... dp
  ckpt_step ....................................... None
  classes_fraction ................................ 1.0
  clip_grad ....................................... 1.0
  clone_scatter_output_in_embedding ............... True
  collect_log_path ................................ ./logs
  comm_time_log_iter .............................. None
  config_logger_dir ............................... 
  consumed_train_samples .......................... 0
  consumed_valid_samples .......................... 0
  context_parallel_size ........................... 1
  cp_comm_type .................................... ['p2p']
  cpu_offloading_num_layers ....................... 0
  cpu_offloading_retain_pinned_cpu_buffers ........ False
  create_all_gather_group ......................... False
  create_attention_mask_in_dataloader ............. True
  cross_entropy_fusion_impl ....................... native
  cross_entropy_loss_fusion ....................... False
  cuda_graph_impl ................................. none
  cuda_graph_scope ................................ []
  cuda_graph_warmup_steps ......................... 3
  data_args_path .................................. None
  data_cache_path ................................. None
  data_parallel_random_init ....................... False
  data_parallel_sharding_strategy ................. no_shard
  data_parallel_size .............................. 2
  data_path ....................................... None
  data_per_class_fraction ......................... 1.0
  data_sharding ................................... True
  dataloader_defer_npy_index_mmap ................. False
  dataloader_fast_cache_load ...................... False
  dataloader_type ................................. external
  ddp_average_in_collective ....................... True
  ddp_bucket_size ................................. None
  ddp_num_buckets ................................. None
  ddp_pad_buckets_for_high_nccl_busbw ............. False
  ddp_param_name_patterns_for_fp32_local_accumulation  []
  ddp_reduce_scatter_with_fp32_accumulation ....... False
  decode_only_cuda_graphs ......................... False
  decoder_first_pipeline_num_layers ............... None
  decoder_last_pipeline_num_layers ................ None
  decoder_num_layers .............................. None
  decoder_seq_length .............................. None
  decoupled_lr .................................... None
  decoupled_min_lr ................................ None
  decrease_batch_size_if_needed ................... False
  defer_embedding_wgrad_compute ................... False
  delay_1f1b_cooldown_wgrad_compute ............... False
  delay_wgrad_compute ............................. False
  deprecated_use_mcore_models ..................... True
  deterministic_mode .............................. False
  dino_bottleneck_size ............................ 256
  dino_freeze_last_layer .......................... 1
  dino_head_hidden_size ........................... 2048
  dino_local_crops_number ......................... 10
  dino_local_img_size ............................. 96
  dino_norm_last_layer ............................ False
  dino_teacher_temp ............................... 0.07
  dino_warmup_teacher_temp ........................ 0.04
  dino_warmup_teacher_temp_epochs ................. 30
  disable_backward_fusion ......................... False
  disable_bf16_reduced_precision_matmul ........... False
  disable_jit_fuser ............................... False
  disable_straggler_on_startup .................... False
  disable_symmetric_registration .................. False
  dist_ckpt_format_deprecated ..................... None
  dist_ckpt_optim_fully_reshardable ............... False
  dist_ckpt_save_pre_mcore_014 .................... False
  dist_ckpt_strictness ............................ assume_ok_unexpected
  dist_ckpt_workers ............................... 1
  dist_url ........................................ tcp://10.16.1.5:25900
  distrib_optim_fully_reshardable_mem_efficient ... False
  distribute_saved_activations .................... False
  distributed_backend ............................. nccl
  distributed_timeout_minutes ..................... 10
  distributed_timeout_seconds_after_init .......... None
  dsa_indexer_head_dim ............................ None
  dsa_indexer_loss_coeff .......................... None
  dsa_indexer_n_heads ............................. None
  dsa_indexer_topk ................................ None
  dsa_indexer_use_sparse_loss ..................... False
  dump_param_to_param_group_map ................... None
  embedding_init_method_std ....................... None
  embedding_path .................................. None
  empty_unused_memory_level ....................... 0
  enable_a2a_overlap_only_in_1f1b_phase ........... False
  enable_bw_flux_gemmrs_op ........................ True
  enable_chunked_prefill .......................... False
  enable_cuda_graph ............................... False
  enable_dynamic_grad_comp ........................ False
  enable_experimental ............................. False
  enable_ft_package ............................... False
  enable_full_sharding_in_hsdp .................... False
  enable_hyper_connections ........................ False
  enable_msc ...................................... True
  enable_one_logger ............................... True
  enable_pre_init_ep_overlap_streams .............. False
  enable_vocab_parallel ........................... False
  encoder_num_layers .............................. 64
  encoder_seq_length .............................. 4096
  end_weight_decay ................................ 0.1
  eod_mask_loss ................................... False
  ep_overlap_early_attn_memory_release ............ False
  ep_overlap_early_recompute ...................... False
  error_injection_rate ............................ 0
  error_injection_type ............................ transient_error
  eval_interval ................................... 1000
  eval_iters ...................................... 5
  evidence_data_path .............................. None
  exit_duration_in_mins ........................... None
  exit_interval ................................... None
  exit_on_missing_checkpoint ...................... False
  exit_signal ..................................... 15
  exit_signal_handler ............................. False
  exit_signal_handler_for_dataloader .............. False
  exit_signal_handler_for_training ................ False
  exp_avg_dtype ................................... torch.float32
  exp_avg_sq_dtype ................................ torch.float32
  experimental_attention_variant .................. None
  expert_model_parallel_size ...................... 1
  expert_tensor_parallel_size ..................... 2
  external_cuda_graph ............................. False
  extra_vocab_size ................................ 0
  fake_process_group .............................. False
  ffn_hidden_size ................................. 25600
  fim_data ........................................ False
  fim_eod_token ................................... <|endoftext|>
  fim_fragment_rate ............................... None
  fim_middle_token ................................ <fim_middle>
  fim_no_prefix ................................... None
  fim_pad_token ................................... <fim_pad>
  fim_prefix_token ................................ <fim_prefix>
  fim_rate ........................................ 0.5
  fim_split_sample ................................ None
  fim_spm_rate .................................... 0.5
  fim_suffix_token ................................ <fim_suffix>
  fine_grained_activation_offloading .............. False
  finetune ........................................ False
  first_last_layers_bf16 .......................... False
  flash_decode .................................... False
  flight_recorder_dump_on_timeout ................. True
  flight_recorder_dump_path ....................... None
  flight_recorder_extra_dump_on_exec .............. True
  flight_recorder_include_only_active ............. True
  flight_recorder_include_stack_trace ............. False
  flight_recorder_trace_buffer_size ............... 2000
  flux_transpose_weight ........................... False
  fp16 ............................................ False
  fp16_lm_cross_entropy ........................... False
  fp32_residual_connection ........................ False
  fp4 ............................................. None
  fp4_param ....................................... False
  fp4_quantizer_factory ........................... None
  fp4_recipe ...................................... nvfp4
  fp8 ............................................. None
  fp8_amax_compute_algo ........................... most_recent
  fp8_amax_history_len ............................ 1
  fp8_interval .................................... 1
  fp8_margin ...................................... 0
  fp8_param_gather ................................ False
  fp8_quantizer_factory ........................... None
  fp8_recipe ...................................... delayed
  fp8_wgrad ....................................... True
  fsdp_double_buffer .............................. False
  fsdp_manual_registration ........................ False
  ft_num_warmup_iters ............................. 5
  full_validation ................................. False
  fused_residual_rmsnorm .......................... False
  global_batch_size ............................... 32
  glu_linear_offset ............................... 0.0
  grad_comp ....................................... False
  grad_comp_warm_up ............................... 0.1
  grad_reduce_in_bf16 ............................. False
  gradient_accumulation_fusion .................... True
  gradient_reduce_div_fusion ...................... True
  gradient_sample_ratio ........................... 1.0
  group_query_attention ........................... False
  grpo_clamp_eps_lower ............................ 0.01
  grpo_clamp_eps_upper ............................ 0.01
  grpo_entropy_term_weight ........................ 0.0
  grpo_filter_groups_with_same_reward ............. False
  grpo_group_size ................................. 2
  grpo_iterations ................................. 2
  grpo_kl_beta .................................... 0.001
  grpo_prompts_per_step ........................... 32
  head_lr_mult .................................... 1.0
  heterogeneous_layers_config_encoded_json ........ None
  heterogeneous_layers_config_path ................ None
  hf_model_path ................................... None
  hidden_dropout .................................. 0.0
  hidden_size ..................................... 5120
  hierarchical_context_parallel_sizes ............. None
  high_priority_stream_groups ..................... []
  hybrid_context_parallel ......................... False
  hybrid_layer_pattern ............................ None
  hybrid_override_pattern ......................... None
  hysteresis ...................................... 2
  ict_head_size ................................... None
  ict_load ........................................ None
  img_h ........................................... 224
  img_w ........................................... 224
  indexer_batch_size .............................. 128
  indexer_log_interval ............................ 1000
  inference_batch_times_seqlen_threshold .......... -1
  inference_coordinator_port ...................... None
  inference_disable_triton_nvls_kernels ........... False
  inference_dynamic_batching ...................... False
  inference_dynamic_batching_block_size ........... 256
  inference_dynamic_batching_buffer_size_gb ....... 40.0
  inference_dynamic_batching_cuda_graph_max_tokens  16384
  inference_dynamic_batching_cuda_graph_mixed_prefill_count  16
  inference_dynamic_batching_enable_prefix_caching  False
  inference_dynamic_batching_mamba_memory_ratio ... None
  inference_dynamic_batching_max_requests ......... None
  inference_dynamic_batching_max_tokens ........... None
  inference_dynamic_batching_num_cuda_graphs ...... 16
  inference_dynamic_batching_paused_buffer_size_gb  None
  inference_dynamic_batching_prefix_caching_coordinator_policy  first_prefix_block
  inference_dynamic_batching_prefix_caching_eviction_policy  ref_zero
  inference_dynamic_batching_prefix_caching_mamba_gb  None
  inference_dynamic_batching_prefix_caching_routing_alpha  0.5
  inference_dynamic_batching_track_generated_token_events  False
  inference_dynamic_batching_track_paused_request_events  False
  inference_dynamic_batching_unified_memory_level . 0
  inference_fuse_tp_communication ................. False
  inference_grouped_gemm_backend .................. auto
  inference_logging_step_interval ................. 0
  inference_max_requests .......................... 8
  inference_max_seq_length ........................ 2560
  inference_moe_disable_fused_quant_kernels ....... False
  inference_rng_tracker ........................... False
  inference_text_gen_server_logging ............... False
  inference_use_synchronous_zmq_collectives ....... False
  inference_wandb_logging ......................... False
  init_method_std ................................. 0.02
  init_method_xavier_uniform ...................... False
  init_model_with_meta_device ..................... False
  initial_loss_scale .............................. 4294967296
  inprocess_active_world_size ..................... 8
  inprocess_barrier_timeout ....................... 120
  inprocess_completion_timeout .................... 120
  inprocess_empty_cuda_cache ...................... False
  inprocess_granularity ........................... node
  inprocess_hard_timeout .......................... 90
  inprocess_heartbeat_interval .................... 30
  inprocess_heartbeat_timeout ..................... 60
  inprocess_last_call_wait ........................ 1
  inprocess_max_iterations ........................ None
  inprocess_monitor_process_interval .............. 1.0
  inprocess_monitor_thread_interval ............... 1.0
  inprocess_progress_watchdog_interval ............ 1.0
  inprocess_restart ............................... False
  inprocess_soft_timeout .......................... 60
  inprocess_termination_grace_time ................ 1
  integrate_recompute_to_ep_comm_overlap .......... False
  is_hybrid_model ................................. False
  iter_per_epoch .................................. 1250
  iteration_sample_ratio .......................... 0.01
  iterations_to_skip .............................. []
  keep_fp8_transpose_cache ........................ False
  kitchen_attention_backend ....................... sdpa
  kv_channels ..................................... 80
  kv_lora_rank .................................... 32
  langrl_env_config ............................... None
  layernorm_epsilon ............................... 1e-05
  layernorm_zero_centered_gamma ................... False
  lazy_mpu_init ................................... False
  linear_attention_freq ........................... None
  linear_conv_kernel_dim .......................... 4
  linear_key_head_dim ............................. 128
  linear_num_key_heads ............................ 16
  linear_num_value_heads .......................... 32
  linear_value_head_dim ........................... 128
  lion_beta1 ...................................... 0.95
  lion_beta2 ...................................... 0.98
  lmdb_port ....................................... None
  load ............................................ None
  load_main_params_from_ckpt ...................... False
  load_weights .................................... False
  local_rank ...................................... 0
  log_device_memory_used .......................... False
  log_energy ...................................... False
  log_interval .................................... 1
  log_loss_scale_to_tensorboard ................... True
  log_max_attention_logit ......................... False
  log_memory_interval ............................. None
  log_memory_to_tensorboard ....................... False
  log_num_zeros_in_grad ........................... False
  log_params_norm ................................. False
  log_progress .................................... False
  log_straggler ................................... False
  log_throughput .................................. True
  log_timers_to_tensorboard ....................... False
  log_validation_ppl_to_tensorboard ............... False
  log_world_size_to_tensorboard ................... False
  logging_level ................................... None
  loss_scale ...................................... None
  loss_scale_window ............................... 1000
  lr .............................................. 3e-05
  lr_decay_iters .................................. None
  lr_decay_samples ................................ None
  lr_decay_style .................................. cosine
  lr_warmup_fraction .............................. None
  lr_warmup_init .................................. 0.0
  lr_warmup_iters ................................. 1
  lr_warmup_samples ............................... 0
  lr_wsd_decay_iters .............................. None
  lr_wsd_decay_samples ............................ None
  lr_wsd_decay_style .............................. exponential
  main_grads_dtype ................................ torch.float32
  main_params_dtype ............................... torch.float32
  make_vocab_size_divisible_by .................... 128
  mamba_head_dim .................................. 64
  mamba_inference_conv_states_dtype ............... torch.bfloat16
  mamba_inference_ssm_states_dtype ................ torch.bfloat16
  mamba_num_groups ................................ 8
  mamba_num_heads ................................. None
  mamba_state_dim ................................. 128
  manual_gc ....................................... False
  manual_gc_eval .................................. True
  manual_gc_interval .............................. 0
  mask_factor ..................................... 1.0
  mask_history .................................... False
  mask_prob ....................................... 0.15
  mask_type ....................................... random
  masked_softmax_fusion ........................... True
  max_pixels_num .................................. None
  max_position_embeddings ......................... 262144
  max_seqlen_per_dp_cp_rank ....................... None
  max_tokens_to_oom ............................... 12000
  megatron_fsdp_grad_comm_dtype ................... None
  megatron_fsdp_main_grads_dtype .................. None
  megatron_fsdp_main_params_dtype ................. torch.float32
  memory_snapshot_path ............................ snapshot.pickle
  merge_file ...................................... None
  mhc_expand_emb .................................. False
  mhc_fix_muons ................................... False
  mhc_fuse_aggregate_compute ...................... False
  mhc_fuse_h_post_compute ......................... False
  mhc_hres_vwnstyle ............................... False
  mhc_init_gating_factor .......................... 0.01
  mhc_init_hpre_use_module_layer .................. False
  mhc_lite ........................................ False
  mhc_log_amax_per_step ........................... 1
  mhc_recompute_layer_num ......................... 1
  mhc_sinkhorn_iterations ......................... 1
  mhc_tau ......................................... 0.05
  mhc_use_tilekernels ............................. False
  micro_batch_size ................................ 1
  microbatch_group_size_per_vp_stage .............. None
  mid_level_dataset_surplus ....................... 0.005
  min_loss_scale .................................. 1.0
  min_lr .......................................... 3e-06
  min_offloaded_tensor_size ....................... 1048576
  min_pixels_num .................................. None
  mla_down_proj_fusion ............................ False
  mlp_chunks_for_prefill .......................... 1
  mmap_bin_files .................................. True
  mock_data ....................................... False
  model_arch ...................................... qwen3vl
  moe_apply_probs_on_input ........................ False
  moe_aux_loss_coeff .............................. 0.0
  moe_deepep_num_sms .............................. 20
  moe_enable_deepep ............................... False
  moe_enable_routing_replay ....................... False
  moe_expert_capacity_factor ...................... None
  moe_ffn_hidden_size ............................. None
  moe_flex_dispatcher_backend ..................... deepep
  moe_grouped_gemm ................................ False
  moe_hybridep_num_sms ............................ 16
  moe_input_jitter_eps ............................ None
  moe_latent_size ................................. None
  moe_layer_freq .................................. 1
  moe_layer_recompute ............................. False
  moe_pad_expert_input_to_capacity ................ False
  moe_pad_experts_for_cuda_graph_inference ........ False
  moe_per_layer_logging ........................... False
  moe_permute_fusion .............................. False
  moe_router_bias_update_rate ..................... 0.001
  moe_router_dtype ................................ None
  moe_router_enable_expert_bias ................... False
  moe_router_force_biased ......................... None
  moe_router_force_load_balancing ................. False
  moe_router_fusion ............................... False
  moe_router_group_topk ........................... None
  moe_router_load_balancing_type .................. aux_loss
  moe_router_num_groups ........................... None
  moe_router_padding_for_fp8 ...................... False
  moe_router_padding_for_quantization ............. False
  moe_router_pre_softmax .......................... False
  moe_router_score_function ....................... softmax
  moe_router_topk ................................. 2
  moe_router_topk_scaling_factor .................. None
  moe_shared_expert_gate .......................... False
  moe_shared_expert_intermediate_size ............. None
  moe_shared_expert_overlap ....................... False
  moe_token_dispatcher_type ....................... allgather
  moe_token_drop_policy ........................... probs
  moe_upcycling_granularity ....................... 1
  moe_use_upcycling ............................... False
  moe_z_loss_coeff ................................ None
  mrope_section ................................... None
  mscale .......................................... 1.0
  mscale_all_dim .................................. 0.0
  mtp_hybrid_override_pattern ..................... None
  mtp_loss_scaling_factor ......................... 0.1
  mtp_num_layers .................................. None
  mtp_standalone .................................. False
  mtp_use_repeated_layer .......................... False
  multi_latent_attention .......................... False
  multiple_validation_sets ........................ False
  muon_coefficient_type ........................... quintic
  muon_extra_scale_factor ......................... 1.0
  muon_fp32_matmul_prec ........................... medium
  muon_momentum ................................... 0.9
  muon_num_ns_steps ............................... 5
  muon_scalar_optimizer ........................... adam
  muon_scale_mode ................................. spectral
  muon_split_qkv .................................. True
  muon_tp_mode .................................... blockwise
  muon_use_nesterov ............................... False
  mup_attn_scale_power ............................ 1.0
  mup_base_head_dim ............................... None
  mup_base_hidden_size ............................ None
  mup_embedding_mult .............................. 1.0
  mup_output_mult ................................. 1.0
  mup_width_mult .................................. 1.0
  nccl_all_reduce_for_prefill ..................... False
  nccl_communicator_config_path ................... None
  nccl_ub ......................................... False
  no_load_optim ................................... None
  no_load_rng ..................................... None
  no_persist_layer_norm ........................... False
  no_rope_freq .................................... None
  no_save_optim ................................... None
  no_save_rng ..................................... None
  no_weight_decay_cond_type ....................... None
  non_persistent_ckpt_type ........................ None
  non_persistent_global_ckpt_dir .................. None
  non_persistent_local_ckpt_algo .................. fully_parallel
  non_persistent_local_ckpt_dir ................... None
  non_persistent_save_interval .................... None
  normalization ................................... RMSNorm
  num_attention_heads ............................. 64
  num_channels .................................... 3
  num_classes ..................................... 1000
  num_dataset_builder_threads ..................... 1
  num_distributed_optimizer_instances ............. 1
  num_experts ..................................... None
  num_layers ...................................... 64
  num_layers_at_end_in_bf16 ....................... 1
  num_layers_at_start_in_bf16 ..................... 1
  num_layers_per_virtual_pipeline_stage ........... None
  num_layers_to_build ............................. None
  num_query_groups ................................ 1
  num_residual_streams ............................ 4
  num_speculative_tokens .......................... 0
  num_virtual_stages_per_pipeline_rank ............ None
  num_workers ..................................... 2
  object_storage_cache_path ....................... None
  offload_modules ................................. []
  one_logger_async ................................ False
  one_logger_project .............................. megatron-lm
  one_logger_run_name ............................. None
  onnx_safe ....................................... None
  openai_gelu ..................................... False
  optimizer ....................................... adam
  optimizer_cpu_offload ........................... False
  optimizer_cuda_graph ............................ False
  optimizer_offload_fraction ...................... 1.0
  outer_dp_sharding_strategy ...................... no_shard
  output_bert_embeddings .......................... False
  overlap_cpu_optimizer_d2h_h2d ................... False
  overlap_ep_comm_with_split_attn ................. False
  overlap_grad_reduce ............................. True
  overlap_moe_expert_parallel_comm ................ False
  overlap_p2p_comm ................................ False
  overlap_p2p_comm_warmup_flush ................... False
  overlap_param_gather ............................ False
  overlap_param_gather_with_optimizer_step ........ False
  override_opt_param_scheduler .................... False
  padded_vocab_size ............................... None
  parallel_linear_impl ............................ None
  params_dtype .................................... torch.bfloat16
  patch_dim ....................................... 16
  per_dataset_sequences_path ...................... None
  per_split_data_args_path ........................ None
  perform_initialization .......................... True
  perform_rl_step ................................. False
  phase_transition_iterations ..................... None
  pin_cpu_grads ................................... True
  pin_cpu_params .................................. True
  pipe_sp_splits .................................. 1
  pipe_sp_strategy ................................ average
  pipeline_model_parallel_comm_backend ............ None
  pipeline_model_parallel_layout .................. None
  pipeline_model_parallel_size .................... 2
  position_embedding_type ......................... rope
  pretrained_checkpoint ........................... None
  processor_path .................................. /workspace/HuggingFace_model_config/qwen3vl/qwen3vl-32b
  profile ......................................... False
  profile_dir ..................................... ./
  profile_ranks ................................... []
  profile_step_end ................................ 12
  profile_step_start .............................. 10
  px_data_config_path ............................. /workspace/dcu_megatron/examples/qwen3.5/config/config.json
  px_dataloader_prefetch_factor ................... 4
  px_eval_data_path ............................... None
  px_eval_samples_per_domain ...................... None
  px_shuffle_buffer_size .......................... 1000000
  px_top_domains_to_cut ........................... 1
  px_train_apply_pareto ........................... []
  px_train_pareto_alpha ........................... []
  px_train_pareto_scale ........................... []
  pytorch_profiler_collect_callstack .............. False
  pytorch_profiler_collect_chakra ................. False
  pytorch_profiler_collect_shapes ................. False
  q_lora_rank ..................................... None
  qk_clip ......................................... False
  qk_clip_alpha ................................... 0.5
  qk_clip_threshold ............................... 100
  qk_head_dim ..................................... 128
  qk_l2_norm ...................................... False
  qk_layernorm .................................... False
  qk_pos_emb_head_dim ............................. 64
  quant_comm_bits ................................. 8
  quant_group_size ................................ None
  quant_scale_dtype ............................... bf16
  query_in_block_prob ............................. 0.1
  quick_geglu ..................................... False
  rampup_batch_size ............................... None
  rank ............................................ 0
  rank_adjust_window_size ......................... 1000
  recompute_activation_function ................... False
  recompute_activation_function_num_layers ........ None
  recompute_granularity ........................... None
  recompute_in_advance ............................ False
  recompute_in_bubble ............................. False
  recompute_layer_ids ............................. None
  recompute_method ................................ None
  recompute_modules ............................... None
  recompute_mtp_layer_ids ......................... None
  recompute_num_layers ............................ None
  record_memory_history ........................... False
  reduce_recompute_for_last_chunk ................. False
  refit_method .................................... gloo
  relative_attention_max_distance ................. 128
  relative_attention_num_buckets .................. 32
  replication ..................................... False
  replication_factor .............................. 2
  replication_jump ................................ None
  reproduce ....................................... False
  rerun_mode ...................................... validate_results
  reset_attention_mask ............................ False
  reset_position_ids .............................. False
  result_rejected_tracker_filename ................ None
  retriever_report_topk_accuracies ................ []
  retriever_score_scaling ......................... False
  reuse_fp32_param ................................ False
  reuse_grad_buf_for_mxfp8_param_ag ............... False
  rl_default_temperature .......................... 1.0
  rl_default_top_k ................................ -1
  rl_default_top_p ................................ 0
  rl_generation_batch_size ........................ None
  rl_importance_sampling_truncation_coef .......... None
  rl_inference_expert_model_parallel_size ......... None
  rl_inference_expert_tensor_model_parallel_size .. None
  rl_inference_logprobs_is_correction ............. False
  rl_inference_model_unified_memory_level ......... 0
  rl_inference_parsers ............................ []
  rl_inference_pipeline_model_parallel_size ....... None
  rl_inference_tensor_model_parallel_size ......... None
  rl_kv_cache_management_mode ..................... persist
  rl_num_parallel_generation_batches .............. None
  rl_num_parallel_generations ..................... None
  rl_offload_inference_model_weights_when_idle .... False
  rl_offload_optimizer_during_inference ........... False
  rl_parallel_generation_tasks .................... None
  rl_partial_rollouts ............................. False
  rl_persist_cuda_graphs .......................... False
  rl_prompts_per_eval ............................. 32
  rl_sequence_packing_algo ........................ fifo
  rl_sequence_packing_max_sequences_per_bin ....... 50
  rl_skip_bos_token ............................... False
  rl_training_cuda_graphs ......................... False
  rl_use_sequence_packing ......................... False
  rl_verify_model_weights_swap .................... False
  rope_scaling_factor ............................. 8.0
  rope_type ....................................... None
  rotary_base ..................................... 10000
  rotary_interleaved .............................. False
  rotary_percent .................................. 1.0
  rotary_scaling_factor ........................... 1.0
  rotary_seq_len_interpolation_factor ............. None
  run_workload_inspector_server ................... False
  sample_rate ..................................... 1.0
  save ............................................ None
  save_dgrads_interval ............................ None
  save_flux_gather_input .......................... False
  save_interval ................................... 1000
  save_retain_interval ............................ None
  save_wgrads_interval ............................ None
  scatter_gather_tensors_in_pipeline .............. True
  schedule_method ................................. vanilla
  schedule_timer_end .............................. 20
  schedule_timer_start ............................ 10
  seed ............................................ 1234
  seq_length ...................................... 4096
  sequence_parallel ............................... True
  sft ............................................. False
  sft_tokenizer_prompt_format ..................... nemotron-h-aligned
  sgd_momentum .................................... 0.9
  sharp_enabled_group ............................. None
  short_seq_prob .................................. 0.1
  skip_train ...................................... False
  skipped_train_samples ........................... 0
  softmax_type .................................... vanilla
  spatial_merge_size .............................. 2
  spec ............................................ None
  specify_layers .................................. None
  split ........................................... 949,50,1
  squared_relu .................................... False
  start_weight_decay .............................. 0.1
  straggler_ctrlr_port ............................ 65535
  straggler_minmax_count .......................... 1
  strict_fsdp_dtensor_load ........................ True
  suggested_communication_unit_size ............... None
  swap_attention .................................. False
  swap_modules .................................... self_attention
  swiglu .......................................... True
  swin_backbone_type .............................. tiny
  symmetric_ar_type ............................... None
  sync_free_moe ................................... False
  tarfile_path .................................... /
  te_precision_config_file ........................ None
  te_rng_tracker .................................. False
  tensor_model_parallel_size ...................... 2
  tensorboard_dir ................................. ./ckpt/tensorboard
  tensorboard_log_interval ........................ 1
  tensorboard_queue_size .......................... 1000
  test_data_path .................................. None
  test_mode ....................................... False
  tiktoken_num_special_tokens ..................... 1000
  tiktoken_pattern ................................ None
  tiktoken_special_tokens ......................... None
  timing_log_level ................................ 0
  timing_log_option ............................... minmax
  titles_data_path ................................ None
  tokenizer_hf_include_special_tokens ............. True
  tokenizer_hf_no_include_special_tokens .......... False
  tokenizer_hf_no_use_fast ........................ False
  tokenizer_hf_use_fast ........................... True
  tokenizer_metadata .............................. None
  tokenizer_model ................................. /workspace/HuggingFace_model_config/qwen3vl/qwen3vl-32b
  tokenizer_sentencepiece_legacy .................. False
  tokenizer_special_tokens ........................ None
  tokenizer_type .................................. HuggingFaceTokenizer
  torch_fsdp2_reshard_after_forward ............... True
  tp_comm_bootstrap_backend ....................... nccl
  tp_comm_bulk_dgrad .............................. True
  tp_comm_bulk_wgrad .............................. True
  tp_comm_overlap ................................. False
  tp_comm_overlap_ag .............................. True
  tp_comm_overlap_cfg ............................. None
  tp_comm_overlap_rs .............................. True
  tp_comm_overlap_rs_dgrad ........................ False
  tp_comm_split_ag ................................ True
  tp_comm_split_rs ................................ True
  train_data_path ................................. None
  train_iters ..................................... 100
  train_pareto_score_scale ........................ []
  train_samples ................................... None
  train_sync_interval ............................. None
  transformer_impl ................................ transformer_engine
  transformer_pipeline_model_parallel_size ........ 2
  trust_remote_code ............................... False
  turbo_sync_free_moe_stage ....................... 0
  untie_embeddings_and_output_weights ............. True
  use_bridge ...................................... True
  use_checkpoint_args ............................. False
  use_checkpoint_opt_param_scheduler .............. False
  use_ckpt_memory_cache ........................... False
  use_cpu_initialization .......................... None
  use_dist_ckpt ................................... False
  use_dist_ckpt_deprecated ........................ False
  use_distributed_optimizer ....................... True
  use_flash_attn .................................. True
  use_fused_weighted_squared_relu ................. False
  use_gloo_process_groups ......................... True
  use_hip_profiler ................................ False
  use_kitchen_attention ........................... False
  use_legacy_models ............................... False
  use_legacy_static_engine ........................ False
  use_mamba_mem_eff_path .......................... True
  use_megatron_fsdp ............................... False
  use_mhc_svd ..................................... False
  use_mp_args_from_checkpoint_args ................ False
  use_mup ......................................... False
  use_one_sent_docs ............................... False
  use_optimizer_feature ........................... False
  use_persistent_ckpt_worker ...................... False
  use_precision_aware_optimizer ................... False
  use_primus_deepep ............................... False
  use_primus_fused_act_with_probs ................. False
  use_primus_grouped_mlp .......................... False
  use_primus_moe_permute_fusion ................... False
  use_primus_topk_router .......................... False
  use_pytorch_profiler ............................ False
  use_quantize_comm ............................... False
  use_ring_exchange_p2p ........................... False
  use_rope_scaling ................................ False
  use_rotary_position_embeddings .................. False
  use_sharp ....................................... False
  use_te_activation_func .......................... False
  use_tokenizer_model_from_checkpoint_args ........ True
  use_torch_fsdp2 ................................. False
  use_torch_optimizer_for_cpu_offload ............. False
  use_tp_pp_dp_mapping ............................ False
  use_vwn ......................................... False
  v_head_dim ...................................... 128
  valid_data_path ................................. None
  variable_seq_lengths ............................ False
  video_max_frames ................................ None
  video_max_pixels ................................ None
  video_min_frames ................................ None
  video_min_pixels ................................ None
  virtual_pipeline_model_parallel_size ............ None
  vision_backbone_type ............................ vit
  vision_pretraining .............................. False
  vision_pretraining_type ......................... classify
  vocab_extra_ids ................................. 0
  vocab_file ...................................... None
  vocab_size ...................................... None
  wandb_entity .................................... None
  wandb_exp_name .................................. None
  wandb_project ................................... None
  wandb_save_dir .................................. None
  weight_decay .................................... 0.1
  weight_decay_incr_style ......................... constant
  wgrad_deferral_limit ............................ 0
  window_attn_skip_freq ........................... None
  window_size ..................................... None
  world_size ...................................... 8
  yaml_cfg ........................................ None
-------------------- end of arguments ---------------------
------------------------ env vars ------------------------
  _ ............................................... /usr/bin/python
  ALLREDUCE_STREAM_WITH_COMPUTE ................... 1
  AMDGPU_TARGETS .................................. gfx906;gfx926;gfx928;gfx936;gfx938
  C_INCLUDE_PATH .................................. /opt/dtk/dcc/gcvm/include:/opt/dtk/include:/opt/hyhal/include:/opt/dtk/llvm/include:/opt/dtk/opencl/include:/opt/dtk/dcc/gcvm/include:/opt/dtk/include:/opt/hyhal/include:/opt/dtk/llvm/include:/opt/dtk/opencl/include:/opt/dtk-26.04/dcc/gcvm/include:/opt/dtk-26.04/include:/opt/hyhal/include:/opt/dtk-26.04/llvm/include:/opt/dtk-26.04/opencl/include:/opt/dtk/dcc/gcvm/include:/opt/dtk/include:/opt/hyhal/include:/opt/dtk/llvm/include:/opt/dtk/opencl/include:
  CMAKE_PREFIX_PATH ............................... /opt/hyhal:/opt/hyhal:/opt/hyhal:/opt/hyhal:
  CPLUS_INCLUDE_PATH .............................. /opt/dtk/dcc/gcvm/include:/opt/dtk/include:/opt/hyhal/include:/opt/dtk/llvm/include:/opt/dtk/dushmem/include:/opt/dtk/opencl/include:/opt/dtk/dcc/gcvm/include:/opt/dtk/include:/opt/hyhal/include:/opt/dtk/llvm/include:/opt/dtk/dushmem/include:/opt/dtk/opencl/include:/opt/dtk-26.04/dcc/gcvm/include:/opt/dtk-26.04/include:/opt/hyhal/include:/opt/dtk-26.04/llvm/include:/opt/dtk-26.04/dushmem/include:/opt/dtk-26.04/opencl/include:/opt/dtk/dcc/gcvm/include:/opt/dtk/include:/opt/hyhal/include:/opt/dtk/llvm/include:/opt/dtk/dushmem/include:/opt/dtk/opencl/include:
  CUDA_DEVICE_MAX_CONNECTIONS ..................... 1
  DTKROOT ......................................... /opt/dtk
  GLOG_minloglevel ................................ 3
  GLOO_SOCKET_IFNAME .............................. ens19f0
  GPU_MAX_HW_QUEUES ............................... 4
  HIP_KERNEL_EVENT_SYSTENFENCE .................... 1
  HIP_PATH ........................................ /opt/dtk/hip
  HIP_USE_GRAPH_QUEUE_POOL ........................ 1
  HIP_VISIBLE_DEVICES ............................. 0,1,2,3,4,5,6,7
  HOME ............................................ /root
  HOSTNAME ........................................ nmz5
  HSA_FORCE_FINE_GRAIN_PCIE ....................... 1
  HYHAL_PATH ...................................... /opt/hyhal
  LANG ............................................ en_US.UTF-8
  LANGUAGE ........................................ en_US.UTF-8
  LC_ALL .......................................... en_US.UTF-8
  LD_LIBRARY_PATH ................................. /workspace/package-miopen-ubuntu20-0710/miopen/lib:/opt/rccl-rdma-sharp-plugins/lib:/opt/dtk/dcc/gcvm/lib:/opt/dtk/hip/lib:/opt/dtk/llvm/lib:/opt/dtk/lib:/opt/dtk/lib64:/opt/hyhal/lib:/opt/hyhal/lib64:/opt/dtk/dushmem/lib:/opt/dtk/opencl/lib:/usr/local/lib/:/usr/local/lib64/:/opt/mpi/lib:/opt/hwloc/lib:/opt/dtk/dcc/gcvm/lib:/opt/dtk/hip/lib:/opt/dtk/llvm/lib:/opt/dtk/lib:/opt/dtk/lib64:/opt/hyhal/lib:/opt/hyhal/lib64:/opt/dtk/dushmem/lib:/opt/dtk/opencl/lib:/opt/dtk-26.04/dcc/gcvm/lib:/opt/dtk-26.04/hip/lib:/opt/dtk-26.04/llvm/lib:/opt/dtk-26.04/lib:/opt/dtk-26.04/lib64:/opt/hyhal/lib:/opt/hyhal/lib64:/opt/dtk-26.04/dushmem/lib:/opt/dtk-26.04/opencl/lib:/opt/ucx/lib:/opt/dtk/dcc/gcvm/lib:/opt/dtk/hip/lib:/opt/dtk/llvm/lib:/opt/dtk/lib:/opt/dtk/lib64:/opt/hyhal/lib:/opt/hyhal/lib64:/opt/dtk/dushmem/lib:/opt/dtk/opencl/lib:/opt/mpi/lib:/opt/hwloc/lib:
  LIBRARY_PATH .................................... /opt/hyhal/lib:/opt/dtk/opencl/lib:/opt/dtk/dushmem/lib:/opt/hyhal/lib:/opt/dtk/opencl/lib:/opt/dtk/dushmem/lib:/opt/hyhal/lib:/opt/dtk-26.04/opencl/lib:/opt/dtk-26.04/dushmem/lib:/opt/hyhal/lib:/opt/dtk/opencl/lib:/opt/dtk/dushmem/lib:
  LIGHTOP_ASM_DIR ................................. /usr/local/lib/python3.10/dist-packages/lightop/hsa/gfx938/
  LIGHTOP_GPU_CUS ................................. 72
  LIGHTOP_GPU_TARGET .............................. gfx938
  LS_COLORS ....................................... rs=0:di=01;34:ln=01;36:mh=00:pi=40;33:so=01;35:do=01;35:bd=40;33;01:cd=40;33;01:or=40;31;01:mi=00:su=37;41:sg=30;43:ca=30;41:tw=30;42:ow=34;42:st=37;44:ex=01;32:*.tar=01;31:*.tgz=01;31:*.arc=01;31:*.arj=01;31:*.taz=01;31:*.lha=01;31:*.lz4=01;31:*.lzh=01;31:*.lzma=01;31:*.tlz=01;31:*.txz=01;31:*.tzo=01;31:*.t7z=01;31:*.zip=01;31:*.z=01;31:*.dz=01;31:*.gz=01;31:*.lrz=01;31:*.lz=01;31:*.lzo=01;31:*.xz=01;31:*.zst=01;31:*.tzst=01;31:*.bz2=01;31:*.bz=01;31:*.tbz=01;31:*.tbz2=01;31:*.tz=01;31:*.deb=01;31:*.rpm=01;31:*.jar=01;31:*.war=01;31:*.ear=01;31:*.sar=01;31:*.rar=01;31:*.alz=01;31:*.ace=01;31:*.zoo=01;31:*.cpio=01;31:*.7z=01;31:*.rz=01;31:*.cab=01;31:*.wim=01;31:*.swm=01;31:*.dwm=01;31:*.esd=01;31:*.jpg=01;35:*.jpeg=01;35:*.mjpg=01;35:*.mjpeg=01;35:*.gif=01;35:*.bmp=01;35:*.pbm=01;35:*.pgm=01;35:*.ppm=01;35:*.tga=01;35:*.xbm=01;35:*.xpm=01;35:*.tif=01;35:*.tiff=01;35:*.png=01;35:*.svg=01;35:*.svgz=01;35:*.mng=01;35:*.pcx=01;35:*.mov=01;35:*.mpg=01;35:*.mpeg=01;35:*.m2v=01;35:*.mkv=01;35:*.webm=01;35:*.webp=01;35:*.ogm=01;35:*.mp4=01;35:*.m4v=01;35:*.mp4v=01;35:*.vob=01;35:*.qt=01;35:*.nuv=01;35:*.wmv=01;35:*.asf=01;35:*.rm=01;35:*.rmvb=01;35:*.flc=01;35:*.avi=01;35:*.fli=01;35:*.flv=01;35:*.gl=01;35:*.dl=01;35:*.xcf=01;35:*.xwd=01;35:*.yuv=01;35:*.cgm=01;35:*.emf=01;35:*.ogv=01;35:*.ogx=01;35:*.aac=00;36:*.au=00;36:*.flac=00;36:*.m4a=00;36:*.mid=00;36:*.midi=00;36:*.mka=00;36:*.mp3=00;36:*.mpc=00;36:*.ogg=00;36:*.ra=00;36:*.wav=00;36:*.oga=00;36:*.opus=00;36:*.spx=00;36:*.xspf=00;36:
  MANPATH ......................................... /opt/mpi/share/man:
  MIOPEN_FIND_MODE ................................ 1
  MOFED_VERSION ................................... 23.10-4.0.9.1
  NCCL_ALGO ....................................... Ring
  NCCL_IB_HCA ..................................... mlx5_0:1,mlx5_1:1,mlx5_2:1,mlx5_3:1,mlx5_4:1,mlx5_5:1,mlx5_6:1,mlx5_8:1,mlx5_9:1
  NCCL_MAX_NCHANNELS .............................. 32
  NCCL_MAX_P2P_NCHANNELS .......................... 32
  NCCL_MIN_NCHANNELS .............................. 32
  NCCL_MIN_P2P_NCHANNELS .......................... 32
  NCCL_NCHANNELS_PER_PEER ......................... 2
  NCCL_NET_GDR_LEVEL .............................. 4
  NCCL_NET_GDR_READ ............................... 1
  OLDPWD .......................................... /workspace
  OMP_NUM_THREADS ................................. 1
  OPAL_USER_PARAMS_GIVEN .......................... 1
  OS_VERSION ...................................... ubuntu22.04
  PATH ............................................ /opt/dtk/bin:/opt/dtk/llvm/bin:/opt/dtk/hip/bin:/opt/dtk/hip/bin/hipify:/opt/hyhal/bin:/opt/dtk/opencl/bin:/usr/local/bin:/opt/mpi/bin:/opt/hwloc/bin/:/opt/dtk/bin:/opt/dtk/llvm/bin:/opt/dtk/hip/bin:/opt/dtk/hip/bin/hipify:/opt/hyhal/bin:/opt/dtk/opencl/bin:/opt/dtk-26.04/bin:/opt/dtk-26.04/llvm/bin:/opt/dtk-26.04/hip/bin:/opt/dtk-26.04/hip/bin/hipify:/opt/hyhal/bin:/opt/dtk-26.04/opencl/bin:/opt/ucx/bin:/opt/dtk/bin:/opt/dtk/llvm/bin:/opt/dtk/hip/bin:/opt/dtk/hip/bin/hipify:/opt/hyhal/bin:/opt/dtk/opencl/bin:/opt/mpi/bin:/opt/hwloc/bin/:/usr/local/sbin:/usr/local/bin:/usr/sbin:/usr/bin:/sbin:/bin
  PLATFORM ........................................ x86_64
  PMIX_BFROP_BUFFER_TYPE .......................... PMIX_BFROP_BUFFER_NON_DESC
  PMIX_GDS_MODULE ................................. shmem2,hash
  PMIX_HOSTNAME ................................... nmz5
  PMIX_NAMESPACE .................................. prterun-nmz5-286870@1
  PMIX_PARAM_FILE_PASSED .......................... 1
  PMIX_RANK ....................................... 0
  PMIX_SECURITY_MODE .............................. native
  PMIX_SERVER_TMPDIR .............................. /tmp/prterun.nmz5.286870.0
  PMIX_SERVER_URI2 ................................ prterun-nmz5-286870@0.0;tcp4://10.16.1.5:55577
  PMIX_SERVER_URI21 ............................... prterun-nmz5-286870@0.0;tcp4://10.16.1.5:55577
  PMIX_SERVER_URI3 ................................ prterun-nmz5-286870@0.0;tcp4://10.16.1.5:55577
  PMIX_SERVER_URI4 ................................ prterun-nmz5-286870@0.0;tcp4://10.16.1.5:55577
  PMIX_SERVER_URI41 ............................... prterun-nmz5-286870@0.0;tcp4://10.16.1.5:55577
  PMIX_SYSTEM_TMPDIR .............................. /tmp
  PMIX_VERSION .................................... 5.0.2rc2
  PRTE_LAUNCHED ................................... 1
  PRTE_SHARED_FS .................................. FALSE
  PWD ............................................. /workspace/dcu_megatron/examples/qwen3
  PYTHONPATH ...................................... /workspace/dcu_megatron/Megatron-Bridge/src:/workspace/dcu_megatron/Megatron-LM:/usr/local/:
  PYTHONWARNINGS .................................. ignore
  PYTORCH_MIOPEN_SUGGEST_NDHWC .................... 1
  PYTORCH_NVML_BASED_CUDA_CHECK ................... 1
  RANK ............................................ 0
  RCCL_SDMA_COPY_ENABLE ........................... 0
  ROCM_PATH ....................................... /opt/dtk
  ROCSHMEM_HEAP_SIZE .............................. 10737418240
  ROCSHMEM_MAX_NUM_CONTEXTS ....................... 48
  SHELL ........................................... /bin/bash
  SHLVL ........................................... 3
  TERM ............................................ xterm
  TORCHINDUCTOR_CACHE_DIR ......................... /tmp/torchinductor_root
  TORCHINDUCTOR_COMPILE_THREADS ................... 1
  TRITON_HOME ..................................... /tmp
  TZ .............................................. Asia/Shanghai
  UCX_HOME ........................................ /opt/ucx
  VLLM_LOGGING_LEVEL .............................. ERROR
  WORLD_SIZE ...................................... 8
-------------------- end of env vars ---------------------
> setting tensorboard ...
WARNING: one_logger package is required to enable e2e metrics tracking. please go to https://confluence.nvidia.com/display/MLWFO/Package+Repositories for details to install it
[WARNING  | megatron.core.rerun_state_machine]: RerunStateMachine initialized in mode validate_results
> initializing torch distributed ...
[Gloo] Rank 1 is connected to 1 peer ranks. Expected number of connected peer ranks is : 1
[Gloo] Rank 0 is connected to 1 peer ranks. Expected number of connected peer ranks is : 1
[Gloo] Rank 1 is connected to 1 peer ranks. Expected number of connected peer ranks is : 1
[Gloo] Rank 0 is connected to 1 peer ranks. Expected number of connected peer ranks is : 1
[Gloo] Rank 1 is connected to 1 peer ranks. Expected number of connected peer ranks is : 1
[Gloo] Rank 0 is connected to 1 peer ranks. Expected number of connected peer ranks is : 1
[Gloo] Rank 0 is connected to 1 peer ranks. Expected number of connected peer ranks is : 1
[Gloo] Rank 1 is connected to 1 peer ranks. Expected number of connected peer ranks is : 1
[Gloo] Rank 0 is connected to 1 peer ranks. Expected number of connected peer ranks is : 1
[Gloo] Rank 1 is connected to 1 peer ranks. Expected number of connected peer ranks is : 1
[Gloo] Rank 1 is connected to 1 peer ranks. Expected number of connected peer ranks is : 1
[Gloo] Rank 0 is connected to 1 peer ranks. Expected number of connected peer ranks is : 1
[Gloo] Rank 0 is connected to 1 peer ranks. Expected number of connected peer ranks is : 1
[Gloo] Rank 1 is connected to 1 peer ranks. Expected number of connected peer ranks is : 1
[Gloo] Rank 0 is connected to 1 peer ranks. Expected number of connected peer ranks is : 1[Gloo] Rank 1 is connected to 1 peer ranks. Expected number of connected peer ranks is : 1

[Gloo] Rank 0 is connected to 1 peer ranks. Expected number of connected peer ranks is : 1[Gloo] Rank 1 is connected to 1 peer ranks. Expected number of connected peer ranks is : 1

[Gloo] Rank 0 is connected to 1 peer ranks. Expected number of connected peer ranks is : 1[Gloo] Rank 1 is connected to 1 peer ranks. 
Expected number of connected peer ranks is : 1
[Gloo] Rank 0 is connected to 1[Gloo] Rank 1 is connected to 1 peer ranks. Expected number of connected peer ranks is : 1 peer ranks. Expected number of connected peer ranks is : 1

[Gloo] Rank 0 is connected to 1 peer ranks. Expected number of connected peer ranks is : 1
[Gloo] Rank 1 is connected to 1 peer ranks. Expected number of connected peer ranks is : 1
tp_group: [[0, 1], [2, 3], [4, 5], [6, 7]]
pp_group: [[0, 4], [1, 5], [2, 6], [3, 7]]
dp_group: [[0, 2], [1, 3], [4, 6], [5, 7]]
ep_group: [[0], [1], [2], [3], [4], [5], [6], [7]]
etp_group: [[0, 1], [2, 3], [4, 5], [6, 7]]
edp_group: [[0, 2], [1, 3], [4, 6], [5, 7]]
cp_group: [[0], [1], [2], [3], [4], [5], [6], [7]]
tp-cp_group: [[0, 1], [2, 3], [4, 5], [6, 7]]
embd-pp_group: [[0, 4], [1, 5], [2, 6], [3, 7]]
pos_embd-pp_group: [[0], [1], [2], [3]]
tp-ep_group: [[0, 1], [2, 3], [4, 5], [6, 7]]
tp-dp-cp_group: [[0, 1, 2, 3], [4, 5, 6, 7]]
tp-pp_group: [[0, 1, 4, 5], [2, 3, 6, 7]]
dp-cp_group: [[0, 2], [1, 3], [4, 6], [5, 7]]
> initialized tensor model parallel with size 2
> initialized pipeline model parallel with size 2
> setting random seeds to 1234 ...
> compiling dataset index builder ...
make: Entering directory '/workspace/dcu_megatron/Megatron-LM/megatron/core/datasets'
make: Nothing to be done for 'default'.
make: Leaving directory '/workspace/dcu_megatron/Megatron-LM/megatron/core/datasets'
>>> done with dataset index builder. Compilation time: 0.040 seconds
WARNING: Logging before InitGoogleLogging() is written to STDERR
W0724 14:34:49.210251 286979 ProcessGroupNCCL.cpp:5068] Guessing device ID based on global rank. This can cause a hang if rank to GPU mapping is heterogeneous. You can specify device_id in init_process_group()
time to initialize megatron (seconds): 5.548
[after in-process setup and before initialize_megatron] datetime: 2026-07-24 14:34:47.978988 
[after in-job setup and before initialize_megatron] datetime: 2026-07-24 14:34:48.039278 
[before library-setup] datetime: 2026-07-24 14:34:25.257758
[after library-setup] datetime: 2026-07-24 14:34:47.891409
[before megatron-init] datetime: 2026-07-24 14:34:47.978985
[after megatron is initialized] datetime: 2026-07-24 14:34:51.248784 
`torch_dtype` is deprecated! Use `dtype` instead!
`torch_dtype` is deprecated! Use `dtype` instead!
`torch_dtype` is deprecated! Use `dtype` instead!
`torch_dtype` is deprecated! Use `dtype` instead!
`torch_dtype` is deprecated! Use `dtype` instead!
`torch_dtype` is deprecated! Use `dtype` instead!
`torch_dtype` is deprecated! Use `dtype` instead!
`torch_dtype` is deprecated! Use `dtype` instead!
 > number of parameters on (tensor, pipeline) model parallel rank (1, 1): 8190702592
 > number of parameters on (tensor, pipeline) model parallel rank (1, 0): 8490661816
 > number of parameters on (tensor, pipeline) model parallel rank (0, 1): 8190702592
 > number of parameters on (tensor, pipeline) model parallel rank (0, 0): 8490661816
model rank[0]: [DistributedDataParallel(
  (module): Float16Module(
    (module): Qwen3VLModel(
      (vision_model): Qwen3VLVisionModel(
        (patch_embed): Qwen3VLVisionPatchEmbed(
          (proj): Conv3d(3, 1152, kernel_size=(2, 16, 16), stride=(2, 16, 16))
        )
        (pos_embed): Embedding(2304, 1152)
        (rotary_pos_emb): Qwen3VLVisionRotaryEmbedding()
        (decoder): Qwen3VLVisionTransformerBlock(
          (layers): ModuleList(
            (0-26): 27 x TransformerLayer(
              (input_layernorm): IdentityOp()
              (self_attention): Qwen3VLSelfAttention(
                (core_attention): TEDotProductAttention(
                  (flash_attention): FlashAttention()
                  (fused_attention): FusedAttention()
                  (unfused_attention): UnfusedDotProductAttention(
                    (scale_mask_softmax): FusedScaleMaskSoftmax()
                    (attention_dropout): Dropout(p=0.0, inplace=False)
                  )
                )
                (linear_proj): TERowParallelLinear(in_features=576, out_features=1152, bias=True, TP=2)
                (linear_qkv): TELayerNormColumnParallelLinear(in_features=1152, out_features=1728, bias=True, TP=2)
              )
              (pre_cross_attn_layernorm): IdentityOp()
              (cross_attention): IdentityOp()
              (cross_attn_bda): IdentityFuncOp()
              (pre_mlp_layernorm): IdentityOp()
              (mlp): MLP(
                (linear_fc1): TELayerNormColumnParallelLinear(in_features=1152, out_features=2152, bias=True, TP=2)
                (linear_fc2): TERowParallelLinear(in_features=2152, out_features=1152, bias=True, TP=2)
              )
            )
          )
          (deepstack_merger_list): ModuleList(
            (0-2): 3 x Qwen3VLVisionPatchMerger(
              (patch_norm): LayerNorm()
              (linear_fc1): TEColumnParallelLinear(in_features=4608, out_features=2304, bias=True, TP=2)
              (linear_fc2): TERowParallelLinear(in_features=2304, out_features=5120, bias=True, TP=2)
            )
          )
        )
        (merger): Qwen3VLVisionPatchMerger(
          (patch_norm): LayerNorm()
          (linear_fc1): TEColumnParallelLinear(in_features=4608, out_features=2304, bias=True, TP=2)
          (linear_fc2): TERowParallelLinear(in_features=2304, out_features=5120, bias=True, TP=2)
        )
      )
      (language_model): Qwen3VLGPTModel(
        (embedding): LanguageModelEmbedding(
          (word_embeddings): VocabParallelEmbedding()
          (embedding_dropout): Dropout(p=0.0, inplace=False)
        )
        (rotary_pos_emb): Qwen3VLMultimodalRotaryEmbedding()
        (decoder): Qwen3VLTransformerBlock(
          (layers): ModuleList(
            (0-31): 32 x TransformerLayer(
              (input_layernorm): IdentityOp()
              (self_attention): Qwen3VLSelfAttention(
                (core_attention): TEDotProductAttention(
                  (flash_attention): FlashAttention()
                  (fused_attention): FusedAttention()
                  (unfused_attention): UnfusedDotProductAttention(
                    (scale_mask_softmax): FusedScaleMaskSoftmax()
                    (attention_dropout): Dropout(p=0.0, inplace=False)
                  )
                )
                (linear_proj): TERowParallelLinear(in_features=4096, out_features=5120, bias=False, TP=2)
                (linear_qkv): TELayerNormColumnParallelLinear(in_features=5120, out_features=5120, bias=False, TP=2)
                (q_layernorm): RMSNorm()
                (k_layernorm): RMSNorm()
              )
              (pre_cross_attn_layernorm): IdentityOp()
              (cross_attention): IdentityOp()
              (cross_attn_bda): IdentityFuncOp()
              (pre_mlp_layernorm): IdentityOp()
              (mlp): MLP(
                (linear_fc1): TELayerNormColumnParallelLinear(in_features=5120, out_features=25600, bias=False, TP=2)
                (linear_fc2): TERowParallelLinear(in_features=12800, out_features=5120, bias=False, TP=2)
              )
            )
          )
        )
      )
    )
  )
)]
[after model, optimizer, and learning rate scheduler are built] datetime: 2026-07-24 14:34:54.456592 
> building train, validation, and test datasets ...
 > datasets target sizes (minimum size):
    train:      3200
    validation: 160
    test:       160
parse_dataset_config: data_path=['/workspace/coco_2014_caption/train2014_my.jsonl'] px_domain_probabilities=[1.0] px_retention_rates_per_domain=[1.0] train_data_domain_names=['coco_caption'] px_eval_data_path=None 
>>> tokenizer: <megatron.core.tokenizers.text.models.default_tokenizer.DefaultTokenizerText object at 0x7f6fec713be0> <<<
>>> tokenizer: <megatron.core.tokenizers.text.models.default_tokenizer.DefaultTokenizerText object at 0x7fcb5c41d8d0> <<<
>>> tokenizer: <megatron.core.tokenizers.text.models.default_tokenizer.DefaultTokenizerText object at 0x7f7cfc5365f0> <<<
>>> tokenizer: <megatron.core.tokenizers.text.models.default_tokenizer.DefaultTokenizerText object at 0x7f063c0e23b0> <<<
>>> tokenizer: <megatron.core.tokenizers.text.models.default_tokenizer.DefaultTokenizerText object at 0x7f3f180f6470> <<<
>>> tokenizer: <megatron.core.tokenizers.text.models.default_tokenizer.DefaultTokenizerText object at 0x7f5478517220> <<<
>>> tokenizer: <megatron.core.tokenizers.text.models.default_tokenizer.DefaultTokenizerText object at 0x7f9490410880> <<<
>>> tokenizer: <megatron.core.tokenizers.text.models.default_tokenizer.DefaultTokenizerText object at 0x7fce24322b30> <<<
Dataset init dp rank 1 train True global_batch_domain_id [0, 0, 0, 0, 0, 0, 0, 0, 0, 0, 0, 0, 0, 0, 0, 0, 0, 0, 0, 0, 0, 0, 0, 0, 0, 0, 0, 0, 0, 0, 0, 0]
> dp world size 2 rank 1 finished creating dataloader ...
Dataset init dp rank 1 train True global_batch_domain_id [0, 0, 0, 0, 0, 0, 0, 0, 0, 0, 0, 0, 0, 0, 0, 0, 0, 0, 0, 0, 0, 0, 0, 0, 0, 0, 0, 0, 0, 0, 0, 0]
Dataset init dp rank 1 train True global_batch_domain_id [0, 0, 0, 0, 0, 0, 0, 0, 0, 0, 0, 0, 0, 0, 0, 0, 0, 0, 0, 0, 0, 0, 0, 0, 0, 0, 0, 0, 0, 0, 0, 0]
> dp world size 2 rank 1 finished creating dataloader ...
> dp world size 2 rank 1 finished creating dataloader ...
build_train_valid_datasets train_data_consuming_progresses {}
Dataset init dp rank 0 train True global_batch_domain_id [0, 0, 0, 0, 0, 0, 0, 0, 0, 0, 0, 0, 0, 0, 0, 0, 0, 0, 0, 0, 0, 0, 0, 0, 0, 0, 0, 0, 0, 0, 0, 0]
Dataset init dp rank 1 train True global_batch_domain_id [0, 0, 0, 0, 0, 0, 0, 0, 0, 0, 0, 0, 0, 0, 0, 0, 0, 0, 0, 0, 0, 0, 0, 0, 0, 0, 0, 0, 0, 0, 0, 0]
MegaIndexedJsonlDatasetMM id / domain mapping [
    {
        "domain_id": 0,
        "domain_name": "coco_caption",
        "domain_path_like": "/workspace/coco_2014_caption/train2014_my.jsonl",
        "domain_probabilities": 1.0
    }
]
Dataset init dp rank 0 train True global_batch_domain_id [0, 0, 0, 0, 0, 0, 0, 0, 0, 0, 0, 0, 0, 0, 0, 0, 0, 0, 0, 0, 0, 0, 0, 0, 0, 0, 0, 0, 0, 0, 0, 0]
Dataset init dp rank 0 train True global_batch_domain_id [0, 0, 0, 0, 0, 0, 0, 0, 0, 0, 0, 0, 0, 0, 0, 0, 0, 0, 0, 0, 0, 0, 0, 0, 0, 0, 0, 0, 0, 0, 0, 0]
> dp world size 2 rank 0 finished creating dataloader ...
> dp world size 2 rank 1 finished creating dataloader ...
> dp world size 2 rank 0 finished creating dataloader ...
> dp world size 2 rank 0 finished creating dataloader ...
Dataset init dp rank 0 train True global_batch_domain_id [0, 0, 0, 0, 0, 0, 0, 0, 0, 0, 0, 0, 0, 0, 0, 0, 0, 0, 0, 0, 0, 0, 0, 0, 0, 0, 0, 0, 0, 0, 0, 0]
> dp world size 2 rank 0 finished creating dataloader ...
[after dataloaders are built] datetime: 2026-07-24 14:34:55.506556 
done with setup ...
training ...
Overwriting rerun_state_machine.current_iteration from -1 to 0...
[before the start of training step] datetime: 2026-07-24 14:34:55.525559 
Warning: PngImagePlugin.MAX_TEXT_CHUNK changed from 1048576 to 1024 * 1024 * 1024
Warning: PngImagePlugin.MAX_TEXT_CHUNK changed from 1048576 to 1024 * 1024 * 1024
Warning: PngImagePlugin.MAX_TEXT_CHUNK changed from 1048576 to 1024 * 1024 * 1024
Warning: PngImagePlugin.MAX_TEXT_CHUNK changed from 1048576 to 1024 * 1024 * 1024
Warning: PngImagePlugin.MAX_TEXT_CHUNK changed from 1048576 to 1024 * 1024 * 1024
Warning: PngImagePlugin.MAX_TEXT_CHUNK changed from 1048576 to 1024 * 1024 * 1024
Warning: PngImagePlugin.MAX_TEXT_CHUNK changed from 1048576 to 1024 * 1024 * 1024
Warning: PngImagePlugin.MAX_TEXT_CHUNK changed from 1048576 to 1024 * 1024 * 1024
Warning: PngImagePlugin.MAX_TEXT_CHUNK changed from 1048576 to 1024 * 1024 * 1024
Warning: PngImagePlugin.MAX_TEXT_CHUNK changed from 1048576 to 1024 * 1024 * 1024
Warning: PngImagePlugin.MAX_TEXT_CHUNK changed from 1048576 to 1024 * 1024 * 1024
Warning: PngImagePlugin.MAX_TEXT_CHUNK changed from 1048576 to 1024 * 1024 * 1024
Warning: PngImagePlugin.MAX_TEXT_CHUNK changed from 1048576 to 1024 * 1024 * 1024
Warning: PngImagePlugin.MAX_TEXT_CHUNK changed from 1048576 to 1024 * 1024 * 1024
Warning: PngImagePlugin.MAX_TEXT_CHUNK changed from 1048576 to 1024 * 1024 * 1024
Warning: PngImagePlugin.MAX_TEXT_CHUNK changed from 1048576 to 1024 * 1024 * 1024
[WARNING  | megatron.core.rerun_state_machine]: Result validation enabled
Number of parameters in transformer block in billions:  31.88
Number of active parameters in transformer block in billions:  31.88
Number of parameters in embedding layers in billions: 1.55
Total number of parameters in billions: 33.43
Total number of active parameters in billions: 33.43
Number of parameters in most loaded shard in billions: 8.3580
Number of parameters in other shards in billions: 7.9693
compute_activation_memory_without_sp
Activation memory footprint per transformer layer (precise, without SP): 440.0 MB
Number of in-flight microbatches: 2
Theoretical memory footprints: weight and optimizer=95649.39 MB, activation=29610.07 MB, total=125259.46 MB

 [2026-07-24 14:35:40.053921] iteration        1/     100 | consumed samples:           32 | elapsed time per iteration (ms): 44528.5 | throughput per GPU (TFLOP/s/GPU): 75.1 | learning rate: 3.000000E-05 | global batch size:    32 | lm loss: 1.305301E+01 | real_seqlen: 4.096000E+03 | loss scale: 1.0 | grad norm: 76.415 | number of skipped iterations:   0 | number of nan iterations:   0 |
[Rank 1] (after 1 iterations) memory (MB) | allocated: 97972.30 | max allocated: 98961.15 | reserved: 117378.00 | max reserved: 117378.00
[Rank 5] (after 1 iterations) memory (MB) | allocated: 95325.13 | max allocated: 95325.14 | reserved: 105714.00 | max reserved: 105714.00
[Rank 4] (after 1 iterations) memory (MB) | allocated: 95325.13 | max allocated: 95325.14 | reserved: 105714.00 | max reserved: 105714.00
[Rank 0] (after 1 iterations) memory (MB) | allocated: 97970.05 | max allocated: 98960.64 | reserved: 117478.00 | max reserved: 117478.00
Number of parameters in transformer block in billions:  31.88
Number of active parameters in transformer block in billions:  31.88
Number of parameters in embedding layers in billions: 1.55
Total number of parameters in billions: 33.43
Total number of active parameters in billions: 33.43
Number of parameters in most loaded shard in billions: 8.3580
Number of parameters in other shards in billions: 7.9693
compute_activation_memory_without_sp
Activation memory footprint per transformer layer (precise, without SP): 440.0 MB
Number of in-flight microbatches: 2
Theoretical memory footprints: weight and optimizer=95649.39 MB, activation=29610.07 MB, total=125259.46 MB

 [2026-07-24 14:36:12.682942] iteration        2/     100 | consumed samples:           64 | elapsed time per iteration (ms): 38578.7 | throughput per GPU (TFLOP/s/GPU): 86.6 | learning rate: 2.999320E-05 | global batch size:    32 | lm loss: 1.289196E+01 | real_seqlen: 4.096000E+03 | loss scale: 1.0 | grad norm: 63.360 | number of skipped iterations:   0 | number of nan iterations:   0 |
[Rank 1] (after 2 iterations) memory (MB) | allocated: 98084.38 | max allocated: 131980.34 | reserved: 134906.00 | max reserved: 135044.00
[Rank 0] (after 2 iterations) memory (MB) | allocated: 98080.16 | max allocated: 131967.89 | reserved: 134686.00 | max reserved: 135066.00
[Rank 4] (after 2 iterations) memory (MB) | allocated: 95433.65 | max allocated: 114235.44 | reserved: 116988.00 | max reserved: 116988.00
[Rank 5] (after 2 iterations) memory (MB) | allocated: 95433.65 | max allocated: 114235.44 | reserved: 116988.00 | max reserved: 116988.00
 [2026-07-24 14:36:35.923758] iteration        3/     100 | consumed samples:           96 | elapsed time per iteration (ms): 23240.7 | throughput per GPU (TFLOP/s/GPU): 143.8 | learning rate: 2.997282E-05 | global batch size:    32 | lm loss: 1.281160E+01 | real_seqlen: 4.096000E+03 | loss scale: 1.0 | grad norm: 93.432 | number of skipped iterations:   0 | number of nan iterations:   0 |
 [2026-07-24 14:36:58.639588] iteration        4/     100 | consumed samples:          128 | elapsed time per iteration (ms): 22715.7 | throughput per GPU (TFLOP/s/GPU): 147.1 | learning rate: 2.993887E-05 | global batch size:    32 | lm loss: 2.027418E+01 | real_seqlen: 4.096000E+03 | loss scale: 1.0 | grad norm: 28.224 | number of skipped iterations:   0 | number of nan iterations:   0 |
 [2026-07-24 14:37:27.131534] iteration        5/     100 | consumed samples:          160 | elapsed time per iteration (ms): 28491.7 | throughput per GPU (TFLOP/s/GPU): 117.3 | learning rate: 2.989139E-05 | global batch size:    32 | lm loss: 2.125497E+01 | real_seqlen: 4.096000E+03 | loss scale: 1.0 | grad norm: 37.244 | number of skipped iterations:   0 | number of nan iterations:   0 |
 [2026-07-24 14:37:54.813543] iteration        6/     100 | consumed samples:          192 | elapsed time per iteration (ms): 27681.9 | throughput per GPU (TFLOP/s/GPU): 120.7 | learning rate: 2.983043E-05 | global batch size:    32 | lm loss: 2.877007E+01 | real_seqlen: 4.096000E+03 | loss scale: 1.0 | grad norm: 31.897 | number of skipped iterations:   0 | number of nan iterations:   0 |
 [2026-07-24 14:38:24.244262] iteration        7/     100 | consumed samples:          224 | elapsed time per iteration (ms): 29430.5 | throughput per GPU (TFLOP/s/GPU): 113.6 | learning rate: 2.975604E-05 | global batch size:    32 | lm loss: 2.102876E+01 | real_seqlen: 4.096000E+03 | loss scale: 1.0 | grad norm: 4.667 | number of skipped iterations:   0 | number of nan iterations:   0 |
 [2026-07-24 14:38:46.975303] iteration        8/     100 | consumed samples:          256 | elapsed time per iteration (ms): 22730.9 | throughput per GPU (TFLOP/s/GPU): 147.0 | learning rate: 2.966830E-05 | global batch size:    32 | lm loss: 3.156715E+01 | real_seqlen: 4.096000E+03 | loss scale: 1.0 | grad norm: 10.330 | number of skipped iterations:   0 | number of nan iterations:   0 |
 [2026-07-24 14:39:09.674632] iteration        9/     100 | consumed samples:          288 | elapsed time per iteration (ms): 22699.1 | throughput per GPU (TFLOP/s/GPU): 147.2 | learning rate: 2.956731E-05 | global batch size:    32 | lm loss: 1.994704E+01 | real_seqlen: 4.096000E+03 | loss scale: 1.0 | grad norm: 9.031 | number of skipped iterations:   0 | number of nan iterations:   0 |
 [2026-07-24 14:39:35.451224] iteration       10/     100 | consumed samples:          320 | elapsed time per iteration (ms): 25776.5 | throughput per GPU (TFLOP/s/GPU): 129.7 | learning rate: 2.945315E-05 | global batch size:    32 | lm loss: 1.533112E+01 | real_seqlen: 4.096000E+03 | loss scale: 1.0 | grad norm: 3.970 | number of skipped iterations:   0 | number of nan iterations:   0 |
 [2026-07-24 14:40:00.726615] iteration       11/     100 | consumed samples:          352 | elapsed time per iteration (ms): 25275.3 | throughput per GPU (TFLOP/s/GPU): 132.2 | learning rate: 2.932596E-05 | global batch size:    32 | lm loss: 1.594378E+01 | real_seqlen: 4.096000E+03 | loss scale: 1.0 | grad norm: 1.663 | number of skipped iterations:   0 | number of nan iterations:   0 |
 [2026-07-24 14:40:27.578054] iteration       12/     100 | consumed samples:          384 | elapsed time per iteration (ms): 26851.3 | throughput per GPU (TFLOP/s/GPU): 124.5 | learning rate: 2.918585E-05 | global batch size:    32 | lm loss: 1.401363E+01 | real_seqlen: 4.096000E+03 | loss scale: 1.0 | grad norm: 1.273 | number of skipped iterations:   0 | number of nan iterations:   0 |
 [2026-07-24 14:40:53.224480] iteration       13/     100 | consumed samples:          416 | elapsed time per iteration (ms): 25646.3 | throughput per GPU (TFLOP/s/GPU): 130.3 | learning rate: 2.903297E-05 | global batch size:    32 | lm loss: 1.225433E+01 | real_seqlen: 4.096000E+03 | loss scale: 1.0 | grad norm: 1.379 | number of skipped iterations:   0 | number of nan iterations:   0 |
 [2026-07-24 14:41:18.418272] iteration       14/     100 | consumed samples:          448 | elapsed time per iteration (ms): 25193.7 | throughput per GPU (TFLOP/s/GPU): 132.7 | learning rate: 2.886746E-05 | global batch size:    32 | lm loss: 1.110982E+01 | real_seqlen: 4.096000E+03 | loss scale: 1.0 | grad norm: 1.031 | number of skipped iterations:   0 | number of nan iterations:   0 |
 [2026-07-24 14:41:41.097978] iteration       15/     100 | consumed samples:          480 | elapsed time per iteration (ms): 22679.5 | throughput per GPU (TFLOP/s/GPU): 147.4 | learning rate: 2.868951E-05 | global batch size:    32 | lm loss: 1.020192E+01 | real_seqlen: 4.096000E+03 | loss scale: 1.0 | grad norm: 0.920 | number of skipped iterations:   0 | number of nan iterations:   0 |
 [2026-07-24 14:42:06.189704] iteration       16/     100 | consumed samples:          512 | elapsed time per iteration (ms): 25091.6 | throughput per GPU (TFLOP/s/GPU): 133.2 | learning rate: 2.849928E-05 | global batch size:    32 | lm loss: 1.164014E+01 | real_seqlen: 4.096000E+03 | loss scale: 1.0 | grad norm: 4.271 | number of skipped iterations:   0 | number of nan iterations:   0 |
 [2026-07-24 14:42:30.720191] iteration       17/     100 | consumed samples:          544 | elapsed time per iteration (ms): 24530.3 | throughput per GPU (TFLOP/s/GPU): 136.2 | learning rate: 2.829697E-05 | global batch size:    32 | lm loss: 1.284426E+01 | real_seqlen: 4.096000E+03 | loss scale: 1.0 | grad norm: 4.872 | number of skipped iterations:   0 | number of nan iterations:   0 |
 [2026-07-24 14:42:57.242984] iteration       18/     100 | consumed samples:          576 | elapsed time per iteration (ms): 26522.7 | throughput per GPU (TFLOP/s/GPU): 126.0 | learning rate: 2.808278E-05 | global batch size:    32 | lm loss: 1.191766E+01 | real_seqlen: 4.096000E+03 | loss scale: 1.0 | grad norm: 3.610 | number of skipped iterations:   0 | number of nan iterations:   0 |
 [2026-07-24 14:43:19.842388] iteration       19/     100 | consumed samples:          608 | elapsed time per iteration (ms): 22599.3 | throughput per GPU (TFLOP/s/GPU): 147.9 | learning rate: 2.785692E-05 | global batch size:    32 | lm loss: 1.043691E+01 | real_seqlen: 4.096000E+03 | loss scale: 1.0 | grad norm: 3.404 | number of skipped iterations:   0 | number of nan iterations:   0 |
 [2026-07-24 14:43:44.611295] iteration       20/     100 | consumed samples:          640 | elapsed time per iteration (ms): 24768.8 | throughput per GPU (TFLOP/s/GPU): 134.9 | learning rate: 2.761963E-05 | global batch size:    32 | lm loss: 9.269794E+00 | real_seqlen: 4.096000E+03 | loss scale: 1.0 | grad norm: 3.120 | number of skipped iterations:   0 | number of nan iterations:   0 |
 [2026-07-24 14:44:07.547097] iteration       21/     100 | consumed samples:          672 | elapsed time per iteration (ms): 22935.6 | throughput per GPU (TFLOP/s/GPU): 145.7 | learning rate: 2.737115E-05 | global batch size:    32 | lm loss: 7.987555E+00 | real_seqlen: 4.096000E+03 | loss scale: 1.0 | grad norm: 1.361 | number of skipped iterations:   0 | number of nan iterations:   0 |
 [2026-07-24 14:44:30.647168] iteration       22/     100 | consumed samples:          704 | elapsed time per iteration (ms): 23099.9 | throughput per GPU (TFLOP/s/GPU): 144.7 | learning rate: 2.711172E-05 | global batch size:    32 | lm loss: 7.636380E+00 | real_seqlen: 4.096000E+03 | loss scale: 1.0 | grad norm: 0.970 | number of skipped iterations:   0 | number of nan iterations:   0 |
 [2026-07-24 14:44:53.284276] iteration       23/     100 | consumed samples:          736 | elapsed time per iteration (ms): 22637.0 | throughput per GPU (TFLOP/s/GPU): 147.6 | learning rate: 2.684160E-05 | global batch size:    32 | lm loss: 8.174577E+00 | real_seqlen: 4.096000E+03 | loss scale: 1.0 | grad norm: 1.166 | number of skipped iterations:   0 | number of nan iterations:   0 |
 [2026-07-24 14:45:15.896033] iteration       24/     100 | consumed samples:          768 | elapsed time per iteration (ms): 22611.6 | throughput per GPU (TFLOP/s/GPU): 147.8 | learning rate: 2.656107E-05 | global batch size:    32 | lm loss: 8.083440E+00 | real_seqlen: 4.096000E+03 | loss scale: 1.0 | grad norm: 1.209 | number of skipped iterations:   0 | number of nan iterations:   0 |
 [2026-07-24 14:45:38.499008] iteration       25/     100 | consumed samples:          800 | elapsed time per iteration (ms): 22602.8 | throughput per GPU (TFLOP/s/GPU): 147.9 | learning rate: 2.627041E-05 | global batch size:    32 | lm loss: 8.285277E+00 | real_seqlen: 4.096000E+03 | loss scale: 1.0 | grad norm: 0.759 | number of skipped iterations:   0 | number of nan iterations:   0 |
 [2026-07-24 14:46:02.129675] iteration       26/     100 | consumed samples:          832 | elapsed time per iteration (ms): 23630.5 | throughput per GPU (TFLOP/s/GPU): 141.4 | learning rate: 2.596991E-05 | global batch size:    32 | lm loss: 7.717048E+00 | real_seqlen: 4.096000E+03 | loss scale: 1.0 | grad norm: 0.820 | number of skipped iterations:   0 | number of nan iterations:   0 |
 [2026-07-24 14:46:24.984471] iteration       27/     100 | consumed samples:          864 | elapsed time per iteration (ms): 22854.7 | throughput per GPU (TFLOP/s/GPU): 146.2 | learning rate: 2.565988E-05 | global batch size:    32 | lm loss: 7.683308E+00 | real_seqlen: 4.096000E+03 | loss scale: 1.0 | grad norm: 0.908 | number of skipped iterations:   0 | number of nan iterations:   0 |
 [2026-07-24 14:46:47.608115] iteration       28/     100 | consumed samples:          896 | elapsed time per iteration (ms): 22623.4 | throughput per GPU (TFLOP/s/GPU): 147.7 | learning rate: 2.534062E-05 | global batch size:    32 | lm loss: 7.361581E+00 | real_seqlen: 4.096000E+03 | loss scale: 1.0 | grad norm: 1.048 | number of skipped iterations:   0 | number of nan iterations:   0 |
 [2026-07-24 14:47:10.285672] iteration       29/     100 | consumed samples:          928 | elapsed time per iteration (ms): 22677.3 | throughput per GPU (TFLOP/s/GPU): 147.4 | learning rate: 2.501246E-05 | global batch size:    32 | lm loss: 7.495584E+00 | real_seqlen: 4.096000E+03 | loss scale: 1.0 | grad norm: 0.833 | number of skipped iterations:   0 | number of nan iterations:   0 |
 [2026-07-24 14:47:33.565649] iteration       30/     100 | consumed samples:          960 | elapsed time per iteration (ms): 23279.9 | throughput per GPU (TFLOP/s/GPU): 143.6 | learning rate: 2.467573E-05 | global batch size:    32 | lm loss: 7.444963E+00 | real_seqlen: 4.096000E+03 | loss scale: 1.0 | grad norm: 1.179 | number of skipped iterations:   0 | number of nan iterations:   0 |
 [2026-07-24 14:47:56.383399] iteration       31/     100 | consumed samples:          992 | elapsed time per iteration (ms): 22817.6 | throughput per GPU (TFLOP/s/GPU): 146.5 | learning rate: 2.433077E-05 | global batch size:    32 | lm loss: 7.686930E+00 | real_seqlen: 4.096000E+03 | loss scale: 1.0 | grad norm: 0.802 | number of skipped iterations:   0 | number of nan iterations:   0 |
 [2026-07-24 14:48:19.029011] iteration       32/     100 | consumed samples:         1024 | elapsed time per iteration (ms): 22645.4 | throughput per GPU (TFLOP/s/GPU): 147.6 | learning rate: 2.397792E-05 | global batch size:    32 | lm loss: 6.955688E+00 | real_seqlen: 4.096000E+03 | loss scale: 1.0 | grad norm: 0.769 | number of skipped iterations:   0 | number of nan iterations:   0 |
 [2026-07-24 14:48:41.621026] iteration       33/     100 | consumed samples:         1056 | elapsed time per iteration (ms): 22591.9 | throughput per GPU (TFLOP/s/GPU): 147.9 | learning rate: 2.361754E-05 | global batch size:    32 | lm loss: 6.305331E+00 | real_seqlen: 4.096000E+03 | loss scale: 1.0 | grad norm: 0.707 | number of skipped iterations:   0 | number of nan iterations:   0 |
 [2026-07-24 14:49:05.133104] iteration       34/     100 | consumed samples:         1088 | elapsed time per iteration (ms): 23511.9 | throughput per GPU (TFLOP/s/GPU): 142.1 | learning rate: 2.325000E-05 | global batch size:    32 | lm loss: 7.481617E+00 | real_seqlen: 4.096000E+03 | loss scale: 1.0 | grad norm: 0.854 | number of skipped iterations:   0 | number of nan iterations:   0 |
 [2026-07-24 14:49:27.971295] iteration       35/     100 | consumed samples:         1120 | elapsed time per iteration (ms): 22837.9 | throughput per GPU (TFLOP/s/GPU): 146.3 | learning rate: 2.287566E-05 | global batch size:    32 | lm loss: 6.697573E+00 | real_seqlen: 4.096000E+03 | loss scale: 1.0 | grad norm: 0.795 | number of skipped iterations:   0 | number of nan iterations:   0 |
 [2026-07-24 14:49:50.714334] iteration       36/     100 | consumed samples:         1152 | elapsed time per iteration (ms): 22742.9 | throughput per GPU (TFLOP/s/GPU): 146.9 | learning rate: 2.249490E-05 | global batch size:    32 | lm loss: 6.715153E+00 | real_seqlen: 4.096000E+03 | loss scale: 1.0 | grad norm: 0.660 | number of skipped iterations:   0 | number of nan iterations:   0 |
 [2026-07-24 14:50:15.636003] iteration       37/     100 | consumed samples:         1184 | elapsed time per iteration (ms): 24921.5 | throughput per GPU (TFLOP/s/GPU): 134.1 | learning rate: 2.210810E-05 | global batch size:    32 | lm loss: 6.830235E+00 | real_seqlen: 4.096000E+03 | loss scale: 1.0 | grad norm: 0.702 | number of skipped iterations:   0 | number of nan iterations:   0 |
 [2026-07-24 14:50:38.881184] iteration       38/     100 | consumed samples:         1216 | elapsed time per iteration (ms): 23245.0 | throughput per GPU (TFLOP/s/GPU): 143.8 | learning rate: 2.171566E-05 | global batch size:    32 | lm loss: 6.743766E+00 | real_seqlen: 4.096000E+03 | loss scale: 1.0 | grad norm: 0.602 | number of skipped iterations:   0 | number of nan iterations:   0 |
 [2026-07-24 14:51:01.503997] iteration       39/     100 | consumed samples:         1248 | elapsed time per iteration (ms): 22622.7 | throughput per GPU (TFLOP/s/GPU): 147.7 | learning rate: 2.131796E-05 | global batch size:    32 | lm loss: 6.969730E+00 | real_seqlen: 4.096000E+03 | loss scale: 1.0 | grad norm: 0.794 | number of skipped iterations:   0 | number of nan iterations:   0 |
 [2026-07-24 14:51:26.167932] iteration       40/     100 | consumed samples:         1280 | elapsed time per iteration (ms): 24663.8 | throughput per GPU (TFLOP/s/GPU): 135.5 | learning rate: 2.091542E-05 | global batch size:    32 | lm loss: 6.418262E+00 | real_seqlen: 4.096000E+03 | loss scale: 1.0 | grad norm: 0.625 | number of skipped iterations:   0 | number of nan iterations:   0 |
 [2026-07-24 14:51:50.328405] iteration       41/     100 | consumed samples:         1312 | elapsed time per iteration (ms): 24160.3 | throughput per GPU (TFLOP/s/GPU): 138.3 | learning rate: 2.050843E-05 | global batch size:    32 | lm loss: 7.356940E+00 | real_seqlen: 4.096000E+03 | loss scale: 1.0 | grad norm: 0.533 | number of skipped iterations:   0 | number of nan iterations:   0 |
 [2026-07-24 14:52:13.942961] iteration       42/     100 | consumed samples:         1344 | elapsed time per iteration (ms): 23614.4 | throughput per GPU (TFLOP/s/GPU): 141.5 | learning rate: 2.009740E-05 | global batch size:    32 | lm loss: 6.416885E+00 | real_seqlen: 4.096000E+03 | loss scale: 1.0 | grad norm: 0.664 | number of skipped iterations:   0 | number of nan iterations:   0 |
 [2026-07-24 14:52:36.540893] iteration       43/     100 | consumed samples:         1376 | elapsed time per iteration (ms): 22597.8 | throughput per GPU (TFLOP/s/GPU): 147.9 | learning rate: 1.968275E-05 | global batch size:    32 | lm loss: 6.549942E+00 | real_seqlen: 4.096000E+03 | loss scale: 1.0 | grad norm: 0.682 | number of skipped iterations:   0 | number of nan iterations:   0 |
 [2026-07-24 14:52:59.130972] iteration       44/     100 | consumed samples:         1408 | elapsed time per iteration (ms): 22589.9 | throughput per GPU (TFLOP/s/GPU): 147.9 | learning rate: 1.926489E-05 | global batch size:    32 | lm loss: 7.106426E+00 | real_seqlen: 4.096000E+03 | loss scale: 1.0 | grad norm: 0.642 | number of skipped iterations:   0 | number of nan iterations:   0 |
 [2026-07-24 14:53:22.998758] iteration       45/     100 | consumed samples:         1440 | elapsed time per iteration (ms): 23867.6 | throughput per GPU (TFLOP/s/GPU): 140.0 | learning rate: 1.884425E-05 | global batch size:    32 | lm loss: 6.560128E+00 | real_seqlen: 4.096000E+03 | loss scale: 1.0 | grad norm: 0.563 | number of skipped iterations:   0 | number of nan iterations:   0 |
 [2026-07-24 14:53:45.890815] iteration       46/     100 | consumed samples:         1472 | elapsed time per iteration (ms): 22891.9 | throughput per GPU (TFLOP/s/GPU): 146.0 | learning rate: 1.842125E-05 | global batch size:    32 | lm loss: 6.123799E+00 | real_seqlen: 4.096000E+03 | loss scale: 1.0 | grad norm: 0.523 | number of skipped iterations:   0 | number of nan iterations:   0 |
 [2026-07-24 14:54:08.800805] iteration       47/     100 | consumed samples:         1504 | elapsed time per iteration (ms): 22909.9 | throughput per GPU (TFLOP/s/GPU): 145.9 | learning rate: 1.799632E-05 | global batch size:    32 | lm loss: 6.592334E+00 | real_seqlen: 4.096000E+03 | loss scale: 1.0 | grad norm: 0.542 | number of skipped iterations:   0 | number of nan iterations:   0 |
 [2026-07-24 14:54:31.419179] iteration       48/     100 | consumed samples:         1536 | elapsed time per iteration (ms): 22618.2 | throughput per GPU (TFLOP/s/GPU): 147.8 | learning rate: 1.756988E-05 | global batch size:    32 | lm loss: 6.487838E+00 | real_seqlen: 4.096000E+03 | loss scale: 1.0 | grad norm: 1.008 | number of skipped iterations:   0 | number of nan iterations:   0 |
 [2026-07-24 14:54:54.018295] iteration       49/     100 | consumed samples:         1568 | elapsed time per iteration (ms): 22598.9 | throughput per GPU (TFLOP/s/GPU): 147.9 | learning rate: 1.714236E-05 | global batch size:    32 | lm loss: 6.282372E+00 | real_seqlen: 4.096000E+03 | loss scale: 1.0 | grad norm: 0.621 | number of skipped iterations:   0 | number of nan iterations:   0 |
 [2026-07-24 14:55:17.045650] iteration       50/     100 | consumed samples:         1600 | elapsed time per iteration (ms): 23027.2 | throughput per GPU (TFLOP/s/GPU): 145.1 | learning rate: 1.671419E-05 | global batch size:    32 | lm loss: 6.326979E+00 | real_seqlen: 4.096000E+03 | loss scale: 1.0 | grad norm: 0.558 | number of skipped iterations:   0 | number of nan iterations:   0 |
 [2026-07-24 14:55:40.383942] iteration       51/     100 | consumed samples:         1632 | elapsed time per iteration (ms): 23338.1 | throughput per GPU (TFLOP/s/GPU): 143.2 | learning rate: 1.628581E-05 | global batch size:    32 | lm loss: 6.011653E+00 | real_seqlen: 4.096000E+03 | loss scale: 1.0 | grad norm: 0.579 | number of skipped iterations:   0 | number of nan iterations:   0 |
 [2026-07-24 14:56:03.085332] iteration       52/     100 | consumed samples:         1664 | elapsed time per iteration (ms): 22701.3 | throughput per GPU (TFLOP/s/GPU): 147.2 | learning rate: 1.585764E-05 | global batch size:    32 | lm loss: 7.269727E+00 | real_seqlen: 4.096000E+03 | loss scale: 1.0 | grad norm: 0.580 | number of skipped iterations:   0 | number of nan iterations:   0 |
 [2026-07-24 14:56:25.801412] iteration       53/     100 | consumed samples:         1696 | elapsed time per iteration (ms): 22716.0 | throughput per GPU (TFLOP/s/GPU): 147.1 | learning rate: 1.543013E-05 | global batch size:    32 | lm loss: 6.255036E+00 | real_seqlen: 4.096000E+03 | loss scale: 1.0 | grad norm: 0.549 | number of skipped iterations:   0 | number of nan iterations:   0 |
 [2026-07-24 14:56:49.424077] iteration       54/     100 | consumed samples:         1728 | elapsed time per iteration (ms): 23622.4 | throughput per GPU (TFLOP/s/GPU): 141.5 | learning rate: 1.500368E-05 | global batch size:    32 | lm loss: 6.217706E+00 | real_seqlen: 4.096000E+03 | loss scale: 1.0 | grad norm: 0.513 | number of skipped iterations:   0 | number of nan iterations:   0 |
 [2026-07-24 14:57:12.640748] iteration       55/     100 | consumed samples:         1760 | elapsed time per iteration (ms): 23216.5 | throughput per GPU (TFLOP/s/GPU): 143.9 | learning rate: 1.457875E-05 | global batch size:    32 | lm loss: 6.427047E+00 | real_seqlen: 4.096000E+03 | loss scale: 1.0 | grad norm: 0.552 | number of skipped iterations:   0 | number of nan iterations:   0 |
 [2026-07-24 14:57:35.237346] iteration       56/     100 | consumed samples:         1792 | elapsed time per iteration (ms): 22596.5 | throughput per GPU (TFLOP/s/GPU): 147.9 | learning rate: 1.415575E-05 | global batch size:    32 | lm loss: 6.088439E+00 | real_seqlen: 4.096000E+03 | loss scale: 1.0 | grad norm: 0.507 | number of skipped iterations:   0 | number of nan iterations:   0 |
 [2026-07-24 14:57:57.861017] iteration       57/     100 | consumed samples:         1824 | elapsed time per iteration (ms): 22623.5 | throughput per GPU (TFLOP/s/GPU): 147.7 | learning rate: 1.373511E-05 | global batch size:    32 | lm loss: 6.193801E+00 | real_seqlen: 4.096000E+03 | loss scale: 1.0 | grad norm: 0.566 | number of skipped iterations:   0 | number of nan iterations:   0 |
 [2026-07-24 14:58:21.103159] iteration       58/     100 | consumed samples:         1856 | elapsed time per iteration (ms): 23242.0 | throughput per GPU (TFLOP/s/GPU): 143.8 | learning rate: 1.331725E-05 | global batch size:    32 | lm loss: 5.994785E+00 | real_seqlen: 4.096000E+03 | loss scale: 1.0 | grad norm: 0.523 | number of skipped iterations:   0 | number of nan iterations:   0 |
