usage: numactl [--all | -a] [--interleave= | -i <nodes>] [--preferred= | -p <node>]
               [--physcpubind= | -C <cpus>] [--cpunodebind= | -N <nodes>]
               [--membind= | -m <nodes>] [--localalloc | -l] command args ...
       numactl [--show | -s]
       numactl [--hardware | -H]
       numactl [--length | -l <length>] [--offset | -o <offset>] [--shmmode | -M <shmmode>]
               [--strict | -t]
               [--shmid | -I <id>] --shm | -S <shmkeyfile>
               [--shmid | -I <id>] --file | -f <tmpfsfile>
               [--huge | -u] [--touch | -T] 
               memory policy | --dump | -d | --dump-nodes | -D

memory policy is --interleave | -i, --preferred | -p, --membind | -m, --localalloc | -l
<nodes> is a comma delimited list of node numbers or A-B ranges or all.
Instead of a number a node can also be:
  netdev:DEV the node connected to network device DEV
  file:PATH  the node the block device of path is connected to
  ip:HOST    the node of the network device host routes through
  block:PATH the node of block device path
  pci:[seg:]bus:dev[:func] The node of a PCI device
<cpus> is a comma delimited list of cpu numbers or A-B ranges or all
all ranges can be inverted with !
all numbers and ranges can be made cpuset-relative with +
the old --cpubind argument is deprecated.
use --cpunodebind or --physcpubind instead
<length> can have g (GB), m (MB) or k (KB) suffixes
usage: numactl [--all | -a] [--interleave= | -i <nodes>] [--preferred= | -p <node>]
               [--physcpubind= | -C <cpus>] [--cpunodebind= | -N <nodes>]
               [--membind= | -m <nodes>] [--localalloc | -l] command args ...
       numactl [--show | -s]
       numactl [--hardware | -H]
       numactl [--length | -l <length>] [--offset | -o <offset>] [--shmmode | -M <shmmode>]
               [--strict | -t]
               [--shmid | -I <id>] --shm | -S <shmkeyfile>
               [--shmid | -I <id>] --file | -f <tmpfsfile>
               [--huge | -u] [--touch | -T] 
               memory policy | --dump | -d | --dump-nodes | -D

memory policy is --interleave | -i, --preferred | -p, --membind | -m, --localalloc | -l
<nodes> is a comma delimited list of node numbers or A-B ranges or all.
Instead of a number a node can also be:
  netdev:DEV the node connected to network device DEV
  file:PATH  the node the block device of path is connected to
  ip:HOST    the node of the network device host routes through
  block:PATH the node of block device path
  pci:[seg:]bus:dev[:func] The node of a PCI device
<cpus> is a comma delimited list of cpu numbers or A-B ranges or all
all ranges can be inverted with !
all numbers and ranges can be made cpuset-relative with +
the old --cpubind argument is deprecated.
use --cpunodebind or --physcpubind instead
<length> can have g (GB), m (MB) or k (KB) suffixes
libnuma: Warning: node argument 3 is out of range

usage: numactl [--all | -a] [--interleave= | -i <nodes>] [--preferred= | -p <node>]
               [--physcpubind= | -C <cpus>] [--cpunodebind= | -N <nodes>]
               [--membind= | -m <nodes>] [--localalloc | -l] command args ...
       numactl [--show | -s]
       numactl [--hardware | -H]
       numactl [--length | -l <length>] [--offset | -o <offset>] [--shmmode | -M <shmmode>]
               [--strict | -t]
               [--shmid | -I <id>] --shm | -S <shmkeyfile>
               [--shmid | -I <id>] --file | -f <tmpfsfile>
               [--huge | -u] [--touch | -T] 
               memory policy | --dump | -d | --dump-nodes | -D

memory policy is --interleave | -i, --preferred | -p, --membind | -m, --localalloc | -l
<nodes> is a comma delimited list of node numbers or A-B ranges or all.
Instead of a number a node can also be:
  netdev:DEV the node connected to network device DEV
  file:PATH  the node the block device of path is connected to
  ip:HOST    the node of the network device host routes through
  block:PATH the node of block device path
  pci:[seg:]bus:dev[:func] The node of a PCI device
<cpus> is a comma delimited list of cpu numbers or A-B ranges or all
all ranges can be inverted with !
all numbers and ranges can be made cpuset-relative with +
the old --cpubind argument is deprecated.
use --cpunodebind or --physcpubind instead
<length> can have g (GB), m (MB) or k (KB) suffixes
<3> is invalid
libnuma: Warning: node argument 2 is out of range

usage: numactl [--all | -a] [--interleave= | -i <nodes>] [--preferred= | -p <node>]
               [--physcpubind= | -C <cpus>] [--cpunodebind= | -N <nodes>]
               [--membind= | -m <nodes>] [--localalloc | -l] command args ...
       numactl [--show | -s]
       numactl [--hardware | -H]
       numactl [--length | -l <length>] [--offset | -o <offset>] [--shmmode | -M <shmmode>]
               [--strict | -t]
               [--shmid | -I <id>] --shm | -S <shmkeyfile>
               [--shmid | -I <id>] --file | -f <tmpfsfile>
               [--huge | -u] [--touch | -T] 
               memory policy | --dump | -d | --dump-nodes | -D

memory policy is --interleave | -i, --preferred | -p, --membind | -m, --localalloc | -l
<nodes> is a comma delimited list of node numbers or A-B ranges or all.
Instead of a number a node can also be:
  netdev:DEV the node connected to network device DEV
  file:PATH  the node the block device of path is connected to
  ip:HOST    the node of the network device host routes through
  block:PATH the node of block device path
  pci:[seg:]bus:dev[:func] The node of a PCI device
<cpus> is a comma delimited list of cpu numbers or A-B ranges or all
all ranges can be inverted with !
all numbers and ranges can be made cpuset-relative with +
the old --cpubind argument is deprecated.
use --cpunodebind or --physcpubind instead
<length> can have g (GB), m (MB) or k (KB) suffixes
<2> is invalid
libnuma: Warning: node argument 4 is out of range

usage: numactl [--all | -a] [--interleave= | -i <nodes>] [--preferred= | -p <node>]
               [--physcpubind= | -C <cpus>] [--cpunodebind= | -N <nodes>]
               [--membind= | -m <nodes>] [--localalloc | -l] command args ...
       numactl [--show | -s]
       numactl [--hardware | -H]
       numactl [--length | -l <length>] [--offset | -o <offset>] [--shmmode | -M <shmmode>]
               [--strict | -t]
               [--shmid | -I <id>] --shm | -S <shmkeyfile>
               [--shmid | -I <id>] --file | -f <tmpfsfile>
               [--huge | -u] [--touch | -T] 
               memory policy | --dump | -d | --dump-nodes | -D

memory policy is --interleave | -i, --preferred | -p, --membind | -m, --localalloc | -l
<nodes> is a comma delimited list of node numbers or A-B ranges or all.
Instead of a number a node can also be:
  netdev:DEV the node connected to network device DEV
  file:PATH  the node the block device of path is connected to
  ip:HOST    the node of the network device host routes through
  block:PATH the node of block device path
  pci:[seg:]bus:dev[:func] The node of a PCI device
<cpus> is a comma delimited list of cpu numbers or A-B ranges or all
all ranges can be inverted with !
all numbers and ranges can be made cpuset-relative with +
the old --cpubind argument is deprecated.
use --cpunodebind or --physcpubind instead
<length> can have g (GB), m (MB) or k (KB) suffixes
<4> is invalid
libnuma: Warning: node argument 5 is out of range

usage: numactl [--all | -a] [--interleave= | -i <nodes>] [--preferred= | -p <node>]
               [--physcpubind= | -C <cpus>] [--cpunodebind= | -N <nodes>]
               [--membind= | -m <nodes>] [--localalloc | -l] command args ...
       numactl [--show | -s]
       numactl [--hardware | -H]
       numactl [--length | -l <length>] [--offset | -o <offset>] [--shmmode | -M <shmmode>]
               [--strict | -t]
               [--shmid | -I <id>] --shm | -S <shmkeyfile>
               [--shmid | -I <id>] --file | -f <tmpfsfile>
               [--huge | -u] [--touch | -T] 
               memory policy | --dump | -d | --dump-nodes | -D

memory policy is --interleave | -i, --preferred | -p, --membind | -m, --localalloc | -l
<nodes> is a comma delimited list of node numbers or A-B ranges or all.
Instead of a number a node can also be:
  netdev:DEV the node connected to network device DEV
  file:PATH  the node the block device of path is connected to
  ip:HOST    the node of the network device host routes through
  block:PATH the node of block device path
  pci:[seg:]bus:dev[:func] The node of a PCI device
<cpus> is a comma delimited list of cpu numbers or A-B ranges or all
all ranges can be inverted with !
all numbers and ranges can be made cpuset-relative with +
the old --cpubind argument is deprecated.
use --cpunodebind or --physcpubind instead
<length> can have g (GB), m (MB) or k (KB) suffixes
<5> is invalid
libnuma: Warning: node argument 6 is out of range

usage: numactl [--all | -a] [--interleave= | -i <nodes>] [--preferred= | -p <node>]
               [--physcpubind= | -C <cpus>] [--cpunodebind= | -N <nodes>]
               [--membind= | -m <nodes>] [--localalloc | -l] command args ...
       numactl [--show | -s]
       numactl [--hardware | -H]
       numactl [--length | -l <length>] [--offset | -o <offset>] [--shmmode | -M <shmmode>]
               [--strict | -t]
               [--shmid | -I <id>] --shm | -S <shmkeyfile>
               [--shmid | -I <id>] --file | -f <tmpfsfile>
               [--huge | -u] [--touch | -T] 
               memory policy | --dump | -d | --dump-nodes | -D

memory policy is --interleave | -i, --preferred | -p, --membind | -m, --localalloc | -l
<nodes> is a comma delimited list of node numbers or A-B ranges or all.
Instead of a number a node can also be:
  netdev:DEV the node connected to network device DEV
  file:PATH  the node the block device of path is connected to
  ip:HOST    the node of the network device host routes through
  block:PATH the node of block device path
  pci:[seg:]bus:dev[:func] The node of a PCI device
<cpus> is a comma delimited list of cpu numbers or A-B ranges or all
all ranges can be inverted with !
all numbers and ranges can be made cpuset-relative with +
the old --cpubind argument is deprecated.
use --cpunodebind or --physcpubind instead
<length> can have g (GB), m (MB) or k (KB) suffixes
<6> is invalid
libnuma: Warning: node argument 7 is out of range

usage: numactl [--all | -a] [--interleave= | -i <nodes>] [--preferred= | -p <node>]
               [--physcpubind= | -C <cpus>] [--cpunodebind= | -N <nodes>]
               [--membind= | -m <nodes>] [--localalloc | -l] command args ...
       numactl [--show | -s]
       numactl [--hardware | -H]
       numactl [--length | -l <length>] [--offset | -o <offset>] [--shmmode | -M <shmmode>]
               [--strict | -t]
               [--shmid | -I <id>] --shm | -S <shmkeyfile>
               [--shmid | -I <id>] --file | -f <tmpfsfile>
               [--huge | -u] [--touch | -T] 
               memory policy | --dump | -d | --dump-nodes | -D

memory policy is --interleave | -i, --preferred | -p, --membind | -m, --localalloc | -l
<nodes> is a comma delimited list of node numbers or A-B ranges or all.
Instead of a number a node can also be:
  netdev:DEV the node connected to network device DEV
  file:PATH  the node the block device of path is connected to
  ip:HOST    the node of the network device host routes through
  block:PATH the node of block device path
  pci:[seg:]bus:dev[:func] The node of a PCI device
<cpus> is a comma delimited list of cpu numbers or A-B ranges or all
all ranges can be inverted with !
all numbers and ranges can be made cpuset-relative with +
the old --cpubind argument is deprecated.
use --cpunodebind or --physcpubind instead
<length> can have g (GB), m (MB) or k (KB) suffixes
<7> is invalid
INFO 07-24 16:58:21 [__init__.py:217] Automatically detected platform rocm.
INFO 07-24 16:58:21 [__init__.py:217] Automatically detected platform rocm.
INFO 07-24 16:58:21 [__init__.py:217] Automatically detected platform rocm.
INFO 07-24 16:58:21 [__init__.py:217] Automatically detected platform rocm.
INFO 07-24 16:58:21 [__init__.py:217] Automatically detected platform rocm.
INFO 07-24 16:58:21 [__init__.py:217] Automatically detected platform rocm.
INFO 07-24 16:58:21 [__init__.py:217] Automatically detected platform rocm.
INFO 07-24 16:58:21 [__init__.py:217] Automatically detected platform rocm.
LANG_RL Log directory: None
LANG_RL Log directory: None
LANG_RL Log directory: None
LANG_RL Log directory: None
LANG_RL Log directory: None
LANG_RL Log directory: None
LANG_RL Log directory: None
LANG_RL Log directory: None
using world size: 8, data-parallel size: 8, context-parallel size: 1, hierarchical context-parallel sizes: None, tensor-model-parallel size: 1, pipeline-model-parallel size: 1
Number of virtual stages per pipeline stage: None
accumulate and all-reduce gradients in fp32 for bfloat16 data type.
using torch.bfloat16 for parameters ...
------------------------ arguments ------------------------
  account_for_embedding_in_pipeline_split ......... False
  account_for_loss_in_pipeline_split .............. False
  accumulate_allreduce_grads_in_fp32 .............. True
  activation_func_clamp_value ..................... None
  adam_beta1 ...................................... 0.9
  adam_beta2 ...................................... 0.95
  adam_eps ........................................ 1e-08
  add_bias_linear ................................. False
  add_position_embedding .......................... True
  add_qkv_bias .................................... False
  adlr_autoresume ................................. False
  adlr_autoresume_interval ........................ 1000
  align_grad_reduce ............................... True
  align_param_gather .............................. False
  allow_ambiguous_pad_tokens ...................... False
  app_tag_run_name ................................ None
  app_tag_run_version ............................. 0.0.0
  apply_query_key_layer_scaling ................... False
  apply_residual_connection_post_layernorm ........ False
  apply_rope_fusion ............................... True
  apply_wd_to_qk_layernorm ........................ False
  async_ckpt_cpu_priority ......................... 10
  async_ckpt_io_priority .......................... 3
  async_save ...................................... False
  async_strategy .................................. nvrx
  attention_backend ............................... AttnBackend.auto
  attention_dropout ............................... 0.0
  attention_output_gate ........................... False
  attention_softmax_in_fp32 ....................... False
  auto_detect_ckpt_format ......................... False
  barrier_with_L1_time ............................ True
  batch_invariant_mode ............................ False
  bert_binary_head ................................ True
  bert_embedder_type .............................. megatron
  bert_load ....................................... None
  bf16 ............................................ True
  bias_dropout_fusion ............................. True
  bias_gelu_fusion ................................ False
  bias_swiglu_fusion .............................. True
  biencoder_projection_dim ........................ 0
  biencoder_shared_query_context_model ............ False
  block_data_path ................................. None
  bridge_hf_model ................................. None
  cache_mla_latents ............................... False
  calc_ft_timeouts ................................ False
  calculate_per_token_loss ........................ False
  check_for_large_grads ........................... False
  check_for_nan_in_loss_and_grad .................. True
  check_for_spiky_loss ............................ False
  check_weight_hash_across_dp_replicas_interval ... None
  ckpt_assume_constant_structure .................. False
  ckpt_convert_format ............................. None
  ckpt_convert_save ............................... None
  ckpt_convert_update_legacy_dist_opt_format ...... False
  ckpt_format ..................................... torch
  ckpt_fully_parallel_load ........................ False
  ckpt_fully_parallel_load_exchange_algo .......... broadcast
  ckpt_fully_parallel_load_process_group .......... dp
  ckpt_fully_parallel_save ........................ True
  ckpt_fully_parallel_save_deprecated ............. False
  ckpt_fully_parallel_save_process_group .......... dp
  ckpt_step ....................................... None
  classes_fraction ................................ 1.0
  clip_grad ....................................... 1.0
  clone_scatter_output_in_embedding ............... True
  collect_log_path ................................ ./logs
  comm_time_log_iter .............................. None
  config_logger_dir ............................... 
  consumed_train_samples .......................... 0
  consumed_valid_samples .......................... 0
  context_parallel_size ........................... 1
  cp_comm_type .................................... ['p2p']
  cpu_offloading_num_layers ....................... 0
  cpu_offloading_retain_pinned_cpu_buffers ........ False
  create_all_gather_group ......................... False
  create_attention_mask_in_dataloader ............. True
  cross_entropy_fusion_impl ....................... native
  cross_entropy_loss_fusion ....................... False
  cuda_graph_impl ................................. none
  cuda_graph_scope ................................ []
  cuda_graph_warmup_steps ......................... 3
  data_args_path .................................. None
  data_cache_path ................................. None
  data_parallel_random_init ....................... False
  data_parallel_sharding_strategy ................. no_shard
  data_parallel_size .............................. 8
  data_path ....................................... ['/workspace/qwen3/mmap_qwen3_datasets_text_document']
  data_per_class_fraction ......................... 1.0
  data_sharding ................................... True
  dataloader_defer_npy_index_mmap ................. False
  dataloader_fast_cache_load ...................... False
  dataloader_type ................................. single
  ddp_average_in_collective ....................... True
  ddp_bucket_size ................................. None
  ddp_num_buckets ................................. None
  ddp_pad_buckets_for_high_nccl_busbw ............. False
  ddp_param_name_patterns_for_fp32_local_accumulation  []
  ddp_reduce_scatter_with_fp32_accumulation ....... False
  decode_only_cuda_graphs ......................... False
  decoder_first_pipeline_num_layers ............... None
  decoder_last_pipeline_num_layers ................ None
  decoder_num_layers .............................. None
  decoder_seq_length .............................. None
  decoupled_lr .................................... None
  decoupled_min_lr ................................ None
  decrease_batch_size_if_needed ................... False
  defer_embedding_wgrad_compute ................... False
  delay_1f1b_cooldown_wgrad_compute ............... False
  delay_wgrad_compute ............................. False
  deprecated_use_mcore_models ..................... True
  deterministic_mode .............................. False
  dino_bottleneck_size ............................ 256
  dino_freeze_last_layer .......................... 1
  dino_head_hidden_size ........................... 2048
  dino_local_crops_number ......................... 10
  dino_local_img_size ............................. 96
  dino_norm_last_layer ............................ False
  dino_teacher_temp ............................... 0.07
  dino_warmup_teacher_temp ........................ 0.04
  dino_warmup_teacher_temp_epochs ................. 30
  disable_backward_fusion ......................... False
  disable_bf16_reduced_precision_matmul ........... False
  disable_jit_fuser ............................... False
  disable_straggler_on_startup .................... False
  disable_symmetric_registration .................. False
  dist_ckpt_format_deprecated ..................... None
  dist_ckpt_optim_fully_reshardable ............... False
  dist_ckpt_save_pre_mcore_014 .................... False
  dist_ckpt_strictness ............................ assume_ok_unexpected
  dist_ckpt_workers ............................... 1
  dist_url ........................................ tcp://10.16.1.5:25900
  distrib_optim_fully_reshardable_mem_efficient ... False
  distribute_saved_activations .................... False
  distributed_backend ............................. nccl
  distributed_timeout_minutes ..................... 10
  distributed_timeout_seconds_after_init .......... None
  dsa_indexer_head_dim ............................ None
  dsa_indexer_loss_coeff .......................... None
  dsa_indexer_n_heads ............................. None
  dsa_indexer_topk ................................ None
  dsa_indexer_use_sparse_loss ..................... False
  dump_param_to_param_group_map ................... None
  embedding_init_method_std ....................... None
  embedding_path .................................. None
  empty_unused_memory_level ....................... 0
  enable_a2a_overlap_only_in_1f1b_phase ........... False
  enable_bw_flux_gemmrs_op ........................ True
  enable_chunked_prefill .......................... False
  enable_cuda_graph ............................... False
  enable_dynamic_grad_comp ........................ False
  enable_experimental ............................. False
  enable_ft_package ............................... False
  enable_full_sharding_in_hsdp .................... False
  enable_gpt_oss .................................. False
  enable_hyper_connections ........................ False
  enable_msc ...................................... True
  enable_one_logger ............................... True
  enable_pre_init_ep_overlap_streams .............. False
  enable_vocab_parallel ........................... False
  encoder_num_layers .............................. 48
  encoder_seq_length .............................. 4096
  end_weight_decay ................................ 0.1
  eod_mask_loss ................................... False
  ep_overlap_early_attn_memory_release ............ False
  ep_overlap_early_recompute ...................... False
  error_injection_rate ............................ 0
  error_injection_type ............................ transient_error
  eval_interval ................................... 1000
  eval_iters ...................................... 5
  evidence_data_path .............................. None
  exit_duration_in_mins ........................... None
  exit_interval ................................... None
  exit_on_missing_checkpoint ...................... False
  exit_signal ..................................... 15
  exit_signal_handler ............................. False
  exit_signal_handler_for_dataloader .............. False
  exit_signal_handler_for_training ................ False
  exp_avg_dtype ................................... torch.float32
  exp_avg_sq_dtype ................................ torch.float32
  experimental_attention_variant .................. None
  expert_model_parallel_size ...................... 8
  expert_tensor_parallel_size ..................... 1
  export_default_te_spec .......................... False
  export_force_local_attention .................... False
  export_kd_cfg ................................... None
  export_kd_teacher_ckpt_format ................... None
  export_kd_teacher_load .......................... None
  export_kd_teacher_model_config .................. None
  export_kv_cache_quant ........................... none
  export_legacy_megatron .......................... False
  export_model_type ............................... GPTModel
  export_moe_apply_probs_on_input ................. False
  export_offline_model ............................ False
  export_qk_l2_norm ............................... False
  export_quant_cfg ................................ None
  export_real_quant_cfg ........................... None
  export_te_mcore_model ........................... False
  external_cuda_graph ............................. False
  extra_vocab_size ................................ 0
  fake_process_group .............................. False
  ffn_hidden_size ................................. 6144
  fim_data ........................................ False
  fim_eod_token ................................... <|endoftext|>
  fim_fragment_rate ............................... None
  fim_middle_token ................................ <fim_middle>
  fim_no_prefix ................................... None
  fim_pad_token ................................... <fim_pad>
  fim_prefix_token ................................ <fim_prefix>
  fim_rate ........................................ 0.5
  fim_split_sample ................................ None
  fim_spm_rate .................................... 0.5
  fim_suffix_token ................................ <fim_suffix>
  fine_grained_activation_offloading .............. False
  finetune ........................................ False
  finetune_data_split ............................. train
  finetune_hf_dataset ............................. None
  first_last_layers_bf16 .......................... False
  flash_decode .................................... False
  flight_recorder_dump_on_timeout ................. True
  flight_recorder_dump_path ....................... None
  flight_recorder_extra_dump_on_exec .............. True
  flight_recorder_include_only_active ............. True
  flight_recorder_include_stack_trace ............. False
  flight_recorder_trace_buffer_size ............... 2000
  flux_transpose_weight ........................... False
  fp16 ............................................ False
  fp16_lm_cross_entropy ........................... False
  fp32_residual_connection ........................ False
  fp4 ............................................. None
  fp4_param ....................................... False
  fp4_quantizer_factory ........................... None
  fp4_recipe ...................................... nvfp4
  fp8 ............................................. None
  fp8_amax_compute_algo ........................... most_recent
  fp8_amax_history_len ............................ 1
  fp8_interval .................................... 1
  fp8_margin ...................................... 0
  fp8_param_gather ................................ False
  fp8_quantizer_factory ........................... None
  fp8_recipe ...................................... delayed
  fp8_wgrad ....................................... True
  fsdp_double_buffer .............................. False
  fsdp_manual_registration ........................ False
  ft_num_warmup_iters ............................. 5
  full_validation ................................. False
  fused_residual_rmsnorm .......................... False
  global_batch_size ............................... 32
  glu_linear_offset ............................... 0.0
  grad_comp ....................................... False
  grad_comp_warm_up ............................... 0.1
  grad_reduce_in_bf16 ............................. False
  gradient_accumulation_fusion .................... True
  gradient_reduce_div_fusion ...................... True
  gradient_sample_ratio ........................... 1.0
  group_query_attention ........................... True
  grpo_clamp_eps_lower ............................ 0.01
  grpo_clamp_eps_upper ............................ 0.01
  grpo_entropy_term_weight ........................ 0.0
  grpo_filter_groups_with_same_reward ............. False
  grpo_group_size ................................. 2
  grpo_iterations ................................. 2
  grpo_kl_beta .................................... 0.001
  grpo_prompts_per_step ........................... 32
  head_lr_mult .................................... 1.0
  heterogeneous_layers_config_encoded_json ........ None
  heterogeneous_layers_config_path ................ None
  hidden_dropout .................................. 0.0
  hidden_size ..................................... 2048
  hierarchical_context_parallel_sizes ............. None
  high_priority_stream_groups ..................... []
  hybrid_context_parallel ......................... False
  hybrid_layer_pattern ............................ None
  hybrid_override_pattern ......................... None
  hysteresis ...................................... 2
  ict_head_size ................................... None
  ict_load ........................................ None
  img_h ........................................... 224
  img_w ........................................... 224
  indexer_batch_size .............................. 128
  indexer_log_interval ............................ 1000
  inference_batch_times_seqlen_threshold .......... -1
  inference_coordinator_port ...................... None
  inference_disable_triton_nvls_kernels ........... False
  inference_dynamic_batching ...................... False
  inference_dynamic_batching_block_size ........... 256
  inference_dynamic_batching_buffer_size_gb ....... 40.0
  inference_dynamic_batching_cuda_graph_max_tokens  16384
  inference_dynamic_batching_cuda_graph_mixed_prefill_count  16
  inference_dynamic_batching_enable_prefix_caching  False
  inference_dynamic_batching_mamba_memory_ratio ... None
  inference_dynamic_batching_max_requests ......... None
  inference_dynamic_batching_max_tokens ........... None
  inference_dynamic_batching_num_cuda_graphs ...... 16
  inference_dynamic_batching_paused_buffer_size_gb  None
  inference_dynamic_batching_prefix_caching_coordinator_policy  first_prefix_block
  inference_dynamic_batching_prefix_caching_eviction_policy  ref_zero
  inference_dynamic_batching_prefix_caching_mamba_gb  None
  inference_dynamic_batching_prefix_caching_routing_alpha  0.5
  inference_dynamic_batching_track_generated_token_events  False
  inference_dynamic_batching_track_paused_request_events  False
  inference_dynamic_batching_unified_memory_level . 0
  inference_fuse_tp_communication ................. False
  inference_grouped_gemm_backend .................. auto
  inference_logging_step_interval ................. 0
  inference_max_requests .......................... 8
  inference_max_seq_length ........................ 2560
  inference_moe_disable_fused_quant_kernels ....... False
  inference_rng_tracker ........................... False
  inference_text_gen_server_logging ............... False
  inference_use_synchronous_zmq_collectives ....... False
  inference_wandb_logging ......................... False
  init_method_std ................................. 0.006
  init_method_xavier_uniform ...................... False
  init_model_with_meta_device ..................... False
  initial_loss_scale .............................. 4294967296
  inprocess_active_world_size ..................... 8
  inprocess_barrier_timeout ....................... 120
  inprocess_completion_timeout .................... 120
  inprocess_empty_cuda_cache ...................... False
  inprocess_granularity ........................... node
  inprocess_hard_timeout .......................... 90
  inprocess_heartbeat_interval .................... 30
  inprocess_heartbeat_timeout ..................... 60
  inprocess_last_call_wait ........................ 1
  inprocess_max_iterations ........................ None
  inprocess_monitor_process_interval .............. 1.0
  inprocess_monitor_thread_interval ............... 1.0
  inprocess_progress_watchdog_interval ............ 1.0
  inprocess_restart ............................... False
  inprocess_soft_timeout .......................... 60
  inprocess_termination_grace_time ................ 1
  integrate_recompute_to_ep_comm_overlap .......... False
  is_hybrid_model ................................. False
  iter_per_epoch .................................. 1250
  iteration_sample_ratio .......................... 0.01
  iterations_to_skip .............................. []
  keep_fp8_transpose_cache ........................ False
  kitchen_attention_backend ....................... sdpa
  kv_channels ..................................... 128
  kv_lora_rank .................................... 32
  langrl_env_config ............................... None
  layernorm_epsilon ............................... 1e-05
  layernorm_zero_centered_gamma ................... False
  lazy_mpu_init ................................... False
  linear_attention_freq ........................... None
  linear_conv_kernel_dim .......................... 4
  linear_key_head_dim ............................. 128
  linear_num_key_heads ............................ 16
  linear_num_value_heads .......................... 32
  linear_value_head_dim ........................... 128
  lion_beta1 ...................................... 0.95
  lion_beta2 ...................................... 0.98
  load ............................................ None
  load_main_params_from_ckpt ...................... False
  load_weights .................................... False
  local_rank ...................................... 0
  log_device_memory_used .......................... False
  log_energy ...................................... False
  log_interval .................................... 1
  log_loss_scale_to_tensorboard ................... True
  log_max_attention_logit ......................... False
  log_memory_interval ............................. None
  log_memory_to_tensorboard ....................... False
  log_num_zeros_in_grad ........................... False
  log_params_norm ................................. False
  log_progress .................................... False
  log_straggler ................................... False
  log_throughput .................................. True
  log_timers_to_tensorboard ....................... False
  log_validation_ppl_to_tensorboard ............... False
  log_world_size_to_tensorboard ................... False
  logging_level ................................... None
  loss_scale ...................................... None
  loss_scale_window ............................... 1000
  lr .............................................. 1e-06
  lr_decay_iters .................................. None
  lr_decay_samples ................................ None
  lr_decay_style .................................. cosine
  lr_warmup_fraction .............................. None
  lr_warmup_init .................................. 0.0
  lr_warmup_iters ................................. 1
  lr_warmup_samples ............................... 0
  lr_wsd_decay_iters .............................. None
  lr_wsd_decay_samples ............................ None
  lr_wsd_decay_style .............................. exponential
  main_grads_dtype ................................ torch.float32
  main_params_dtype ............................... torch.float32
  make_vocab_size_divisible_by .................... 128
  mamba_head_dim .................................. 64
  mamba_inference_conv_states_dtype ............... torch.bfloat16
  mamba_inference_ssm_states_dtype ................ torch.bfloat16
  mamba_num_groups ................................ 8
  mamba_num_heads ................................. None
  mamba_state_dim ................................. 128
  manual_gc ....................................... False
  manual_gc_eval .................................. True
  manual_gc_interval .............................. 0
  mask_factor ..................................... 1.0
  mask_prob ....................................... 0.15
  mask_type ....................................... random
  masked_softmax_fusion ........................... True
  max_position_embeddings ......................... 40960
  max_seqlen_per_dp_cp_rank ....................... None
  max_tokens_to_oom ............................... 12000
  megatron_fsdp_grad_comm_dtype ................... None
  megatron_fsdp_main_grads_dtype .................. None
  megatron_fsdp_main_params_dtype ................. torch.float32
  memory_snapshot_path ............................ snapshot.pickle
  merge_file ...................................... None
  mhc_expand_emb .................................. False
  mhc_fix_muons ................................... False
  mhc_fuse_aggregate_compute ...................... False
  mhc_fuse_h_post_compute ......................... False
  mhc_hres_vwnstyle ............................... False
  mhc_init_gating_factor .......................... 0.01
  mhc_init_hpre_use_module_layer .................. False
  mhc_lite ........................................ False
  mhc_log_amax_per_step ........................... 1
  mhc_recompute_layer_num ......................... 1
  mhc_sinkhorn_iterations ......................... 1
  mhc_tau ......................................... 0.05
  mhc_use_tilekernels ............................. False
  micro_batch_size ................................ 1
  microbatch_group_size_per_vp_stage .............. None
  mid_level_dataset_surplus ....................... 0.005
  min_loss_scale .................................. 1.0
  min_lr .......................................... 1e-08
  min_offloaded_tensor_size ....................... 1048576
  mla_down_proj_fusion ............................ False
  mlp_chunks_for_prefill .......................... 1
  mmap_bin_files .................................. True
  mock_data ....................................... False
  modelopt_enabled ................................ False
  moe_apply_probs_on_input ........................ False
  moe_aux_loss_coeff .............................. 0.001
  moe_deepep_num_sms .............................. 20
  moe_enable_deepep ............................... False
  moe_enable_routing_replay ....................... False
  moe_expert_capacity_factor ...................... None
  moe_ffn_hidden_size ............................. 768
  moe_flex_dispatcher_backend ..................... deepep
  moe_grouped_gemm ................................ True
  moe_hybridep_num_sms ............................ 16
  moe_input_jitter_eps ............................ None
  moe_latent_size ................................. None
  moe_layer_freq .................................. 1
  moe_layer_recompute ............................. False
  moe_pad_expert_input_to_capacity ................ False
  moe_pad_experts_for_cuda_graph_inference ........ False
  moe_per_layer_logging ........................... False
  moe_permute_fusion .............................. True
  moe_router_bias_update_rate ..................... 0.001
  moe_router_dtype ................................ None
  moe_router_enable_expert_bias ................... False
  moe_router_force_biased ......................... None
  moe_router_force_load_balancing ................. False
  moe_router_fusion ............................... True
  moe_router_group_topk ........................... None
  moe_router_load_balancing_type .................. aux_loss
  moe_router_num_groups ........................... None
  moe_router_padding_for_fp8 ...................... False
  moe_router_padding_for_quantization ............. False
  moe_router_pre_softmax .......................... False
  moe_router_score_function ....................... softmax
  moe_router_topk ................................. 8
  moe_router_topk_scaling_factor .................. None
  moe_shared_expert_gate .......................... False
  moe_shared_expert_intermediate_size ............. None
  moe_shared_expert_overlap ....................... False
  moe_token_dispatcher_type ....................... alltoall
  moe_token_drop_policy ........................... probs
  moe_upcycling_granularity ....................... 1
  moe_use_upcycling ............................... False
  moe_z_loss_coeff ................................ None
  mrope_section ................................... None
  mscale .......................................... 1.0
  mscale_all_dim .................................. 0.0
  mtp_hybrid_override_pattern ..................... None
  mtp_loss_scaling_factor ......................... 0.1
  mtp_num_layers .................................. None
  mtp_standalone .................................. False
  mtp_use_repeated_layer .......................... False
  multi_latent_attention .......................... False
  multiple_validation_sets ........................ False
  muon_coefficient_type ........................... quintic
  muon_extra_scale_factor ......................... 1.0
  muon_fp32_matmul_prec ........................... medium
  muon_momentum ................................... 0.9
  muon_num_ns_steps ............................... 5
  muon_scalar_optimizer ........................... adam
  muon_scale_mode ................................. spectral
  muon_split_qkv .................................. True
  muon_tp_mode .................................... blockwise
  muon_use_nesterov ............................... False
  mup_attn_scale_power ............................ 1.0
  mup_base_head_dim ............................... None
  mup_base_hidden_size ............................ None
  mup_embedding_mult .............................. 1.0
  mup_output_mult ................................. 1.0
  mup_width_mult .................................. 1.0
  nccl_all_reduce_for_prefill ..................... False
  nccl_communicator_config_path ................... None
  nccl_ub ......................................... False
  no_load_optim ................................... None
  no_load_rng ..................................... None
  no_persist_layer_norm ........................... False
  no_rope_freq .................................... None
  no_save_optim ................................... None
  no_save_rng ..................................... None
  no_weight_decay_cond_type ....................... None
  non_persistent_ckpt_type ........................ None
  non_persistent_global_ckpt_dir .................. None
  non_persistent_local_ckpt_algo .................. fully_parallel
  non_persistent_local_ckpt_dir ................... None
  non_persistent_save_interval .................... None
  normalization ................................... RMSNorm
  num_attention_heads ............................. 32
  num_channels .................................... 3
  num_classes ..................................... 1000
  num_dataset_builder_threads ..................... 1
  num_distributed_optimizer_instances ............. 1
  num_experts ..................................... 128
  num_layers ...................................... 48
  num_layers_at_end_in_bf16 ....................... 1
  num_layers_at_start_in_bf16 ..................... 1
  num_layers_per_virtual_pipeline_stage ........... None
  num_layers_to_build ............................. None
  num_query_groups ................................ 4
  num_residual_streams ............................ 4
  num_speculative_tokens .......................... 0
  num_virtual_stages_per_pipeline_rank ............ None
  num_workers ..................................... 2
  object_storage_cache_path ....................... None
  offload_modules ................................. []
  one_logger_async ................................ False
  one_logger_project .............................. megatron-lm
  one_logger_run_name ............................. None
  onnx_safe ....................................... None
  openai_gelu ..................................... False
  optimizer ....................................... adam
  optimizer_cpu_offload ........................... False
  optimizer_cuda_graph ............................ False
  optimizer_offload_fraction ...................... 1.0
  outer_dp_sharding_strategy ...................... no_shard
  output_bert_embeddings .......................... False
  overlap_cpu_optimizer_d2h_h2d ................... False
  overlap_ep_comm_with_split_attn ................. False
  overlap_grad_reduce ............................. True
  overlap_moe_expert_parallel_comm ................ False
  overlap_p2p_comm ................................ False
  overlap_p2p_comm_warmup_flush ................... False
  overlap_param_gather ............................ True
  overlap_param_gather_with_optimizer_step ........ False
  override_opt_param_scheduler .................... False
  padded_vocab_size ............................... None
  parallel_linear_impl ............................ None
  params_dtype .................................... torch.bfloat16
  patch_dim ....................................... 16
  per_dataset_sequences_path ...................... None
  per_split_data_args_path ........................ None
  perform_initialization .......................... True
  perform_rl_step ................................. False
  phase_transition_iterations ..................... None
  pin_cpu_grads ................................... True
  pin_cpu_params .................................. True
  pipe_sp_splits .................................. 1
  pipe_sp_strategy ................................ average
  pipeline_model_parallel_comm_backend ............ None
  pipeline_model_parallel_layout .................. None
  pipeline_model_parallel_size .................... 1
  position_embedding_type ......................... rope
  pretrained_checkpoint ........................... None
  profile ......................................... True
  profile_dir ..................................... torch_prof_qwen3_30B_A3B
  profile_ranks ................................... [0]
  profile_step_end ................................ 4
  profile_step_start .............................. 3
  pytorch_profiler_collect_callstack .............. True
  pytorch_profiler_collect_chakra ................. False
  pytorch_profiler_collect_shapes ................. False
  q_lora_rank ..................................... None
  qk_clip ......................................... False
  qk_clip_alpha ................................... 0.5
  qk_clip_threshold ............................... 100
  qk_head_dim ..................................... 128
  qk_l2_norm ...................................... False
  qk_layernorm .................................... True
  qk_pos_emb_head_dim ............................. 64
  quant_comm_bits ................................. 8
  quant_group_size ................................ None
  quant_scale_dtype ............................... bf16
  query_in_block_prob ............................. 0.1
  quick_geglu ..................................... False
  rampup_batch_size ............................... None
  rank ............................................ 0
  rank_adjust_window_size ......................... 1000
  recompute_activation_function ................... False
  recompute_activation_function_num_layers ........ None
  recompute_granularity ........................... None
  recompute_in_advance ............................ False
  recompute_in_bubble ............................. False
  recompute_layer_ids ............................. None
  recompute_method ................................ None
  recompute_modules ............................... None
  recompute_mtp_layer_ids ......................... None
  recompute_num_layers ............................ None
  record_memory_history ........................... False
  reduce_recompute_for_last_chunk ................. False
  refit_method .................................... gloo
  relative_attention_max_distance ................. 128
  relative_attention_num_buckets .................. 32
  replication ..................................... False
  replication_factor .............................. 2
  replication_jump ................................ None
  reproduce ....................................... False
  rerun_mode ...................................... validate_results
  reset_attention_mask ............................ False
  reset_position_ids .............................. False
  result_rejected_tracker_filename ................ None
  retriever_report_topk_accuracies ................ []
  retriever_score_scaling ......................... False
  reuse_fp32_param ................................ False
  reuse_grad_buf_for_mxfp8_param_ag ............... False
  rl_default_temperature .......................... 1.0
  rl_default_top_k ................................ -1
  rl_default_top_p ................................ 0
  rl_generation_batch_size ........................ None
  rl_importance_sampling_truncation_coef .......... None
  rl_inference_expert_model_parallel_size ......... None
  rl_inference_expert_tensor_model_parallel_size .. None
  rl_inference_logprobs_is_correction ............. False
  rl_inference_model_unified_memory_level ......... 0
  rl_inference_parsers ............................ []
  rl_inference_pipeline_model_parallel_size ....... None
  rl_inference_tensor_model_parallel_size ......... None
  rl_kv_cache_management_mode ..................... persist
  rl_num_parallel_generation_batches .............. None
  rl_num_parallel_generations ..................... None
  rl_offload_inference_model_weights_when_idle .... False
  rl_offload_optimizer_during_inference ........... False
  rl_parallel_generation_tasks .................... None
  rl_partial_rollouts ............................. False
  rl_persist_cuda_graphs .......................... False
  rl_prompts_per_eval ............................. 32
  rl_sequence_packing_algo ........................ fifo
  rl_sequence_packing_max_sequences_per_bin ....... 50
  rl_skip_bos_token ............................... False
  rl_training_cuda_graphs ......................... False
  rl_use_sequence_packing ......................... False
  rl_verify_model_weights_swap .................... False
  rope_scaling_factor ............................. 8.0
  rope_type ....................................... None
  rotary_base ..................................... 10000000
  rotary_interleaved .............................. False
  rotary_percent .................................. 1.0
  rotary_scaling_factor ........................... 1.0
  rotary_seq_len_interpolation_factor ............. None
  run_workload_inspector_server ................... False
  sample_rate ..................................... 1.0
  save ............................................ None
  save_dgrads_interval ............................ None
  save_flux_gather_input .......................... False
  save_interval ................................... 1000
  save_retain_interval ............................ None
  save_wgrads_interval ............................ None
  scatter_gather_tensors_in_pipeline .............. True
  schedule_method ................................. vanilla
  schedule_timer_end .............................. 20
  schedule_timer_start ............................ 10
  seed ............................................ 1234
  seq_length ...................................... 4096
  sequence_parallel ............................... False
  sft ............................................. False
  sft_tokenizer_prompt_format ..................... nemotron-h-aligned
  sgd_momentum .................................... 0.9
  sharp_enabled_group ............................. None
  short_seq_prob .................................. 0.1
  skip_train ...................................... False
  skipped_train_samples ........................... 0
  softmax_type .................................... vanilla
  spec ............................................ None
  specify_layers .................................. None
  split ........................................... 949,50,1
  squared_relu .................................... False
  start_weight_decay .............................. 0.1
  straggler_ctrlr_port ............................ 65535
  straggler_minmax_count .......................... 1
  strict_fsdp_dtensor_load ........................ True
  suggested_communication_unit_size ............... None
  swap_attention .................................. False
  swap_modules .................................... self_attention
  swiglu .......................................... True
  swin_backbone_type .............................. tiny
  symmetric_ar_type ............................... None
  sync_free_moe ................................... False
  te_precision_config_file ........................ None
  te_rng_tracker .................................. False
  tensor_model_parallel_size ...................... 1
  tensorboard_dir ................................. ./ckpt/tensorboard
  tensorboard_log_interval ........................ 1
  tensorboard_queue_size .......................... 1000
  test_data_path .................................. None
  test_mode ....................................... False
  tiktoken_num_special_tokens ..................... 1000
  tiktoken_pattern ................................ None
  tiktoken_special_tokens ......................... None
  timing_log_level ................................ 0
  timing_log_option ............................... minmax
  titles_data_path ................................ None
  tokenizer_hf_include_special_tokens ............. True
  tokenizer_hf_no_include_special_tokens .......... False
  tokenizer_hf_no_use_fast ........................ False
  tokenizer_hf_use_fast ........................... True
  tokenizer_metadata .............................. None
  tokenizer_model ................................. /workspace/HuggingFace_model_config/qwen3/qwen3-30b-a3b
  tokenizer_sentencepiece_legacy .................. False
  tokenizer_special_tokens ........................ None
  tokenizer_type .................................. HuggingFaceTokenizer
  torch_fsdp2_reshard_after_forward ............... True
  tp_comm_bootstrap_backend ....................... nccl
  tp_comm_bulk_dgrad .............................. True
  tp_comm_bulk_wgrad .............................. True
  tp_comm_overlap ................................. False
  tp_comm_overlap_ag .............................. True
  tp_comm_overlap_cfg ............................. None
  tp_comm_overlap_rs .............................. True
  tp_comm_overlap_rs_dgrad ........................ False
  tp_comm_split_ag ................................ True
  tp_comm_split_rs ................................ True
  train_data_path ................................. None
  train_iters ..................................... 50
  train_samples ................................... None
  train_sync_interval ............................. None
  transformer_impl ................................ transformer_engine
  transformer_pipeline_model_parallel_size ........ 1
  trust_remote_code ............................... False
  turbo_sync_free_moe_stage ....................... 0
  untie_embeddings_and_output_weights ............. True
  use_bridge ...................................... False
  use_checkpoint_args ............................. False
  use_checkpoint_opt_param_scheduler .............. False
  use_ckpt_memory_cache ........................... False
  use_cpu_initialization .......................... None
  use_dist_ckpt ................................... False
  use_dist_ckpt_deprecated ........................ False
  use_distributed_optimizer ....................... True
  use_flash_attn .................................. False
  use_fused_weighted_squared_relu ................. False
  use_gloo_process_groups ......................... True
  use_hip_profiler ................................ False
  use_kitchen_attention ........................... False
  use_legacy_models ............................... False
  use_legacy_static_engine ........................ False
  use_mamba_mem_eff_path .......................... True
  use_megatron_fsdp ............................... False
  use_mhc_svd ..................................... False
  use_mp_args_from_checkpoint_args ................ False
  use_mup ......................................... False
  use_one_sent_docs ............................... False
  use_optimizer_feature ........................... False
  use_persistent_ckpt_worker ...................... False
  use_precision_aware_optimizer ................... False
  use_primus_deepep ............................... False
  use_primus_fused_act_with_probs ................. False
  use_primus_grouped_mlp .......................... False
  use_primus_moe_permute_fusion ................... False
  use_primus_topk_router .......................... False
  use_pytorch_profiler ............................ True
  use_quantize_comm ............................... False
  use_ring_exchange_p2p ........................... False
  use_rope_scaling ................................ False
  use_rotary_position_embeddings .................. False
  use_sharp ....................................... False
  use_te_activation_func .......................... False
  use_tokenizer_model_from_checkpoint_args ........ True
  use_torch_fsdp2 ................................. False
  use_torch_optimizer_for_cpu_offload ............. False
  use_tp_pp_dp_mapping ............................ False
  use_vwn ......................................... False
  v_head_dim ...................................... 128
  valid_data_path ................................. None
  variable_seq_lengths ............................ False
  virtual_pipeline_model_parallel_size ............ None
  vision_backbone_type ............................ vit
  vision_pretraining .............................. False
  vision_pretraining_type ......................... classify
  vocab_extra_ids ................................. 0
  vocab_file ...................................... None
  vocab_size ...................................... None
  wandb_entity .................................... None
  wandb_exp_name .................................. None
  wandb_project ................................... None
  wandb_save_dir .................................. None
  weight_decay .................................... 0.1
  weight_decay_incr_style ......................... constant
  wgrad_deferral_limit ............................ 0
  window_attn_skip_freq ........................... None
  window_size ..................................... None
  world_size ...................................... 8
  yaml_cfg ........................................ None
-------------------- end of arguments ---------------------
------------------------ env vars ------------------------
  _ ............................................... /usr/bin/python
  ALLREDUCE_STREAM_WITH_COMPUTE ................... 1
  AMDGPU_TARGETS .................................. gfx906;gfx926;gfx928;gfx936;gfx938
  C_INCLUDE_PATH .................................. /opt/dtk/dcc/gcvm/include:/opt/dtk/include:/opt/hyhal/include:/opt/dtk/llvm/include:/opt/dtk/opencl/include:/opt/dtk/dcc/gcvm/include:/opt/dtk/include:/opt/hyhal/include:/opt/dtk/llvm/include:/opt/dtk/opencl/include:/opt/dtk-26.04/dcc/gcvm/include:/opt/dtk-26.04/include:/opt/hyhal/include:/opt/dtk-26.04/llvm/include:/opt/dtk-26.04/opencl/include:/opt/dtk/dcc/gcvm/include:/opt/dtk/include:/opt/hyhal/include:/opt/dtk/llvm/include:/opt/dtk/opencl/include:
  CMAKE_PREFIX_PATH ............................... /opt/hyhal:/opt/hyhal:/opt/hyhal:/opt/hyhal:
  CPLUS_INCLUDE_PATH .............................. /opt/dtk/dcc/gcvm/include:/opt/dtk/include:/opt/hyhal/include:/opt/dtk/llvm/include:/opt/dtk/dushmem/include:/opt/dtk/opencl/include:/opt/dtk/dcc/gcvm/include:/opt/dtk/include:/opt/hyhal/include:/opt/dtk/llvm/include:/opt/dtk/dushmem/include:/opt/dtk/opencl/include:/opt/dtk-26.04/dcc/gcvm/include:/opt/dtk-26.04/include:/opt/hyhal/include:/opt/dtk-26.04/llvm/include:/opt/dtk-26.04/dushmem/include:/opt/dtk-26.04/opencl/include:/opt/dtk/dcc/gcvm/include:/opt/dtk/include:/opt/hyhal/include:/opt/dtk/llvm/include:/opt/dtk/dushmem/include:/opt/dtk/opencl/include:
  CUDA_DEVICE_MAX_CONNECTIONS ..................... 1
  DTKROOT ......................................... /opt/dtk
  GLOG_minloglevel ................................ 3
  GLOO_SOCKET_IFNAME .............................. ens19f0
  GPU_MAX_HW_QUEUES ............................... 10
  HIP_KERNEL_EVENT_SYSTENFENCE .................... 1
  HIP_PATH ........................................ /opt/dtk/hip
  HIP_USE_GRAPH_QUEUE_POOL ........................ 1
  HIP_VISIBLE_DEVICES ............................. 0,1,2,3,4,5,6,7
  HOME ............................................ /root
  HOSTNAME ........................................ nmz5
  HSA_FORCE_FINE_GRAIN_PCIE ....................... 1
  HYHAL_PATH ...................................... /opt/hyhal
  LANG ............................................ en_US.UTF-8
  LANGUAGE ........................................ en_US.UTF-8
  LC_ALL .......................................... en_US.UTF-8
  LD_LIBRARY_PATH ................................. /opt/dtk/dcc/gcvm/lib:/opt/dtk/hip/lib:/opt/dtk/llvm/lib:/opt/dtk/lib:/opt/dtk/lib64:/opt/hyhal/lib:/opt/hyhal/lib64:/opt/dtk/dushmem/lib:/opt/dtk/opencl/lib:/usr/local/lib/:/usr/local/lib64/:/opt/mpi/lib:/opt/hwloc/lib:/opt/dtk/dcc/gcvm/lib:/opt/dtk/hip/lib:/opt/dtk/llvm/lib:/opt/dtk/lib:/opt/dtk/lib64:/opt/hyhal/lib:/opt/hyhal/lib64:/opt/dtk/dushmem/lib:/opt/dtk/opencl/lib:/opt/dtk-26.04/dcc/gcvm/lib:/opt/dtk-26.04/hip/lib:/opt/dtk-26.04/llvm/lib:/opt/dtk-26.04/lib:/opt/dtk-26.04/lib64:/opt/hyhal/lib:/opt/hyhal/lib64:/opt/dtk-26.04/dushmem/lib:/opt/dtk-26.04/opencl/lib:/opt/ucx/lib:/opt/dtk/dcc/gcvm/lib:/opt/dtk/hip/lib:/opt/dtk/llvm/lib:/opt/dtk/lib:/opt/dtk/lib64:/opt/hyhal/lib:/opt/hyhal/lib64:/opt/dtk/dushmem/lib:/opt/dtk/opencl/lib:/opt/mpi/lib:/opt/hwloc/lib:
  LIBRARY_PATH .................................... /opt/hyhal/lib:/opt/dtk/opencl/lib:/opt/dtk/dushmem/lib:/opt/hyhal/lib:/opt/dtk/opencl/lib:/opt/dtk/dushmem/lib:/opt/hyhal/lib:/opt/dtk-26.04/opencl/lib:/opt/dtk-26.04/dushmem/lib:/opt/hyhal/lib:/opt/dtk/opencl/lib:/opt/dtk/dushmem/lib:
  LIGHTOP_ASM_DIR ................................. /usr/local/lib/python3.10/dist-packages/lightop/hsa/gfx938/
  LIGHTOP_GPU_CUS ................................. 72
  LIGHTOP_GPU_TARGET .............................. gfx938
  LS_COLORS ....................................... rs=0:di=01;34:ln=01;36:mh=00:pi=40;33:so=01;35:do=01;35:bd=40;33;01:cd=40;33;01:or=40;31;01:mi=00:su=37;41:sg=30;43:ca=30;41:tw=30;42:ow=34;42:st=37;44:ex=01;32:*.tar=01;31:*.tgz=01;31:*.arc=01;31:*.arj=01;31:*.taz=01;31:*.lha=01;31:*.lz4=01;31:*.lzh=01;31:*.lzma=01;31:*.tlz=01;31:*.txz=01;31:*.tzo=01;31:*.t7z=01;31:*.zip=01;31:*.z=01;31:*.dz=01;31:*.gz=01;31:*.lrz=01;31:*.lz=01;31:*.lzo=01;31:*.xz=01;31:*.zst=01;31:*.tzst=01;31:*.bz2=01;31:*.bz=01;31:*.tbz=01;31:*.tbz2=01;31:*.tz=01;31:*.deb=01;31:*.rpm=01;31:*.jar=01;31:*.war=01;31:*.ear=01;31:*.sar=01;31:*.rar=01;31:*.alz=01;31:*.ace=01;31:*.zoo=01;31:*.cpio=01;31:*.7z=01;31:*.rz=01;31:*.cab=01;31:*.wim=01;31:*.swm=01;31:*.dwm=01;31:*.esd=01;31:*.jpg=01;35:*.jpeg=01;35:*.mjpg=01;35:*.mjpeg=01;35:*.gif=01;35:*.bmp=01;35:*.pbm=01;35:*.pgm=01;35:*.ppm=01;35:*.tga=01;35:*.xbm=01;35:*.xpm=01;35:*.tif=01;35:*.tiff=01;35:*.png=01;35:*.svg=01;35:*.svgz=01;35:*.mng=01;35:*.pcx=01;35:*.mov=01;35:*.mpg=01;35:*.mpeg=01;35:*.m2v=01;35:*.mkv=01;35:*.webm=01;35:*.webp=01;35:*.ogm=01;35:*.mp4=01;35:*.m4v=01;35:*.mp4v=01;35:*.vob=01;35:*.qt=01;35:*.nuv=01;35:*.wmv=01;35:*.asf=01;35:*.rm=01;35:*.rmvb=01;35:*.flc=01;35:*.avi=01;35:*.fli=01;35:*.flv=01;35:*.gl=01;35:*.dl=01;35:*.xcf=01;35:*.xwd=01;35:*.yuv=01;35:*.cgm=01;35:*.emf=01;35:*.ogv=01;35:*.ogx=01;35:*.aac=00;36:*.au=00;36:*.flac=00;36:*.m4a=00;36:*.mid=00;36:*.midi=00;36:*.mka=00;36:*.mp3=00;36:*.mpc=00;36:*.ogg=00;36:*.ra=00;36:*.wav=00;36:*.oga=00;36:*.opus=00;36:*.spx=00;36:*.xspf=00;36:
  MANPATH ......................................... /opt/mpi/share/man:
  MIOPEN_FIND_MODE ................................ 3
  MOFED_VERSION ................................... 23.10-4.0.9.1
  NCCL_ALGO ....................................... Ring
  NCCL_IB_HCA ..................................... mlx5_0:1,mlx5_1:1,mlx5_2:1,mlx5_3:1,mlx5_4:1,mlx5_5:1,mlx5_6:1,mlx5_8:1,mlx5_9:1
  NCCL_MAX_NCHANNELS .............................. 32
  NCCL_MAX_P2P_NCHANNELS .......................... 32
  NCCL_MIN_NCHANNELS .............................. 32
  NCCL_MIN_P2P_NCHANNELS .......................... 32
  NCCL_NCHANNELS_PER_PEER ......................... 2
  NCCL_NET_GDR_LEVEL .............................. 4
  NCCL_NET_GDR_READ ............................... 1
  NVTE_USE_HIPBLASLT_GROUPEDGEMM .................. 1
  OLDPWD .......................................... /workspace
  OMP_NUM_THREADS ................................. 1
  OPAL_USER_PARAMS_GIVEN .......................... 1
  OS_VERSION ...................................... ubuntu22.04
  PATH ............................................ /opt/dtk/bin:/opt/dtk/llvm/bin:/opt/dtk/hip/bin:/opt/dtk/hip/bin/hipify:/opt/hyhal/bin:/opt/dtk/opencl/bin:/usr/local/bin:/opt/mpi/bin:/opt/hwloc/bin/:/opt/dtk/bin:/opt/dtk/llvm/bin:/opt/dtk/hip/bin:/opt/dtk/hip/bin/hipify:/opt/hyhal/bin:/opt/dtk/opencl/bin:/opt/dtk-26.04/bin:/opt/dtk-26.04/llvm/bin:/opt/dtk-26.04/hip/bin:/opt/dtk-26.04/hip/bin/hipify:/opt/hyhal/bin:/opt/dtk-26.04/opencl/bin:/opt/ucx/bin:/opt/dtk/bin:/opt/dtk/llvm/bin:/opt/dtk/hip/bin:/opt/dtk/hip/bin/hipify:/opt/hyhal/bin:/opt/dtk/opencl/bin:/opt/mpi/bin:/opt/hwloc/bin/:/usr/local/sbin:/usr/local/bin:/usr/sbin:/usr/bin:/sbin:/bin
  PLATFORM ........................................ x86_64
  PMIX_BFROP_BUFFER_TYPE .......................... PMIX_BFROP_BUFFER_NON_DESC
  PMIX_GDS_MODULE ................................. shmem2,hash
  PMIX_HOSTNAME ................................... nmz5
  PMIX_NAMESPACE .................................. prterun-nmz5-420697@1
  PMIX_PARAM_FILE_PASSED .......................... 1
  PMIX_RANK ....................................... 0
  PMIX_SECURITY_MODE .............................. native
  PMIX_SERVER_TMPDIR .............................. /tmp/prterun.nmz5.420697.0
  PMIX_SERVER_URI2 ................................ prterun-nmz5-420697@0.0;tcp4://10.16.1.5:39761
  PMIX_SERVER_URI21 ............................... prterun-nmz5-420697@0.0;tcp4://10.16.1.5:39761
  PMIX_SERVER_URI3 ................................ prterun-nmz5-420697@0.0;tcp4://10.16.1.5:39761
  PMIX_SERVER_URI4 ................................ prterun-nmz5-420697@0.0;tcp4://10.16.1.5:39761
  PMIX_SERVER_URI41 ............................... prterun-nmz5-420697@0.0;tcp4://10.16.1.5:39761
  PMIX_SYSTEM_TMPDIR .............................. /tmp
  PMIX_VERSION .................................... 5.0.2rc2
  PRTE_LAUNCHED ................................... 1
  PRTE_SHARED_FS .................................. FALSE
  PWD ............................................. /workspace/dcu_megatron/examples/qwen3
  PYTHONPATH ...................................... /workspace/dcu_megatron/Megatron-Bridge-0.4.0/src:/workspace/dcu_megatron/Megatron-LM:/usr/local/:
  PYTHONWARNINGS .................................. ignore
  PYTORCH_MIOPEN_SUGGEST_NDHWC .................... 1
  PYTORCH_NVML_BASED_CUDA_CHECK ................... 1
  RANK ............................................ 0
  RCCL_SDMA_COPY_ENABLE ........................... 0
  ROCM_PATH ....................................... /opt/dtk
  ROCSHMEM_HEAP_SIZE .............................. 10737418240
  ROCSHMEM_MAX_NUM_CONTEXTS ....................... 48
  SHELL ........................................... /bin/bash
  SHLVL ........................................... 3
  TERM ............................................ xterm
  TORCHINDUCTOR_CACHE_DIR ......................... /tmp/torchinductor_root
  TORCHINDUCTOR_COMPILE_THREADS ................... 1
  TRITON_HOME ..................................... /tmp
  TZ .............................................. Asia/Shanghai
  UCX_HOME ........................................ /opt/ucx
  VLLM_LOGGING_LEVEL .............................. ERROR
  WORLD_SIZE ...................................... 8
-------------------- end of env vars ---------------------
[WARNING  | megatron.core.rerun_state_machine]: RerunStateMachine initialized in mode validate_results
> initializing torch distributed ...
> setting tensorboard ...
WARNING: one_logger package is required to enable e2e metrics tracking. please go to https://confluence.nvidia.com/display/MLWFO/Package+Repositories for details to install it
[Gloo] Rank 0 is connected to 7 peer ranks. Expected number of connected peer ranks is : 7
[Gloo] Rank 1 is connected to 7 peer ranks. Expected number of connected peer ranks is : 7
[Gloo] Rank 4 is connected to 7 peer ranks. Expected number of connected peer ranks is : 7
[Gloo] Rank 5 is connected to 7 peer ranks. Expected number of connected peer ranks is : 7
[Gloo] Rank 6 is connected to 7 peer ranks. Expected number of connected peer ranks is : 7
[Gloo] Rank 2 is connected to 7 peer ranks. Expected number of connected peer ranks is : 7
[Gloo] Rank 3 is connected to 7 peer ranks. Expected number of connected peer ranks is : 7
[Gloo] Rank 7 is connected to 7 peer ranks. Expected number of connected peer ranks is : 7
[Gloo] Rank 0 is connected to 7 peer ranks. Expected number of connected peer ranks is : 7
[Gloo] Rank 2 is connected to 7 peer ranks. Expected number of connected peer ranks is : 7
[Gloo] Rank 3 is connected to 7 peer ranks. Expected number of connected peer ranks is : 7
[Gloo] Rank 1 is connected to 7 peer ranks. Expected number of connected peer ranks is : 7
[Gloo] Rank 4 is connected to 7 peer ranks. Expected number of connected peer ranks is : 7
[Gloo] Rank 6 is connected to 7 peer ranks. Expected number of connected peer ranks is : 7
[Gloo] Rank 5 is connected to 7 peer ranks. Expected number of connected peer ranks is : 7
[Gloo] Rank 7 is connected to 7 peer ranks. Expected number of connected peer ranks is : 7
[Gloo] Rank 0 is connected to 0 peer ranks. Expected number of connected peer ranks is : 0
[Gloo] Rank 0 is connected to 0 peer ranks. Expected number of connected peer ranks is : 0
[Gloo] Rank 0 is connected to 0 peer ranks. Expected number of connected peer ranks is : 0
[Gloo] Rank 0 is connected to 0 peer ranks. Expected number of connected peer ranks is : 0
[Gloo] Rank 0 is connected to 0 peer ranks. Expected number of connected peer ranks is : 0
[Gloo] Rank 0 is connected to 0 peer ranks. Expected number of connected peer ranks is : 0
[Gloo] Rank 0 is connected to 0 peer ranks. Expected number of connected peer ranks is : 0
[Gloo] Rank 0 is connected to 0 peer ranks. Expected number of connected peer ranks is : 0
tp_group: [[0], [1], [2], [3], [4], [5], [6], [7]]
pp_group: [[0], [1], [2], [3], [4], [5], [6], [7]]
dp_group: [[0, 1, 2, 3, 4, 5, 6, 7]]
ep_group: [[0, 1, 2, 3, 4, 5, 6, 7]]
etp_group: [[0], [1], [2], [3], [4], [5], [6], [7]]
edp_group: [[0], [1], [2], [3], [4], [5], [6], [7]]
cp_group: [[0], [1], [2], [3], [4], [5], [6], [7]]
tp-cp_group: [[0], [1], [2], [3], [4], [5], [6], [7]]
embd-pp_group: [[0], [1], [2], [3], [4], [5], [6], [7]]
pos_embd-pp_group: [[0], [1], [2], [3], [4], [5], [6], [7]]
tp-ep_group: [[0, 1, 2, 3, 4, 5, 6, 7]]
tp-dp-cp_group: [[0, 1, 2, 3, 4, 5, 6, 7]]
tp-pp_group: [[0], [1], [2], [3], [4], [5], [6], [7]]
dp-cp_group: [[0, 1, 2, 3, 4, 5, 6, 7]]
> initialized tensor model parallel with size 1
> initialized pipeline model parallel with size 1
> setting random seeds to 1234 ...
> compiling dataset index builder ...
make: Entering directory '/workspace/dcu_megatron/Megatron-LM/megatron/core/datasets'
make: Nothing to be done for 'default'.
make: Leaving directory '/workspace/dcu_megatron/Megatron-LM/megatron/core/datasets'
>>> done with dataset index builder. Compilation time: 0.041 seconds
WARNING: Logging before InitGoogleLogging() is written to STDERR
W0724 16:58:26.018221 420807 ProcessGroupNCCL.cpp:5068] Guessing device ID based on global rank. This can cause a hang if rank to GPU mapping is heterogeneous. You can specify device_id in init_process_group()
time to initialize megatron (seconds): 6.635
[after in-process setup and before initialize_megatron] datetime: 2026-07-24 16:58:24.619655 
[after in-job setup and before initialize_megatron] datetime: 2026-07-24 16:58:24.681012 
[before library-setup] datetime: 2026-07-24 16:58:00.639531
[after library-setup] datetime: 2026-07-24 16:58:24.528731
[before megatron-init] datetime: 2026-07-24 16:58:24.619652
[after megatron is initialized] datetime: 2026-07-24 16:58:28.796887 
building GPT model ...
[rank 0] GPTModel(
  (embedding): LanguageModelEmbedding(
    (word_embeddings): VocabParallelEmbedding()
    (embedding_dropout): Dropout(p=0.0, inplace=False)
  )
  (rotary_pos_emb): RotaryEmbedding()
  (decoder): TransformerBlock(
    (layers): ModuleList(
      (0-47): 48 x TransformerLayer(
        (input_layernorm): IdentityOp()
        (self_attention): SelfAttention(
          (core_attention): TEDotProductAttention(
            (flash_attention): FlashAttention()
            (fused_attention): FusedAttention()
            (unfused_attention): UnfusedDotProductAttention(
              (scale_mask_softmax): FusedScaleMaskSoftmax()
              (attention_dropout): Dropout(p=0.0, inplace=False)
            )
          )
          (linear_proj): TERowParallelLinear(in_features=4096, out_features=2048, bias=False, TP=1)
          (linear_qkv): TELayerNormColumnParallelLinear(in_features=2048, out_features=5120, bias=False, TP=1)
          (q_layernorm): RMSNorm()
          (k_layernorm): RMSNorm()
        )
        (pre_cross_attn_layernorm): IdentityOp()
        (cross_attention): IdentityOp()
        (cross_attn_bda): IdentityFuncOp()
        (pre_mlp_layernorm): RMSNorm()
        (mlp): MoELayer(
          (router): TopKRouter()
          (experts): TEGroupedMLP(
            (linear_fc1): TEColumnParallelGroupedLinear()
            (linear_fc2): TERowParallelGroupedLinear()
          )
        )
      )
    )
    (final_layernorm): RMSNorm()
  )
  (output_layer): ColumnParallelLinear(in_features=2048, out_features=151680, bias=False, TP=1)
)
 > number of parameters on (tensor, pipeline) model parallel rank (0, 0): 5163923456
[after model, optimizer, and learning rate scheduler are built] datetime: 2026-07-24 16:58:29.610932 
> building train, validation, and test datasets ...
 > datasets target sizes (minimum size):
    train:      1600
    validation: 160
    test:       160
> building train, validation, and test datasets for GPT ...
> finished creating GPT datasets ...
[after dataloaders are built] datetime: 2026-07-24 16:58:31.180142 
done with setup ...
training ...
Overwriting rerun_state_machine.current_iteration from -1 to 0...
[before the start of training step] datetime: 2026-07-24 16:58:31.214667 
[WARNING  | megatron.core.rerun_state_machine]: Result validation enabled
 [2026-07-24 17:00:03.687245] iteration        1/      50 | consumed samples:           32 | elapsed time per iteration (ms): 92475.2 | throughput per GPU (TFLOP/s/GPU): 4.1 | learning rate: 1.000000E-06 | global batch size:    32 | lm loss: 1.197707E+01 | load_balancing_loss: 1.537633E+00 | loss scale: 1.0 | grad norm: 32.617 | number of skipped iterations:   0 | number of nan iterations:   0 |
Number of parameters in transformer block in billions:  29.90
Number of active parameters in transformer block in billions:  2.72
Number of parameters in embedding layers in billions: 0.62
Total number of parameters in billions: 30.52
Total number of active parameters in billions: 3.34
Number of parameters in most loaded shard in billions: 30.5185
compute_activation_memory_without_sp
Activation memory footprint per transformer layer (precise, without SP): 272.0 MB
Theoretical memory footprints: weight and optimizer=218285.17 MB, activation=14978.28 MB, total=233263.45 MB

[Rank 0] (after 1 iterations) memory (MB) | allocated: 74586.45 | max allocated: 74586.45 | reserved: 76608.00 | max reserved: 76608.00
Number of parameters in transformer block in billions:  29.90
Number of active parameters in transformer block in billions:  2.72
Number of parameters in embedding layers in billions: 0.62
Total number of parameters in billions: 30.52
Total number of active parameters in billions: 3.34
Number of parameters in most loaded shard in billions: 30.5185
compute_activation_memory_without_sp
Activation memory footprint per transformer layer (precise, without SP): 272.0 MB
 [2026-07-24 17:00:14.339733] iteration        2/      50 | consumed samples:           64 | elapsed time per iteration (ms): 51563.7 | throughput per GPU (TFLOP/s/GPU): 7.3 | learning rate: 9.989830E-07 | global batch size:    32 | lm loss: 1.197946E+01 | load_balancing_loss: 1.537443E+00 | loss scale: 1.0 | grad norm: 32.850 | number of skipped iterations:   0 | number of nan iterations:   0 |
Theoretical memory footprints: weight and optimizer=218285.17 MB, activation=14978.28 MB, total=233263.45 MB

[Rank 0] (after 2 iterations) memory (MB) | allocated: 74587.88 | max allocated: 99633.84 | reserved: 103850.00 | max reserved: 103850.00
 [2026-07-24 17:00:24.152818] iteration        3/      50 | consumed samples:           96 | elapsed time per iteration (ms): 9812.9 | throughput per GPU (TFLOP/s/GPU): 38.4 | learning rate: 9.959360E-07 | global batch size:    32 | lm loss: 1.182966E+01 | load_balancing_loss: 1.534058E+00 | loss scale: 1.0 | grad norm: 34.711 | number of skipped iterations:   0 | number of nan iterations:   0 |
W0724 17:00:29.485101 420807 collection.cpp:1133] Warning: ROCTracer produced duplicate flow start: 572511 (function operator())
----------------------------------------------------------------------------------------------------------------------------------------------------------------------------------------------------------------------------------------------------------------------------------------  ------------  ------------  ------------  ------------  ------------  ------------  ------------  ------------  ------------  ------------  
                                                                                                                                                                                                                                                                                    Name    Self CPU %      Self CPU   CPU total %     CPU total  CPU time avg     Self CUDA   Self CUDA %    CUDA total  CUDA time avg    # of Calls  
----------------------------------------------------------------------------------------------------------------------------------------------------------------------------------------------------------------------------------------------------------------------------------------  ------------  ------------  ------------  ------------  ------------  ------------  ------------  ------------  ------------  ------------  
                                                                                                                                                                                                                                                                           ProfilerStep*         0.00%       0.000us         0.00%       0.000us       0.000us       18.143s       185.96%       18.143s        9.071s             2  
                                                                                                                                                                                                                                                                      record_param_comms         0.64%      88.799ms         0.78%     109.034ms      65.329us        4.313s        44.21%        4.313s       2.584ms          1669  
                                                                                                                                                                                                         ncclDevKernel_SendRecv_ring_simple_sum_int8_t(ncclDevKernelArgsStorage<1024ul>)         0.00%       0.000us         0.00%       0.000us       0.000us        4.084s        41.86%        4.084s       3.545ms          1152  
                                                                                                                                                                                                                                                                         nccl:all_to_all         0.00%       0.000us         0.00%       0.000us       0.000us        4.084s        41.86%        4.084s       3.545ms          1152  
                                                                                                                                                                                                                                                                          _GroupedLinear         1.61%     224.724ms         1.86%     260.169ms     677.523us        1.202s        12.32%        1.202s       3.131ms           384  
                                                                                                                                                                                                                                                                  _GroupedLinearBackward         3.98%     554.923ms        17.30%        2.415s       6.290ms     938.583ms         9.62%     938.583ms       2.444ms           384  
                                                                                                                                                                                                                                                                   FlashAttnFuncBackward         0.10%      13.712ms         0.23%      31.894ms     166.113us     916.909ms         9.40%     953.455ms       4.966ms           192  
                                                                                                                                                                                                        Custom_GG_UserArgs_BBS_Cijk_Alik_Bljk_BBH_MT32x32x128_SE_K1_Sync_PGR4_SU1_gfx938         0.00%       0.000us         0.00%       0.000us       0.000us     784.552ms         8.04%     784.552ms       8.717ms            90  
                         void flash_bwd_dk_dv_trans_16x64_prefetch<Flash_bwd_kernel_trans_16x64_prefetch_traits<128, 64, 64, 4, cutlass::bfloat16_t, 3, 128, Flash_kernel_traits<128, 64, 64, 4, cutlass::bfloat16_t> >, false, true, false, false, true, true, false>(Flash_bwd_params)         0.00%       0.000us         0.00%       0.000us       0.000us     612.424ms         6.28%     612.424ms       3.190ms           192  
void flash_bwd_dq_loop_16x64_prefetch_seqq_parallel_kernel<Flash_bwd_kernel_dq_16x64_prefetch_traits<128, 128, 64, 4, 4, 1, 4, false, true, false, true, cutlass::bfloat16_t, 3, 128, Flash_bwd_kernel_traits<128, 128, 64, 4, 4, 1, 4, false, true, cutlass::bfloat16_t, Flash_kerne...         0.00%       0.000us         0.00%       0.000us       0.000us     291.511ms         2.99%     291.511ms       1.518ms           192  
                                                                                                                                                                                                                                                                           FlashAttnFunc         0.06%       8.293ms         0.09%      12.598ms      65.617us     226.389ms         2.32%     226.389ms       1.179ms           192  
              void flash_fwd_kernel_16x64_prefetch<Flash_fwd_kernel_16x64_prefetch_traits<128, 128, 64, 4, cutlass::bfloat16_t, 3, false, 128, Flash_kernel_traits<128, 128, 64, 4, cutlass::bfloat16_t> >, false, true, false, false, true, true, false, false, true>(Flash_fwd_params)         0.00%       0.000us         0.00%       0.000us       0.000us     226.389ms         2.32%     226.389ms       1.179ms           192  
                                                                                                                                                                                     Custom_Cijk_Ailk_Bljk_BBS_BH_Bias_GG_AS_SAV_UserArgs_MT64x64x32_MI16x16x1_SN_GSU1_K1_MIWT2_2_gfx938         0.00%       0.000us         0.00%       0.000us       0.000us     200.045ms         2.05%     200.045ms       2.000ms           100  
                                                                                                                                                                                                                                                                         _moe_chunk_sort         0.57%      79.813ms         0.66%      91.499ms     238.279us     161.061ms         1.65%     161.061ms     419.430us           384  
                                                                                                                                                                                                                                                                _LayerNormLinearBackward         0.30%      42.303ms         0.38%      53.240ms     277.292us     146.246ms         1.50%     146.246ms     761.698us           192  
                                                                                                                                                                                                         ## Call CompiledFxGraph fmv7v4ugry7vqdrpylasvtilyberwhin44rjs7efnzddibqrxnmq ##         0.00%       0.000us         0.00%       0.000us       0.000us     143.359ms         1.47%     143.359ms     746.664us           192  
                                                                                                                                                                                                                ncclDevKernel_AllGather_Ring_LL_Sum_i8(ncclDevKernelArgsStorage<1024ul>)         0.00%       0.000us         0.00%       0.000us       0.000us     131.822ms         1.35%     131.822ms     686.574us           192  
                                                                                                                                                                                                                                                                   nccl:_all_gather_base         0.00%       0.000us         0.00%       0.000us       0.000us     131.822ms         1.35%     131.822ms     686.574us           192  
Cijk_Alik_Bljk_BBH_MT256x256x16_SE_AMAS3_BW_DTL0_BL1_DRB16_ALT_KME0_ETSP_EPS1_FL0_GRVW8_GSU1_ISA938_IU1_KME_GRCMn1_K1_KLA_LDL1_LRVW8_MAC_MMAC_BW1_MMAC_KM0_MMAC_KME1_NLCA1_NLCB1_OLDSR0_PGR1_PLR1_RK1_SU0_SUM0_SUS256_SVW4_TT16_8_TLM0_ULDSWM0_USFGRO0_USSB0_VAW1_VSn1_VW8_WG16_32_1_...         0.00%       0.000us         0.00%       0.000us       0.000us     126.243ms         1.29%     126.243ms     328.758us           384  
                                                                                                                                                                                                                                                              _sort_chunks_by_map_kernel         0.00%       0.000us         0.00%       0.000us       0.000us     125.944ms         1.29%     125.944ms     163.989us           768  
                                                                                                                                                                                                                                                                                aten::mm         0.00%     495.902us         0.00%     587.302us      73.413us     121.474ms         1.25%     121.474ms      15.184ms             8  
                                                                                                                                                                                                                                                                         _LinearBackward         0.24%      33.470ms         0.28%      39.451ms     205.474us     117.602ms         1.21%     117.602ms     612.508us           192  
                                                                                                                                                                                                                                  triton_poi_fused_add_cat_mul_rsub_sigmoid_silu_split_0         0.02%       3.176ms         0.04%       6.013ms      31.316us     117.392ms         1.20%     117.392ms     611.417us           192  
                                                                                                                                                                                                                                  triton_poi_fused_add_cat_mul_rsub_sigmoid_silu_split_0         0.00%       0.000us         0.00%       0.000us       0.000us     117.392ms         1.20%     117.392ms     611.417us           192  
                                                                                                                                                                                                                                                           Optimizer.step#FusedAdam.step         0.00%       0.000us         0.00%       0.000us       0.000us     113.615ms         1.16%     113.615ms      56.808ms             2  
void multi_tensor_apply_kernel<512l, TensorListMetadata<4, false>, transformer_engine::multi_tensor_adam::AdamFunctor<float, float, float, int>, float, float, float, float, float, float, transformer_engine::multi_tensor_adam::adamMode_t, float>(long, int volatile*, TensorListM...         0.00%       0.000us         0.00%       0.000us       0.000us     113.596ms         1.16%     113.596ms     614.032us           185  
Cijk_Ailk_Bjlk_BSS_BH_MT256x256x16_SE_AMAS3_BW_DTL0_BL1_DRB16_ALT_KME0_ETSP_EPS1_FL0_GRVW8_GSU1_ISA938_IU1_KME_GRCMn1_K1_KLA_LDL1_LRVW8_MAC_MMAC_BW1_MMAC_KM0_MMAC_KME1_NLCA1_NLCB1_OLDSR0_PGR1_PLR1_RK1_SU0_SUM0_SUS256_SVW4_TT16_8_TLM0_ULDSWM0_USFGRO0_USSB0_VAW1_VSn1_VW8_WG16_32...         0.00%       0.000us         0.00%       0.000us       0.000us     112.832ms         1.16%     112.832ms     575.673us           196  
Cijk_Ailk_Bljk_BBH_MT256x256x16_SE_AMAS3_BW_DTL0_BL1_DRB16_ALT_KME0_ETSP_EPS1_FL0_GRVW8_GSU1_ISA938_IU1_KME_GRCMn1_K1_KLA_LDL1_LRVW8_MAC_MMAC_BW1_MMAC_KM0_MMAC_KME1_NLCA1_NLCB1_OLDSR0_PGR1_PLR1_RK1_SU0_SUM0_SUS256_SVW4_TT16_8_TLM0_ULDSWM0_USFGRO0_USSB0_VAW2_VSn1_VW8_WG16_32_1_...         0.00%       0.000us         0.00%       0.000us       0.000us     108.328ms         1.11%     108.328ms     282.105us           384  
                                                                                                                                                                                                                                                                              aten::add_         0.08%      11.679ms         0.14%      18.911ms      12.240us     102.183ms         1.05%     102.183ms      66.138us          1545  
                                                                                                                                                                         Custom_Cijk_Ailk_Bjlk_BSS_BH_Bias_GG_UserArgs_AS_SAV_MT128x128x16_MI16x16x1_SN_DTL1_GSU1_K1_MIWT4_4_WGM8_gfx938         0.00%       0.000us         0.00%       0.000us       0.000us     101.302ms         1.04%     101.302ms     797.654us           127  
                                                                                                                                                                     Custom_Cijk_Ailk_Bjlk_BSS_BH_Bias_GG_UserArgs_AS_SAV_MT128x64x32_MI16x16x1_SN_DTL1_GSU1_K1_MIWT4_2_PLR1_WGM8_gfx938         0.00%       0.000us         0.00%       0.000us       0.000us     101.053ms         1.04%     101.053ms       1.232ms            82  
                                                                                                                                                                                                                                                         FusedComputeScoresForMoEAuxLoss         0.03%       4.309ms         0.06%       7.830ms      40.780us     100.904ms         1.03%     100.904ms     525.544us           192  
                                                                                                                void transformer_engine::fused_score_for_moe_aux_loss_forward_kernel<__hip_bfloat16>(__hip_bfloat16 const*, int, int, int, int, __hip_bfloat16*, bool*, __hip_bfloat16*)         0.00%       0.000us         0.00%       0.000us       0.000us     100.904ms         1.03%     100.904ms     525.544us           192  
                                                                                                                                                                                                                                                                  FusedTopkScoreFunction         0.05%       6.361ms         0.08%      10.596ms      55.190us      98.784ms         1.01%      98.784ms     514.501us           192  
                                                                  void transformer_engine::fused_topk_with_score_function_forward_kernel<__hip_bfloat16, float>(__hip_bfloat16 const*, int, int, int, bool, int, int, float, int, float const*, __hip_bfloat16*, bool*, __hip_bfloat16*)         0.00%       0.000us         0.00%       0.000us       0.000us      98.784ms         1.01%      98.784ms     514.501us           192  
                                                                                                                                                                                                                                                             _make_chunk_sort_map_kernel         0.00%       0.000us         0.00%       0.000us       0.000us      98.393ms         1.01%      98.393ms     256.233us           384  
                                                                                                                                                                                Custom_Cijk_Alik_Bljk_BBS_BH_Bias_GG_AS_SAV_UserArgs_MT64x64x64_MI16x16x1_SN_GSU1_K1_MIWT2_2_WGM8_gfx938         0.00%       0.000us         0.00%       0.000us       0.000us      89.861ms         0.92%      89.861ms       2.496ms            36  
                                                                                                                                                                                  Custom_Cijk_Ailk_Bljk_BBS_BH_Bias_GG_AS_SAV_UserArgs_MT128x128x16_SE_EPS1_K1_WGM8_struct_buffer_gfx938         0.00%       0.000us         0.00%       0.000us       0.000us      89.168ms         0.91%      89.168ms       1.274ms            70  
void at::native::vectorized_templated_elementwise_kernel<4, at::native::CUDAFunctor_add<float>, std::array<char*, 3ul>, TrivialOffsetCalculator<2, unsigned int>, TrivialOffsetCalculator<1, unsigned int>, at::native::memory::LoadWithCast<2>, at::native::memory::StoreWithCast<1>...         0.00%       0.000us         0.00%       0.000us       0.000us      87.808ms         0.90%      87.808ms      86.425us          1016  
                                                                                                                                                                                                                                                                        _LayerNormLinear         0.24%      33.853ms         0.29%      40.960ms     213.335us      87.455ms         0.90%      87.455ms     455.496us           192  
                                                                                                                                                                          Custom_Cijk_Ailk_Bjlk_BSS_BH_Bias_GG_UserArgs_AS_SAV_MT128x64x32_MI16x16x1_SN_DTL1_GSU1_K1_MIWT4_2_PLR1_gfx938         0.00%       0.000us         0.00%       0.000us       0.000us      87.208ms         0.89%      87.208ms       2.295ms            38  
                                                                                                                                                                                                                                                 _OperationFuserAutogradFunctionBackward         0.40%      55.477ms         0.53%      74.458ms     128.376us      80.475ms         0.82%      80.475ms     138.750us           580  
Cijk_Ailk_Bljk_BBH_MT128x64x32_SE_AMAS3_BW_DTL0_BL1_DRB16_ALT_KME0_ETSP_EPS1_FL0_GRVW4_GSU1_ISA938_IU1_KME_GRCMn1_K1_KLA_LDL1_LRVW4_MAC_MMAC_BW1_MMAC_KM0_MMAC_KME1_NLCA1_NLCB1_OLDSR0_PGR1_PLR1_RK1_SU0_SUM0_SUS256_SVW4_TT8_4_TLM0_ULDSWM0_USFGRO0_USSB0_VAW2_VSn1_VW4_WG16_16_1_WG...         0.00%       0.000us         0.00%       0.000us       0.000us      78.579ms         0.81%      78.579ms      19.645ms             4  
                                                                                                                                                                         Custom_Cijk_Ailk_Bjlk_BSS_BH_Bias_GG_UserArgs_AS_SAV_MT256x256x16_MI16x16x1_SN_DTL1_GSU1_K1_MIWT8_4_WGM8_gfx938         0.00%       0.000us         0.00%       0.000us       0.000us      75.782ms         0.78%      75.782ms       1.053ms            72  
                                                                                                                                                                              Custom_Cijk_Alik_Bljk_BBS_BH_Bias_GG_AS_SAV_UserArgs_MT256x256x16_MI16x16x1_SN_GSU1_K1_MIWT8_4_WGM1_gfx938         0.00%       0.000us         0.00%       0.000us       0.000us      68.323ms         0.70%      68.323ms     854.032us            80  
Cijk_Ailk_Bjlk_BSS_BH_MT128x128x16_SE_AMAS3_BW_DTL0_BL1_DRB16_ALT_KME0_ETSP_EPS1_FL0_GRVW8_GSU1_ISA938_IU1_KME_GRCMn1_K1_KLA_LDL1_LRVW8_MAC_MMAC_BW1_MMAC_KM0_MMAC_KME1_NLCA1_NLCB1_OLDSR0_PGR1_PLR1_RK1_SU0_SUM0_SUS256_SVW4_TT8_8_TLM0_ULDSWM0_USFGRO0_USSB0_VAW1_VSn1_VW8_WG16_16_...         0.00%       0.000us         0.00%       0.000us       0.000us      66.279ms         0.68%      66.279ms     345.203us           192  
                                                                                                                                                                                                                                                                               aten::sum         0.17%      23.395ms         0.32%      44.785ms      25.709us      65.399ms         0.67%      70.654ms      40.559us          1742  
                                                                                                                                                                                                 ncclDevKernel_ReduceScatter_Ring_Simple_PreMulSum_f32(ncclDevKernelArgsStorage<1024ul>)         0.00%       0.000us         0.00%       0.000us       0.000us      64.730ms         0.66%      64.730ms       3.082ms            21  
                                                                                                                                                                                                                                                    nccl:reduce_scatter_tensor_coalesced         0.00%       0.000us         0.00%       0.000us       0.000us      64.730ms         0.66%      64.730ms       3.082ms            21  
                                                                                                                                                                              Custom_Cijk_Alik_Bljk_BBS_BH_Bias_GG_AS_SAV_UserArgs_MT128x128x32_MI16x16x1_SN_GSU1_K1_MIWT4_4_WGM8_gfx938         0.00%       0.000us         0.00%       0.000us       0.000us      64.056ms         0.66%      64.056ms       1.393ms            46  
                                                                                                                                                                                                                                                                             aten::copy_         0.19%      26.061ms         1.66%     231.062ms      55.544us      63.507ms         0.65%      63.507ms      15.266us          4160  
                                                                                                                                                                                                                                                                 _moe_chunk_sortBackward         0.41%      57.448ms         0.47%      66.076ms     172.074us      63.276ms         0.65%      63.276ms     164.781us           384  
                                                                                                                                                                              Custom_Cijk_Ailk_Bljk_BBS_BH_Bias_GG_AS_SAV_UserArgs_MT256x256x16_MI16x16x1_SN_GSU1_K1_MIWT8_4_WGM8_gfx938         0.00%       0.000us         0.00%       0.000us       0.000us      61.812ms         0.63%      61.812ms       1.048ms            59  
                                                                                                                                                                                                                                                                   _moe_permute_mask_map         0.49%      69.030ms         0.57%      79.186ms     412.426us      57.064ms         0.58%      57.064ms     297.207us           192  
                                                                                                                                                                                                                    Custom_GG_UserArgs_BBS_Cijk_Ailk_Bljk_BBH_MT256x128x16_struct_gfx938         0.00%       0.000us         0.00%       0.000us       0.000us      51.816ms         0.53%      51.816ms     750.961us            69  
                                                                                                                                                                                                                                                                                 _Linear         0.22%      31.206ms         0.25%      34.333ms     178.816us      50.161ms         0.51%      50.161ms     261.257us           192  
                                                                                                                                                                              Custom_Cijk_Alik_Bljk_BBS_BH_Bias_GG_AS_SAV_UserArgs_MT256x256x16_MI16x16x1_SN_GSU1_K1_MIWT8_4_WGM8_gfx938         0.00%       0.000us         0.00%       0.000us       0.000us      49.168ms         0.50%      49.168ms     819.472us            60  
                                                                                                                                                                                                                                                                            FusedAuxLoss         0.03%       3.895ms         0.04%       6.217ms      32.378us      45.730ms         0.47%      45.730ms     238.175us           192  
                                                                                                           void transformer_engine::fused_moe_aux_loss_forward_kernel<__hip_bfloat16, long>(__hip_bfloat16 const*, long const*, int, int, int, int, int, float, __hip_bfloat16*, float*)         0.00%       0.000us         0.00%       0.000us       0.000us      45.730ms         0.47%      45.730ms     238.175us           192  
                                                                                                                                                                               Custom_Cijk_Alik_Bljk_BBS_BH_Bias_GG_AS_SAV_UserArgs_MT128x64x32_MI16x16x1_SN_GSU1_K1_MIWT4_2_WGM8_gfx938         0.00%       0.000us         0.00%       0.000us       0.000us      45.657ms         0.47%      45.657ms       1.756ms            26  
                                                                                                                                                                                                                                                                       _unpermute_kernel         0.00%       0.000us         0.00%       0.000us       0.000us      43.574ms         0.45%      43.574ms     113.473us           384  
                                                                                                                                                                               Custom_Cijk_Ailk_Bljk_BBS_BH_Bias_GG_AS_SAV_UserArgs_MT128x64x32_MI16x16x1_SN_GSU1_K1_MIWT4_2_WGM8_gfx938         0.00%       0.000us         0.00%       0.000us       0.000us      43.326ms         0.44%      43.326ms       1.733ms            25  
Cijk_Alik_Bljk_BBH_MT256x256x16_SE_AMAS3_BW_DTL0_BL1_DRB16_ALT_KME0_ETSP_EPS1_FL0_GRVW8_GSU1_ISA938_IU1_KME_GRCMn1_K1_KLA_LDL1_LRVW8_MAC_MMAC_BW1_MMAC_KM0_MMAC_KME1_NLCA1_NLCB1_OLDSR0_PGR1_PLR1_RK1_SU0_SUM0_SUS256_SVW4_TT16_8_TLM0_ULDSWM0_USFGRO0_USSB0_VAW1_VSn1_VW8_WG16_32_1_...         0.00%       0.000us         0.00%       0.000us       0.000us      42.895ms         0.44%      42.895ms      10.724ms             4  
                                                                                                                                                                                                                                                                         _permute_kernel         0.00%       0.000us         0.00%       0.000us       0.000us      42.771ms         0.44%      42.771ms     111.382us           384  
                                                                                                                                                                                                                                                                         Memset (Device)         0.00%       0.000us         0.00%       0.000us       0.000us      41.822ms         0.43%      41.822ms      84.318us           496  
                                                                                                                                                                                                                                                                               aten::cat         0.02%       2.864ms         0.03%       4.707ms      23.895us      40.643ms         0.42%      40.643ms     206.311us           197  
void at::native::(anonymous namespace)::CatArrayBatchedCopy_contig<at::native::(anonymous namespace)::OpaqueType<2u>, unsigned int, 4, 128, 1>(at::native::(anonymous namespace)::OpaqueType<2u>*, at::native::(anonymous namespace)::CatArrInputTensorMetadata<at::native::(anonymou...         0.00%       0.000us         0.00%       0.000us       0.000us      40.586ms         0.42%      40.586ms     211.388us           192  
                                                                                                            void transformer_engine::normalization::rmsnorm_bwd_finalize_general_kernel<__hip_bfloat16, float, 4u, 1u, 4u, 32u>(transformer_engine::normalization::BackwardKernelParams)         0.00%       0.000us         0.00%       0.000us       0.000us      40.505ms         0.42%      40.505ms     105.483us           384  
                                                                                                                                                                                                                                                                     aten::empty_strided         0.12%      16.381ms         0.40%      55.943ms      14.333us      39.104ms         0.40%      39.104ms      10.019us          3903  
                                                                                                                                                                                                                                                         _OperationFuserAutogradFunction         0.36%      50.371ms         0.48%      67.461ms     116.311us      37.064ms         0.38%      40.318ms      69.515us           580  
                                                                                                                                                                              Custom_Cijk_Ailk_Bjlk_BSS_BH_Bias_GG_UserArgs_AS_SAV_MT128x128x16_MI16x16x1_SN_DTL1_GSU1_K1_MIWT4_4_gfx938         0.00%       0.000us         0.00%       0.000us       0.000us      36.804ms         0.38%      36.804ms     800.090us            46  
void at::native::reduce_kernel<128, 4, at::native::ReduceOp<c10::BFloat16, at::native::func_wrapper_t<c10::BFloat16, at::native::sum_functor<c10::BFloat16, float, c10::BFloat16>::operator()(at::TensorIterator&)::{lambda(float, float)#1}>, unsigned int, c10::BFloat16, 4, 8> >(a...         0.00%       0.000us         0.00%       0.000us       0.000us      36.547ms         0.37%      36.547ms      95.173us           384  
                                                                                                                                                                                                                                                                              aten::mul_         0.01%     985.480us         0.01%       1.309ms      14.077us      35.315ms         0.36%      35.315ms     379.733us            93  
                                                                                                                                                                                                                                 LinearWithGradAccumulationAndAsyncCommunicationBackward         0.00%     542.543us         0.01%     954.121us     238.530us      35.233ms         0.36%     113.812ms      28.453ms             4  
                                                                                                                                                                                                                                                                   FusedRoPEFuncBackward         0.04%       5.236ms         0.07%      10.068ms      26.219us      35.081ms         0.36%      35.081ms      91.357us           384  
                                                           void transformer_engine::fused_rope_backward_kernel<__hip_bfloat16>(__hip_bfloat16 const*, int const*, float const*, int const*, __hip_bfloat16*, bool, int, int, int, int, int, int, int, int, int, int, int, int, int, int)         0.00%       0.000us         0.00%       0.000us       0.000us      35.081ms         0.36%      35.081ms      91.357us           384  
                                                                                                                                                                                                                                                                           FusedRoPEFunc         0.05%       6.303ms         0.08%      11.079ms      28.852us      34.865ms         0.36%      34.865ms      90.794us           384  
                                                            void transformer_engine::fused_rope_forward_kernel<__hip_bfloat16>(__hip_bfloat16 const*, int const*, float const*, int const*, __hip_bfloat16*, bool, int, int, int, int, int, int, int, int, int, int, int, int, int, int)         0.00%       0.000us         0.00%       0.000us       0.000us      34.865ms         0.36%      34.865ms      90.794us           384  
                                                                                                                                                                                                                                                       triton_poi_fused_mul_silu_split_0         0.02%       2.789ms         0.04%       5.192ms      27.039us      34.477ms         0.35%      34.477ms     179.569us           192  
                                                                                                                                                                                                                                                       triton_poi_fused_mul_silu_split_0         0.00%       0.000us         0.00%       0.000us       0.000us      34.477ms         0.35%      34.477ms     179.569us           192  
                                                                                                                                                                                                         ## Call CompiledFxGraph fe6oyygbbd7n36vjdhxoaao5sduqbmoysv4gat3adkp46kwhw3ti ##         0.00%       0.000us         0.00%       0.000us       0.000us      34.477ms         0.35%      34.477ms     179.569us           192  
                                                                                                                                                                                                            ncclDevKernel_AllGather_Ring_Simple_Sum_i8(ncclDevKernelArgsStorage<1024ul>)         0.00%       0.000us         0.00%       0.000us       0.000us      32.117ms         0.33%      32.117ms       1.529ms            21  
                                                                                                                                                                                                                                                   nccl:all_gather_into_tensor_coalesced         0.00%       0.000us         0.00%       0.000us       0.000us      32.117ms         0.33%      32.117ms       1.529ms            21  
                                                                                                                                                                                Custom_Cijk_Alik_Bljk_BBS_BH_Bias_GG_AS_SAV_UserArgs_MT64x64x64_MI16x16x1_SN_GSU1_K1_MIWT2_2_WGM1_gfx938         0.00%       0.000us         0.00%       0.000us       0.000us      30.684ms         0.31%      30.684ms       2.557ms            12  
void transformer_engine::normalization::rmsnorm_bwd_general_kernel<transformer_engine::normalization::Kernel_traits<__hip_bfloat16, __hip_bfloat16, __hip_bfloat16, float, unsigned int, 128u, 1u, 4u, 1u, 8u, transformer_engine::normalization::Kernel_traits_base<128u, __hip_bflo...         0.00%       0.000us         0.00%       0.000us       0.000us      27.919ms         0.29%      27.919ms      72.706us           384  
           void at::native::vectorized_elementwise_kernel<4, at::native::bfloat16_copy_kernel_cuda(at::TensorIteratorBase&)::{lambda(float)#1}, std::array<char*, 2ul> >(int, at::native::bfloat16_copy_kernel_cuda(at::TensorIteratorBase&)::{lambda(float)#1}, std::array<char*, 2ul>)         0.00%       0.000us         0.00%       0.000us       0.000us      27.819ms         0.29%      27.819ms      15.378us          1809  
                                                                                                                                                                                                                                                   triton_red_fused_mul_silu_split_sum_1         0.01%       1.763ms         0.02%       3.069ms      15.985us      25.967ms         0.27%      25.967ms     135.246us           192  
                                                                                                                                                                                                                                                   triton_red_fused_mul_silu_split_sum_1         0.00%       0.000us         0.00%       0.000us       0.000us      25.967ms         0.27%      25.967ms     135.246us           192  
void transformer_engine::normalization::rmsnorm_fwd_general_kernel<transformer_engine::normalization::Kernel_traits<__hip_bfloat16, __hip_bfloat16, __hip_bfloat16, float, unsigned int, 128u, 1u, 4u, 1u, 8u, transformer_engine::normalization::Kernel_traits_base<128u, __hip_bflo...         0.00%       0.000us         0.00%       0.000us       0.000us      25.281ms         0.26%      25.281ms      65.837us           384  
                                                                                                                                                                                                         ## Call CompiledFxGraph fl3fx7le477m4vr3oidrduzs7xa4ao3lniwx4yfhr536s56wpy7c ##         0.00%       0.000us         0.00%       0.000us       0.000us      24.178ms         0.25%      24.178ms       6.045ms             4  
void at::native::elementwise_kernel_manual_unroll<128, 8, at::native::gpu_kernel_impl_nocast<at::native::direct_copy_kernel_cuda(at::TensorIteratorBase&)::{lambda()#3}::operator()() const::{lambda()#12}::operator()() const::{lambda(c10::BFloat16)#1}>(at::TensorIteratorBase&, a...         0.00%       0.000us         0.00%       0.000us       0.000us      24.030ms         0.25%      24.030ms      41.719us           576  
                                                                                      void multi_tensor_apply_kernel<TensorListMetadata<1>, L2NormFunctor<float>, float*, float*, bool, int>(int, int volatile*, TensorListMetadata<1>, L2NormFunctor<float>, float*, float*, bool, int)         0.00%       0.000us         0.00%       0.000us       0.000us      24.019ms         0.25%      24.019ms      16.496us          1456  
                                                                                                                                                                                                                                                                             aten::fill_         0.04%       5.946ms         0.08%      10.607ms      10.846us      23.765ms         0.24%      23.765ms      24.299us           978  
                                                                                                                                                                               Custom_Cijk_Alik_Bljk_BBS_BH_Bias_GG_AS_SAV_UserArgs_MT128x64x32_MI16x16x1_SN_GSU1_K1_MIWT4_2_WGM1_gfx938         0.00%       0.000us         0.00%       0.000us       0.000us      23.291ms         0.24%      23.291ms       2.329ms            10  
void transformer_engine::normalization::rmsnorm_fwd_tuned_kernel<transformer_engine::normalization::Kernel_traits<__hip_bfloat16, __hip_bfloat16, __hip_bfloat16, float, unsigned int, 2048u, 1u, 4u, 1u, 16u, transformer_engine::normalization::Kernel_traits_base<2048u, __hip_bfl...         0.00%       0.000us         0.00%       0.000us       0.000us      23.155ms         0.24%      23.155ms      59.679us           388  
                                                                                                                                                                                                                                                           _moe_permute_mask_mapBackward         0.25%      34.724ms         0.32%      44.836ms     233.519us      22.783ms         0.23%      23.914ms     124.551us           192  
                                                                                                                                                                              Custom_Cijk_Ailk_Bljk_BBS_BH_Bias_GG_AS_SAV_UserArgs_MT128x128x32_MI16x16x1_SN_GSU1_K1_MIWT4_4_WGM8_gfx938         0.00%       0.000us         0.00%       0.000us       0.000us      21.488ms         0.22%      21.488ms       1.194ms            18  
                                                                                                                                                                                                                                                                 _moe_unpermute_mask_map         0.20%      27.420ms         0.22%      30.288ms     157.748us      20.790ms         0.21%      20.790ms     108.282us           192  
                                                                                                                                                                                                      Custom_GG_UserArgs_BBS_Cijk_Alik_Bljk_BBH_MT32x32x128_SE_K1_NoSync_PGR4_SU0_gfx938         0.00%       0.000us         0.00%       0.000us       0.000us      20.429ms         0.21%      20.429ms       5.107ms             4  
                                                                                                                                                                              Custom_Cijk_Ailk_Bljk_BBS_BH_Bias_GG_AS_SAV_UserArgs_MT128x128x32_MI16x16x1_SN_GSU1_K1_MIWT4_4_WGM1_gfx938         0.00%       0.000us         0.00%       0.000us       0.000us      20.356ms         0.21%      20.356ms       1.071ms            19  
                                                                                                                  void multi_tensor_apply_kernel<TensorListMetadata<2>, ScaleFunctor<float, float>, float>(int, int volatile*, TensorListMetadata<2>, ScaleFunctor<float, float>, float)         0.00%       0.000us         0.00%       0.000us       0.000us      19.798ms         0.20%      19.798ms     108.186us           183  
                                                                                                                 void at::native::vectorized_elementwise_kernel<4, at::native::FillFunctor<float>, std::array<char*, 1ul> >(int, at::native::FillFunctor<float>, std::array<char*, 1ul>)         0.00%       0.000us         0.00%       0.000us       0.000us      19.488ms         0.20%      19.488ms     811.987us            24  
void transformer_engine::normalization::rmsnorm_bwd_tuned_kernel<transformer_engine::normalization::Kernel_traits<__hip_bfloat16, __hip_bfloat16, __hip_bfloat16, float, unsigned int, 2048u, 1u, 1u, 4u, 16u, transformer_engine::normalization::Kernel_traits_base<2048u, __hip_bfl...         0.00%       0.000us         0.00%       0.000us       0.000us      19.136ms         0.20%      19.136ms      49.319us           388  
void at::native::elementwise_kernel_manual_unroll<128, 4, at::native::gpu_kernel_impl_nocast<at::native::BinaryFunctor<float, float, float, at::native::binary_internal::MulFunctor<float> > >(at::TensorIteratorBase&, at::native::BinaryFunctor<float, float, float, at::native::bi...         0.00%       0.000us         0.00%       0.000us       0.000us      18.771ms         0.19%      18.771ms       1.564ms            12  
                                                                                         void at::native::vectorized_elementwise_kernel<8, at::native::CUDAFunctor_add<c10::BFloat16>, std::array<char*, 3ul> >(int, at::native::CUDAFunctor_add<c10::BFloat16>, std::array<char*, 3ul>)         0.00%       0.000us         0.00%       0.000us       0.000us      18.510ms         0.19%      18.510ms      24.102us           768  
                                                                                                                                                                                                                                                         _moe_unpermute_mask_mapBackward         0.24%      33.848ms         0.27%      37.495ms     195.288us      18.009ms         0.18%      18.009ms      93.797us           192  
                                                                                                                                                                                  Custom_Cijk_Ailk_Bljk_BBS_BH_Bias_GG_AS_SAV_UserArgs_MT128x128x16_SE_EPS1_K1_WGM1_struct_buffer_gfx938         0.00%       0.000us         0.00%       0.000us       0.000us      17.520ms         0.18%      17.520ms       1.593ms            11  
                                                                                                                                                                                                                                                               _row_id_map_pass_3_kernel         0.00%       0.000us         0.00%       0.000us       0.000us      17.339ms         0.18%      17.339ms      90.305us           192  
void at::native::vectorized_elementwise_kernel<4, at::native::AUnaryFunctor<float, float, float, at::native::binary_internal::MulFunctor<float> >, std::array<char*, 2ul> >(int, at::native::AUnaryFunctor<float, float, float, at::native::binary_internal::MulFunctor<float> >, std...         0.00%       0.000us         0.00%       0.000us       0.000us      16.596ms         0.17%      16.596ms     176.549us            94  
void at::native::reduce_kernel<128, 4, at::native::ReduceOp<long, at::native::func_wrapper_t<long, at::native::sum_functor<long, long, long>::operator()(at::TensorIterator&)::{lambda(long, long)#2}>, unsigned int, long, 4, 4> >(at::native::ReduceOp<long, at::native::func_wrapp...         0.00%       0.000us         0.00%       0.000us       0.000us      16.488ms         0.17%      16.488ms      28.624us           576  
                                                                                                                                                                              Custom_Cijk_Alik_Bljk_BBS_BH_Bias_GG_AS_SAV_UserArgs_MT128x128x32_MI16x16x1_SN_GSU1_K1_MIWT4_4_WGM1_gfx938         0.00%       0.000us         0.00%       0.000us       0.000us      15.548ms         0.16%      15.548ms       1.296ms            12  
                                                                                                                                                                                                                                                      RouterGatingLinearFunctionBackward         0.20%      27.972ms         0.24%      33.826ms     176.178us      15.107ms         0.15%      15.107ms      78.681us           192  
                                                                                                                                                                                                                                                                  triton_poi_fused_add_0         0.04%       5.052ms         0.06%       8.932ms      23.262us      13.846ms         0.14%      13.846ms      36.056us           384  
                                                                                                                                                                                                                                                                  triton_poi_fused_add_0         0.00%       0.000us         0.00%       0.000us       0.000us      13.846ms         0.14%      13.846ms      36.056us           384  
                                                                                                                                                                                                         ## Call CompiledFxGraph fjbeuth2d3d4p7hfklsss2f4yudgtcvypjfn7kyifelqa2rk6ul7 ##         0.00%       0.000us         0.00%       0.000us       0.000us      13.846ms         0.14%      13.846ms      36.056us           384  
void flash_bwd_dot_do_o_kernel<false, Flash_bwd_kernel_dq_16x64_prefetch_traits<128, 128, 64, 4, 4, 1, 4, false, true, false, true, cutlass::bfloat16_t, 3, 128, Flash_bwd_kernel_traits<128, 128, 64, 4, 4, 1, 4, false, true, cutlass::bfloat16_t, Flash_kernel_traits<128, 128, 64...         0.00%       0.000us         0.00%       0.000us       0.000us      12.974ms         0.13%      12.974ms      67.573us           192  
                                                                                                                                                                         Custom_Cijk_Ailk_Bjlk_BSS_BH_Bias_GG_UserArgs_AS_SAV_MT256x128x16_MI16x16x1_SN_DTL1_GSU1_K1_MIWT8_4_WGM8_gfx938         0.00%       0.000us         0.00%       0.000us       0.000us      12.757ms         0.13%      12.757ms     671.402us            19  
                                                                                                                                                                                                                                       triton_poi_fused__to_copy_div_exp_sub_unsqueeze_3         0.00%      57.095us         0.00%      90.443us      22.611us      12.617ms         0.13%      12.617ms       3.154ms             4  
                                                                                                                                                                                                                                       triton_poi_fused__to_copy_div_exp_sub_unsqueeze_3         0.00%       0.000us         0.00%       0.000us       0.000us      12.617ms         0.13%      12.617ms       3.154ms             4  
                                                                                                                                                                                                                                                                aten::linalg_vector_norm         0.03%       3.504ms         0.04%       5.161ms      46.919us      12.515ms         0.13%      12.515ms     113.768us           110  
                                                                                                                                                                                                                                                            Memcpy HtoD (Host -> Device)         0.00%       0.000us         0.00%       0.000us       0.000us      12.144ms         0.12%      12.144ms      10.266us          1183  
                                       void at::native::reduce_kernel<512, 1, at::native::ReduceOp<float, at::native::NormTwoOps<float, float, float>, unsigned int, float, 4, 4> >(at::native::ReduceOp<float, at::native::NormTwoOps<float, float, float>, unsigned int, float, 4, 4>)         0.00%       0.000us         0.00%       0.000us       0.000us      11.893ms         0.12%      11.893ms     108.121us           110  
                                                                                                                                                                                                                                                          FusedTopkScoreFunctionBackward         0.03%       4.018ms         0.07%       9.227ms      48.057us       9.423ms         0.10%      10.466ms      54.510us           192  
                                                                                    void transformer_engine::fused_topk_with_score_function_backward_kernel<__hip_bfloat16>(bool const*, __hip_bfloat16 const*, __hip_bfloat16 const*, int, int, int, bool, float, int, __hip_bfloat16*)         0.00%       0.000us         0.00%       0.000us       0.000us       9.423ms         0.10%       9.423ms      49.081us           192  
                                                                                                                                                                              Custom_Cijk_Ailk_Bljk_BBS_BH_Bias_GG_AS_SAV_UserArgs_MT256x256x16_MI16x16x1_SN_GSU1_K1_MIWT8_4_WGM5_gfx938         0.00%       0.000us         0.00%       0.000us       0.000us       8.874ms         0.09%       8.874ms     986.009us             9  
                                                                                                                                                                                                                                                 FusedComputeScoresForMoEAuxLossBackward         0.04%       5.426ms         0.08%      11.816ms      61.543us       8.090ms         0.08%       9.134ms      47.571us           192  
                                                                                                                void transformer_engine::fused_score_for_moe_aux_loss_backward_kernel<__hip_bfloat16>(__hip_bfloat16 const*, __hip_bfloat16 const*, int, int, int, int, __hip_bfloat16*)         0.00%       0.000us         0.00%       0.000us       0.000us       8.090ms         0.08%       8.090ms      42.137us           192  
                                                                                                                                                                         triton_red_fused__to_copy_arange_bitwise_or_clone_exp_ge_index_index_put_lift_fresh_lt_sub_sum_unsqueeze_view_1         0.00%      77.774us         0.00%     126.753us      31.688us       8.088ms         0.08%       8.088ms       2.022ms             4  
                                                                                                                                                                         triton_red_fused__to_copy_arange_bitwise_or_clone_exp_ge_index_index_put_lift_fresh_lt_sub_sum_unsqueeze_view_1         0.00%       0.000us         0.00%       0.000us       0.000us       8.088ms         0.08%       8.088ms       2.022ms             4  
                                                                                                                                                                                                                                                               _row_id_map_pass_2_kernel         0.00%       0.000us         0.00%       0.000us       0.000us       7.933ms         0.08%       7.933ms      41.316us           192  
                                                                                                                                                                                                                                                                               aten::mul         0.02%       2.900ms         0.03%       4.093ms      18.863us       7.896ms         0.08%       7.896ms      36.388us           217  
void at::native::reduce_kernel<512, 1, at::native::ReduceOp<long, at::native::func_wrapper_t<long, at::native::sum_functor<long, long, long>::operator()(at::TensorIterator&)::{lambda(long, long)#2}>, unsigned int, long, 4, 4> >(at::native::ReduceOp<long, at::native::func_wrapp...         0.00%       0.000us         0.00%       0.000us       0.000us       7.786ms         0.08%       7.786ms      13.518us           576  
void at::native::vectorized_templated_elementwise_kernel<4, at::native::BinaryFunctor<float, float, float, at::native::binary_internal::MulFunctor<float> >, std::array<char*, 3ul>, TrivialOffsetCalculator<2, unsigned int>, TrivialOffsetCalculator<1, unsigned int>, at::native::...         0.00%       0.000us         0.00%       0.000us       0.000us       7.782ms         0.08%       7.782ms      40.533us           192  
Cijk_Ailk_Bljk_BBH_MT256x128x16_SE_AMAS3_BW_DTL0_BL1_DRB16_ALT_KME1_ETSP_EPS0_FL0_GRVW8_GSU1_ISA938_IU1_KME_GRCMn1_K1_KLA_LDL1_LRVW8_MAC_MMAC_BW1_MMAC_KM0_MMAC_KME1_NLCA1_NLCB1_OLDSR0_PGR2_PLR1_RK0_SU0_SUM0_SUS256_SVW4_TT16_8_TLM0_ULDSWM0_USFGRO0_USSB0_VAW2_VSn1_VW8_WG16_16_1_...         0.00%       0.000us         0.00%       0.000us       0.000us       7.720ms         0.08%       7.720ms      40.206us           192  
Cijk_Ailk_Bjlk_BBH_MT64x64x128_SE_AMAS3_BW_DTL0_BL1_DRB16_ALT_KME0_ETSP_EPS1_FL0_GRVW8_GSU1_ISA938_IU1_KME_GRCMn1_K1_KLA_LDL1_LRVW8_MAC_MMAC_BW1_MMAC_KM0_MMAC_KME1_NLCA1_NLCB1_OLDSR0_PGR1_PLR1_RK1_SU0_SUM0_SUS256_SVW4_TT8_8_TLM0_ULDSWM0_USFGRO0_USSB0_VAW2_VSn1_VW8_WG8_8_1_WGM1...         0.00%       0.000us         0.00%       0.000us       0.000us       7.387ms         0.08%       7.387ms      38.475us           192  
                                                                                                                                                                                                         ## Call CompiledFxGraph fgg6xucsnf3lbkwuofodsxei3ld727o7ok75aa5hq2lswsfhyk5q ##         0.00%       0.000us         0.00%       0.000us       0.000us       7.165ms         0.07%       7.165ms       1.791ms             4  
                                                                                                                                                                                                                                                               _row_id_map_pass_1_kernel         0.00%       0.000us         0.00%       0.000us       0.000us       7.031ms         0.07%       7.031ms      36.619us           192  
                                                                                                                                                                                                                                                                               aten::add         0.03%       3.756ms         0.04%       5.653ms      14.533us       6.934ms         0.07%       6.934ms      17.826us           389  
                                                                                                                                                                              Custom_Cijk_Alik_Bljk_BBS_BH_Bias_GG_AS_SAV_UserArgs_MT256x256x16_MI16x16x1_SN_GSU1_K1_MIWT8_4_WGM5_gfx938         0.00%       0.000us         0.00%       0.000us       0.000us       6.673ms         0.07%       6.673ms     834.140us             8  
                                                                                                                                                                                                                                                              RouterGatingLinearFunction         0.12%      16.694ms         0.14%      19.902ms     103.655us       6.090ms         0.06%       6.090ms      31.717us           192  
Cijk_Alik_Bljk_BBH_MT128x64x64_SE_AMAS3_BW_DTL0_BL1_DRB16_ALT_KME0_ETSP_EPS0_FL0_GRVW4_GSU1_ISA938_IU1_KME_GRCMn2_K1_KLA_LDL1_LRVW4_MAC_MMAC_BW1_MMAC_KM0_MMAC_KME1_NLCA1_NLCB1_OLDSR0_PGR2_PLR1_RK1_SU0_SUM0_SUS256_SVW4_TT4_4_TLM0_ULDSWM0_USFGRO0_USSB0_VAW1_VSn1_VW4_WG32_16_1_WG...         0.00%       0.000us         0.00%       0.000us       0.000us       6.090ms         0.06%       6.090ms      31.717us           192  
void at::native::elementwise_kernel_manual_unroll<128, 4, at::native::gpu_kernel_impl<at::native::direct_copy_kernel_cuda(at::TensorIteratorBase&)::{lambda()#3}::operator()() const::{lambda()#4}::operator()() const::{lambda(long)#1}>(at::TensorIteratorBase&, at::native::direct...         0.00%       0.000us         0.00%       0.000us       0.000us       5.255ms         0.05%       5.255ms      13.686us           384  
                                                                                                                                                                                                                                                            Memcpy DtoH (Device -> Host)         0.00%       0.000us         0.00%       0.000us       0.000us       5.228ms         0.05%       5.228ms       5.197us          1006  
void transformer_engine::normalization::rmsnorm_bwd_finalize_tuned_kernel<transformer_engine::normalization::Kernel_traits_finalize<2048u, __hip_bfloat16, __hip_bfloat16, __hip_bfloat16, float, unsigned int, 1024u, 4u, transformer_engine::normalization::Kernel_traits_base<2048...         0.00%       0.000us         0.00%       0.000us       0.000us       4.556ms         0.05%       4.556ms      11.743us           388  
                                                                                                                                                                                                                                             triton_poi_fused_embedding_dense_backward_2         0.00%      44.122us         0.00%      74.832us      18.708us       3.983ms         0.04%       3.983ms     995.800us             4  
                                                                                                                                                                                                                                             triton_poi_fused_embedding_dense_backward_2         0.00%       0.000us         0.00%       0.000us       0.000us       3.983ms         0.04%       3.983ms     995.800us             4  
                                                                                                                                                                                                                                                         triton_red_fused__to_copy_max_0         0.00%      70.716us         0.00%     112.302us      28.075us       3.124ms         0.03%       3.124ms     781.040us             4  
                                                                                                                                                                                                                                                         triton_red_fused__to_copy_max_0         0.00%       0.000us         0.00%       0.000us       0.000us       3.124ms         0.03%       3.124ms     781.040us             4  
                                                                                                                                                                                                               Custom_GG_UserArgs_BBS_Cijk_Ailk_Bljk_BBH_MT256x128x16_struct_WGM8_gfx938         0.00%       0.000us         0.00%       0.000us       0.000us       2.954ms         0.03%       2.954ms     738.400us             4  
                                                                                                                                                                                                                                             triton_poi_fused_embedding_dense_backward_0         0.00%      74.827us         0.00%     126.814us      31.703us       2.819ms         0.03%       2.819ms     704.720us             4  
                                                                                                                                                                                                                                             triton_poi_fused_embedding_dense_backward_0         0.00%       0.000us         0.00%       0.000us       0.000us       2.819ms         0.03%       2.819ms     704.720us             4  
                                                                                                                                                                                                                                                               aten::_local_scalar_dense         0.02%       2.755ms         5.49%     766.322ms     941.428us       2.766ms         0.03%       2.766ms       3.397us           814  
void at::native::reduce_kernel<512, 1, at::native::ReduceOp<float, at::native::func_wrapper_t<float, at::native::sum_functor<float, float, float>::operator()(at::TensorIterator&)::{lambda(float, float)#2}>, unsigned int, float, 4, 4> >(at::native::ReduceOp<float, at::native::f...         0.00%       0.000us         0.00%       0.000us       0.000us       2.467ms         0.03%       2.467ms      12.033us           205  
                                                                                                                                                                                                                                                                    FusedAuxLossBackward         0.03%       4.693ms         0.05%       6.943ms      36.161us       2.223ms         0.02%       2.223ms      11.577us           192  
                                                                                                                                void transformer_engine::fused_moe_aux_loss_backward_kernel<__hip_bfloat16, long>(float const*, long const*, int, int, __hip_bfloat16*, __hip_bfloat16*)         0.00%       0.000us         0.00%       0.000us       0.000us       2.223ms         0.02%       2.223ms      11.577us           192  
void at::native::elementwise_kernel_manual_unroll<128, 4, at::native::gpu_kernel_impl_nocast<at::native::direct_copy_kernel_cuda(at::TensorIteratorBase&)::{lambda()#3}::operator()() const::{lambda()#4}::operator()() const::{lambda(long)#1}>(at::TensorIteratorBase&, at::native:...         0.00%       0.000us         0.00%       0.000us       0.000us       2.171ms         0.02%       2.171ms       5.655us           384  
                                                                                                                  void at::native::vectorized_elementwise_kernel<16, at::native::FillFunctor<bool>, std::array<char*, 1ul> >(int, at::native::FillFunctor<bool>, std::array<char*, 1ul>)         0.00%       0.000us         0.00%       0.000us       0.000us       2.086ms         0.02%       2.086ms       5.432us           384  
void at::native::vectorized_templated_elementwise_kernel<2, at::native::CUDAFunctor_add<float>, std::array<char*, 3ul>, TrivialOffsetCalculator<2, unsigned int>, TrivialOffsetCalculator<1, unsigned int>, at::native::memory::LoadWithCast<2>, at::native::memory::StoreWithCast<1>...         0.00%       0.000us         0.00%       0.000us       0.000us       2.018ms         0.02%       2.018ms      42.049us            48  
                                                                                                                     void at::native::vectorized_elementwise_kernel<4, at::native::FillFunctor<int>, std::array<char*, 1ul> >(int, at::native::FillFunctor<int>, std::array<char*, 1ul>)         0.00%       0.000us         0.00%       0.000us       0.000us       1.144ms         0.01%       1.144ms       5.837us           196  
                                                                                                                                                                                                                                                                               aten::div         0.04%       4.998ms         0.04%       5.937ms      28.822us       1.135ms         0.01%       1.135ms       5.509us           206  
void at::native::vectorized_elementwise_kernel<8, at::native::BUnaryFunctor<c10::BFloat16, c10::BFloat16, c10::BFloat16, at::native::binary_internal::MulFunctor<float> >, std::array<char*, 2ul> >(int, at::native::BUnaryFunctor<c10::BFloat16, c10::BFloat16, c10::BFloat16, at::n...         0.00%       0.000us         0.00%       0.000us       0.000us       1.073ms         0.01%       1.073ms       5.590us           192  
                                                                                                 void at::native::vectorized_elementwise_kernel<8, at::native::FillFunctor<c10::BFloat16>, std::array<char*, 1ul> >(int, at::native::FillFunctor<c10::BFloat16>, std::array<char*, 1ul>)         0.00%       0.000us         0.00%       0.000us       0.000us       1.047ms         0.01%       1.047ms       5.454us           192  
                                                                                                                                                                                                                                                                                aten::ne         0.01%       1.564ms         0.01%       2.077ms      18.222us     920.366us         0.01%     920.366us       8.073us           114  
void at::native::vectorized_elementwise_kernel<4, at::native::BinaryFunctor<float, float, bool, at::native::(anonymous namespace)::CompareEqFunctor<float> >, std::array<char*, 3ul> >(int, at::native::BinaryFunctor<float, float, bool, at::native::(anonymous namespace)::CompareE...         0.00%       0.000us         0.00%       0.000us       0.000us     920.366us         0.01%     920.366us       8.073us           114  
                                                                                                                                                                                                                                                                                aten::eq         0.02%       3.002ms         0.02%       3.380ms      11.045us     880.367us         0.01%     880.367us       2.877us           306  
void at::native::vectorized_elementwise_kernel<4, at::native::AUnaryFunctor<float, float, bool, at::native::(anonymous namespace)::CompareEqFunctor<float> >, std::array<char*, 2ul> >(int, at::native::AUnaryFunctor<float, float, bool, at::native::(anonymous namespace)::CompareE...         0.00%       0.000us         0.00%       0.000us       0.000us     880.367us         0.01%     880.367us       7.723us           114  
void at::native::elementwise_kernel_manual_unroll<128, 4, at::native::gpu_kernel_impl<at::native::CUDAFunctor_add<float> >(at::TensorIteratorBase&, at::native::CUDAFunctor_add<float> const&)::{lambda(int, bool)#1}>(int, at::native::gpu_kernel_impl<at::native::CUDAFunctor_add<f...         0.00%       0.000us         0.00%       0.000us       0.000us     757.505us         0.01%     757.505us       7.891us            96  
                                                                                                                                                                                                                                                                               aten::abs         0.01%       1.659ms         0.04%       6.222ms      27.288us     463.886us         0.00%     927.772us       4.069us           228  
                                                                                                                   void at::native::vectorized_elementwise_kernel<4, at::native::AbsFunctor<float>, std::array<char*, 2ul> >(int, at::native::AbsFunctor<float>, std::array<char*, 2ul>)         0.00%       0.000us         0.00%       0.000us       0.000us     463.886us         0.00%     463.886us       4.069us           114  
                                                                                                                                                                                                                                                                         nccl:all_reduce         0.00%       0.000us         0.00%       0.000us       0.000us     399.997us         0.00%     399.997us      99.999us             4  
                                                                                                                                                                                                                                             triton_poi_fused_embedding_dense_backward_1         0.00%      64.066us         0.00%     101.181us      25.295us     362.556us         0.00%     362.556us      90.639us             4  
                                                                                                                                                                                                                                             triton_poi_fused_embedding_dense_backward_1         0.00%       0.000us         0.00%       0.000us       0.000us     362.556us         0.00%     362.556us      90.639us             4  
                                                                                                                                                                                                               ncclDevKernel_AllReduce_Ring_LL_Sum_f32(ncclDevKernelArgsStorage<1024ul>)         0.00%       0.000us         0.00%       0.000us       0.000us     323.196us         0.00%     323.196us      80.799us             4  
                                                                                                                                                                                                         ncclDevKernel_AllReduce_Ring_LL_PreMulSum_f32(ncclDevKernelArgsStorage<1024ul>)         0.00%       0.000us         0.00%       0.000us       0.000us     272.480us         0.00%     272.480us     272.480us             1  
                                                                                                                                                                                                                                                                 nccl:all_reduce_barrier         0.00%       0.000us         0.00%       0.000us       0.000us     236.798us         0.00%     236.798us     118.399us             2  
void at::native::elementwise_kernel_manual_unroll<128, 4, at::native::gpu_kernel_impl<at::native::direct_copy_kernel_cuda(at::TensorIteratorBase&)::{lambda()#3}::operator()() const::{lambda()#7}::operator()() const::{lambda(float)#1}>(at::TensorIteratorBase&, at::native::direc...         0.00%       0.000us         0.00%       0.000us       0.000us      83.512us         0.00%      83.512us      10.439us             8  
                                                                                                                                                                                                                                                          Memcpy DtoD (Device -> Device)         0.00%       0.000us         0.00%       0.000us       0.000us      76.145us         0.00%      76.145us       4.759us            16  
                                                                                                                                                                                                                                                            triton_poi_fused_embedding_0         0.00%      85.581us         0.00%     168.611us      42.153us      73.596us         0.00%      73.596us      18.399us             4  
                                                                                                                                                                                                                                                            triton_poi_fused_embedding_0         0.00%       0.000us         0.00%       0.000us       0.000us      73.596us         0.00%      73.596us      18.399us             4  
                                                                                                                                                                                                         ## Call CompiledFxGraph fbgsraq6zmisfir53kc4iipkt3mcgn3yli54kb7sabvigklioleq ##         0.00%       0.000us         0.00%       0.000us       0.000us      73.596us         0.00%      73.596us      18.399us             4  
                                                                                                                                                                                                                                                                             aten::index         0.00%      74.621us         0.00%     120.588us      30.147us      71.356us         0.00%      71.356us      17.839us             4  
void at::native::index_elementwise_kernel<128, 4, at::native::gpu_index_kernel<at::native::index_kernel_impl<at::native::OpaqueType<4> >(at::TensorIteratorBase&, c10::ArrayRef<long>, c10::ArrayRef<long>)::{lambda(char*, char const*, long)#1}>(at::TensorIteratorBase&, c10::Arra...         0.00%       0.000us         0.00%       0.000us       0.000us      71.356us         0.00%      71.356us      17.839us             4  
void at::native::elementwise_kernel_manual_unroll<128, 4, at::native::gpu_kernel_impl<at::native::BinaryFunctor<float, float, float, at::native::binary_internal::DivFunctor<float> > >(at::TensorIteratorBase&, at::native::BinaryFunctor<float, float, float, at::native::binary_in...         0.00%       0.000us         0.00%       0.000us       0.000us      63.512us         0.00%      63.512us       7.939us             8  
void at::native::vectorized_elementwise_kernel<4, at::native::BinaryFunctor<float, float, float, at::native::binary_internal::MulFunctor<float> >, std::array<char*, 3ul> >(int, at::native::BinaryFunctor<float, float, float, at::native::binary_internal::MulFunctor<float> >, std...         0.00%       0.000us         0.00%       0.000us       0.000us      62.384us         0.00%      62.384us       3.899us            16  
                                                                                                                                                                                                                                                                  aten::_index_put_impl_         0.00%      40.064us         0.00%      79.624us      19.906us      61.596us         0.00%      61.596us      15.399us             4  
void at::native::index_elementwise_kernel<128, 4, at::native::gpu_index_kernel<at::native::index_put_kernel_impl<at::native::OpaqueType<4> >(at::TensorIterator&, c10::ArrayRef<long>, c10::ArrayRef<long>)::{lambda(char*, char const*, long)#1}>(at::TensorIteratorBase&, c10::Arra...         0.00%       0.000us         0.00%       0.000us       0.000us      61.596us         0.00%      61.596us      15.399us             4  
                                                                                                                                                                                                                                                                              aten::div_         0.00%     106.101us         0.00%     146.900us      18.362us      47.832us         0.00%      47.832us       5.979us             8  
void at::native::vectorized_elementwise_kernel<4, at::native::BUnaryFunctor<float, float, float, at::native::binary_internal::MulFunctor<float> >, std::array<char*, 2ul> >(int, at::native::BUnaryFunctor<float, float, float, at::native::binary_internal::MulFunctor<float> >, std...         0.00%       0.000us         0.00%       0.000us       0.000us      42.067us         0.00%      42.067us       3.236us            13  
                                                                                                                                                                                                               ncclDevKernel_AllReduce_Ring_LL_Sum_i32(ncclDevKernelArgsStorage<1024ul>)         0.00%       0.000us         0.00%       0.000us       0.000us      41.119us         0.00%      41.119us      41.119us             1  
void at::native::elementwise_kernel_manual_unroll<128, 4, at::native::gpu_kernel_impl<at::native::direct_copy_kernel_cuda(at::TensorIteratorBase&)::{lambda()#3}::operator()() const::{lambda()#3}::operator()() const::{lambda(int)#1}>(at::TensorIteratorBase&, at::native::direct_...         0.00%       0.000us         0.00%       0.000us       0.000us      27.196us         0.00%      27.196us       6.799us             4  
                                                                                                         void at::native::vectorized_elementwise_kernel<4, at::native::CUDAFunctor_add<float>, std::array<char*, 3ul> >(int, at::native::CUDAFunctor_add<float>, std::array<char*, 3ul>)         0.00%       0.000us         0.00%       0.000us       0.000us      24.634us         0.00%      24.634us       4.106us             6  
                                                                                                                                                                                                              triton_poi_fused__to_copy_all_reduce_arange_index_log_sub_unsqueeze_view_4         0.00%      44.273us         0.00%      69.461us      17.365us      22.556us         0.00%      22.556us       5.639us             4  
                                                                                                                                                                                                              triton_poi_fused__to_copy_all_reduce_arange_index_log_sub_unsqueeze_view_4         0.00%       0.000us         0.00%       0.000us       0.000us      22.556us         0.00%      22.556us       5.639us             4  
                                                                                                                                                                                                                                                                             aten::clamp         0.00%      50.111us         0.00%      71.794us      17.949us      21.116us         0.00%      21.116us       5.279us             4  
void at::native::vectorized_elementwise_kernel<4, at::native::(anonymous namespace)::launch_clamp_scalar(at::TensorIteratorBase&, c10::Scalar, c10::Scalar, at::native::detail::ClampLimits)::{lambda()#1}::operator()() const::{lambda()#3}::operator()() const::{lambda(int)#1}, st...         0.00%       0.000us         0.00%       0.000us       0.000us      21.116us         0.00%      21.116us       5.279us             4  
                                                                                                                                                                                                        triton_poi_fused__to_copy_arange_index_index_put_lift_fresh_sub_unsqueeze_view_2         0.00%      47.258us         0.00%      73.422us      18.355us      16.796us         0.00%      16.796us       4.199us             4  
                                                                                                                                                                                                        triton_poi_fused__to_copy_arange_index_index_put_lift_fresh_sub_unsqueeze_view_2         0.00%       0.000us         0.00%       0.000us       0.000us      16.796us         0.00%      16.796us       4.199us             4  
                                                                                                                                                                                                                                                                              aten::sub_         0.00%      33.106us         0.00%      55.108us      13.777us      15.516us         0.00%      15.516us       3.879us             4  
void at::native::reduce_kernel<256, 2, at::native::ReduceOp<float, at::native::func_wrapper_t<float, at::native::sum_functor<float, float, float>::operator()(at::TensorIterator&)::{lambda(float, float)#2}>, unsigned int, float, 4, 4> >(at::native::ReduceOp<float, at::native::f...         0.00%       0.000us         0.00%       0.000us       0.000us      15.199us         0.00%      15.199us      15.199us             1  
                                                                                                             void at::native::vectorized_elementwise_kernel<4, at::native::CUDAFunctor_add<int>, std::array<char*, 3ul> >(int, at::native::CUDAFunctor_add<int>, std::array<char*, 3ul>)         0.00%       0.000us         0.00%       0.000us       0.000us      15.036us         0.00%      15.036us       3.759us             4  
                                                                                                                                                                                                                                                                               aten::sub         0.00%      44.507us         0.00%      65.625us      16.406us      10.876us         0.00%      10.876us       2.719us             4  
                                                                                           void at::native::vectorized_elementwise_kernel<4, at::native::CUDAFunctorOnOther_add<float>, std::array<char*, 2ul> >(int, at::native::CUDAFunctorOnOther_add<float>, std::array<char*, 2ul>)         0.00%       0.000us         0.00%       0.000us       0.000us      10.876us         0.00%      10.876us       2.719us             4  
                                                                                                                                                                                                                                                                            aten::arange         0.00%      47.717us         0.00%     183.344us      22.918us      10.076us         0.00%      20.152us       2.519us             8  
void (anonymous namespace)::elementwise_kernel_with_index<int, at::native::arange_cuda_out(c10::Scalar const&, c10::Scalar const&, c10::Scalar const&, at::Tensor&)::{lambda()#1}::operator()() const::{lambda()#4}::operator()() const::{lambda(long)#1}>(int, at::native::arange_cu...         0.00%       0.000us         0.00%       0.000us       0.000us      10.076us         0.00%      10.076us       2.519us             4  
void at::native::(anonymous namespace)::CatArrayBatchedCopy_contig<at::native::(anonymous namespace)::OpaqueType<4u>, unsigned int, 2, 128, 1>(at::native::(anonymous namespace)::OpaqueType<4u>*, at::native::(anonymous namespace)::CatArrInputTensorMetadata<at::native::(anonymou...         0.00%       0.000us         0.00%       0.000us       0.000us       7.839us         0.00%       7.839us       7.839us             1  
                                                                                                                                                                                                                                                                               aten::pow         0.00%      34.678us         0.00%      44.306us      44.306us       6.559us         0.00%       6.559us       6.559us             1  
void at::native::vectorized_elementwise_kernel<4, at::native::(anonymous namespace)::pow_tensor_scalar_kernel_impl<float, float>(at::TensorIteratorBase&, float)::{lambda(float)#1}, std::array<char*, 2ul> >(int, at::native::(anonymous namespace)::pow_tensor_scalar_kernel_impl<f...         0.00%       0.000us         0.00%       0.000us       0.000us       6.559us         0.00%       6.559us       6.559us             1  
                                                                                                                                                                                                                                      cleanup(float*, float*, float*, float*, bool, int)         0.00%       0.000us         0.00%       0.000us       0.000us       5.759us         0.00%       5.759us       5.759us             1  
void at::native::unrolled_elementwise_kernel<at::native::BinaryFunctor<float, float, float, at::native::binary_internal::DivFunctor<float> >, std::array<char*, 3ul>, 4, TrivialOffsetCalculator<2, unsigned int>, TrivialOffsetCalculator<1, unsigned int>, at::native::memory::Load...         0.00%       0.000us         0.00%       0.000us       0.000us       3.839us         0.00%       3.839us       3.839us             1  
                                                                                                                                                                                                                                                                           ProfilerStep*        35.64%        4.975s        70.29%        9.812s        9.812s       0.000us         0.00%        5.267s        5.267s             1  
                                                                                                                                                                                                                                                                    hipStreamIsCapturing         0.02%       2.439ms         0.02%       2.439ms       0.796us       0.000us         0.00%       0.000us       0.000us          3063  
                                                                                                                                                                                                                                                                             aten::zero_         0.01%       1.583ms         0.07%       9.130ms      15.581us       0.000us         0.00%      22.696ms      38.730us           586  
                                                                                                                                                                                                                                                                         hipLaunchKernel         0.77%     107.071ms         0.77%     107.073ms       6.836us       0.000us         0.00%       0.000us       0.000us         15664  
                                                                                                                                                                                                                                                                             aten::zeros         0.01%       1.696ms         0.09%      13.075ms      22.427us       0.000us         0.00%       3.238ms       5.554us           583  
                                                                                                                                                                                                                                                                             aten::empty         0.50%      69.326ms         0.50%      69.331ms       4.463us       0.000us         0.00%       0.000us       0.000us         15536  
                                                                                                                                                                                                                           enumerate(DataLoader)#_MultiProcessingDataLoaderIter.__next__         0.00%     658.840us         0.00%     658.840us     164.710us       0.000us         0.00%       0.000us       0.000us             4  
                                                                                                                                                                                                                                                                                aten::to         0.03%       3.684ms         1.79%     250.322ms      50.734us       0.000us         0.00%      57.528ms      11.659us          4934  
                                                                                                                                                                                                                                                                          aten::_to_copy         0.03%       4.820ms         1.77%     246.638ms     177.821us       0.000us         0.00%      57.528ms      41.476us          1387  
                                                                                                                                                                                                                                                                          hipMemcpyAsync         0.30%      42.337ms         0.30%      42.337ms      21.645us       0.000us         0.00%       0.000us       0.000us          1956  
                                                                                                                                                                                                                                                                        c10d::broadcast_         0.00%     314.101us         0.01%       1.290ms      46.076us       0.000us         0.00%       0.000us       0.000us            28  
                                                                                                                                                                                                                                                                          nccl:broadcast         0.00%       0.000us             0     691.674us      24.703us       0.000us         0.00%       0.000us       0.000us            28  
                                                                                                                                                                                                                                                                         hipEventDestroy         0.03%       4.333ms         0.03%       4.333ms       0.460us       0.000us         0.00%       0.000us       0.000us          9414  
                                                                                                                                                                                                                                                                 hipStreamGetCaptureInfo         0.00%     404.515us         0.00%     404.515us       1.625us       0.000us         0.00%       0.000us       0.000us           249  
                                                                                                                                                                                                                                                                     hipMemcpyWithStream         6.71%     936.387ms         6.71%     936.405ms       3.761ms       0.000us         0.00%       0.000us       0.000us           249  
                                                                                                                                                                                                                                                                        aten::lift_fresh         0.00%     247.568us         0.00%     247.568us       0.620us       0.000us         0.00%       0.000us       0.000us           399  
                                                                                                                                                                                                                                                                           aten::detach_         0.00%      18.735us         0.00%      36.333us       2.422us       0.000us         0.00%       0.000us       0.000us            15  
                                                                                                                                                                                                                                                                                 detach_         0.00%      17.598us         0.00%      17.598us       1.173us       0.000us         0.00%       0.000us       0.000us            15  
                                                                                                                                                                                                                                                  c10d::allgather_into_tensor_coalesced_         0.01%       1.597ms         0.06%       8.960ms      81.451us       0.000us         0.00%      32.117ms     291.972us           110  
                                                                                                                                                                                                                                                                      hipStreamWaitEvent         0.77%     107.292ms         0.77%     107.293ms      13.440us       0.000us         0.00%       0.000us       0.000us          7983  
                                                                                                                                                                                                                                                   nccl:all_gather_into_tensor_coalesced         0.00%       0.000us             0       3.440ms      31.271us       0.000us         0.00%       0.000us       0.000us           110  
                                                                                                                                                                                                                                                              hipStreamGetCaptureInfo_v2         0.01%     861.015us         0.01%     861.015us       0.619us       0.000us         0.00%       0.000us       0.000us          1392  
                                                                                                                                                                                                                                                                      hipExtLaunchKernel         0.09%      13.115ms         0.09%      13.115ms       9.422us       0.000us         0.00%       0.000us       0.000us          1392  
                                                                                                                                                                                                                                                                TorchDynamo Cache Lookup         0.20%      27.796ms         0.22%      30.602ms      39.436us       0.000us         0.00%       0.000us       0.000us           776  
                                                                                                                                                                                                                                                              Torch-Compiled Region: 2/0         0.00%     488.417us         0.01%       1.993ms     498.336us       0.000us         0.00%      73.596us      18.399us             4  
                                                                                                                                                                                                                                                                       Pregraph bytecode         0.07%       9.329ms         0.07%       9.329ms      12.022us       0.000us         0.00%       0.000us       0.000us           776  
                                                                                                                                                                                                                                                  AOTDispatcher Runtime Wrapper Prologue         0.06%       8.334ms         0.06%       8.336ms      10.743us       0.000us         0.00%       0.000us       0.000us           776  
                                                                                                                                                                                                                                                                        CompiledFunction         0.17%      24.253ms         0.50%      69.865ms     180.065us       0.000us         0.00%      13.919ms      35.874us           388  
                                                                                                                                                                                                         ## Call CompiledFxGraph fbgsraq6zmisfir53kc4iipkt3mcgn3yli54kb7sabvigklioleq ##         0.00%     550.405us         0.01%     719.016us     179.754us       0.000us         0.00%      73.596us      18.399us             4  
                                                                                                                                                                                                                                                                  hipPointerGetAttribute         0.08%      10.953ms         0.08%      10.953ms       0.942us       0.000us         0.00%       0.000us       0.000us         11632  
                                                                                                                                                                                                                                                                   hipModuleLaunchKernel         0.18%      25.111ms         0.18%      25.112ms       7.191us       0.000us         0.00%       0.000us       0.000us          3492  
                                                                                                                                                                                                                                                          _ReduceFromModelParallelRegion         0.03%       4.356ms         0.04%       4.931ms      25.159us       0.000us         0.00%       0.000us       0.000us           196  
                                                                                                                                                                                                                                                                           aten::view_as         0.00%     458.105us         0.01%       1.043ms       2.661us       0.000us         0.00%       0.000us       0.000us           392  
                                                                                                                                                                                                                                                                              aten::view         0.24%      33.924ms         0.24%      33.925ms       2.001us       0.000us         0.00%       0.000us       0.000us         16950  
                                                                                                                                                                                                                                                                         aten::transpose         0.04%       5.296ms         0.05%       6.997ms       3.994us       0.000us         0.00%       0.000us       0.000us          1752  
                                                                                                                                                                                                                                                                        aten::as_strided         0.12%      16.639ms         0.12%      16.639ms       0.783us       0.000us         0.00%       0.000us       0.000us         21252  
                                                                                                                                                                                                                                                                           aten::dropout         0.00%       6.119us         0.00%       6.119us       1.530us       0.000us         0.00%       0.000us       0.000us             4  
                                                                                                                                                                                                                                                                      MakeViewlessTensor         0.00%     183.159us         0.00%     234.991us      29.374us       0.000us         0.00%       0.000us       0.000us             8  
                                                                                                                                                                                                                                                 aten::_has_compatible_shallow_copy_type         0.02%       3.409ms         0.02%       3.409ms       0.443us       0.000us         0.00%       0.000us       0.000us          7696  
                                                                                                                                                                                                                                                                hipExtModuleLaunchKernel         0.16%      22.881ms         0.16%      22.882ms       7.912us       0.000us         0.00%       0.000us       0.000us          2892  
                                                                                                                                                                                                                                                                  aten::split_with_sizes         0.11%      15.779ms         0.18%      24.573ms      25.596us       0.000us         0.00%       0.000us       0.000us           960  
                                                                                                                                                                                                                                                                           aten::reshape         0.04%       4.994ms         0.13%      18.566ms       5.640us       0.000us         0.00%      17.562ms       5.335us          3292  
                                                                                                                                                                                                                                                                             aten::clone         0.03%       4.278ms         0.20%      27.658ms      28.572us       0.000us         0.00%      26.244ms      27.112us           968  
                                                                                                                                                                                                                                                                        aten::empty_like         0.04%       6.215ms         0.16%      22.869ms       6.594us       0.000us         0.00%       0.000us       0.000us          3468  
                                                                                                                                                                                                                                                                      aten::_unsafe_view         0.00%     586.872us         0.00%     586.872us       2.934us       0.000us         0.00%       0.000us       0.000us           200  
                                                                                                                                                                                                                                                                        aten::contiguous         0.01%       1.293ms         0.16%      22.500ms      29.297us       0.000us         0.00%       8.640ms      11.250us           768  
                                                                                                                                                                                                                                                               hipGetDeviceProperties_v2         0.00%     303.268us         0.00%     303.268us       0.395us       0.000us         0.00%       0.000us       0.000us           768  
                                                                                                                                                                                                                                                                               aten::all         0.02%       2.490ms         0.02%       2.975ms      15.496us       0.000us         0.00%       0.000us       0.000us           192  
                                                                                                                                                                                                                                                                              aten::item         0.01%       1.263ms         5.50%     767.586ms     942.980us       0.000us         0.00%       2.766ms       3.397us           814  
                                                                                                                                                                                                                                                              Torch-Compiled Region: 1/2         0.15%      20.564ms         0.71%      99.114ms     258.109us       0.000us         0.00%      13.846ms      36.056us           384  
                                                                                                                                                                                                         ## Call CompiledFxGraph fjbeuth2d3d4p7hfklsss2f4yudgtcvypjfn7kyifelqa2rk6ul7 ##         0.26%      35.949ms         0.32%      44.892ms     116.906us       0.000us         0.00%      13.846ms      36.056us           384  
                                                                                                                                                                                                                                                                          hipMemsetAsync         0.03%       3.693ms         0.03%       3.693ms       7.475us       0.000us         0.00%       0.000us       0.000us           494  
                                                                                                                                                                                                                                                                            aten::select         0.01%       2.024ms         0.02%       2.503ms       4.330us       0.000us         0.00%       0.000us       0.000us           578  
                                                                                                                                                                                                                                                                            aten::detach         0.11%      15.396ms         0.23%      32.298ms       1.967us       0.000us         0.00%       0.000us       0.000us         16417  
                                                                                                                                                                                                                                                                                  detach         0.12%      16.902ms         0.12%      16.902ms       1.030us       0.000us         0.00%       0.000us       0.000us         16417  
                                                                                                                                                                                                                                                                    MoEAuxLossAutoScaler         0.01%       1.826ms         0.02%       2.283ms      11.888us       0.000us         0.00%       0.000us       0.000us           192  
                                                                                                                                                                                                                                                       _GatherFromSequenceParallelRegion         0.07%       9.256ms         0.23%      31.665ms     164.924us       0.000us         0.00%     131.822ms     686.574us           192  
                                                                                                                                                                                                                                                                  c10d::_allgather_base_         0.03%       4.470ms         0.16%      21.725ms     113.153us       0.000us         0.00%     131.822ms     686.574us           192  
                                                                                                                                                                                                                                                                   nccl:_all_gather_base         0.00%       0.000us             0      13.781ms      71.778us       0.000us         0.00%       0.000us       0.000us           192  
                                                                                                                                                                                                                                                                             aten::slice         0.05%       6.327ms         0.06%       8.857ms       2.591us       0.000us         0.00%       0.000us       0.000us          3418  
                                                                                                                                                                                                                                                                     aten::record_stream         0.01%       1.525ms         0.01%       1.525ms       1.986us       0.000us         0.00%       0.000us       0.000us           768  
                                                                                                                                                                                                                                                                      aten::resolve_conj         0.00%     405.777us         0.00%     405.777us       0.528us       0.000us         0.00%       0.000us       0.000us           768  
                                                                                                                                                                                                                                                                       aten::resolve_neg         0.00%     305.032us         0.00%     305.032us       0.397us       0.000us         0.00%       0.000us       0.000us           768  
                                                                                                                                                                                                                                                                     hipEventSynchronize        36.51%        5.097s        36.51%        5.097s       3.792ms       0.000us         0.00%       0.000us       0.000us          1344  
                                                                                                                                                                                                                                                                               _AllToAll         0.51%      70.815ms         1.31%     182.837ms     158.713us       0.000us         0.00%        4.084s       3.545ms          1152  
                                                                                                                                                                                                                                                                         aten::new_empty         0.02%       2.802ms         0.07%       9.721ms       8.438us       0.000us         0.00%       0.000us       0.000us          1152  
                                                                                                                                                                                                                                                                    c10d::alltoall_base_         0.18%      24.842ms         0.73%     102.295ms      88.798us       0.000us         0.00%        4.084s       3.545ms          1152  
                                                                                                                                                                                                                                                                         nccl:all_to_all         0.00%       0.000us             0      59.741ms      51.859us       0.000us         0.00%       0.000us       0.000us          1152  
                                                                                                                                                                                                                                                                             aten::ravel         0.01%     824.804us         0.07%       9.798ms      25.515us       0.000us         0.00%       1.083ms       2.822us           384  
                                                                                                                                                                                                                                                                         aten::unsqueeze         0.01%       1.280ms         0.01%       1.647ms       8.237us       0.000us         0.00%       0.000us       0.000us           200  
                                                                                                                                                                                                                                                                 hipPointerGetAttributes         0.03%       3.590ms         0.03%       3.591ms       0.325us       0.000us         0.00%       0.000us       0.000us         11052  
                                                                                                                                                                                                                                                                       hipGetProcAddress         0.02%       3.459ms         0.02%       3.459ms       0.751us       0.000us         0.00%       0.000us       0.000us          4608  
                                                                                                                                                                                                                                                                        hipCtxGetCurrent         0.01%     724.623us         0.01%     724.623us       0.157us       0.000us         0.00%       0.000us       0.000us          4608  
                                                                                                                                                                                                                                                                  WeightedSwiGLUFunction         0.05%       7.648ms         0.40%      56.229ms     292.861us       0.000us         0.00%      34.477ms     179.569us           192  
                                                                                                                                                                                                                                                              Torch-Compiled Region: 5/1         0.11%      14.698ms         0.31%      43.305ms     225.549us       0.000us         0.00%      34.477ms     179.569us           192  
                                                                                                                                                                                                         ## Call CompiledFxGraph fe6oyygbbd7n36vjdhxoaao5sduqbmoysv4gat3adkp46kwhw3ti ##         0.14%      19.784ms         0.18%      24.975ms     130.080us       0.000us         0.00%      34.477ms     179.569us           192  
                                                                                                                                                                                                                                                                           aten::numpy_T         0.00%     330.597us         0.01%       1.418ms       7.385us       0.000us         0.00%       0.000us       0.000us           192  
                                                                                                                                                                                                                                                                           aten::permute         0.01%     762.854us         0.01%       1.087ms       5.663us       0.000us         0.00%       0.000us       0.000us           192  
                                                                                                                                                                                                                                                      hipThreadExchangeStreamCaptureMode         0.00%     621.361us         0.00%     621.361us       0.169us       0.000us         0.00%       0.000us       0.000us          3677  
                                                                                                                                                                                                                                                                           hipHostMalloc         0.28%      39.553ms         0.28%      39.562ms      19.781ms       0.000us         0.00%       0.000us       0.000us             2  
                                                                                                                                                                                                                                                              _CopyToModelParallelRegion         0.00%      45.883us         0.00%      57.349us      14.337us       0.000us         0.00%       0.000us       0.000us             4  
                                                                                                                                                                                                                                         LinearWithGradAccumulationAndAsyncCommunication         0.00%     135.777us         0.00%     495.157us     123.789us       0.000us         0.00%      42.895ms      10.724ms             4  
                                                                                                                                                                                                                                                                                 aten::t         0.00%      14.430us         0.00%      33.017us       8.254us       0.000us         0.00%       0.000us       0.000us             4  
                                                                                                                                                                                                                                                                            aten::matmul         0.00%      53.319us         0.00%     679.718us      84.965us       0.000us         0.00%     121.474ms      15.184ms             8  
                                                                                                                                                                                                                                                              _VocabParallelCrossEntropy         0.00%     180.535us         0.03%       3.534ms     883.563us       0.000us         0.00%      23.868ms       5.967ms             4  
                                                                                                                                                                                                                                                              Torch-Compiled Region: 6/0         0.00%     306.613us         0.02%       3.077ms     769.159us       0.000us         0.00%      23.868ms       5.967ms             4  
                                                                                                                                                                                                         ## Call CompiledFxGraph fl3fx7le477m4vr3oidrduzs7xa4ao3lniwx4yfhr536s56wpy7c ##         0.01%     997.995us         0.02%       2.717ms     679.164us       0.000us         0.00%      23.868ms       5.967ms             4  
                                                                                                                                                                                                                                                           _c10d_functional::all_reduce_         0.00%      57.247us         0.01%     920.377us      76.698us       0.000us         0.00%       0.000us       0.000us            12  
                                                                                                                                                                                                                                                                        c10d::allreduce_         0.00%     338.429us         0.01%       1.595ms      75.965us       0.000us         0.00%     399.997us      19.047us            21  
                                                                                                                                                                                                                                                                         nccl:all_reduce         0.00%       0.000us             0     701.422us      33.401us       0.000us         0.00%       0.000us       0.000us            21  
                                                                                                                                                                                                                                                           _c10d_functional::wait_tensor         0.00%     120.458us         0.00%     325.903us      27.159us       0.000us         0.00%       0.000us       0.000us            12  
                                                                                                                                                                                                                                                                            aten::narrow         0.00%      18.640us         0.00%      39.740us       4.967us       0.000us         0.00%       0.000us       0.000us             8  
                                                                                                                                                                                                                                                                             aten::isnan         0.00%     298.684us         0.02%       2.376ms      20.842us       0.000us         0.00%     920.366us       8.073us           114  
                                                                                                                                                                                                                                                                        aten::is_nonzero         0.00%     379.676us         5.46%     762.002ms       3.342ms       0.000us         0.00%       2.722ms      11.941us           228  
                                                                                                                                                                                                                                                                             aten::isinf         0.00%     526.921us         0.04%       5.868ms      51.476us       0.000us         0.00%       1.344ms      11.792us           114  
                                                                                                                                                                                                                                                                           aten::resize_         0.01%     793.623us         0.01%     793.623us       6.726us       0.000us         0.00%       0.000us       0.000us           118  
                                                                                                                                                                                                                                                                              aten::ones         0.00%      16.688us         0.00%      75.142us      18.785us       0.000us         0.00%      11.036us       2.759us             4  
                                                                                                                                                                                                                                                                         aten::ones_like         0.00%     507.746us         0.04%       4.929ms      25.149us       0.000us         0.00%       1.058ms       5.397us           196  
                                                                                                                                                                                                                                       autograd::engine::evaluate_function: MulBackward0         0.00%     119.648us         0.00%     575.715us      71.964us       0.000us         0.00%      91.348us      11.418us             8  
                                                                                                                                                                                                                                                                            MulBackward0         0.00%      41.039us         0.00%     317.568us      39.696us       0.000us         0.00%      43.992us       5.499us             8  
                                                                                                                                                                                                                                       autograd::engine::evaluate_function: DivBackward0         0.00%      61.963us         0.00%     191.960us      23.995us       0.000us         0.00%      41.912us       5.239us             8  
                                                                                                                                                                                                                                                                            DivBackward0         0.00%      17.524us         0.00%     129.997us      16.250us       0.000us         0.00%      41.912us       5.239us             8  
                                                                                                                                                                                                                                       autograd::engine::evaluate_function: SumBackward0         0.00%      14.447us         0.00%      59.550us      14.888us       0.000us         0.00%       0.000us       0.000us             4  
                                                                                                                                                                                                                                                                            SumBackward0         0.00%      19.552us         0.00%      45.103us      11.276us       0.000us         0.00%       0.000us       0.000us             4  
                                                                                                                                                                                                                                                                            aten::expand         0.00%      21.419us         0.00%      25.551us       6.388us       0.000us         0.00%       0.000us       0.000us             4  
                                                                                                                                                                                                                                      autograd::engine::evaluate_function: ViewBackward0         0.03%       4.275ms         0.08%      11.058ms       9.566us       0.000us         0.00%       0.000us       0.000us          1156  
                                                                                                                                                                                                                                                                           ViewBackward0         0.02%       2.335ms         0.05%       6.783ms       5.868us       0.000us         0.00%       0.000us       0.000us          1156  
                                                                                                                                                                                                                                 autograd::engine::evaluate_function: TransposeBackward0         0.02%       3.024ms         0.05%       6.932ms       8.933us       0.000us         0.00%       0.000us       0.000us           776  
                                                                                                                                                                                                                                                                      TransposeBackward0         0.01%       1.320ms         0.03%       3.908ms       5.037us       0.000us         0.00%       0.000us       0.000us           776  
                                                                                                                                                                                                                 autograd::engine::evaluate_function: _VocabParallelCrossEntropyBackward         0.00%      48.298us         0.01%       1.296ms     323.882us       0.000us         0.00%      26.884ms       6.721ms             4  
                                                                                                                                                                                                                                                      _VocabParallelCrossEntropyBackward         0.00%     462.813us         0.01%       1.144ms     285.931us       0.000us         0.00%      18.963ms       4.741ms             4  
                                                                                                                                                                                                                                                                              aten::rsub         0.00%      28.407us         0.00%      94.032us      23.508us       0.000us         0.00%      10.876us       2.719us             4  
                                                                                                                                                                                                                                                                        aten::index_put_         0.00%      17.427us         0.00%      97.051us      24.263us       0.000us         0.00%      61.596us      15.399us             4  
                                                                                                                                                                                            autograd::engine::evaluate_function: LinearWithGradAccumulationAndAsyncCommunicationBackward         0.00%     136.841us         0.01%       1.091ms     272.741us       0.000us         0.00%     113.812ms      28.453ms             4  
                                                                                                                                                                                                                    autograd::engine::evaluate_function: torch::autograd::AccumulateGrad         0.91%     126.576ms         6.68%     932.038ms     124.272us       0.000us         0.00%     184.392ms      24.586us          7500  
                                                                                                                                                                                                                                                         torch::autograd::AccumulateGrad         0.08%      11.761ms         0.19%      26.548ms       3.540us       0.000us         0.00%       0.000us       0.000us          7500  
                                                                                                                                                                                                                 autograd::engine::evaluate_function: _CopyToModelParallelRegionBackward         0.00%      22.975us         0.00%      74.426us      18.607us       0.000us         0.00%       0.000us       0.000us             4  
                                                                                                                                                                                                                                                      _CopyToModelParallelRegionBackward         0.00%      51.451us         0.00%      51.451us      12.863us       0.000us         0.00%       0.000us       0.000us             4  
                                                                                                                                                                                                                         autograd::engine::evaluate_function: MakeViewlessTensorBackward         0.00%      38.365us         0.00%      90.933us      11.367us       0.000us         0.00%       0.000us       0.000us             8  
                                                                                                                                                                                                                                                              MakeViewlessTensorBackward         0.00%      52.568us         0.00%      52.568us       6.571us       0.000us         0.00%       0.000us       0.000us             8  
                                                                                                                                                                                                            autograd::engine::evaluate_function: _OperationFuserAutogradFunctionBackward         0.08%      11.683ms         0.63%      88.314ms     152.265us       0.000us         0.00%      86.240ms     148.689us           580  
                                                                                                                                                                                                                           autograd::engine::evaluate_function: CompiledFunctionBackward         0.02%       2.523ms         0.28%      39.181ms     100.981us       0.000us         0.00%       7.165ms      18.466us           388  
                                                                                                                                                                                                                                                                CompiledFunctionBackward         0.26%      35.708ms         0.26%      36.658ms      94.479us       0.000us         0.00%       7.165ms      18.466us           388  
                                                                                                                                                                                                                    autograd::engine::evaluate_function: _moe_unpermute_mask_mapBackward         0.01%       1.218ms         0.28%      38.713ms     201.630us       0.000us         0.00%      18.009ms      93.797us           192  
                                                                                                                                                                                                                                  autograd::engine::evaluate_function: _AllToAllBackward         0.03%       4.174ms         0.77%     107.899ms     187.325us       0.000us         0.00%        1.371s       2.380ms           576  
                                                                                                                                                                                                                                                                       _AllToAllBackward         0.09%      12.834ms         0.74%     103.725ms     180.077us       0.000us         0.00%        1.371s       2.380ms           576  
                                                                                                                                                                                                                            autograd::engine::evaluate_function: _moe_chunk_sortBackward         0.03%       4.799ms         0.51%      70.875ms     184.571us       0.000us         0.00%      63.276ms     164.781us           384  
                                                                                                                                                                                                                             autograd::engine::evaluate_function: _GroupedLinearBackward         0.34%      47.813ms        17.64%        2.463s       6.414ms       0.000us         0.00%     938.583ms       2.444ms           384  
                                                                                                                                                                                                                     autograd::engine::evaluate_function: WeightedSwiGLUFunctionBackward         0.02%       3.361ms         0.51%      71.695ms     373.414us       0.000us         0.00%     143.359ms     746.663us           192  
                                                                                                                                                                                                                                                          WeightedSwiGLUFunctionBackward         0.06%       8.131ms         0.49%      68.335ms     355.909us       0.000us         0.00%     143.359ms     746.663us           192  
                                                                                                                                                                                                                                                              Torch-Compiled Region: 7/1         0.11%      15.991ms         0.39%      53.993ms     281.214us       0.000us         0.00%     143.359ms     746.663us           192  
                                                                                                                                                                                                         ## Call CompiledFxGraph fmv7v4ugry7vqdrpylasvtilyberwhin44rjs7efnzddibqrxnmq ##         0.18%      24.876ms         0.24%      33.958ms     176.862us       0.000us         0.00%     143.359ms     746.663us           192  
                                                                                                                                                                                                                                 autograd::engine::evaluate_function: UnsqueezeBackward0         0.01%     836.842us         0.02%       2.610ms      13.594us       0.000us         0.00%       0.000us       0.000us           192  
                                                                                                                                                                                                                                                                      UnsqueezeBackward0         0.00%     554.535us         0.01%       1.773ms       9.236us       0.000us         0.00%       0.000us       0.000us           192  
                                                                                                                                                                                                                                                                           aten::squeeze         0.01%     944.219us         0.01%       1.219ms       6.347us       0.000us         0.00%       0.000us       0.000us           192  
                                                                                                                                                                                                                      autograd::engine::evaluate_function: _moe_permute_mask_mapBackward         0.01%       1.935ms         0.34%      46.771ms     243.600us       0.000us         0.00%      23.914ms     124.551us           192  
                                                                                                                                                                                                                       autograd::engine::evaluate_function: MoEAuxLossAutoScalerBackward         0.02%       2.406ms         0.16%      22.162ms     115.427us       0.000us         0.00%      12.231ms      63.705us           192  
                                                                                                                                                                                                                                                            MoEAuxLossAutoScalerBackward         0.02%       3.134ms         0.08%      11.456ms      59.667us       0.000us         0.00%       8.830ms      45.987us           192  
                                                                                                                                                                                                                               autograd::engine::evaluate_function: FusedAuxLossBackward         0.01%       1.895ms         0.06%       8.838ms      46.029us       0.000us         0.00%       2.223ms      11.577us           192  
                                                                                                                                                                                                            autograd::engine::evaluate_function: FusedComputeScoresForMoEAuxLossBackward         0.01%       1.287ms         0.09%      13.103ms      68.246us       0.000us         0.00%       9.134ms      47.571us           192  
                                                                                                                                                                                                                     autograd::engine::evaluate_function: FusedTopkScoreFunctionBackward         0.02%       2.325ms         0.10%      14.414ms      75.074us       0.000us         0.00%      11.518ms      59.992us           192  
                                                                                                                                                                                                                 autograd::engine::evaluate_function: RouterGatingLinearFunctionBackward         0.04%       5.813ms         0.30%      42.363ms     220.638us       0.000us         0.00%      20.864ms     108.669us           192  
                                                                                                                                                                                                                                    autograd::engine::evaluate_function: _LinearBackward         0.03%       3.777ms         0.31%      43.229ms     225.148us       0.000us         0.00%     117.602ms     612.508us           192  
                                                                                                                                                                                                                              autograd::engine::evaluate_function: FlashAttnFuncBackward         0.03%       4.222ms         0.26%      36.116ms     188.103us       0.000us         0.00%     953.455ms       4.966ms           192  
                                                                                                                                                                                                                                                                             aten::alias         0.01%     987.383us         0.01%     987.383us       1.714us       0.000us         0.00%       0.000us       0.000us           576  
                                                                                                                                                                                                                                     autograd::engine::evaluate_function: CloneBackward0         0.01%       1.208ms         0.01%       1.453ms       3.783us       0.000us         0.00%       0.000us       0.000us           384  
                                                                                                                                                                                                                                                                          CloneBackward0         0.00%     245.154us         0.00%     245.154us       0.638us       0.000us         0.00%       0.000us       0.000us           384  
                                                                                                                                                                                                                              autograd::engine::evaluate_function: FusedRoPEFuncBackward         0.02%       2.262ms         0.09%      12.330ms      32.111us       0.000us         0.00%      35.081ms      91.357us           384  
                                                                                                                                                                                                                                autograd::engine::evaluate_function: UnsafeViewBackward0         0.01%     787.999us         0.01%       1.575ms       8.201us       0.000us         0.00%       0.000us       0.000us           192  
                                                                                                                                                                                                                                                                     UnsafeViewBackward0         0.00%     264.407us         0.01%     786.620us       4.097us       0.000us         0.00%       0.000us       0.000us           192  
                                                                                                                                                                                                                            autograd::engine::evaluate_function: SplitWithSizesBackward0         0.01%       1.527ms         0.05%       6.511ms      33.909us       0.000us         0.00%      40.586ms     211.388us           192  
                                                                                                                                                                                                                                                                 SplitWithSizesBackward0         0.00%     477.675us         0.04%       4.984ms      25.958us       0.000us         0.00%      40.586ms     211.388us           192  
                                                                                                                                                                                                                           autograd::engine::evaluate_function: _LayerNormLinearBackward         0.05%       6.661ms         0.45%      62.579ms     325.930us       0.000us         0.00%     152.181ms     792.609us           192  
                                                                                                                                                                                                             autograd::engine::evaluate_function: _ReduceFromModelParallelRegionBackward         0.00%      16.091us         0.00%      46.769us      11.692us       0.000us         0.00%       0.000us       0.000us             4  
                                                                                                                                                                                                                                                  _ReduceFromModelParallelRegionBackward         0.00%      30.678us         0.00%      30.678us       7.669us       0.000us         0.00%       0.000us       0.000us             4  
                                                                                                                                                                                                         ## Call CompiledFxGraph fgg6xucsnf3lbkwuofodsxei3ld727o7ok75aa5hq2lswsfhyk5q ##         0.00%     646.668us         0.01%     949.495us     237.374us       0.000us         0.00%       7.165ms       1.791ms             4  
                                                                                                                                                                                                                                                  c10d::reduce_scatter_tensor_coalesced_         0.00%     567.569us         0.02%       2.649ms     126.132us       0.000us         0.00%      64.730ms       3.082ms            21  
                                                                                                                                                                                                                                                    nccl:reduce_scatter_tensor_coalesced         0.00%       0.000us             0       1.284ms      61.165us       0.000us         0.00%       0.000us       0.000us            21  
                                                                                                                                                                                                                                                                       aten::result_type         0.00%       1.735us         0.00%       1.735us       1.735us       0.000us         0.00%       0.000us       0.000us             1  
                                                                                                                                                                                                                                                           Optimizer.step#FusedAdam.step         0.17%      23.288ms         0.17%      24.063ms      12.032ms       0.000us         0.00%       0.000us       0.000us             2  
                                                                                                                                                                                                                                                                            aten::vstack         0.00%       7.700us         0.00%      79.909us      79.909us       0.000us         0.00%       7.839us       7.839us             1  
                                                                                                                                                                                                                                                                        aten::atleast_2d         0.00%       5.395us         0.00%      38.641us      38.641us       0.000us         0.00%       0.000us       0.000us             1  
                                                                                                                                                                                                                                                                           c10d::barrier         0.00%      34.511us         0.00%     382.020us     191.010us       0.000us         0.00%     241.916us     120.958us             2  
                                                                                                                                                                                                                                                                 nccl:all_reduce_barrier         0.00%       0.000us             0      65.686us      32.843us       0.000us         0.00%       0.000us       0.000us             2  
                                                                                                                                                                                                                                                                    hipStreamSynchronize         0.00%     223.144us         0.00%     223.144us     111.572us       0.000us         0.00%       0.000us       0.000us             2  
                                                                                                                                                                                                                                                                    hipDeviceSynchronize         0.00%      24.463us         0.00%      24.463us       8.154us       0.000us         0.00%       0.000us       0.000us             3  
----------------------------------------------------------------------------------------------------------------------------------------------------------------------------------------------------------------------------------------------------------------------------------------  ------------  ------------  ------------  ------------  ------------  ------------  ------------  ------------  ------------  ------------  
Self CPU time total: 13.959s
Self CUDA time total: 9.756s

 [2026-07-24 17:01:08.408960] iteration        4/      50 | consumed samples:          128 | elapsed time per iteration (ms): 44256.0 | throughput per GPU (TFLOP/s/GPU): 8.5 | learning rate: 9.908717E-07 | global batch size:    32 | lm loss: 1.166763E+01 | load_balancing_loss: 1.539322E+00 | loss scale: 1.0 | grad norm: 34.204 | number of skipped iterations:   0 | number of nan iterations:   0 |
 [2026-07-24 17:01:19.897703] iteration        5/      50 | consumed samples:          160 | elapsed time per iteration (ms): 11488.6 | throughput per GPU (TFLOP/s/GPU): 32.8 | learning rate: 9.838110E-07 | global batch size:    32 | lm loss: 1.144063E+01 | load_balancing_loss: 1.550400E+00 | loss scale: 1.0 | grad norm: 25.183 | number of skipped iterations:   0 | number of nan iterations:   0 |
 [2026-07-24 17:01:31.372550] iteration        6/      50 | consumed samples:          192 | elapsed time per iteration (ms): 11474.5 | throughput per GPU (TFLOP/s/GPU): 32.8 | learning rate: 9.747826E-07 | global batch size:    32 | lm loss: 1.138828E+01 | load_balancing_loss: 1.545654E+00 | loss scale: 1.0 | grad norm: 28.656 | number of skipped iterations:   0 | number of nan iterations:   0 |
 [2026-07-24 17:01:45.217833] iteration        7/      50 | consumed samples:          224 | elapsed time per iteration (ms): 13845.1 | throughput per GPU (TFLOP/s/GPU): 27.2 | learning rate: 9.638238E-07 | global batch size:    32 | lm loss: 1.131312E+01 | load_balancing_loss: 1.544810E+00 | loss scale: 1.0 | grad norm: 18.666 | number of skipped iterations:   0 | number of nan iterations:   0 |
 [2026-07-24 17:01:57.768795] iteration        8/      50 | consumed samples:          256 | elapsed time per iteration (ms): 12550.8 | throughput per GPU (TFLOP/s/GPU): 30.0 | learning rate: 9.509796E-07 | global batch size:    32 | lm loss: 1.127479E+01 | load_balancing_loss: 1.536636E+00 | loss scale: 1.0 | grad norm: 20.116 | number of skipped iterations:   0 | number of nan iterations:   0 |
 [2026-07-24 17:02:10.704964] iteration        9/      50 | consumed samples:          288 | elapsed time per iteration (ms): 12936.0 | throughput per GPU (TFLOP/s/GPU): 29.1 | learning rate: 9.363027E-07 | global batch size:    32 | lm loss: 1.123211E+01 | load_balancing_loss: 1.545074E+00 | loss scale: 1.0 | grad norm: 12.216 | number of skipped iterations:   0 | number of nan iterations:   0 |
 [2026-07-24 17:02:24.400471] iteration       10/      50 | consumed samples:          320 | elapsed time per iteration (ms): 13695.3 | throughput per GPU (TFLOP/s/GPU): 27.5 | learning rate: 9.198536E-07 | global batch size:    32 | lm loss: 1.114956E+01 | load_balancing_loss: 1.547023E+00 | loss scale: 1.0 | grad norm: 8.431 | number of skipped iterations:   0 | number of nan iterations:   0 |
 [2026-07-24 17:02:37.191635] iteration       11/      50 | consumed samples:          352 | elapsed time per iteration (ms): 12791.0 | throughput per GPU (TFLOP/s/GPU): 29.5 | learning rate: 9.016998E-07 | global batch size:    32 | lm loss: 1.117806E+01 | load_balancing_loss: 1.529567E+00 | loss scale: 1.0 | grad norm: 66.160 | number of skipped iterations:   0 | number of nan iterations:   0 |
 [2026-07-24 17:02:50.385045] iteration       12/      50 | consumed samples:          384 | elapsed time per iteration (ms): 13193.2 | throughput per GPU (TFLOP/s/GPU): 28.6 | learning rate: 8.819158E-07 | global batch size:    32 | lm loss: 1.118236E+01 | load_balancing_loss: 1.526744E+00 | loss scale: 1.0 | grad norm: 18.781 | number of skipped iterations:   0 | number of nan iterations:   0 |
 [2026-07-24 17:03:05.641221] iteration       13/      50 | consumed samples:          416 | elapsed time per iteration (ms): 15256.0 | throughput per GPU (TFLOP/s/GPU): 24.7 | learning rate: 8.605829E-07 | global batch size:    32 | lm loss: 1.114775E+01 | load_balancing_loss: 1.527222E+00 | loss scale: 1.0 | grad norm: 9.089 | number of skipped iterations:   0 | number of nan iterations:   0 |
 [2026-07-24 17:03:18.638991] iteration       14/      50 | consumed samples:          448 | elapsed time per iteration (ms): 12997.6 | throughput per GPU (TFLOP/s/GPU): 29.0 | learning rate: 8.377889E-07 | global batch size:    32 | lm loss: 1.113412E+01 | load_balancing_loss: 1.525889E+00 | loss scale: 1.0 | grad norm: 6.795 | number of skipped iterations:   0 | number of nan iterations:   0 |
 [2026-07-24 17:03:32.699390] iteration       15/      50 | consumed samples:          480 | elapsed time per iteration (ms): 14060.2 | throughput per GPU (TFLOP/s/GPU): 26.8 | learning rate: 8.136275E-07 | global batch size:    32 | lm loss: 1.109416E+01 | load_balancing_loss: 1.517715E+00 | loss scale: 1.0 | grad norm: 9.714 | number of skipped iterations:   0 | number of nan iterations:   0 |
