/usr/local/lib/python3.12/dist-packages/torch/library.py:357: UserWarning: Warning only once for all operators,  other operators may also be overridden.
  Overriding a previously registered kernel for the same operator and the same dispatch key
  operator: flash_attn::_flash_attn_backward(Tensor dout, Tensor q, Tensor k, Tensor v, Tensor out, Tensor softmax_lse, Tensor(a6!)? dq, Tensor(a7!)? dk, Tensor(a8!)? dv, float dropout_p, float softmax_scale, bool causal, SymInt window_size_left, SymInt window_size_right, float softcap, Tensor? alibi_slopes, bool deterministic, Tensor? rng_state=None) -> Tensor
    registered at /usr/local/lib/python3.12/dist-packages/torch/_library/custom_ops.py:926
  dispatch key: ADInplaceOrView
  previous kernel: no debug info
       new kernel: registered at /usr/local/lib/python3.12/dist-packages/torch/_library/custom_ops.py:926 (Triggered internally at /opt/pytorch/pytorch/aten/src/ATen/core/dispatch/OperatorEntry.cpp:208.)
  self.m.impl(
/usr/local/lib/python3.12/dist-packages/torch/library.py:357: UserWarning: Warning only once for all operators,  other operators may also be overridden.
  Overriding a previously registered kernel for the same operator and the same dispatch key
  operator: flash_attn::_flash_attn_backward(Tensor dout, Tensor q, Tensor k, Tensor v, Tensor out, Tensor softmax_lse, Tensor(a6!)? dq, Tensor(a7!)? dk, Tensor(a8!)? dv, float dropout_p, float softmax_scale, bool causal, SymInt window_size_left, SymInt window_size_right, float softcap, Tensor? alibi_slopes, bool deterministic, Tensor? rng_state=None) -> Tensor
    registered at /usr/local/lib/python3.12/dist-packages/torch/_library/custom_ops.py:926
  dispatch key: ADInplaceOrView
  previous kernel: no debug info
       new kernel: registered at /usr/local/lib/python3.12/dist-packages/torch/_library/custom_ops.py:926 (Triggered internally at /opt/pytorch/pytorch/aten/src/ATen/core/dispatch/OperatorEntry.cpp:208.)
  self.m.impl(
/usr/local/lib/python3.12/dist-packages/torch/library.py:357: UserWarning: Warning only once for all operators,  other operators may also be overridden.
  Overriding a previously registered kernel for the same operator and the same dispatch key
  operator: flash_attn::_flash_attn_backward(Tensor dout, Tensor q, Tensor k, Tensor v, Tensor out, Tensor softmax_lse, Tensor(a6!)? dq, Tensor(a7!)? dk, Tensor(a8!)? dv, float dropout_p, float softmax_scale, bool causal, SymInt window_size_left, SymInt window_size_right, float softcap, Tensor? alibi_slopes, bool deterministic, Tensor? rng_state=None) -> Tensor
    registered at /usr/local/lib/python3.12/dist-packages/torch/_library/custom_ops.py:926
  dispatch key: ADInplaceOrView
  previous kernel: no debug info
       new kernel: registered at /usr/local/lib/python3.12/dist-packages/torch/_library/custom_ops.py:926 (Triggered internally at /opt/pytorch/pytorch/aten/src/ATen/core/dispatch/OperatorEntry.cpp:208.)
  self.m.impl(
/usr/local/lib/python3.12/dist-packages/torch/library.py:357: UserWarning: Warning only once for all operators,  other operators may also be overridden.
  Overriding a previously registered kernel for the same operator and the same dispatch key
  operator: flash_attn::_flash_attn_backward(Tensor dout, Tensor q, Tensor k, Tensor v, Tensor out, Tensor softmax_lse, Tensor(a6!)? dq, Tensor(a7!)? dk, Tensor(a8!)? dv, float dropout_p, float softmax_scale, bool causal, SymInt window_size_left, SymInt window_size_right, float softcap, Tensor? alibi_slopes, bool deterministic, Tensor? rng_state=None) -> Tensor
    registered at /usr/local/lib/python3.12/dist-packages/torch/_library/custom_ops.py:926
  dispatch key: ADInplaceOrView
  previous kernel: no debug info
       new kernel: registered at /usr/local/lib/python3.12/dist-packages/torch/_library/custom_ops.py:926 (Triggered internally at /opt/pytorch/pytorch/aten/src/ATen/core/dispatch/OperatorEntry.cpp:208.)
  self.m.impl(
/usr/local/lib/python3.12/dist-packages/torch/library.py:357: UserWarning: Warning only once for all operators,  other operators may also be overridden.
  Overriding a previously registered kernel for the same operator and the same dispatch key
  operator: flash_attn::_flash_attn_backward(Tensor dout, Tensor q, Tensor k, Tensor v, Tensor out, Tensor softmax_lse, Tensor(a6!)? dq, Tensor(a7!)? dk, Tensor(a8!)? dv, float dropout_p, float softmax_scale, bool causal, SymInt window_size_left, SymInt window_size_right, float softcap, Tensor? alibi_slopes, bool deterministic, Tensor? rng_state=None) -> Tensor
    registered at /usr/local/lib/python3.12/dist-packages/torch/_library/custom_ops.py:926
  dispatch key: ADInplaceOrView
  previous kernel: no debug info
       new kernel: registered at /usr/local/lib/python3.12/dist-packages/torch/_library/custom_ops.py:926 (Triggered internally at /opt/pytorch/pytorch/aten/src/ATen/core/dispatch/OperatorEntry.cpp:208.)
  self.m.impl(
/usr/local/lib/python3.12/dist-packages/torch/library.py:357: UserWarning: Warning only once for all operators,  other operators may also be overridden.
  Overriding a previously registered kernel for the same operator and the same dispatch key
  operator: flash_attn::_flash_attn_backward(Tensor dout, Tensor q, Tensor k, Tensor v, Tensor out, Tensor softmax_lse, Tensor(a6!)? dq, Tensor(a7!)? dk, Tensor(a8!)? dv, float dropout_p, float softmax_scale, bool causal, SymInt window_size_left, SymInt window_size_right, float softcap, Tensor? alibi_slopes, bool deterministic, Tensor? rng_state=None) -> Tensor
    registered at /usr/local/lib/python3.12/dist-packages/torch/_library/custom_ops.py:926
  dispatch key: ADInplaceOrView
  previous kernel: no debug info
       new kernel: registered at /usr/local/lib/python3.12/dist-packages/torch/_library/custom_ops.py:926 (Triggered internally at /opt/pytorch/pytorch/aten/src/ATen/core/dispatch/OperatorEntry.cpp:208.)
  self.m.impl(
/usr/local/lib/python3.12/dist-packages/torch/library.py:357: UserWarning: Warning only once for all operators,  other operators may also be overridden.
  Overriding a previously registered kernel for the same operator and the same dispatch key
  operator: flash_attn::_flash_attn_backward(Tensor dout, Tensor q, Tensor k, Tensor v, Tensor out, Tensor softmax_lse, Tensor(a6!)? dq, Tensor(a7!)? dk, Tensor(a8!)? dv, float dropout_p, float softmax_scale, bool causal, SymInt window_size_left, SymInt window_size_right, float softcap, Tensor? alibi_slopes, bool deterministic, Tensor? rng_state=None) -> Tensor
    registered at /usr/local/lib/python3.12/dist-packages/torch/_library/custom_ops.py:926
  dispatch key: ADInplaceOrView
  previous kernel: no debug info
       new kernel: registered at /usr/local/lib/python3.12/dist-packages/torch/_library/custom_ops.py:926 (Triggered internally at /opt/pytorch/pytorch/aten/src/ATen/core/dispatch/OperatorEntry.cpp:208.)
  self.m.impl(
/usr/local/lib/python3.12/dist-packages/torch/library.py:357: UserWarning: Warning only once for all operators,  other operators may also be overridden.
  Overriding a previously registered kernel for the same operator and the same dispatch key
  operator: flash_attn::_flash_attn_backward(Tensor dout, Tensor q, Tensor k, Tensor v, Tensor out, Tensor softmax_lse, Tensor(a6!)? dq, Tensor(a7!)? dk, Tensor(a8!)? dv, float dropout_p, float softmax_scale, bool causal, SymInt window_size_left, SymInt window_size_right, float softcap, Tensor? alibi_slopes, bool deterministic, Tensor? rng_state=None) -> Tensor
    registered at /usr/local/lib/python3.12/dist-packages/torch/_library/custom_ops.py:926
  dispatch key: ADInplaceOrView
  previous kernel: no debug info
       new kernel: registered at /usr/local/lib/python3.12/dist-packages/torch/_library/custom_ops.py:926 (Triggered internally at /opt/pytorch/pytorch/aten/src/ATen/core/dispatch/OperatorEntry.cpp:208.)
  self.m.impl(
/usr/local/lib/python3.12/dist-packages/modelopt/torch/__init__.py:36: UserWarning: transformers version 5.11.0 is not tested with nvidia-modelopt and may cause issues. Please install recommended version with `pip install nvidia-modelopt[hf]` if working with HF models.
  _warnings.warn(
/usr/local/lib/python3.12/dist-packages/modelopt/torch/__init__.py:36: UserWarning: transformers version 5.11.0 is not tested with nvidia-modelopt and may cause issues. Please install recommended version with `pip install nvidia-modelopt[hf]` if working with HF models.
  _warnings.warn(
/usr/local/lib/python3.12/dist-packages/modelopt/torch/__init__.py:36: UserWarning: transformers version 5.11.0 is not tested with nvidia-modelopt and may cause issues. Please install recommended version with `pip install nvidia-modelopt[hf]` if working with HF models.
  _warnings.warn(
/usr/local/lib/python3.12/dist-packages/modelopt/torch/__init__.py:36: UserWarning: transformers version 5.11.0 is not tested with nvidia-modelopt and may cause issues. Please install recommended version with `pip install nvidia-modelopt[hf]` if working with HF models.
  _warnings.warn(
/usr/local/lib/python3.12/dist-packages/modelopt/torch/__init__.py:36: UserWarning: transformers version 5.11.0 is not tested with nvidia-modelopt and may cause issues. Please install recommended version with `pip install nvidia-modelopt[hf]` if working with HF models.
  _warnings.warn(
/workspace/dcu_megatron/hcu_megatron/core/extensions/transformer_engine.py:20: UserWarning: Failed to import primus.backends.transformer_engine.pytorch.triton.permutation
  warnings.warn(f"Failed to import primus.backends.transformer_engine.pytorch.triton.permutation")
/workspace/dcu_megatron/hcu_megatron/core/extensions/transformer_engine.py:20: UserWarning: Failed to import primus.backends.transformer_engine.pytorch.triton.permutation
  warnings.warn(f"Failed to import primus.backends.transformer_engine.pytorch.triton.permutation")
/usr/local/lib/python3.12/dist-packages/modelopt/torch/__init__.py:36: UserWarning: transformers version 5.11.0 is not tested with nvidia-modelopt and may cause issues. Please install recommended version with `pip install nvidia-modelopt[hf]` if working with HF models.
  _warnings.warn(
/workspace/dcu_megatron/hcu_megatron/legacy/model/rms_norm.py:7: UserWarning: lightop is not installed.
  warnings.warn('lightop is not installed.')
/workspace/dcu_megatron/hcu_megatron/legacy/model/rms_norm.py:7: UserWarning: lightop is not installed.
  warnings.warn('lightop is not installed.')
/usr/local/lib/python3.12/dist-packages/modelopt/torch/__init__.py:36: UserWarning: transformers version 5.11.0 is not tested with nvidia-modelopt and may cause issues. Please install recommended version with `pip install nvidia-modelopt[hf]` if working with HF models.
  _warnings.warn(
/workspace/dcu_megatron/hcu_megatron/core/extensions/transformer_engine.py:20: UserWarning: Failed to import primus.backends.transformer_engine.pytorch.triton.permutation
  warnings.warn(f"Failed to import primus.backends.transformer_engine.pytorch.triton.permutation")
/workspace/dcu_megatron/hcu_megatron/legacy/model/rms_norm.py:7: UserWarning: lightop is not installed.
  warnings.warn('lightop is not installed.')
/usr/local/lib/python3.12/dist-packages/modelopt/torch/__init__.py:36: UserWarning: transformers version 5.11.0 is not tested with nvidia-modelopt and may cause issues. Please install recommended version with `pip install nvidia-modelopt[hf]` if working with HF models.
  _warnings.warn(
/workspace/dcu_megatron/hcu_megatron/core/extensions/transformer_engine.py:20: UserWarning: Failed to import primus.backends.transformer_engine.pytorch.triton.permutation
  warnings.warn(f"Failed to import primus.backends.transformer_engine.pytorch.triton.permutation")
/workspace/dcu_megatron/hcu_megatron/legacy/model/rms_norm.py:7: UserWarning: lightop is not installed.
  warnings.warn('lightop is not installed.')
/workspace/dcu_megatron/hcu_megatron/core/extensions/transformer_engine.py:20: UserWarning: Failed to import primus.backends.transformer_engine.pytorch.triton.permutation
  warnings.warn(f"Failed to import primus.backends.transformer_engine.pytorch.triton.permutation")
/workspace/dcu_megatron/hcu_megatron/legacy/model/rms_norm.py:7: UserWarning: lightop is not installed.
  warnings.warn('lightop is not installed.')
/workspace/dcu_megatron/hcu_megatron/core/extensions/transformer_engine.py:20: UserWarning: Failed to import primus.backends.transformer_engine.pytorch.triton.permutation
  warnings.warn(f"Failed to import primus.backends.transformer_engine.pytorch.triton.permutation")
/workspace/dcu_megatron/hcu_megatron/legacy/model/rms_norm.py:7: UserWarning: lightop is not installed.
  warnings.warn('lightop is not installed.')
/workspace/dcu_megatron/hcu_megatron/core/extensions/transformer_engine.py:20: UserWarning: Failed to import primus.backends.transformer_engine.pytorch.triton.permutation
  warnings.warn(f"Failed to import primus.backends.transformer_engine.pytorch.triton.permutation")
/workspace/dcu_megatron/hcu_megatron/legacy/model/rms_norm.py:7: UserWarning: lightop is not installed.
  warnings.warn('lightop is not installed.')
/workspace/dcu_megatron/hcu_megatron/core/extensions/transformer_engine.py:20: UserWarning: Failed to import primus.backends.transformer_engine.pytorch.triton.permutation
  warnings.warn(f"Failed to import primus.backends.transformer_engine.pytorch.triton.permutation")
/workspace/dcu_megatron/hcu_megatron/legacy/model/rms_norm.py:7: UserWarning: lightop is not installed.
  warnings.warn('lightop is not installed.')
using world size: 8, data-parallel size: 8, context-parallel size: 1, hierarchical context-parallel sizes: None, tensor-model-parallel size: 1, pipeline-model-parallel size: 1
/workspace/dcu_megatron/Megatron-LM/megatron/training/utils.py:412: UserWarning: Overriding default arguments for tokenizer_type:GPT2BPETokenizer with tokenizer_type:HuggingFaceTokenizer
  warnings.warn(message)
Number of virtual stages per pipeline stage: None
accumulate and all-reduce gradients in fp32 for bfloat16 data type.
using torch.bfloat16 for parameters ...
/workspace/dcu_megatron/Megatron-LM/megatron/training/utils.py:409: UserWarning: Disabling sequence parallelism because tensor model parallelism is disabled
  warnings.warn(message)
/workspace/dcu_megatron/Megatron-LM/megatron/training/utils.py:412: UserWarning: --tokenizer-hf-use-fast argument is deprecated and will be removed soon. `use_fast` is set to True by default for HF tokenizers.Use --tokenizer-hf-no-use-fast if you want to disable `use_fast`.
  warnings.warn(message)
/workspace/dcu_megatron/Megatron-LM/megatron/training/utils.py:412: UserWarning: --tokenizer-hf-include-special-tokens argument is deprecated and will be removed soon. `include_special_tokens` is set to True by default for HF tokenizers.Use --tokenizer-hf-no-include-special-tokens if you want to disable `include_special_tokens`.
  warnings.warn(message)
------------------------ arguments ------------------------
  account_for_embedding_in_pipeline_split ......... False
  account_for_loss_in_pipeline_split .............. False
  accumulate_allreduce_grads_in_fp32 .............. True
  activation_func_clamp_value ..................... None
  adam_beta1 ...................................... 0.9
  adam_beta2 ...................................... 0.95
  adam_eps ........................................ 1e-08
  add_bias_linear ................................. False
  add_position_embedding .......................... True
  add_qkv_bias .................................... False
  adlr_autoresume ................................. False
  adlr_autoresume_interval ........................ 1000
  align_grad_reduce ............................... True
  align_param_gather .............................. False
  allow_ambiguous_pad_tokens ...................... False
  app_tag_run_name ................................ None
  app_tag_run_version ............................. 0.0.0
  apply_query_key_layer_scaling ................... False
  apply_residual_connection_post_layernorm ........ False
  apply_rope_fusion ............................... True
  apply_wd_to_qk_layernorm ........................ False
  async_ckpt_cpu_priority ......................... 10
  async_ckpt_io_priority .......................... 3
  async_save ...................................... False
  async_strategy .................................. nvrx
  attention_backend ............................... AttnBackend.auto
  attention_dropout ............................... 0.0
  attention_output_gate ........................... False
  attention_softmax_in_fp32 ....................... False
  auto_detect_ckpt_format ......................... False
  barrier_with_L1_time ............................ True
  batch_invariant_mode ............................ False
  bert_binary_head ................................ True
  bert_embedder_type .............................. megatron
  bert_load ....................................... None
  bf16 ............................................ True
  bias_dropout_fusion ............................. True
  bias_gelu_fusion ................................ False
  bias_swiglu_fusion .............................. True
  biencoder_projection_dim ........................ 0
  biencoder_shared_query_context_model ............ False
  block_data_path ................................. None
  bridge_hf_model ................................. None
  cache_mla_latents ............................... False
  calc_ft_timeouts ................................ False
  calculate_per_token_loss ........................ False
  check_for_large_grads ........................... False
  check_for_nan_in_loss_and_grad .................. True
  check_for_spiky_loss ............................ False
  check_weight_hash_across_dp_replicas_interval ... None
  ckpt_assume_constant_structure .................. False
  ckpt_convert_format ............................. None
  ckpt_convert_save ............................... None
  ckpt_convert_update_legacy_dist_opt_format ...... False
  ckpt_format ..................................... torch
  ckpt_fully_parallel_load ........................ False
  ckpt_fully_parallel_load_exchange_algo .......... broadcast
  ckpt_fully_parallel_load_process_group .......... dp
  ckpt_fully_parallel_save ........................ True
  ckpt_fully_parallel_save_deprecated ............. False
  ckpt_fully_parallel_save_process_group .......... dp
  ckpt_step ....................................... None
  classes_fraction ................................ 1.0
  clip_grad ....................................... 1.0
  clone_scatter_output_in_embedding ............... True
  collect_log_path ................................ ./logs
  comm_time_log_iter .............................. None
  config_logger_dir ............................... 
  consumed_train_samples .......................... 0
  consumed_valid_samples .......................... 0
  context_parallel_size ........................... 1
  cp_comm_type .................................... ['p2p']
  cpu_offloading_num_layers ....................... 0
  cpu_offloading_retain_pinned_cpu_buffers ........ False
  create_all_gather_group ......................... False
  create_attention_mask_in_dataloader ............. True
  cross_entropy_fusion_impl ....................... native
  cross_entropy_loss_fusion ....................... False
  cuda_graph_impl ................................. none
  cuda_graph_scope ................................ []
  cuda_graph_warmup_steps ......................... 3
  data_args_path .................................. None
  data_cache_path ................................. None
  data_parallel_random_init ....................... False
  data_parallel_sharding_strategy ................. no_shard
  data_parallel_size .............................. 8
  data_path ....................................... ['/workspace/qwen3/mmap_qwen3_datasets_text_document']
  data_per_class_fraction ......................... 1.0
  data_sharding ................................... True
  dataloader_defer_npy_index_mmap ................. False
  dataloader_fast_cache_load ...................... False
  dataloader_type ................................. single
  ddp_average_in_collective ....................... True
  ddp_bucket_size ................................. None
  ddp_num_buckets ................................. None
  ddp_pad_buckets_for_high_nccl_busbw ............. False
  ddp_param_name_patterns_for_fp32_local_accumulation  []
  ddp_reduce_scatter_with_fp32_accumulation ....... False
  decode_only_cuda_graphs ......................... False
  decoder_first_pipeline_num_layers ............... None
  decoder_last_pipeline_num_layers ................ None
  decoder_num_layers .............................. None
  decoder_seq_length .............................. None
  decoupled_lr .................................... None
  decoupled_min_lr ................................ None
  decrease_batch_size_if_needed ................... False
  defer_embedding_wgrad_compute ................... False
  delay_1f1b_cooldown_wgrad_compute ............... False
  delay_wgrad_compute ............................. False
  deprecated_use_mcore_models ..................... True
  deterministic_mode .............................. False
  dino_bottleneck_size ............................ 256
  dino_freeze_last_layer .......................... 1
  dino_head_hidden_size ........................... 2048
  dino_local_crops_number ......................... 10
  dino_local_img_size ............................. 96
  dino_norm_last_layer ............................ False
  dino_teacher_temp ............................... 0.07
  dino_warmup_teacher_temp ........................ 0.04
  dino_warmup_teacher_temp_epochs ................. 30
  disable_backward_fusion ......................... False
  disable_bf16_reduced_precision_matmul ........... False
  disable_jit_fuser ............................... False
  disable_straggler_on_startup .................... False
  disable_symmetric_registration .................. False
  dist_ckpt_format_deprecated ..................... None
  dist_ckpt_optim_fully_reshardable ............... False
  dist_ckpt_save_pre_mcore_014 .................... False
  dist_ckpt_strictness ............................ assume_ok_unexpected
  dist_ckpt_workers ............................... 1
  dist_url ........................................ tcp://10.55.55.103:25900
  distrib_optim_fully_reshardable_mem_efficient ... False
  distribute_saved_activations .................... False
  distributed_backend ............................. nccl
  distributed_timeout_minutes ..................... 10
  distributed_timeout_seconds_after_init .......... None
  dsa_indexer_head_dim ............................ None
  dsa_indexer_loss_coeff .......................... None
  dsa_indexer_n_heads ............................. None
  dsa_indexer_topk ................................ None
  dsa_indexer_use_sparse_loss ..................... False
  dump_param_to_param_group_map ................... None
  embedding_init_method_std ....................... None
  embedding_path .................................. None
  empty_unused_memory_level ....................... 0
  enable_a2a_overlap_only_in_1f1b_phase ........... False
  enable_bw_flux_gemmrs_op ........................ True
  enable_chunked_prefill .......................... False
  enable_cuda_graph ............................... False
  enable_dynamic_grad_comp ........................ False
  enable_experimental ............................. False
  enable_ft_package ............................... False
  enable_full_sharding_in_hsdp .................... False
  enable_gpt_oss .................................. False
  enable_hyper_connections ........................ False
  enable_msc ...................................... True
  enable_one_logger ............................... True
  enable_pre_init_ep_overlap_streams .............. False
  enable_vocab_parallel ........................... False
  encoder_num_layers .............................. 48
  encoder_seq_length .............................. 8192
  end_weight_decay ................................ 0.1
  eod_mask_loss ................................... False
  ep_overlap_early_attn_memory_release ............ False
  ep_overlap_early_recompute ...................... False
  error_injection_rate ............................ 0
  error_injection_type ............................ transient_error
  eval_interval ................................... 1000
  eval_iters ...................................... 5
  evidence_data_path .............................. None
  exit_duration_in_mins ........................... None
  exit_interval ................................... None
  exit_on_missing_checkpoint ...................... False
  exit_signal ..................................... 15
  exit_signal_handler ............................. False
  exit_signal_handler_for_dataloader .............. False
  exit_signal_handler_for_training ................ False
  exp_avg_dtype ................................... torch.float32
  exp_avg_sq_dtype ................................ torch.float32
  experimental_attention_variant .................. None
  expert_model_parallel_size ...................... 8
  expert_tensor_parallel_size ..................... 1
  export_default_te_spec .......................... False
  export_force_local_attention .................... False
  export_kd_cfg ................................... None
  export_kd_teacher_ckpt_format ................... None
  export_kd_teacher_load .......................... None
  export_kd_teacher_model_config .................. None
  export_kv_cache_quant ........................... none
  export_legacy_megatron .......................... False
  export_model_type ............................... GPTModel
  export_moe_apply_probs_on_input ................. False
  export_offline_model ............................ False
  export_qk_l2_norm ............................... False
  export_quant_cfg ................................ None
  export_real_quant_cfg ........................... None
  export_te_mcore_model ........................... False
  external_cuda_graph ............................. False
  extra_vocab_size ................................ 0
  fake_process_group .............................. False
  ffn_hidden_size ................................. 6144
  fim_data ........................................ False
  fim_eod_token ................................... <|endoftext|>
  fim_fragment_rate ............................... None
  fim_middle_token ................................ <fim_middle>
  fim_no_prefix ................................... None
  fim_pad_token ................................... <fim_pad>
  fim_prefix_token ................................ <fim_prefix>
  fim_rate ........................................ 0.5
  fim_split_sample ................................ None
  fim_spm_rate .................................... 0.5
  fim_suffix_token ................................ <fim_suffix>
  fine_grained_activation_offloading .............. False
  finetune ........................................ False
  finetune_data_split ............................. train
  finetune_hf_dataset ............................. None
  first_last_layers_bf16 .......................... False
  flash_decode .................................... False
  flight_recorder_dump_on_timeout ................. True
  flight_recorder_dump_path ....................... None
  flight_recorder_extra_dump_on_exec .............. True
  flight_recorder_include_only_active ............. True
  flight_recorder_include_stack_trace ............. False
  flight_recorder_trace_buffer_size ............... 2000
  flux_transpose_weight ........................... False
  fp16 ............................................ False
  fp16_lm_cross_entropy ........................... False
  fp32_residual_connection ........................ False
  fp4 ............................................. None
  fp4_param ....................................... False
  fp4_quantizer_factory ........................... None
  fp4_recipe ...................................... nvfp4
  fp8 ............................................. None
  fp8_amax_compute_algo ........................... most_recent
  fp8_amax_history_len ............................ 1
  fp8_interval .................................... 1
  fp8_margin ...................................... 0
  fp8_param_gather ................................ False
  fp8_quantizer_factory ........................... None
  fp8_recipe ...................................... delayed
  fp8_wgrad ....................................... True
  fsdp_double_buffer .............................. False
  fsdp_manual_registration ........................ False
  ft_num_warmup_iters ............................. 5
  full_validation ................................. False
  fused_residual_rmsnorm .......................... False
  global_batch_size ............................... 32
  glu_linear_offset ............................... 0.0
  grad_comp ....................................... False
  grad_comp_warm_up ............................... 0.1
  grad_reduce_in_bf16 ............................. False
  gradient_accumulation_fusion .................... True
  gradient_reduce_div_fusion ...................... True
  gradient_sample_ratio ........................... 1.0
  group_query_attention ........................... True
  grpo_clamp_eps_lower ............................ 0.01
  grpo_clamp_eps_upper ............................ 0.01
  grpo_entropy_term_weight ........................ 0.0
  grpo_filter_groups_with_same_reward ............. False
  grpo_group_size ................................. 2
  grpo_iterations ................................. 2
  grpo_kl_beta .................................... 0.001
  grpo_prompts_per_step ........................... 32
  head_lr_mult .................................... 1.0
  heterogeneous_layers_config_encoded_json ........ None
  heterogeneous_layers_config_path ................ None
  hidden_dropout .................................. 0.0
  hidden_size ..................................... 2048
  hierarchical_context_parallel_sizes ............. None
  high_priority_stream_groups ..................... []
  hybrid_context_parallel ......................... False
  hybrid_layer_pattern ............................ None
  hybrid_override_pattern ......................... None
  hysteresis ...................................... 2
  ict_head_size ................................... None
  ict_load ........................................ None
  img_h ........................................... 224
  img_w ........................................... 224
  indexer_batch_size .............................. 128
  indexer_log_interval ............................ 1000
  inference_batch_times_seqlen_threshold .......... -1
  inference_coordinator_port ...................... None
  inference_disable_triton_nvls_kernels ........... False
  inference_dynamic_batching ...................... False
  inference_dynamic_batching_block_size ........... 256
  inference_dynamic_batching_buffer_size_gb ....... 40.0
  inference_dynamic_batching_cuda_graph_max_tokens  16384
  inference_dynamic_batching_cuda_graph_mixed_prefill_count  16
  inference_dynamic_batching_enable_prefix_caching  False
  inference_dynamic_batching_mamba_memory_ratio ... None
  inference_dynamic_batching_max_requests ......... None
  inference_dynamic_batching_max_tokens ........... None
  inference_dynamic_batching_num_cuda_graphs ...... 16
  inference_dynamic_batching_paused_buffer_size_gb  None
  inference_dynamic_batching_prefix_caching_coordinator_policy  first_prefix_block
  inference_dynamic_batching_prefix_caching_eviction_policy  ref_zero
  inference_dynamic_batching_prefix_caching_mamba_gb  None
  inference_dynamic_batching_prefix_caching_routing_alpha  0.5
  inference_dynamic_batching_track_generated_token_events  False
  inference_dynamic_batching_track_paused_request_events  False
  inference_dynamic_batching_unified_memory_level . 0
  inference_fuse_tp_communication ................. False
  inference_grouped_gemm_backend .................. auto
  inference_logging_step_interval ................. 0
  inference_max_requests .......................... 8
  inference_max_seq_length ........................ 2560
  inference_moe_disable_fused_quant_kernels ....... False
  inference_rng_tracker ........................... False
  inference_text_gen_server_logging ............... False
  inference_use_synchronous_zmq_collectives ....... False
  inference_wandb_logging ......................... False
  init_method_std ................................. 0.006
  init_method_xavier_uniform ...................... False
  init_model_with_meta_device ..................... False
  initial_loss_scale .............................. 4294967296
  inprocess_active_world_size ..................... 8
  inprocess_barrier_timeout ....................... 120
  inprocess_completion_timeout .................... 120
  inprocess_empty_cuda_cache ...................... False
  inprocess_granularity ........................... node
  inprocess_hard_timeout .......................... 90
  inprocess_heartbeat_interval .................... 30
  inprocess_heartbeat_timeout ..................... 60
  inprocess_last_call_wait ........................ 1
  inprocess_max_iterations ........................ None
  inprocess_monitor_process_interval .............. 1.0
  inprocess_monitor_thread_interval ............... 1.0
  inprocess_progress_watchdog_interval ............ 1.0
  inprocess_restart ............................... False
  inprocess_soft_timeout .......................... 60
  inprocess_termination_grace_time ................ 1
  integrate_recompute_to_ep_comm_overlap .......... False
  is_hybrid_model ................................. False
  iter_per_epoch .................................. 1250
  iteration_sample_ratio .......................... 0.01
  iterations_to_skip .............................. []
  keep_fp8_transpose_cache ........................ False
  kitchen_attention_backend ....................... sdpa
  kv_channels ..................................... 128
  kv_lora_rank .................................... 32
  langrl_env_config ............................... None
  layernorm_epsilon ............................... 1e-05
  layernorm_zero_centered_gamma ................... False
  lazy_mpu_init ................................... False
  linear_attention_freq ........................... None
  linear_conv_kernel_dim .......................... 4
  linear_key_head_dim ............................. 128
  linear_num_key_heads ............................ 16
  linear_num_value_heads .......................... 32
  linear_value_head_dim ........................... 128
  lion_beta1 ...................................... 0.95
  lion_beta2 ...................................... 0.98
  load ............................................ None
  load_main_params_from_ckpt ...................... False
  load_weights .................................... False
  local_rank ...................................... 0
  log_device_memory_used .......................... False
  log_energy ...................................... False
  log_interval .................................... 1
  log_loss_scale_to_tensorboard ................... True
  log_max_attention_logit ......................... False
  log_memory_interval ............................. None
  log_memory_to_tensorboard ....................... False
  log_num_zeros_in_grad ........................... False
  log_params_norm ................................. False
  log_progress .................................... False
  log_straggler ................................... False
  log_throughput .................................. True
  log_timers_to_tensorboard ....................... False
  log_validation_ppl_to_tensorboard ............... False
  log_world_size_to_tensorboard ................... False
  logging_level ................................... None
  loss_scale ...................................... None
  loss_scale_window ............................... 1000
  lr .............................................. 1e-06
  lr_decay_iters .................................. None
  lr_decay_samples ................................ None
  lr_decay_style .................................. cosine
  lr_warmup_fraction .............................. None
  lr_warmup_init .................................. 0.0
  lr_warmup_iters ................................. 1
  lr_warmup_samples ............................... 0
  lr_wsd_decay_iters .............................. None
  lr_wsd_decay_samples ............................ None
  lr_wsd_decay_style .............................. exponential
  main_grads_dtype ................................ torch.float32
  main_params_dtype ............................... torch.float32
  make_vocab_size_divisible_by .................... 128
  mamba_head_dim .................................. 64
  mamba_inference_conv_states_dtype ............... torch.bfloat16
  mamba_inference_ssm_states_dtype ................ torch.bfloat16
  mamba_num_groups ................................ 8
  mamba_num_heads ................................. None
  mamba_state_dim ................................. 128
  manual_gc ....................................... False
  manual_gc_eval .................................. True
  manual_gc_interval .............................. 0
  mask_factor ..................................... 1.0
  mask_prob ....................................... 0.15
  mask_type ....................................... random
  masked_softmax_fusion ........................... True
  max_position_embeddings ......................... 40960
  max_seqlen_per_dp_cp_rank ....................... None
  max_tokens_to_oom ............................... 12000
  megatron_fsdp_grad_comm_dtype ................... None
  megatron_fsdp_main_grads_dtype .................. None
  megatron_fsdp_main_params_dtype ................. torch.float32
  memory_snapshot_path ............................ snapshot.pickle
  merge_file ...................................... None
  mhc_expand_emb .................................. False
  mhc_fix_muons ................................... False
  mhc_fuse_aggregate_compute ...................... False
  mhc_fuse_h_post_compute ......................... False
  mhc_hres_vwnstyle ............................... False
  mhc_init_gating_factor .......................... 0.01
  mhc_init_hpre_use_module_layer .................. False
  mhc_lite ........................................ False
  mhc_log_amax_per_step ........................... 1
  mhc_recompute_layer_num ......................... 1
  mhc_sinkhorn_iterations ......................... 1
  mhc_tau ......................................... 0.05
  mhc_use_tilekernels ............................. False
  micro_batch_size ................................ 1
  microbatch_group_size_per_vp_stage .............. None
  mid_level_dataset_surplus ....................... 0.005
  min_loss_scale .................................. 1.0
  min_lr .......................................... 1e-08
  min_offloaded_tensor_size ....................... 1048576
  mla_down_proj_fusion ............................ False
  mlp_chunks_for_prefill .......................... 1
  mmap_bin_files .................................. True
  mock_data ....................................... False
  modelopt_enabled ................................ False
  moe_apply_probs_on_input ........................ False
  moe_aux_loss_coeff .............................. 0.001
  moe_deepep_num_sms .............................. 20
  moe_enable_deepep ............................... False
  moe_enable_routing_replay ....................... False
  moe_expert_capacity_factor ...................... None
  moe_ffn_hidden_size ............................. 768
  moe_flex_dispatcher_backend ..................... deepep
  moe_grouped_gemm ................................ True
  moe_hybridep_num_sms ............................ 16
  moe_input_jitter_eps ............................ None
  moe_latent_size ................................. None
  moe_layer_freq .................................. 1
  moe_layer_recompute ............................. False
  moe_pad_expert_input_to_capacity ................ False
  moe_pad_experts_for_cuda_graph_inference ........ False
  moe_per_layer_logging ........................... False
  moe_permute_fusion .............................. True
  moe_router_bias_update_rate ..................... 0.001
  moe_router_dtype ................................ None
  moe_router_enable_expert_bias ................... False
  moe_router_force_biased ......................... None
  moe_router_force_load_balancing ................. False
  moe_router_fusion ............................... True
  moe_router_group_topk ........................... None
  moe_router_load_balancing_type .................. aux_loss
  moe_router_num_groups ........................... None
  moe_router_padding_for_fp8 ...................... False
  moe_router_padding_for_quantization ............. False
  moe_router_pre_softmax .......................... False
  moe_router_score_function ....................... softmax
  moe_router_topk ................................. 8
  moe_router_topk_scaling_factor .................. None
  moe_shared_expert_gate .......................... False
  moe_shared_expert_intermediate_size ............. None
  moe_shared_expert_overlap ....................... False
  moe_token_dispatcher_type ....................... alltoall
  moe_token_drop_policy ........................... probs
  moe_upcycling_granularity ....................... 1
  moe_use_upcycling ............................... False
  moe_z_loss_coeff ................................ None
  mrope_section ................................... None
  mscale .......................................... 1.0
  mscale_all_dim .................................. 0.0
  mtp_hybrid_override_pattern ..................... None
  mtp_loss_scaling_factor ......................... 0.1
  mtp_num_layers .................................. None
  mtp_standalone .................................. False
  mtp_use_repeated_layer .......................... False
  multi_latent_attention .......................... False
  multiple_validation_sets ........................ False
  muon_coefficient_type ........................... quintic
  muon_extra_scale_factor ......................... 1.0
  muon_fp32_matmul_prec ........................... medium
  muon_momentum ................................... 0.9
  muon_num_ns_steps ............................... 5
  muon_scalar_optimizer ........................... adam
  muon_scale_mode ................................. spectral
  muon_split_qkv .................................. True
  muon_tp_mode .................................... blockwise
  muon_use_nesterov ............................... False
  mup_attn_scale_power ............................ 1.0
  mup_base_head_dim ............................... None
  mup_base_hidden_size ............................ None
  mup_embedding_mult .............................. 1.0
  mup_output_mult ................................. 1.0
  mup_width_mult .................................. 1.0
  nccl_all_reduce_for_prefill ..................... False
  nccl_communicator_config_path ................... None
  nccl_ub ......................................... False
  no_load_optim ................................... None
  no_load_rng ..................................... None
  no_persist_layer_norm ........................... False
  no_rope_freq .................................... None
  no_save_optim ................................... None
  no_save_rng ..................................... None
  no_weight_decay_cond_type ....................... None
  non_persistent_ckpt_type ........................ None
  non_persistent_global_ckpt_dir .................. None
  non_persistent_local_ckpt_algo .................. fully_parallel
  non_persistent_local_ckpt_dir ................... None
  non_persistent_save_interval .................... None
  normalization ................................... RMSNorm
  num_attention_heads ............................. 32
  num_channels .................................... 3
  num_classes ..................................... 1000
  num_dataset_builder_threads ..................... 1
  num_distributed_optimizer_instances ............. 1
  num_experts ..................................... 128
  num_layers ...................................... 48
  num_layers_at_end_in_bf16 ....................... 1
  num_layers_at_start_in_bf16 ..................... 1
  num_layers_per_virtual_pipeline_stage ........... None
  num_layers_to_build ............................. None
  num_query_groups ................................ 4
  num_residual_streams ............................ 4
  num_speculative_tokens .......................... 0
  num_virtual_stages_per_pipeline_rank ............ None
  num_workers ..................................... 2
  object_storage_cache_path ....................... None
  offload_modules ................................. []
  one_logger_async ................................ False
  one_logger_project .............................. megatron-lm
  one_logger_run_name ............................. None
  onnx_safe ....................................... None
  openai_gelu ..................................... False
  optimizer ....................................... adam
  optimizer_cpu_offload ........................... False
  optimizer_cuda_graph ............................ False
  optimizer_offload_fraction ...................... 1.0
  outer_dp_sharding_strategy ...................... no_shard
  output_bert_embeddings .......................... False
  overlap_cpu_optimizer_d2h_h2d ................... False
  overlap_ep_comm_with_split_attn ................. False
  overlap_grad_reduce ............................. True
  overlap_moe_expert_parallel_comm ................ False
  overlap_p2p_comm ................................ False
  overlap_p2p_comm_warmup_flush ................... False
  overlap_param_gather ............................ True
  overlap_param_gather_with_optimizer_step ........ False
  override_opt_param_scheduler .................... False
  padded_vocab_size ............................... None
  parallel_linear_impl ............................ None
  params_dtype .................................... torch.bfloat16
  patch_dim ....................................... 16
  per_dataset_sequences_path ...................... None
  per_split_data_args_path ........................ None
  perform_initialization .......................... True
  perform_rl_step ................................. False
  phase_transition_iterations ..................... None
  pin_cpu_grads ................................... True
  pin_cpu_params .................................. True
  pipe_sp_splits .................................. 1
  pipe_sp_strategy ................................ average
  pipeline_model_parallel_comm_backend ............ None
  pipeline_model_parallel_layout .................. None
  pipeline_model_parallel_size .................... 1
  position_embedding_type ......................... rope
  pretrained_checkpoint ........................... None
  profile ......................................... False
  profile_dir ..................................... ./
  profile_ranks ................................... []
  profile_step_end ................................ 12
  profile_step_start .............................. 10
  pytorch_profiler_collect_callstack .............. False
  pytorch_profiler_collect_chakra ................. False
  pytorch_profiler_collect_shapes ................. False
  q_lora_rank ..................................... None
  qk_clip ......................................... False
  qk_clip_alpha ................................... 0.5
  qk_clip_threshold ............................... 100
  qk_head_dim ..................................... 128
  qk_l2_norm ...................................... False
  qk_layernorm .................................... True
  qk_pos_emb_head_dim ............................. 64
  quant_comm_bits ................................. 8
  quant_group_size ................................ None
  quant_scale_dtype ............................... bf16
  query_in_block_prob ............................. 0.1
  quick_geglu ..................................... False
  rampup_batch_size ............................... None
  rank ............................................ 0
  rank_adjust_window_size ......................... 1000
  recompute_activation_function ................... False
  recompute_activation_function_num_layers ........ None
  recompute_granularity ........................... None
  recompute_in_advance ............................ False
  recompute_in_bubble ............................. False
  recompute_layer_ids ............................. None
  recompute_method ................................ None
  recompute_modules ............................... None
  recompute_mtp_layer_ids ......................... None
  recompute_num_layers ............................ None
  record_memory_history ........................... False
  reduce_recompute_for_last_chunk ................. False
  refit_method .................................... gloo
  relative_attention_max_distance ................. 128
  relative_attention_num_buckets .................. 32
  replication ..................................... False
  replication_factor .............................. 2
  replication_jump ................................ None
  reproduce ....................................... False
  rerun_mode ...................................... validate_results
  reset_attention_mask ............................ False
  reset_position_ids .............................. False
  result_rejected_tracker_filename ................ None
  retriever_report_topk_accuracies ................ []
  retriever_score_scaling ......................... False
  reuse_fp32_param ................................ False
  reuse_grad_buf_for_mxfp8_param_ag ............... False
  rl_default_temperature .......................... 1.0
  rl_default_top_k ................................ -1
  rl_default_top_p ................................ 0
  rl_generation_batch_size ........................ None
  rl_importance_sampling_truncation_coef .......... None
  rl_inference_expert_model_parallel_size ......... None
  rl_inference_expert_tensor_model_parallel_size .. None
  rl_inference_logprobs_is_correction ............. False
  rl_inference_model_unified_memory_level ......... 0
  rl_inference_parsers ............................ []
  rl_inference_pipeline_model_parallel_size ....... None
  rl_inference_tensor_model_parallel_size ......... None
  rl_kv_cache_management_mode ..................... persist
  rl_num_parallel_generation_batches .............. None
  rl_num_parallel_generations ..................... None
  rl_offload_inference_model_weights_when_idle .... False
  rl_offload_optimizer_during_inference ........... False
  rl_parallel_generation_tasks .................... None
  rl_partial_rollouts ............................. False
  rl_persist_cuda_graphs .......................... False
  rl_prompts_per_eval ............................. 32
  rl_sequence_packing_algo ........................ fifo
  rl_sequence_packing_max_sequences_per_bin ....... 50
  rl_skip_bos_token ............................... False
  rl_training_cuda_graphs ......................... False
  rl_use_sequence_packing ......................... False
  rl_verify_model_weights_swap .................... False
  rope_scaling_factor ............................. 8.0
  rope_type ....................................... None
  rotary_base ..................................... 10000000
  rotary_interleaved .............................. False
  rotary_percent .................................. 1.0
  rotary_scaling_factor ........................... 1.0
  rotary_seq_len_interpolation_factor ............. None
  run_workload_inspector_server ................... False
  sample_rate ..................................... 1.0
  save ............................................ None
  save_dgrads_interval ............................ None
  save_flux_gather_input .......................... False
  save_interval ................................... 1000
  save_retain_interval ............................ None
  save_wgrads_interval ............................ None
  scatter_gather_tensors_in_pipeline .............. True
  schedule_method ................................. vanilla
  schedule_timer_end .............................. 20
  schedule_timer_start ............................ 10
  seed ............................................ 1234
  seq_length ...................................... 8192
  sequence_parallel ............................... False
  sft ............................................. False
  sft_tokenizer_prompt_format ..................... nemotron-h-aligned
  sgd_momentum .................................... 0.9
  sharp_enabled_group ............................. None
  short_seq_prob .................................. 0.1
  skip_train ...................................... False
  skipped_train_samples ........................... 0
  softmax_type .................................... vanilla
  spec ............................................ None
  specify_layers .................................. None
  split ........................................... 949,50,1
  squared_relu .................................... False
  start_weight_decay .............................. 0.1
  straggler_ctrlr_port ............................ 65535
  straggler_minmax_count .......................... 1
  strict_fsdp_dtensor_load ........................ True
  suggested_communication_unit_size ............... None
  swap_attention .................................. False
  swap_modules .................................... self_attention
  swiglu .......................................... True
  swin_backbone_type .............................. tiny
  symmetric_ar_type ............................... None
  sync_free_moe ................................... False
  te_precision_config_file ........................ None
  te_rng_tracker .................................. False
  tensor_model_parallel_size ...................... 1
  tensorboard_dir ................................. ./ckpt/tensorboard
  tensorboard_log_interval ........................ 1
  tensorboard_queue_size .......................... 1000
  test_data_path .................................. None
  test_mode ....................................... False
  tiktoken_num_special_tokens ..................... 1000
  tiktoken_pattern ................................ None
  tiktoken_special_tokens ......................... None
  timing_log_level ................................ 0
  timing_log_option ............................... minmax
  titles_data_path ................................ None
  tokenizer_hf_include_special_tokens ............. True
  tokenizer_hf_no_include_special_tokens .......... False
  tokenizer_hf_no_use_fast ........................ False
  tokenizer_hf_use_fast ........................... True
  tokenizer_metadata .............................. None
  tokenizer_model ................................. /workspace/HuggingFace_model_config/qwen3/qwen3-30b-a3b
  tokenizer_sentencepiece_legacy .................. False
  tokenizer_special_tokens ........................ None
  tokenizer_type .................................. HuggingFaceTokenizer
  torch_fsdp2_reshard_after_forward ............... True
  tp_comm_bootstrap_backend ....................... nccl
  tp_comm_bulk_dgrad .............................. True
  tp_comm_bulk_wgrad .............................. True
  tp_comm_overlap ................................. False
  tp_comm_overlap_ag .............................. True
  tp_comm_overlap_cfg ............................. None
  tp_comm_overlap_rs .............................. True
  tp_comm_overlap_rs_dgrad ........................ False
  tp_comm_split_ag ................................ True
  tp_comm_split_rs ................................ True
  train_data_path ................................. None
  train_iters ..................................... 50
  train_samples ................................... None
  train_sync_interval ............................. None
  transformer_impl ................................ transformer_engine
  transformer_pipeline_model_parallel_size ........ 1
  trust_remote_code ............................... False
  turbo_sync_free_moe_stage ....................... 0
  untie_embeddings_and_output_weights ............. True
  use_bridge ...................................... False
  use_checkpoint_args ............................. False
  use_checkpoint_opt_param_scheduler .............. False
  use_ckpt_memory_cache ........................... False
  use_cpu_initialization .......................... None
  use_dist_ckpt ................................... False
  use_dist_ckpt_deprecated ........................ False
  use_distributed_optimizer ....................... True
  use_flash_attn .................................. False
  use_fused_weighted_squared_relu ................. False
  use_gloo_process_groups ......................... True
  use_hip_profiler ................................ False
  use_kitchen_attention ........................... False
  use_legacy_models ............................... False
  use_legacy_static_engine ........................ False
  use_mamba_mem_eff_path .......................... True
  use_megatron_fsdp ............................... False
  use_mhc_svd ..................................... False
  use_mp_args_from_checkpoint_args ................ False
  use_mup ......................................... False
  use_one_sent_docs ............................... False
  use_optimizer_feature ........................... False
  use_persistent_ckpt_worker ...................... False
  use_precision_aware_optimizer ................... False
  use_primus_deepep ............................... False
  use_primus_fused_act_with_probs ................. False
  use_primus_grouped_mlp .......................... False
  use_primus_moe_permute_fusion ................... False
  use_primus_topk_router .......................... False
  use_pytorch_profiler ............................ False
  use_quantize_comm ............................... False
  use_ring_exchange_p2p ........................... False
  use_rope_scaling ................................ False
  use_rotary_position_embeddings .................. False
  use_sharp ....................................... False
  use_te_activation_func .......................... False
  use_tokenizer_model_from_checkpoint_args ........ True
  use_torch_fsdp2 ................................. False
  use_torch_optimizer_for_cpu_offload ............. False
  use_tp_pp_dp_mapping ............................ False
  use_vwn ......................................... False
  v_head_dim ...................................... 128
  valid_data_path ................................. None
  variable_seq_lengths ............................ False
  virtual_pipeline_model_parallel_size ............ None
  vision_backbone_type ............................ vit
  vision_pretraining .............................. False
  vision_pretraining_type ......................... classify
  vocab_extra_ids ................................. 0
  vocab_file ...................................... None
  vocab_size ...................................... None
  wandb_entity .................................... None
  wandb_exp_name .................................. None
  wandb_project ................................... None
  wandb_save_dir .................................. None
  weight_decay .................................... 0.1
  weight_decay_incr_style ......................... constant
  wgrad_deferral_limit ............................ 0
  window_attn_skip_freq ........................... None
  window_size ..................................... None
  world_size ...................................... 8
  yaml_cfg ........................................ None
-------------------- end of arguments ---------------------
------------------------ env vars ------------------------
  _ ............................................... /usr/bin/python
  _CUDA_COMPAT_PATH ............................... /usr/local/cuda/compat
  _CUDA_COMPAT_STATUS ............................. CUDA Driver OK
  AWS_OFI_NCCL_VERSION ............................ 1.17.0
  BASH_ENV ........................................ /etc/bash.bashrc
  COCOAPI_VERSION ................................. 2.0+nv0.8.1
  CUBLAS_VERSION .................................. 13.2.1.1
  CUBLASMP_VERSION ................................ 0.7.0.125
  CUDA_ARCH_LIST .................................. 7.5 8.0 8.6 9.0 10.0 12.0
  CUDA_BINARY_LOADER_THREAD_COUNT ................. 8
  CUDA_COMPONENT_LIST ............................. cccl crt nvrtc driver-dev culibos-dev cudart cudart-dev nvcc tileiras
  CUDA_DEVICE_MAX_CONNECTIONS ..................... 1
  CUDA_DRIVER_VERSION ............................. 590.48.01
  CUDA_HOME ....................................... /usr/local/cuda
  CUDA_MODULE_LOADING ............................. LAZY
  CUDA_VERSION .................................... 13.1.1.006
  CUDLA_VERSION ................................... 13.1.1.006
  CUDNN_FRONTEND_VERSION .......................... 1.17.0
  CUDNN_VERSION ................................... 9.17.1.4
  CUFFT_VERSION ................................... 12.1.0.78
  CUFILE_VERSION .................................. 1.16.1.26
  CURAND_VERSION .................................. 10.4.1.81
  CUSOLVER_VERSION ................................ 12.0.9.81
  CUSPARSE_VERSION ................................ 12.7.3.1
  CUSPARSELT_VERSION .............................. 0.8.1.1
  DALI_BUILD ...................................... 
  DALI_URL_SUFFIX ................................. 130
  DALI_VERSION .................................... 1.53.0
  DOCA_VERSION .................................... 3.1.0
  EFA_VERSION ..................................... 1.43.1
  ENV ............................................. /etc/shinit_v2
  GDRCOPY_VERSION ................................. 2.5.1
  GLOG_minloglevel ................................ 3
  GLOO_SOCKET_IFNAME .............................. bond0
  GPU_MAX_HW_QUEUES ............................... 10
  HFI_NO_BACKTRACE ................................ 1
  HOME ............................................ /root
  HOSTNAME ........................................ h20-3
  HPCX_VERSION .................................... 2.25.1-RC2
  HSA_FORCE_FINE_GRAIN_PCIE ....................... 1
  IPATH_NO_BACKTRACE .............................. 1
  JUPYTER_PORT .................................... 8888
  KMP_DUPLICATE_LIB_OK ............................ True
  KMP_INIT_AT_FORK ................................ FALSE
  LC_ALL .......................................... C.UTF-8
  LD_LIBRARY_PATH ................................. /opt/hpcx/ompi/lib:/opt/hpcx/ompi/lib:/usr/local/cuda/compat/lib.real:/usr/local/lib/python3.12/dist-packages/torch/lib:/usr/local/lib/python3.12/dist-packages/torch_tensorrt/lib:/usr/local/cuda/compat/lib:/usr/local/nvidia/lib:/usr/local/nvidia/lib64
  LESSCLOSE ....................................... /usr/bin/lesspipe %s %s
  LESSOPEN ........................................ | /usr/bin/lesspipe %s
  LIBRARY_PATH .................................... /usr/local/cuda/lib64/stubs:/usr/local/cuda/lib64/stubs:
  LS_COLORS ....................................... rs=0:di=01;34:ln=01;36:mh=00:pi=40;33:so=01;35:do=01;35:bd=40;33;01:cd=40;33;01:or=40;31;01:mi=00:su=37;41:sg=30;43:ca=00:tw=30;42:ow=34;42:st=37;44:ex=01;32:*.tar=01;31:*.tgz=01;31:*.arc=01;31:*.arj=01;31:*.taz=01;31:*.lha=01;31:*.lz4=01;31:*.lzh=01;31:*.lzma=01;31:*.tlz=01;31:*.txz=01;31:*.tzo=01;31:*.t7z=01;31:*.zip=01;31:*.z=01;31:*.dz=01;31:*.gz=01;31:*.lrz=01;31:*.lz=01;31:*.lzo=01;31:*.xz=01;31:*.zst=01;31:*.tzst=01;31:*.bz2=01;31:*.bz=01;31:*.tbz=01;31:*.tbz2=01;31:*.tz=01;31:*.deb=01;31:*.rpm=01;31:*.jar=01;31:*.war=01;31:*.ear=01;31:*.sar=01;31:*.rar=01;31:*.alz=01;31:*.ace=01;31:*.zoo=01;31:*.cpio=01;31:*.7z=01;31:*.rz=01;31:*.cab=01;31:*.wim=01;31:*.swm=01;31:*.dwm=01;31:*.esd=01;31:*.avif=01;35:*.jpg=01;35:*.jpeg=01;35:*.mjpg=01;35:*.mjpeg=01;35:*.gif=01;35:*.bmp=01;35:*.pbm=01;35:*.pgm=01;35:*.ppm=01;35:*.tga=01;35:*.xbm=01;35:*.xpm=01;35:*.tif=01;35:*.tiff=01;35:*.png=01;35:*.svg=01;35:*.svgz=01;35:*.mng=01;35:*.pcx=01;35:*.mov=01;35:*.mpg=01;35:*.mpeg=01;35:*.m2v=01;35:*.mkv=01;35:*.webm=01;35:*.webp=01;35:*.ogm=01;35:*.mp4=01;35:*.m4v=01;35:*.mp4v=01;35:*.vob=01;35:*.qt=01;35:*.nuv=01;35:*.wmv=01;35:*.asf=01;35:*.rm=01;35:*.rmvb=01;35:*.flc=01;35:*.avi=01;35:*.fli=01;35:*.flv=01;35:*.gl=01;35:*.dl=01;35:*.xcf=01;35:*.xwd=01;35:*.yuv=01;35:*.cgm=01;35:*.emf=01;35:*.ogv=01;35:*.ogx=01;35:*.aac=00;36:*.au=00;36:*.flac=00;36:*.m4a=00;36:*.mid=00;36:*.midi=00;36:*.mka=00;36:*.mp3=00;36:*.mpc=00;36:*.ogg=00;36:*.ra=00;36:*.wav=00;36:*.oga=00;36:*.opus=00;36:*.spx=00;36:*.xspf=00;36:*~=00;90:*#=00;90:*.bak=00;90:*.crdownload=00;90:*.dpkg-dist=00;90:*.dpkg-new=00;90:*.dpkg-old=00;90:*.dpkg-tmp=00;90:*.old=00;90:*.orig=00;90:*.part=00;90:*.rej=00;90:*.rpmnew=00;90:*.rpmorig=00;90:*.rpmsave=00;90:*.swp=00;90:*.tmp=00;90:*.ucf-dist=00;90:*.ucf-new=00;90:*.ucf-old=00;90:
  MAXSMVER ........................................ 120
  MODEL_OPT_VERSION ............................... 0.40.0
  MOFED_VERSION ................................... 5.4-rdmacore56.0
  NCCL_VERSION .................................... 2.29.stable.20260109
  NPP_VERSION ..................................... 13.0.3.3
  NSIGHT_COMPUTE_VERSION .......................... 2025.4.1.2
  NSIGHT_SYSTEMS_VERSION .......................... 2025.6.1.190
  NVFATBIN_VERSION ................................ 13.1.115
  NVFUSER_BUILD_VERSION ........................... 5d8efce
  NVFUSER_VERSION ................................. 5d8efce
  NVIDIA_BUILD_ID ................................. 256811083
  NVIDIA_CTK_LIBCUDA_DIR .......................... /usr/lib/x86_64-linux-gnu
  NVIDIA_DRIVER_CAPABILITIES ...................... compute,utility,video
  NVIDIA_PRODUCT_NAME ............................. PyTorch
  NVIDIA_PYTORCH_VERSION .......................... 26.01
  NVIDIA_REQUIRE_CUDA ............................. cuda>=9.0
  NVIDIA_REQUIRE_JETPACK_HOST_MOUNTS .............. 
  NVIDIA_VISIBLE_DEVICES .......................... void
  NVJITLINK_VERSION ............................... 13.1.115
  NVJPEG_VERSION .................................. 13.0.3.75
  NVPL_LAPACK_MATH_MODE ........................... PEDANTIC
  NVPTXCOMPILER_VERSION ........................... 13.1.115
  NVRX_VERSION .................................... 0.5.0
  NVSHMEM_VERSION ................................. 3.4.5
  NVTE_USE_HIPBLASLT_GROUPEDGEMM .................. 1
  NVVM_VERSION .................................... 13.1.115
  OLDPWD .......................................... /workspace/dcu_megatron/requirements
  OMP_NUM_THREADS ................................. 1
  OPAL_PREFIX ..................................... /opt/hpcx/ompi
  OPENMPI_VERSION ................................. 4.1.7
  OPENUCX_VERSION ................................. 1.20.0
  PATH ............................................ /opt/hpcx/ompi/bin:/opt/hpcx/ompi/bin:/usr/local/lib/python3.12/dist-packages/torch_tensorrt/bin:/usr/local/nvidia/bin:/usr/local/cuda/bin:/usr/local/mpi/bin:/usr/local/sbin:/usr/local/bin:/usr/sbin:/usr/bin:/sbin:/bin:/usr/local/ucx/bin:/opt/amazon/efa/bin:/opt/tensorrt/bin
  PIP_BREAK_SYSTEM_PACKAGES ....................... 1
  PIP_CONSTRAINT .................................. /etc/pip/constraint.txt
  PIP_DEFAULT_TIMEOUT ............................. 100
  PMIX_BFROP_BUFFER_TYPE .......................... PMIX_BFROP_BUFFER_NON_DESC
  PMIX_DSTORE_21_BASE_PATH ........................ /tmp/ompi.h20-3.0/pid.23944/pmix_dstor_ds21_23944
  PMIX_DSTORE_ESH_BASE_PATH ....................... /tmp/ompi.h20-3.0/pid.23944/pmix_dstor_ds12_23944
  PMIX_GDS_MODULE ................................. ds21,ds12,hash
  PMIX_HOSTNAME ................................... h20-3
  PMIX_ID ......................................... 738394113.0
  PMIX_INSTALL_PREFIX ............................. /opt/hpcx/ompi
  PMIX_MCA_mca_base_component_show_load_errors .... 0
  PMIX_NAMESPACE .................................. 738394113
  PMIX_PTL_MODULE ................................. tcp,usock
  PMIX_RANK ....................................... 0
  PMIX_SECURITY_MODE .............................. native
  PMIX_SERVER_TMPDIR .............................. /tmp/ompi.h20-3.0/pid.23944
  PMIX_SERVER_URI2 ................................ 738394112.0;tcp4://127.0.0.1:46731
  PMIX_SERVER_URI21 ............................... 738394112.0;tcp4://127.0.0.1:46731
  PMIX_SERVER_URI3 ................................ 738394112.0;tcp4://127.0.0.1:46731
  PMIX_SYSTEM_TMPDIR .............................. /tmp
  PMIX_VERSION .................................... 3.2.5a1
  POLYGRAPHY_VERSION .............................. 0.49.26
  PROTOCOL_BUFFERS_PYTHON_IMPLEMENTATION .......... python
  PWD ............................................. /workspace/dcu_megatron/examples/qwen3
  PYTHONIOENCODING ................................ utf-8
  PYTHONPATH ...................................... /workspace/dcu_megatron/Megatron-Bridge-0.4.0/src:/workspace/dcu_megatron/Megatron-LM:
  PYTORCH_BUILD_NUMBER ............................ 0
  PYTORCH_BUILD_VERSION ........................... 2.10.0a0+a36e1d3
  PYTORCH_HOME .................................... /opt/pytorch/pytorch
  PYTORCH_VERSION ................................. 2.10.0a0+a36e1d3
  RANK ............................................ 0
  RDMACORE_VERSION ................................ 56.0
  SHELL ........................................... /bin/bash
  SHLVL ........................................... 3
  TENSORBOARD_PORT ................................ 6006
  TERM ............................................ xterm
  TORCH_ALLOW_TF32_CUBLAS_OVERRIDE ................ 1
  TORCH_CUDA_ARCH_LIST ............................ 7.5 8.0 8.6 9.0 10.0 12.0+PTX
  TORCH_NCCL_USE_COMM_NONBLOCKING ................. 0
  TORCHAO_BUILD_VERSION ........................... +git1272f3cf
  TORCHINDUCTOR_CACHE_DIR ......................... /tmp/torchinductor_root
  TORCHINDUCTOR_LOOP_ORDERING_AFTER_FUSION ........ 0
  TORCHTITAN_BUILD_VERSION ........................ 0.2.0+gite98ae995
  TRANSFORMER_ENGINE_VERSION ...................... 2.11
  TRITON_CUDACRT_PATH ............................. /usr/local/cuda/include
  TRITON_CUDART_PATH .............................. /usr/local/cuda/include
  TRITON_CUOBJDUMP_PATH ........................... /usr/local/cuda/bin/cuobjdump
  TRITON_CUPTI_INCLUDE_PATH ....................... /usr/local/cuda/include
  TRITON_CUPTI_LIB_PATH ........................... /usr/local/cuda/lib64
  TRITON_HOME ..................................... /tmp
  TRITON_NVDISASM_PATH ............................ /usr/local/cuda/bin/nvdisasm
  TRITON_PTXAS_PATH ............................... /usr/local/cuda/bin/ptxas
  TRT_VERSION ..................................... 10.14.1.48+cuda13.0
  TRTOSS_VERSION .................................. 
  UCC_CL_BASIC_TLS ................................ ^sharp
  UCC_EC_CUDA_EXEC_NUM_THREADS .................... 256
  WORLD_SIZE ...................................... 8
-------------------- end of env vars ---------------------
INFO:megatron.core.num_microbatches_calculator:setting number of microbatches to constant 4
INFO:megatron.core.tokenizers.utils.build_tokenizer: > padded vocab (size: 151669) with 11 dummy tokens (new size: 151680)
WARNING:megatron.core.rerun_state_machine:RerunStateMachine initialized in mode RerunMode.VALIDATE_RESULTS
> initializing torch distributed ...
> setting tensorboard ...
WARNING: one_logger package is required to enable e2e metrics tracking. please go to https://confluence.nvidia.com/display/MLWFO/Package+Repositories for details to install it
[Gloo] Rank 0 is connected to 7 peer ranks. Expected number of connected peer ranks is : 7
[Gloo] Rank 1 is connected to 7 peer ranks. Expected number of connected peer ranks is : [Gloo] Rank 2 is connected to 7 peer ranks. Expected number of connected peer ranks is : 7
7
[Gloo] Rank 3 is connected to 7 peer ranks. Expected number of connected peer ranks is : 7
[Gloo] Rank 4 is connected to 7 peer ranks. Expected number of connected peer ranks is : 7
[Gloo] Rank 6 is connected to 7 peer ranks. Expected number of connected peer ranks is : 7
[Gloo] Rank 5 is connected to 7 peer ranks. Expected number of connected peer ranks is : 7
[Gloo] Rank 7 is connected to 7 peer ranks. Expected number of connected peer ranks is : 7
[Gloo] Rank 0 is connected to 7 peer ranks. Expected number of connected peer ranks is : 7
[Gloo] Rank 1 is connected to 7 peer ranks. Expected number of connected peer ranks is : 7
[Gloo] Rank 2 is connected to 7 peer ranks. Expected number of connected peer ranks is : 7
[Gloo] Rank 4 is connected to 7 peer ranks. Expected number of connected peer ranks is : 7
[Gloo] Rank 3 is connected to 7 peer ranks. Expected number of connected peer ranks is : 7
[Gloo] Rank 5 is connected to 7 peer ranks. [Gloo] Rank 6 is connected to 7Expected number of connected peer ranks is : 7
 peer ranks. Expected number of connected peer ranks is : 7
[Gloo] Rank 7 is connected to 7 peer ranks. Expected number of connected peer ranks is : 7
[Gloo] Rank 0 is connected to 0 peer ranks. Expected number of connected peer ranks is : 0
tp_group: [[0], [1], [2], [3], [4], [5], [6], [7]]
pp_group: [[0], [1], [2], [3], [4], [5], [6], [7]]
dp_group: [[0, 1, 2, 3, 4, 5, 6, 7]]
ep_group: [[0, 1, 2, 3, 4, 5, 6, 7]]
etp_group: [[0], [1], [2], [3], [4], [5], [6], [7]]
edp_group: [[0], [1], [2], [3], [4], [5], [6], [7]]
cp_group: [[0], [1], [2], [3], [4], [5], [6], [7]]
tp-cp_group: [[0], [1], [2], [3], [4], [5], [6], [7]]
embd-pp_group: [[0], [1], [2], [3], [4], [5], [6], [7]]
pos_embd-pp_group: [[0], [1], [2], [3], [4], [5], [6], [7]]
tp-ep_group: [[0, 1, 2, 3, 4, 5, 6, 7]]
tp-dp-cp_group: [[0, 1, 2, 3, 4, 5, 6, 7]]
tp-pp_group: [[0], [1], [2], [3], [4], [5], [6], [7]]
dp-cp_group: [[0, 1, 2, 3, 4, 5, 6, 7]]
> initialized tensor model parallel with size 1
> initialized pipeline model parallel with size 1
> setting random seeds to 1234 ...
[Gloo] Rank 0 is connected to 0 peer ranks. Expected number of connected peer ranks is : 0
[Gloo] Rank 0 is connected to 0 peer ranks. Expected number of connected peer ranks is : 0[Gloo] Rank 0 is connected to 
0 peer ranks. Expected number of connected peer ranks is : 0
[Gloo] Rank 0 is connected to 0 peer ranks. Expected number of connected peer ranks is : 0
[Gloo] Rank 0 is connected to 0 peer ranks. Expected number of connected peer ranks is : 0
[Gloo] Rank 0 is connected to 0 peer ranks. Expected number of connected peer ranks is : 0
[Gloo] Rank 0 is connected to 0 peer ranks. Expected number of connected peer ranks is : 0
> compiling dataset index builder ...
make: Entering directory '/workspace/dcu_megatron/Megatron-LM/megatron/core/datasets'
make: Nothing to be done for 'default'.
make: Leaving directory '/workspace/dcu_megatron/Megatron-LM/megatron/core/datasets'
>>> done with dataset index builder. Compilation time: 0.059 seconds
/usr/local/lib/python3.12/dist-packages/torch/distributed/c10d_logger.py:83: UserWarning: barrier(): using the device under current context. You can specify `device_id` in `init_process_group` to mute this warning.
  return func(*args, **kwargs)
[rank0]:[W717 07:50:59.315147972 ProcessGroupNCCL.cpp:5163] Guessing device ID based on global rank. This can cause a hang if rank to GPU mapping is heterogeneous. You can specify device_id in init_process_group()
time to initialize megatron (seconds): 7.553
/usr/local/lib/python3.12/dist-packages/torch/distributed/c10d_logger.py:83: UserWarning: barrier(): using the device under current context. You can specify `device_id` in `init_process_group` to mute this warning.
  return func(*args, **kwargs)
[after in-process setup and before initialize_megatron] datetime: 2026-07-17 07:50:57.638815 
[after in-job setup and before initialize_megatron] datetime: 2026-07-17 07:50:57.686788 
[before library-setup] datetime: 2026-07-17 07:50:41.927190
[after library-setup] datetime: 2026-07-17 07:50:57.579237
[before megatron-init] datetime: 2026-07-17 07:50:57.638815
INFO:megatron.core.timers:(min, max) time across ranks (ms):
    startup-program-entry-spread ...................: (25.04, 123.60)
    startup-library-setup ..........................: (15521.23, 15723.11)
    startup-program-setup ..........................: (59.44, 59.95)
    startup-in-process-setup .......................: (0.00, 0.00)
    startup-in-job-setup ...........................: (47.84, 49.23)
    startup-initialize-megatron ....................: (4719.22, 4872.67)
    startup-set-jit-fusion-options .................: (1547.78, 1728.14)
    all-reduce-start-timestamps-tensor .............: (1.76, 182.11)
    startup-megatron-init-local ....................: (6497.55, 6650.93)
    startup-megatron-init-global ...................: (22355.49, 22355.49)
[after megatron is initialized] datetime: 2026-07-17 07:51:04.285098 
building GPT model ...
/workspace/dcu_megatron/Megatron-LM/megatron/core/transformer/transformer_config.py:2178: UserWarning: Using a large number of experts (e.g. >=32) without fp32 routing. Consider enabling moe_router_dtype for better numerical stability.
  warnings.warn(
/workspace/dcu_megatron/Megatron-LM/megatron/core/transformer/transformer_config.py:2178: UserWarning: Using a large number of experts (e.g. >=32) without fp32 routing. Consider enabling moe_router_dtype for better numerical stability.
  warnings.warn(
/workspace/dcu_megatron/Megatron-LM/megatron/core/transformer/transformer_config.py:2178: UserWarning: Using a large number of experts (e.g. >=32) without fp32 routing. Consider enabling moe_router_dtype for better numerical stability.
  warnings.warn(
/workspace/dcu_megatron/Megatron-LM/megatron/core/transformer/transformer_config.py:2178: UserWarning: Using a large number of experts (e.g. >=32) without fp32 routing. Consider enabling moe_router_dtype for better numerical stability.
  warnings.warn(
/workspace/dcu_megatron/Megatron-LM/megatron/core/transformer/transformer_config.py:2178: UserWarning: Using a large number of experts (e.g. >=32) without fp32 routing. Consider enabling moe_router_dtype for better numerical stability.
  warnings.warn(
/workspace/dcu_megatron/Megatron-LM/megatron/core/transformer/transformer_config.py:2178: UserWarning: Using a large number of experts (e.g. >=32) without fp32 routing. Consider enabling moe_router_dtype for better numerical stability.
  warnings.warn(
/workspace/dcu_megatron/Megatron-LM/megatron/core/transformer/transformer_config.py:2178: UserWarning: Using a large number of experts (e.g. >=32) without fp32 routing. Consider enabling moe_router_dtype for better numerical stability.
  warnings.warn(
/workspace/dcu_megatron/Megatron-LM/megatron/core/transformer/transformer_config.py:2178: UserWarning: Using a large number of experts (e.g. >=32) without fp32 routing. Consider enabling moe_router_dtype for better numerical stability.
  warnings.warn(
[rank 0] GPTModel(
  (embedding): LanguageModelEmbedding(
    (word_embeddings): VocabParallelEmbedding()
    (embedding_dropout): Dropout(p=0.0, inplace=False)
  )
  (rotary_pos_emb): RotaryEmbedding()
  (decoder): TransformerBlock(
    (layers): ModuleList(
      (0-47): 48 x TransformerLayer(
        (input_layernorm): IdentityOp()
        (self_attention): SelfAttention(
          (core_attention): TEDotProductAttention(
            (flash_attention): FlashAttention()
            (fused_attention): FusedAttention()
            (unfused_attention): UnfusedDotProductAttention(
              (scale_mask_softmax): FusedScaleMaskSoftmax()
              (attention_dropout): Dropout(p=0.0, inplace=False)
            )
          )
          (linear_proj): TERowParallelLinear(in_features=4096, out_features=2048, bias=False, TP=1)
          (linear_qkv): TELayerNormColumnParallelLinear(in_features=2048, out_features=5120, bias=False, TP=1)
          (q_layernorm): RMSNorm()
          (k_layernorm): RMSNorm()
        )
        (pre_cross_attn_layernorm): IdentityOp()
        (cross_attention): IdentityOp()
        (cross_attn_bda): IdentityFuncOp()
        (pre_mlp_layernorm): RMSNorm()
        (mlp): MoELayer(
          (router): TopKRouter()
          (experts): TEGroupedMLP(
            (linear_fc1): TEColumnParallelGroupedLinear()
            (linear_fc2): TERowParallelGroupedLinear()
          )
        )
      )
    )
    (final_layernorm): RMSNorm()
  )
  (output_layer): ColumnParallelLinear(in_features=2048, out_features=151680, bias=False, TP=1)
)
 > number of parameters on (tensor, pipeline) model parallel rank (0, 0): 5163923456
INFO:megatron.core.distributed.distributed_data_parallel:Setting up DistributedDataParallel with config DistributedDataParallelConfig(grad_reduce_in_fp32=True, overlap_grad_reduce=True, overlap_param_gather=True, align_param_gather=False, use_distributed_optimizer=True, num_distributed_optimizer_instances=1, check_for_nan_in_grad=True, check_for_large_grads=False, bucket_size=40000000, pad_buckets_for_high_nccl_busbw=False, reduce_scatter_with_fp32_accumulation=False, param_name_patterns_for_fp32_local_accumulation=(), average_in_collective=True, fp8_param_gather=False, reuse_grad_buf_for_mxfp8_param_ag=False, use_megatron_fsdp=False, use_custom_fsdp=False, data_parallel_sharding_strategy='no_shard', gradient_reduce_div_fusion=True, suggested_communication_unit_size=None, keep_fp8_transpose_cache=False, nccl_ub=False, fsdp_double_buffer=False, fsdp_db_use_persist_buf_on_alloc_fail=False, fsdp_all_gather_in_start_param_sync=True, outer_dp_sharding_strategy='no_shard', disable_symmetric_registration=False, fsdp_manual_registration=False, delay_wgrad_compute=False, megatron_fsdp_main_params_dtype=torch.float32, megatron_fsdp_main_grads_dtype=None, megatron_fsdp_grad_comm_dtype=None)
INFO:megatron.core.distributed.param_and_grad_buffer:Number of buckets for gradient all-reduce / reduce-scatter: 21
Params for bucket 1 (310640640 elements, 310640640 padded size, 0 param(s) with extra main_grads):
	module.output_layer.weight (param.main_grad.dtype=torch.float32)
Params for bucket 2 (49033984 elements, 49033984 padded size, 0 param(s) with extra main_grads):
	module.decoder.final_layernorm.weight (param.main_grad.dtype=torch.float32)
	module.decoder.layers.47.mlp.router.weight (param.main_grad.dtype=torch.float32)
	module.decoder.layers.47.pre_mlp_layernorm.weight (param.main_grad.dtype=torch.float32)
	module.decoder.layers.47.self_attention.k_layernorm.weight (param.main_grad.dtype=torch.float32)
	module.decoder.layers.47.self_attention.q_layernorm.weight (param.main_grad.dtype=torch.float32)
	module.decoder.layers.47.self_attention.linear_qkv.weight (param.main_grad.dtype=torch.float32)
	module.decoder.layers.47.self_attention.linear_qkv.layer_norm_weight (param.main_grad.dtype=torch.float32)
	module.decoder.layers.47.self_attention.linear_proj.weight (param.main_grad.dtype=torch.float32)
	module.decoder.layers.46.mlp.router.weight (param.main_grad.dtype=torch.float32)
	module.decoder.layers.46.pre_mlp_layernorm.weight (param.main_grad.dtype=torch.float32)
	module.decoder.layers.46.self_attention.k_layernorm.weight (param.main_grad.dtype=torch.float32)
	module.decoder.layers.46.self_attention.q_layernorm.weight (param.main_grad.dtype=torch.float32)
	module.decoder.layers.46.self_attention.linear_qkv.weight (param.main_grad.dtype=torch.float32)
	module.decoder.layers.46.self_attention.linear_qkv.layer_norm_weight (param.main_grad.dtype=torch.float32)
	module.decoder.layers.46.self_attention.linear_proj.weight (param.main_grad.dtype=torch.float32)
	module.decoder.layers.45.mlp.router.weight (param.main_grad.dtype=torch.float32)
	module.decoder.layers.45.pre_mlp_layernorm.weight (param.main_grad.dtype=torch.float32)
	module.decoder.layers.45.self_attention.k_layernorm.weight (param.main_grad.dtype=torch.float32)
	module.decoder.layers.45.self_attention.q_layernorm.weight (param.main_grad.dtype=torch.float32)
	module.decoder.layers.45.self_attention.linear_qkv.weight (param.main_grad.dtype=torch.float32)
Params for bucket 3 (46672384 elements, 46672384 padded size, 0 param(s) with extra main_grads):
	module.decoder.layers.45.self_attention.linear_qkv.layer_norm_weight (param.main_grad.dtype=torch.float32)
	module.decoder.layers.45.self_attention.linear_proj.weight (param.main_grad.dtype=torch.float32)
	module.decoder.layers.44.mlp.router.weight (param.main_grad.dtype=torch.float32)
	module.decoder.layers.44.pre_mlp_layernorm.weight (param.main_grad.dtype=torch.float32)
	module.decoder.layers.44.self_attention.k_layernorm.weight (param.main_grad.dtype=torch.float32)
	module.decoder.layers.44.self_attention.q_layernorm.weight (param.main_grad.dtype=torch.float32)
	module.decoder.layers.44.self_attention.linear_qkv.weight (param.main_grad.dtype=torch.float32)
	module.decoder.layers.44.self_attention.linear_qkv.layer_norm_weight (param.main_grad.dtype=torch.float32)
	module.decoder.layers.44.self_attention.linear_proj.weight (param.main_grad.dtype=torch.float32)
	module.decoder.layers.43.mlp.router.weight (param.main_grad.dtype=torch.float32)
	module.decoder.layers.43.pre_mlp_layernorm.weight (param.main_grad.dtype=torch.float32)
	module.decoder.layers.43.self_attention.k_layernorm.weight (param.main_grad.dtype=torch.float32)
	module.decoder.layers.43.self_attention.q_layernorm.weight (param.main_grad.dtype=torch.float32)
	module.decoder.layers.43.self_attention.linear_qkv.weight (param.main_grad.dtype=torch.float32)
	module.decoder.layers.43.self_attention.linear_qkv.layer_norm_weight (param.main_grad.dtype=torch.float32)
	module.decoder.layers.43.self_attention.linear_proj.weight (param.main_grad.dtype=torch.float32)
Params for bucket 4 (49031936 elements, 49031936 padded size, 0 param(s) with extra main_grads):
	module.decoder.layers.42.mlp.router.weight (param.main_grad.dtype=torch.float32)
	module.decoder.layers.42.pre_mlp_layernorm.weight (param.main_grad.dtype=torch.float32)
	module.decoder.layers.42.self_attention.k_layernorm.weight (param.main_grad.dtype=torch.float32)
	module.decoder.layers.42.self_attention.q_layernorm.weight (param.main_grad.dtype=torch.float32)
	module.decoder.layers.42.self_attention.linear_qkv.weight (param.main_grad.dtype=torch.float32)
	module.decoder.layers.42.self_attention.linear_qkv.layer_norm_weight (param.main_grad.dtype=torch.float32)
	module.decoder.layers.42.self_attention.linear_proj.weight (param.main_grad.dtype=torch.float32)
	module.decoder.layers.41.mlp.router.weight (param.main_grad.dtype=torch.float32)
	module.decoder.layers.41.pre_mlp_layernorm.weight (param.main_grad.dtype=torch.float32)
	module.decoder.layers.41.self_attention.k_layernorm.weight (param.main_grad.dtype=torch.float32)
	module.decoder.layers.41.self_attention.q_layernorm.weight (param.main_grad.dtype=torch.float32)
	module.decoder.layers.41.self_attention.linear_qkv.weight (param.main_grad.dtype=torch.float32)
	module.decoder.layers.41.self_attention.linear_qkv.layer_norm_weight (param.main_grad.dtype=torch.float32)
	module.decoder.layers.41.self_attention.linear_proj.weight (param.main_grad.dtype=torch.float32)
	module.decoder.layers.40.mlp.router.weight (param.main_grad.dtype=torch.float32)
	module.decoder.layers.40.pre_mlp_layernorm.weight (param.main_grad.dtype=torch.float32)
	module.decoder.layers.40.self_attention.k_layernorm.weight (param.main_grad.dtype=torch.float32)
	module.decoder.layers.40.self_attention.q_layernorm.weight (param.main_grad.dtype=torch.float32)
	module.decoder.layers.40.self_attention.linear_qkv.weight (param.main_grad.dtype=torch.float32)
Params for bucket 5 (46672384 elements, 46672384 padded size, 0 param(s) with extra main_grads):
	module.decoder.layers.40.self_attention.linear_qkv.layer_norm_weight (param.main_grad.dtype=torch.float32)
	module.decoder.layers.40.self_attention.linear_proj.weight (param.main_grad.dtype=torch.float32)
	module.decoder.layers.39.mlp.router.weight (param.main_grad.dtype=torch.float32)
	module.decoder.layers.39.pre_mlp_layernorm.weight (param.main_grad.dtype=torch.float32)
	module.decoder.layers.39.self_attention.k_layernorm.weight (param.main_grad.dtype=torch.float32)
	module.decoder.layers.39.self_attention.q_layernorm.weight (param.main_grad.dtype=torch.float32)
	module.decoder.layers.39.self_attention.linear_qkv.weight (param.main_grad.dtype=torch.float32)
	module.decoder.layers.39.self_attention.linear_qkv.layer_norm_weight (param.main_grad.dtype=torch.float32)
	module.decoder.layers.39.self_attention.linear_proj.weight (param.main_grad.dtype=torch.float32)
	module.decoder.layers.38.mlp.router.weight (param.main_grad.dtype=torch.float32)
	module.decoder.layers.38.pre_mlp_layernorm.weight (param.main_grad.dtype=torch.float32)
	module.decoder.layers.38.self_attention.k_layernorm.weight (param.main_grad.dtype=torch.float32)
	module.decoder.layers.38.self_attention.q_layernorm.weight (param.main_grad.dtype=torch.float32)
	module.decoder.layers.38.self_attention.linear_qkv.weight (param.main_grad.dtype=torch.float32)
	module.decoder.layers.38.self_attention.linear_qkv.layer_norm_weight (param.main_grad.dtype=torch.float32)
	module.decoder.layers.38.self_attention.linear_proj.weight (param.main_grad.dtype=torch.float32)
Params for bucket 6 (49031936 elements, 49031936 padded size, 0 param(s) with extra main_grads):
	module.decoder.layers.37.mlp.router.weight (param.main_grad.dtype=torch.float32)
	module.decoder.layers.37.pre_mlp_layernorm.weight (param.main_grad.dtype=torch.float32)
	module.decoder.layers.37.self_attention.k_layernorm.weight (param.main_grad.dtype=torch.float32)
	module.decoder.layers.37.self_attention.q_layernorm.weight (param.main_grad.dtype=torch.float32)
	module.decoder.layers.37.self_attention.linear_qkv.weight (param.main_grad.dtype=torch.float32)
	module.decoder.layers.37.self_attention.linear_qkv.layer_norm_weight (param.main_grad.dtype=torch.float32)
	module.decoder.layers.37.self_attention.linear_proj.weight (param.main_grad.dtype=torch.float32)
	module.decoder.layers.36.mlp.router.weight (param.main_grad.dtype=torch.float32)
	module.decoder.layers.36.pre_mlp_layernorm.weight (param.main_grad.dtype=torch.float32)
	module.decoder.layers.36.self_attention.k_layernorm.weight (param.main_grad.dtype=torch.float32)
	module.decoder.layers.36.self_attention.q_layernorm.weight (param.main_grad.dtype=torch.float32)
	module.decoder.layers.36.self_attention.linear_qkv.weight (param.main_grad.dtype=torch.float32)
	module.decoder.layers.36.self_attention.linear_qkv.layer_norm_weight (param.main_grad.dtype=torch.float32)
	module.decoder.layers.36.self_attention.linear_proj.weight (param.main_grad.dtype=torch.float32)
	module.decoder.layers.35.mlp.router.weight (param.main_grad.dtype=torch.float32)
	module.decoder.layers.35.pre_mlp_layernorm.weight (param.main_grad.dtype=torch.float32)
	module.decoder.layers.35.self_attention.k_layernorm.weight (param.main_grad.dtype=torch.float32)
	module.decoder.layers.35.self_attention.q_layernorm.weight (param.main_grad.dtype=torch.float32)
	module.decoder.layers.35.self_attention.linear_qkv.weight (param.main_grad.dtype=torch.float32)
Params for bucket 7 (46672384 elements, 46672384 padded size, 0 param(s) with extra main_grads):
	module.decoder.layers.35.self_attention.linear_qkv.layer_norm_weight (param.main_grad.dtype=torch.float32)
	module.decoder.layers.35.self_attention.linear_proj.weight (param.main_grad.dtype=torch.float32)
	module.decoder.layers.34.mlp.router.weight (param.main_grad.dtype=torch.float32)
	module.decoder.layers.34.pre_mlp_layernorm.weight (param.main_grad.dtype=torch.float32)
	module.decoder.layers.34.self_attention.k_layernorm.weight (param.main_grad.dtype=torch.float32)
	module.decoder.layers.34.self_attention.q_layernorm.weight (param.main_grad.dtype=torch.float32)
	module.decoder.layers.34.self_attention.linear_qkv.weight (param.main_grad.dtype=torch.float32)
	module.decoder.layers.34.self_attention.linear_qkv.layer_norm_weight (param.main_grad.dtype=torch.float32)
	module.decoder.layers.34.self_attention.linear_proj.weight (param.main_grad.dtype=torch.float32)
	module.decoder.layers.33.mlp.router.weight (param.main_grad.dtype=torch.float32)
	module.decoder.layers.33.pre_mlp_layernorm.weight (param.main_grad.dtype=torch.float32)
	module.decoder.layers.33.self_attention.k_layernorm.weight (param.main_grad.dtype=torch.float32)
	module.decoder.layers.33.self_attention.q_layernorm.weight (param.main_grad.dtype=torch.float32)
	module.decoder.layers.33.self_attention.linear_qkv.weight (param.main_grad.dtype=torch.float32)
	module.decoder.layers.33.self_attention.linear_qkv.layer_norm_weight (param.main_grad.dtype=torch.float32)
	module.decoder.layers.33.self_attention.linear_proj.weight (param.main_grad.dtype=torch.float32)
Params for bucket 8 (49031936 elements, 49031936 padded size, 0 param(s) with extra main_grads):
	module.decoder.layers.32.mlp.router.weight (param.main_grad.dtype=torch.float32)
	module.decoder.layers.32.pre_mlp_layernorm.weight (param.main_grad.dtype=torch.float32)
	module.decoder.layers.32.self_attention.k_layernorm.weight (param.main_grad.dtype=torch.float32)
	module.decoder.layers.32.self_attention.q_layernorm.weight (param.main_grad.dtype=torch.float32)
	module.decoder.layers.32.self_attention.linear_qkv.weight (param.main_grad.dtype=torch.float32)
	module.decoder.layers.32.self_attention.linear_qkv.layer_norm_weight (param.main_grad.dtype=torch.float32)
	module.decoder.layers.32.self_attention.linear_proj.weight (param.main_grad.dtype=torch.float32)
	module.decoder.layers.31.mlp.router.weight (param.main_grad.dtype=torch.float32)
	module.decoder.layers.31.pre_mlp_layernorm.weight (param.main_grad.dtype=torch.float32)
	module.decoder.layers.31.self_attention.k_layernorm.weight (param.main_grad.dtype=torch.float32)
	module.decoder.layers.31.self_attention.q_layernorm.weight (param.main_grad.dtype=torch.float32)
	module.decoder.layers.31.self_attention.linear_qkv.weight (param.main_grad.dtype=torch.float32)
	module.decoder.layers.31.self_attention.linear_qkv.layer_norm_weight (param.main_grad.dtype=torch.float32)
	module.decoder.layers.31.self_attention.linear_proj.weight (param.main_grad.dtype=torch.float32)
	module.decoder.layers.30.mlp.router.weight (param.main_grad.dtype=torch.float32)
	module.decoder.layers.30.pre_mlp_layernorm.weight (param.main_grad.dtype=torch.float32)
	module.decoder.layers.30.self_attention.k_layernorm.weight (param.main_grad.dtype=torch.float32)
	module.decoder.layers.30.self_attention.q_layernorm.weight (param.main_grad.dtype=torch.float32)
	module.decoder.layers.30.self_attention.linear_qkv.weight (param.main_grad.dtype=torch.float32)
Params for bucket 9 (46672384 elements, 46672384 padded size, 0 param(s) with extra main_grads):
	module.decoder.layers.30.self_attention.linear_qkv.layer_norm_weight (param.main_grad.dtype=torch.float32)
	module.decoder.layers.30.self_attention.linear_proj.weight (param.main_grad.dtype=torch.float32)
	module.decoder.layers.29.mlp.router.weight (param.main_grad.dtype=torch.float32)
	module.decoder.layers.29.pre_mlp_layernorm.weight (param.main_grad.dtype=torch.float32)
	module.decoder.layers.29.self_attention.k_layernorm.weight (param.main_grad.dtype=torch.float32)
	module.decoder.layers.29.self_attention.q_layernorm.weight (param.main_grad.dtype=torch.float32)
	module.decoder.layers.29.self_attention.linear_qkv.weight (param.main_grad.dtype=torch.float32)
	module.decoder.layers.29.self_attention.linear_qkv.layer_norm_weight (param.main_grad.dtype=torch.float32)
	module.decoder.layers.29.self_attention.linear_proj.weight (param.main_grad.dtype=torch.float32)
	module.decoder.layers.28.mlp.router.weight (param.main_grad.dtype=torch.float32)
	module.decoder.layers.28.pre_mlp_layernorm.weight (param.main_grad.dtype=torch.float32)
	module.decoder.layers.28.self_attention.k_layernorm.weight (param.main_grad.dtype=torch.float32)
	module.decoder.layers.28.self_attention.q_layernorm.weight (param.main_grad.dtype=torch.float32)
	module.decoder.layers.28.self_attention.linear_qkv.weight (param.main_grad.dtype=torch.float32)
	module.decoder.layers.28.self_attention.linear_qkv.layer_norm_weight (param.main_grad.dtype=torch.float32)
	module.decoder.layers.28.self_attention.linear_proj.weight (param.main_grad.dtype=torch.float32)
Params for bucket 10 (49031936 elements, 49031936 padded size, 0 param(s) with extra main_grads):
	module.decoder.layers.27.mlp.router.weight (param.main_grad.dtype=torch.float32)
	module.decoder.layers.27.pre_mlp_layernorm.weight (param.main_grad.dtype=torch.float32)
	module.decoder.layers.27.self_attention.k_layernorm.weight (param.main_grad.dtype=torch.float32)
	module.decoder.layers.27.self_attention.q_layernorm.weight (param.main_grad.dtype=torch.float32)
	module.decoder.layers.27.self_attention.linear_qkv.weight (param.main_grad.dtype=torch.float32)
	module.decoder.layers.27.self_attention.linear_qkv.layer_norm_weight (param.main_grad.dtype=torch.float32)
	module.decoder.layers.27.self_attention.linear_proj.weight (param.main_grad.dtype=torch.float32)
	module.decoder.layers.26.mlp.router.weight (param.main_grad.dtype=torch.float32)
	module.decoder.layers.26.pre_mlp_layernorm.weight (param.main_grad.dtype=torch.float32)
	module.decoder.layers.26.self_attention.k_layernorm.weight (param.main_grad.dtype=torch.float32)
	module.decoder.layers.26.self_attention.q_layernorm.weight (param.main_grad.dtype=torch.float32)
	module.decoder.layers.26.self_attention.linear_qkv.weight (param.main_grad.dtype=torch.float32)
	module.decoder.layers.26.self_attention.linear_qkv.layer_norm_weight (param.main_grad.dtype=torch.float32)
	module.decoder.layers.26.self_attention.linear_proj.weight (param.main_grad.dtype=torch.float32)
	module.decoder.layers.25.mlp.router.weight (param.main_grad.dtype=torch.float32)
	module.decoder.layers.25.pre_mlp_layernorm.weight (param.main_grad.dtype=torch.float32)
	module.decoder.layers.25.self_attention.k_layernorm.weight (param.main_grad.dtype=torch.float32)
	module.decoder.layers.25.self_attention.q_layernorm.weight (param.main_grad.dtype=torch.float32)
	module.decoder.layers.25.self_attention.linear_qkv.weight (param.main_grad.dtype=torch.float32)
Params for bucket 11 (46672384 elements, 46672384 padded size, 0 param(s) with extra main_grads):
	module.decoder.layers.25.self_attention.linear_qkv.layer_norm_weight (param.main_grad.dtype=torch.float32)
	module.decoder.layers.25.self_attention.linear_proj.weight (param.main_grad.dtype=torch.float32)
	module.decoder.layers.24.mlp.router.weight (param.main_grad.dtype=torch.float32)
	module.decoder.layers.24.pre_mlp_layernorm.weight (param.main_grad.dtype=torch.float32)
	module.decoder.layers.24.self_attention.k_layernorm.weight (param.main_grad.dtype=torch.float32)
	module.decoder.layers.24.self_attention.q_layernorm.weight (param.main_grad.dtype=torch.float32)
	module.decoder.layers.24.self_attention.linear_qkv.weight (param.main_grad.dtype=torch.float32)
	module.decoder.layers.24.self_attention.linear_qkv.layer_norm_weight (param.main_grad.dtype=torch.float32)
	module.decoder.layers.24.self_attention.linear_proj.weight (param.main_grad.dtype=torch.float32)
	module.decoder.layers.23.mlp.router.weight (param.main_grad.dtype=torch.float32)
	module.decoder.layers.23.pre_mlp_layernorm.weight (param.main_grad.dtype=torch.float32)
	module.decoder.layers.23.self_attention.k_layernorm.weight (param.main_grad.dtype=torch.float32)
	module.decoder.layers.23.self_attention.q_layernorm.weight (param.main_grad.dtype=torch.float32)
	module.decoder.layers.23.self_attention.linear_qkv.weight (param.main_grad.dtype=torch.float32)
	module.decoder.layers.23.self_attention.linear_qkv.layer_norm_weight (param.main_grad.dtype=torch.float32)
	module.decoder.layers.23.self_attention.linear_proj.weight (param.main_grad.dtype=torch.float32)
Params for bucket 12 (49031936 elements, 49031936 padded size, 0 param(s) with extra main_grads):
	module.decoder.layers.22.mlp.router.weight (param.main_grad.dtype=torch.float32)
	module.decoder.layers.22.pre_mlp_layernorm.weight (param.main_grad.dtype=torch.float32)
	module.decoder.layers.22.self_attention.k_layernorm.weight (param.main_grad.dtype=torch.float32)
	module.decoder.layers.22.self_attention.q_layernorm.weight (param.main_grad.dtype=torch.float32)
	module.decoder.layers.22.self_attention.linear_qkv.weight (param.main_grad.dtype=torch.float32)
	module.decoder.layers.22.self_attention.linear_qkv.layer_norm_weight (param.main_grad.dtype=torch.float32)
	module.decoder.layers.22.self_attention.linear_proj.weight (param.main_grad.dtype=torch.float32)
	module.decoder.layers.21.mlp.router.weight (param.main_grad.dtype=torch.float32)
	module.decoder.layers.21.pre_mlp_layernorm.weight (param.main_grad.dtype=torch.float32)
	module.decoder.layers.21.self_attention.k_layernorm.weight (param.main_grad.dtype=torch.float32)
	module.decoder.layers.21.self_attention.q_layernorm.weight (param.main_grad.dtype=torch.float32)
	module.decoder.layers.21.self_attention.linear_qkv.weight (param.main_grad.dtype=torch.float32)
	module.decoder.layers.21.self_attention.linear_qkv.layer_norm_weight (param.main_grad.dtype=torch.float32)
	module.decoder.layers.21.self_attention.linear_proj.weight (param.main_grad.dtype=torch.float32)
	module.decoder.layers.20.mlp.router.weight (param.main_grad.dtype=torch.float32)
	module.decoder.layers.20.pre_mlp_layernorm.weight (param.main_grad.dtype=torch.float32)
	module.decoder.layers.20.self_attention.k_layernorm.weight (param.main_grad.dtype=torch.float32)
	module.decoder.layers.20.self_attention.q_layernorm.weight (param.main_grad.dtype=torch.float32)
	module.decoder.layers.20.self_attention.linear_qkv.weight (param.main_grad.dtype=torch.float32)
Params for bucket 13 (46672384 elements, 46672384 padded size, 0 param(s) with extra main_grads):
	module.decoder.layers.20.self_attention.linear_qkv.layer_norm_weight (param.main_grad.dtype=torch.float32)
	module.decoder.layers.20.self_attention.linear_proj.weight (param.main_grad.dtype=torch.float32)
	module.decoder.layers.19.mlp.router.weight (param.main_grad.dtype=torch.float32)
	module.decoder.layers.19.pre_mlp_layernorm.weight (param.main_grad.dtype=torch.float32)
	module.decoder.layers.19.self_attention.k_layernorm.weight (param.main_grad.dtype=torch.float32)
	module.decoder.layers.19.self_attention.q_layernorm.weight (param.main_grad.dtype=torch.float32)
	module.decoder.layers.19.self_attention.linear_qkv.weight (param.main_grad.dtype=torch.float32)
	module.decoder.layers.19.self_attention.linear_qkv.layer_norm_weight (param.main_grad.dtype=torch.float32)
	module.decoder.layers.19.self_attention.linear_proj.weight (param.main_grad.dtype=torch.float32)
	module.decoder.layers.18.mlp.router.weight (param.main_grad.dtype=torch.float32)
	module.decoder.layers.18.pre_mlp_layernorm.weight (param.main_grad.dtype=torch.float32)
	module.decoder.layers.18.self_attention.k_layernorm.weight (param.main_grad.dtype=torch.float32)
	module.decoder.layers.18.self_attention.q_layernorm.weight (param.main_grad.dtype=torch.float32)
	module.decoder.layers.18.self_attention.linear_qkv.weight (param.main_grad.dtype=torch.float32)
	module.decoder.layers.18.self_attention.linear_qkv.layer_norm_weight (param.main_grad.dtype=torch.float32)
	module.decoder.layers.18.self_attention.linear_proj.weight (param.main_grad.dtype=torch.float32)
Params for bucket 14 (49031936 elements, 49031936 padded size, 0 param(s) with extra main_grads):
	module.decoder.layers.17.mlp.router.weight (param.main_grad.dtype=torch.float32)
	module.decoder.layers.17.pre_mlp_layernorm.weight (param.main_grad.dtype=torch.float32)
	module.decoder.layers.17.self_attention.k_layernorm.weight (param.main_grad.dtype=torch.float32)
	module.decoder.layers.17.self_attention.q_layernorm.weight (param.main_grad.dtype=torch.float32)
	module.decoder.layers.17.self_attention.linear_qkv.weight (param.main_grad.dtype=torch.float32)
	module.decoder.layers.17.self_attention.linear_qkv.layer_norm_weight (param.main_grad.dtype=torch.float32)
	module.decoder.layers.17.self_attention.linear_proj.weight (param.main_grad.dtype=torch.float32)
	module.decoder.layers.16.mlp.router.weight (param.main_grad.dtype=torch.float32)
	module.decoder.layers.16.pre_mlp_layernorm.weight (param.main_grad.dtype=torch.float32)
	module.decoder.layers.16.self_attention.k_layernorm.weight (param.main_grad.dtype=torch.float32)
	module.decoder.layers.16.self_attention.q_layernorm.weight (param.main_grad.dtype=torch.float32)
	module.decoder.layers.16.self_attention.linear_qkv.weight (param.main_grad.dtype=torch.float32)
	module.decoder.layers.16.self_attention.linear_qkv.layer_norm_weight (param.main_grad.dtype=torch.float32)
	module.decoder.layers.16.self_attention.linear_proj.weight (param.main_grad.dtype=torch.float32)
	module.decoder.layers.15.mlp.router.weight (param.main_grad.dtype=torch.float32)
	module.decoder.layers.15.pre_mlp_layernorm.weight (param.main_grad.dtype=torch.float32)
	module.decoder.layers.15.self_attention.k_layernorm.weight (param.main_grad.dtype=torch.float32)
	module.decoder.layers.15.self_attention.q_layernorm.weight (param.main_grad.dtype=torch.float32)
	module.decoder.layers.15.self_attention.linear_qkv.weight (param.main_grad.dtype=torch.float32)
Params for bucket 15 (46672384 elements, 46672384 padded size, 0 param(s) with extra main_grads):
	module.decoder.layers.15.self_attention.linear_qkv.layer_norm_weight (param.main_grad.dtype=torch.float32)
	module.decoder.layers.15.self_attention.linear_proj.weight (param.main_grad.dtype=torch.float32)
	module.decoder.layers.14.mlp.router.weight (param.main_grad.dtype=torch.float32)
	module.decoder.layers.14.pre_mlp_layernorm.weight (param.main_grad.dtype=torch.float32)
	module.decoder.layers.14.self_attention.k_layernorm.weight (param.main_grad.dtype=torch.float32)
	module.decoder.layers.14.self_attention.q_layernorm.weight (param.main_grad.dtype=torch.float32)
	module.decoder.layers.14.self_attention.linear_qkv.weight (param.main_grad.dtype=torch.float32)
	module.decoder.layers.14.self_attention.linear_qkv.layer_norm_weight (param.main_grad.dtype=torch.float32)
	module.decoder.layers.14.self_attention.linear_proj.weight (param.main_grad.dtype=torch.float32)
	module.decoder.layers.13.mlp.router.weight (param.main_grad.dtype=torch.float32)
	module.decoder.layers.13.pre_mlp_layernorm.weight (param.main_grad.dtype=torch.float32)
	module.decoder.layers.13.self_attention.k_layernorm.weight (param.main_grad.dtype=torch.float32)
	module.decoder.layers.13.self_attention.q_layernorm.weight (param.main_grad.dtype=torch.float32)
	module.decoder.layers.13.self_attention.linear_qkv.weight (param.main_grad.dtype=torch.float32)
	module.decoder.layers.13.self_attention.linear_qkv.layer_norm_weight (param.main_grad.dtype=torch.float32)
	module.decoder.layers.13.self_attention.linear_proj.weight (param.main_grad.dtype=torch.float32)
Params for bucket 16 (49031936 elements, 49031936 padded size, 0 param(s) with extra main_grads):
	module.decoder.layers.12.mlp.router.weight (param.main_grad.dtype=torch.float32)
	module.decoder.layers.12.pre_mlp_layernorm.weight (param.main_grad.dtype=torch.float32)
	module.decoder.layers.12.self_attention.k_layernorm.weight (param.main_grad.dtype=torch.float32)
	module.decoder.layers.12.self_attention.q_layernorm.weight (param.main_grad.dtype=torch.float32)
	module.decoder.layers.12.self_attention.linear_qkv.weight (param.main_grad.dtype=torch.float32)
	module.decoder.layers.12.self_attention.linear_qkv.layer_norm_weight (param.main_grad.dtype=torch.float32)
	module.decoder.layers.12.self_attention.linear_proj.weight (param.main_grad.dtype=torch.float32)
	module.decoder.layers.11.mlp.router.weight (param.main_grad.dtype=torch.float32)
	module.decoder.layers.11.pre_mlp_layernorm.weight (param.main_grad.dtype=torch.float32)
	module.decoder.layers.11.self_attention.k_layernorm.weight (param.main_grad.dtype=torch.float32)
	module.decoder.layers.11.self_attention.q_layernorm.weight (param.main_grad.dtype=torch.float32)
	module.decoder.layers.11.self_attention.linear_qkv.weight (param.main_grad.dtype=torch.float32)
	module.decoder.layers.11.self_attention.linear_qkv.layer_norm_weight (param.main_grad.dtype=torch.float32)
	module.decoder.layers.11.self_attention.linear_proj.weight (param.main_grad.dtype=torch.float32)
	module.decoder.layers.10.mlp.router.weight (param.main_grad.dtype=torch.float32)
	module.decoder.layers.10.pre_mlp_layernorm.weight (param.main_grad.dtype=torch.float32)
	module.decoder.layers.10.self_attention.k_layernorm.weight (param.main_grad.dtype=torch.float32)
	module.decoder.layers.10.self_attention.q_layernorm.weight (param.main_grad.dtype=torch.float32)
	module.decoder.layers.10.self_attention.linear_qkv.weight (param.main_grad.dtype=torch.float32)
Params for bucket 17 (46672384 elements, 46672384 padded size, 0 param(s) with extra main_grads):
	module.decoder.layers.10.self_attention.linear_qkv.layer_norm_weight (param.main_grad.dtype=torch.float32)
	module.decoder.layers.10.self_attention.linear_proj.weight (param.main_grad.dtype=torch.float32)
	module.decoder.layers.9.mlp.router.weight (param.main_grad.dtype=torch.float32)
	module.decoder.layers.9.pre_mlp_layernorm.weight (param.main_grad.dtype=torch.float32)
	module.decoder.layers.9.self_attention.k_layernorm.weight (param.main_grad.dtype=torch.float32)
	module.decoder.layers.9.self_attention.q_layernorm.weight (param.main_grad.dtype=torch.float32)
	module.decoder.layers.9.self_attention.linear_qkv.weight (param.main_grad.dtype=torch.float32)
	module.decoder.layers.9.self_attention.linear_qkv.layer_norm_weight (param.main_grad.dtype=torch.float32)
	module.decoder.layers.9.self_attention.linear_proj.weight (param.main_grad.dtype=torch.float32)
	module.decoder.layers.8.mlp.router.weight (param.main_grad.dtype=torch.float32)
	module.decoder.layers.8.pre_mlp_layernorm.weight (param.main_grad.dtype=torch.float32)
	module.decoder.layers.8.self_attention.k_layernorm.weight (param.main_grad.dtype=torch.float32)
	module.decoder.layers.8.self_attention.q_layernorm.weight (param.main_grad.dtype=torch.float32)
	module.decoder.layers.8.self_attention.linear_qkv.weight (param.main_grad.dtype=torch.float32)
	module.decoder.layers.8.self_attention.linear_qkv.layer_norm_weight (param.main_grad.dtype=torch.float32)
	module.decoder.layers.8.self_attention.linear_proj.weight (param.main_grad.dtype=torch.float32)
Params for bucket 18 (49031936 elements, 49031936 padded size, 0 param(s) with extra main_grads):
	module.decoder.layers.7.mlp.router.weight (param.main_grad.dtype=torch.float32)
	module.decoder.layers.7.pre_mlp_layernorm.weight (param.main_grad.dtype=torch.float32)
	module.decoder.layers.7.self_attention.k_layernorm.weight (param.main_grad.dtype=torch.float32)
	module.decoder.layers.7.self_attention.q_layernorm.weight (param.main_grad.dtype=torch.float32)
	module.decoder.layers.7.self_attention.linear_qkv.weight (param.main_grad.dtype=torch.float32)
	module.decoder.layers.7.self_attention.linear_qkv.layer_norm_weight (param.main_grad.dtype=torch.float32)
	module.decoder.layers.7.self_attention.linear_proj.weight (param.main_grad.dtype=torch.float32)
	module.decoder.layers.6.mlp.router.weight (param.main_grad.dtype=torch.float32)
	module.decoder.layers.6.pre_mlp_layernorm.weight (param.main_grad.dtype=torch.float32)
	module.decoder.layers.6.self_attention.k_layernorm.weight (param.main_grad.dtype=torch.float32)
	module.decoder.layers.6.self_attention.q_layernorm.weight (param.main_grad.dtype=torch.float32)
	module.decoder.layers.6.self_attention.linear_qkv.weight (param.main_grad.dtype=torch.float32)
	module.decoder.layers.6.self_attention.linear_qkv.layer_norm_weight (param.main_grad.dtype=torch.float32)
	module.decoder.layers.6.self_attention.linear_proj.weight (param.main_grad.dtype=torch.float32)
	module.decoder.layers.5.mlp.router.weight (param.main_grad.dtype=torch.float32)
	module.decoder.layers.5.pre_mlp_layernorm.weight (param.main_grad.dtype=torch.float32)
	module.decoder.layers.5.self_attention.k_layernorm.weight (param.main_grad.dtype=torch.float32)
	module.decoder.layers.5.self_attention.q_layernorm.weight (param.main_grad.dtype=torch.float32)
	module.decoder.layers.5.self_attention.linear_qkv.weight (param.main_grad.dtype=torch.float32)
Params for bucket 19 (46672384 elements, 46672384 padded size, 0 param(s) with extra main_grads):
	module.decoder.layers.5.self_attention.linear_qkv.layer_norm_weight (param.main_grad.dtype=torch.float32)
	module.decoder.layers.5.self_attention.linear_proj.weight (param.main_grad.dtype=torch.float32)
	module.decoder.layers.4.mlp.router.weight (param.main_grad.dtype=torch.float32)
	module.decoder.layers.4.pre_mlp_layernorm.weight (param.main_grad.dtype=torch.float32)
	module.decoder.layers.4.self_attention.k_layernorm.weight (param.main_grad.dtype=torch.float32)
	module.decoder.layers.4.self_attention.q_layernorm.weight (param.main_grad.dtype=torch.float32)
	module.decoder.layers.4.self_attention.linear_qkv.weight (param.main_grad.dtype=torch.float32)
	module.decoder.layers.4.self_attention.linear_qkv.layer_norm_weight (param.main_grad.dtype=torch.float32)
	module.decoder.layers.4.self_attention.linear_proj.weight (param.main_grad.dtype=torch.float32)
	module.decoder.layers.3.mlp.router.weight (param.main_grad.dtype=torch.float32)
	module.decoder.layers.3.pre_mlp_layernorm.weight (param.main_grad.dtype=torch.float32)
	module.decoder.layers.3.self_attention.k_layernorm.weight (param.main_grad.dtype=torch.float32)
	module.decoder.layers.3.self_attention.q_layernorm.weight (param.main_grad.dtype=torch.float32)
	module.decoder.layers.3.self_attention.linear_qkv.weight (param.main_grad.dtype=torch.float32)
	module.decoder.layers.3.self_attention.linear_qkv.layer_norm_weight (param.main_grad.dtype=torch.float32)
	module.decoder.layers.3.self_attention.linear_proj.weight (param.main_grad.dtype=torch.float32)
Params for bucket 20 (49031936 elements, 49031936 padded size, 0 param(s) with extra main_grads):
	module.decoder.layers.2.mlp.router.weight (param.main_grad.dtype=torch.float32)
	module.decoder.layers.2.pre_mlp_layernorm.weight (param.main_grad.dtype=torch.float32)
	module.decoder.layers.2.self_attention.k_layernorm.weight (param.main_grad.dtype=torch.float32)
	module.decoder.layers.2.self_attention.q_layernorm.weight (param.main_grad.dtype=torch.float32)
	module.decoder.layers.2.self_attention.linear_qkv.weight (param.main_grad.dtype=torch.float32)
	module.decoder.layers.2.self_attention.linear_qkv.layer_norm_weight (param.main_grad.dtype=torch.float32)
	module.decoder.layers.2.self_attention.linear_proj.weight (param.main_grad.dtype=torch.float32)
	module.decoder.layers.1.mlp.router.weight (param.main_grad.dtype=torch.float32)
	module.decoder.layers.1.pre_mlp_layernorm.weight (param.main_grad.dtype=torch.float32)
	module.decoder.layers.1.self_attention.k_layernorm.weight (param.main_grad.dtype=torch.float32)
	module.decoder.layers.1.self_attention.q_layernorm.weight (param.main_grad.dtype=torch.float32)
	module.decoder.layers.1.self_attention.linear_qkv.weight (param.main_grad.dtype=torch.float32)
	module.decoder.layers.1.self_attention.linear_qkv.layer_norm_weight (param.main_grad.dtype=torch.float32)
	module.decoder.layers.1.self_attention.linear_proj.weight (param.main_grad.dtype=torch.float32)
	module.decoder.layers.0.mlp.router.weight (param.main_grad.dtype=torch.float32)
	module.decoder.layers.0.pre_mlp_layernorm.weight (param.main_grad.dtype=torch.float32)
	module.decoder.layers.0.self_attention.k_layernorm.weight (param.main_grad.dtype=torch.float32)
	module.decoder.layers.0.self_attention.q_layernorm.weight (param.main_grad.dtype=torch.float32)
	module.decoder.layers.0.self_attention.linear_qkv.weight (param.main_grad.dtype=torch.float32)
Params for bucket 21 (319031296 elements, 319031296 padded size, 0 param(s) with extra main_grads):
	module.decoder.layers.0.self_attention.linear_qkv.layer_norm_weight (param.main_grad.dtype=torch.float32)
	module.decoder.layers.0.self_attention.linear_proj.weight (param.main_grad.dtype=torch.float32)
	module.embedding.word_embeddings.weight (param.main_grad.dtype=torch.float32)
INFO:megatron.core.distributed.param_and_grad_buffer:Number of buckets for gradient all-reduce / reduce-scatter: 89
Params for bucket 1 (40894464 elements, 40894464 padded size, 0 param(s) with extra main_grads):
	module.decoder.layers.47.mlp.experts.linear_fc2.weight15 (param.main_grad.dtype=torch.float32)
	module.decoder.layers.47.mlp.experts.linear_fc2.weight14 (param.main_grad.dtype=torch.float32)
	module.decoder.layers.47.mlp.experts.linear_fc2.weight13 (param.main_grad.dtype=torch.float32)
	module.decoder.layers.47.mlp.experts.linear_fc2.weight12 (param.main_grad.dtype=torch.float32)
	module.decoder.layers.47.mlp.experts.linear_fc2.weight11 (param.main_grad.dtype=torch.float32)
	module.decoder.layers.47.mlp.experts.linear_fc2.weight10 (param.main_grad.dtype=torch.float32)
	module.decoder.layers.47.mlp.experts.linear_fc2.weight9 (param.main_grad.dtype=torch.float32)
	module.decoder.layers.47.mlp.experts.linear_fc2.weight8 (param.main_grad.dtype=torch.float32)
	module.decoder.layers.47.mlp.experts.linear_fc2.weight7 (param.main_grad.dtype=torch.float32)
	module.decoder.layers.47.mlp.experts.linear_fc2.weight6 (param.main_grad.dtype=torch.float32)
	module.decoder.layers.47.mlp.experts.linear_fc2.weight5 (param.main_grad.dtype=torch.float32)
	module.decoder.layers.47.mlp.experts.linear_fc2.weight4 (param.main_grad.dtype=torch.float32)
	module.decoder.layers.47.mlp.experts.linear_fc2.weight3 (param.main_grad.dtype=torch.float32)
	module.decoder.layers.47.mlp.experts.linear_fc2.weight2 (param.main_grad.dtype=torch.float32)
	module.decoder.layers.47.mlp.experts.linear_fc2.weight1 (param.main_grad.dtype=torch.float32)
	module.decoder.layers.47.mlp.experts.linear_fc2.weight0 (param.main_grad.dtype=torch.float32)
	module.decoder.layers.47.mlp.experts.linear_fc1.weight15 (param.main_grad.dtype=torch.float32)
	module.decoder.layers.47.mlp.experts.linear_fc1.weight14 (param.main_grad.dtype=torch.float32)
	module.decoder.layers.47.mlp.experts.linear_fc1.weight13 (param.main_grad.dtype=torch.float32)
	module.decoder.layers.47.mlp.experts.linear_fc1.weight12 (param.main_grad.dtype=torch.float32)
	module.decoder.layers.47.mlp.experts.linear_fc1.weight11 (param.main_grad.dtype=torch.float32)
Params for bucket 2 (40894464 elements, 40894464 padded size, 0 param(s) with extra main_grads):
	module.decoder.layers.47.mlp.experts.linear_fc1.weight10 (param.main_grad.dtype=torch.float32)
	module.decoder.layers.47.mlp.experts.linear_fc1.weight9 (param.main_grad.dtype=torch.float32)
	module.decoder.layers.47.mlp.experts.linear_fc1.weight8 (param.main_grad.dtype=torch.float32)
	module.decoder.layers.47.mlp.experts.linear_fc1.weight7 (param.main_grad.dtype=torch.float32)
	module.decoder.layers.47.mlp.experts.linear_fc1.weight6 (param.main_grad.dtype=torch.float32)
	module.decoder.layers.47.mlp.experts.linear_fc1.weight5 (param.main_grad.dtype=torch.float32)
	module.decoder.layers.47.mlp.experts.linear_fc1.weight4 (param.main_grad.dtype=torch.float32)
	module.decoder.layers.47.mlp.experts.linear_fc1.weight3 (param.main_grad.dtype=torch.float32)
	module.decoder.layers.47.mlp.experts.linear_fc1.weight2 (param.main_grad.dtype=torch.float32)
	module.decoder.layers.47.mlp.experts.linear_fc1.weight1 (param.main_grad.dtype=torch.float32)
	module.decoder.layers.47.mlp.experts.linear_fc1.weight0 (param.main_grad.dtype=torch.float32)
	module.decoder.layers.46.mlp.experts.linear_fc2.weight15 (param.main_grad.dtype=torch.float32)
	module.decoder.layers.46.mlp.experts.linear_fc2.weight14 (param.main_grad.dtype=torch.float32)
	module.decoder.layers.46.mlp.experts.linear_fc2.weight13 (param.main_grad.dtype=torch.float32)
	module.decoder.layers.46.mlp.experts.linear_fc2.weight12 (param.main_grad.dtype=torch.float32)
Params for bucket 3 (40894464 elements, 40894464 padded size, 0 param(s) with extra main_grads):
	module.decoder.layers.46.mlp.experts.linear_fc2.weight11 (param.main_grad.dtype=torch.float32)
	module.decoder.layers.46.mlp.experts.linear_fc2.weight10 (param.main_grad.dtype=torch.float32)
	module.decoder.layers.46.mlp.experts.linear_fc2.weight9 (param.main_grad.dtype=torch.float32)
	module.decoder.layers.46.mlp.experts.linear_fc2.weight8 (param.main_grad.dtype=torch.float32)
	module.decoder.layers.46.mlp.experts.linear_fc2.weight7 (param.main_grad.dtype=torch.float32)
	module.decoder.layers.46.mlp.experts.linear_fc2.weight6 (param.main_grad.dtype=torch.float32)
	module.decoder.layers.46.mlp.experts.linear_fc2.weight5 (param.main_grad.dtype=torch.float32)
	module.decoder.layers.46.mlp.experts.linear_fc2.weight4 (param.main_grad.dtype=torch.float32)
	module.decoder.layers.46.mlp.experts.linear_fc2.weight3 (param.main_grad.dtype=torch.float32)
	module.decoder.layers.46.mlp.experts.linear_fc2.weight2 (param.main_grad.dtype=torch.float32)
	module.decoder.layers.46.mlp.experts.linear_fc2.weight1 (param.main_grad.dtype=torch.float32)
	module.decoder.layers.46.mlp.experts.linear_fc2.weight0 (param.main_grad.dtype=torch.float32)
	module.decoder.layers.46.mlp.experts.linear_fc1.weight15 (param.main_grad.dtype=torch.float32)
	module.decoder.layers.46.mlp.experts.linear_fc1.weight14 (param.main_grad.dtype=torch.float32)
	module.decoder.layers.46.mlp.experts.linear_fc1.weight13 (param.main_grad.dtype=torch.float32)
	module.decoder.layers.46.mlp.experts.linear_fc1.weight12 (param.main_grad.dtype=torch.float32)
	module.decoder.layers.46.mlp.experts.linear_fc1.weight11 (param.main_grad.dtype=torch.float32)
	module.decoder.layers.46.mlp.experts.linear_fc1.weight10 (param.main_grad.dtype=torch.float32)
	module.decoder.layers.46.mlp.experts.linear_fc1.weight9 (param.main_grad.dtype=torch.float32)
Params for bucket 4 (40894464 elements, 40894464 padded size, 0 param(s) with extra main_grads):
	module.decoder.layers.46.mlp.experts.linear_fc1.weight8 (param.main_grad.dtype=torch.float32)
	module.decoder.layers.46.mlp.experts.linear_fc1.weight7 (param.main_grad.dtype=torch.float32)
	module.decoder.layers.46.mlp.experts.linear_fc1.weight6 (param.main_grad.dtype=torch.float32)
	module.decoder.layers.46.mlp.experts.linear_fc1.weight5 (param.main_grad.dtype=torch.float32)
	module.decoder.layers.46.mlp.experts.linear_fc1.weight4 (param.main_grad.dtype=torch.float32)
	module.decoder.layers.46.mlp.experts.linear_fc1.weight3 (param.main_grad.dtype=torch.float32)
	module.decoder.layers.46.mlp.experts.linear_fc1.weight2 (param.main_grad.dtype=torch.float32)
	module.decoder.layers.46.mlp.experts.linear_fc1.weight1 (param.main_grad.dtype=torch.float32)
	module.decoder.layers.46.mlp.experts.linear_fc1.weight0 (param.main_grad.dtype=torch.float32)
	module.decoder.layers.45.mlp.experts.linear_fc2.weight15 (param.main_grad.dtype=torch.float32)
	module.decoder.layers.45.mlp.experts.linear_fc2.weight14 (param.main_grad.dtype=torch.float32)
	module.decoder.layers.45.mlp.experts.linear_fc2.weight13 (param.main_grad.dtype=torch.float32)
	module.decoder.layers.45.mlp.experts.linear_fc2.weight12 (param.main_grad.dtype=torch.float32)
	module.decoder.layers.45.mlp.experts.linear_fc2.weight11 (param.main_grad.dtype=torch.float32)
	module.decoder.layers.45.mlp.experts.linear_fc2.weight10 (param.main_grad.dtype=torch.float32)
	module.decoder.layers.45.mlp.experts.linear_fc2.weight9 (param.main_grad.dtype=torch.float32)
	module.decoder.layers.45.mlp.experts.linear_fc2.weight8 (param.main_grad.dtype=torch.float32)
Params for bucket 5 (40894464 elements, 40894464 padded size, 0 param(s) with extra main_grads):
	module.decoder.layers.45.mlp.experts.linear_fc2.weight7 (param.main_grad.dtype=torch.float32)
	module.decoder.layers.45.mlp.experts.linear_fc2.weight6 (param.main_grad.dtype=torch.float32)
	module.decoder.layers.45.mlp.experts.linear_fc2.weight5 (param.main_grad.dtype=torch.float32)
	module.decoder.layers.45.mlp.experts.linear_fc2.weight4 (param.main_grad.dtype=torch.float32)
	module.decoder.layers.45.mlp.experts.linear_fc2.weight3 (param.main_grad.dtype=torch.float32)
	module.decoder.layers.45.mlp.experts.linear_fc2.weight2 (param.main_grad.dtype=torch.float32)
	module.decoder.layers.45.mlp.experts.linear_fc2.weight1 (param.main_grad.dtype=torch.float32)
	module.decoder.layers.45.mlp.experts.linear_fc2.weight0 (param.main_grad.dtype=torch.float32)
	module.decoder.layers.45.mlp.experts.linear_fc1.weight15 (param.main_grad.dtype=torch.float32)
	module.decoder.layers.45.mlp.experts.linear_fc1.weight14 (param.main_grad.dtype=torch.float32)
	module.decoder.layers.45.mlp.experts.linear_fc1.weight13 (param.main_grad.dtype=torch.float32)
	module.decoder.layers.45.mlp.experts.linear_fc1.weight12 (param.main_grad.dtype=torch.float32)
	module.decoder.layers.45.mlp.experts.linear_fc1.weight11 (param.main_grad.dtype=torch.float32)
	module.decoder.layers.45.mlp.experts.linear_fc1.weight10 (param.main_grad.dtype=torch.float32)
	module.decoder.layers.45.mlp.experts.linear_fc1.weight9 (param.main_grad.dtype=torch.float32)
	module.decoder.layers.45.mlp.experts.linear_fc1.weight8 (param.main_grad.dtype=torch.float32)
	module.decoder.layers.45.mlp.experts.linear_fc1.weight7 (param.main_grad.dtype=torch.float32)
Params for bucket 6 (40894464 elements, 40894464 padded size, 0 param(s) with extra main_grads):
	module.decoder.layers.45.mlp.experts.linear_fc1.weight6 (param.main_grad.dtype=torch.float32)
	module.decoder.layers.45.mlp.experts.linear_fc1.weight5 (param.main_grad.dtype=torch.float32)
	module.decoder.layers.45.mlp.experts.linear_fc1.weight4 (param.main_grad.dtype=torch.float32)
	module.decoder.layers.45.mlp.experts.linear_fc1.weight3 (param.main_grad.dtype=torch.float32)
	module.decoder.layers.45.mlp.experts.linear_fc1.weight2 (param.main_grad.dtype=torch.float32)
	module.decoder.layers.45.mlp.experts.linear_fc1.weight1 (param.main_grad.dtype=torch.float32)
	module.decoder.layers.45.mlp.experts.linear_fc1.weight0 (param.main_grad.dtype=torch.float32)
	module.decoder.layers.44.mlp.experts.linear_fc2.weight15 (param.main_grad.dtype=torch.float32)
	module.decoder.layers.44.mlp.experts.linear_fc2.weight14 (param.main_grad.dtype=torch.float32)
	module.decoder.layers.44.mlp.experts.linear_fc2.weight13 (param.main_grad.dtype=torch.float32)
	module.decoder.layers.44.mlp.experts.linear_fc2.weight12 (param.main_grad.dtype=torch.float32)
	module.decoder.layers.44.mlp.experts.linear_fc2.weight11 (param.main_grad.dtype=torch.float32)
	module.decoder.layers.44.mlp.experts.linear_fc2.weight10 (param.main_grad.dtype=torch.float32)
	module.decoder.layers.44.mlp.experts.linear_fc2.weight9 (param.main_grad.dtype=torch.float32)
	module.decoder.layers.44.mlp.experts.linear_fc2.weight8 (param.main_grad.dtype=torch.float32)
	module.decoder.layers.44.mlp.experts.linear_fc2.weight7 (param.main_grad.dtype=torch.float32)
	module.decoder.layers.44.mlp.experts.linear_fc2.weight6 (param.main_grad.dtype=torch.float32)
	module.decoder.layers.44.mlp.experts.linear_fc2.weight5 (param.main_grad.dtype=torch.float32)
	module.decoder.layers.44.mlp.experts.linear_fc2.weight4 (param.main_grad.dtype=torch.float32)
Params for bucket 7 (40894464 elements, 40894464 padded size, 0 param(s) with extra main_grads):
	module.decoder.layers.44.mlp.experts.linear_fc2.weight3 (param.main_grad.dtype=torch.float32)
	module.decoder.layers.44.mlp.experts.linear_fc2.weight2 (param.main_grad.dtype=torch.float32)
	module.decoder.layers.44.mlp.experts.linear_fc2.weight1 (param.main_grad.dtype=torch.float32)
	module.decoder.layers.44.mlp.experts.linear_fc2.weight0 (param.main_grad.dtype=torch.float32)
	module.decoder.layers.44.mlp.experts.linear_fc1.weight15 (param.main_grad.dtype=torch.float32)
	module.decoder.layers.44.mlp.experts.linear_fc1.weight14 (param.main_grad.dtype=torch.float32)
	module.decoder.layers.44.mlp.experts.linear_fc1.weight13 (param.main_grad.dtype=torch.float32)
	module.decoder.layers.44.mlp.experts.linear_fc1.weight12 (param.main_grad.dtype=torch.float32)
	module.decoder.layers.44.mlp.experts.linear_fc1.weight11 (param.main_grad.dtype=torch.float32)
	module.decoder.layers.44.mlp.experts.linear_fc1.weight10 (param.main_grad.dtype=torch.float32)
	module.decoder.layers.44.mlp.experts.linear_fc1.weight9 (param.main_grad.dtype=torch.float32)
	module.decoder.layers.44.mlp.experts.linear_fc1.weight8 (param.main_grad.dtype=torch.float32)
	module.decoder.layers.44.mlp.experts.linear_fc1.weight7 (param.main_grad.dtype=torch.float32)
	module.decoder.layers.44.mlp.experts.linear_fc1.weight6 (param.main_grad.dtype=torch.float32)
	module.decoder.layers.44.mlp.experts.linear_fc1.weight5 (param.main_grad.dtype=torch.float32)
Params for bucket 8 (40894464 elements, 40894464 padded size, 0 param(s) with extra main_grads):
	module.decoder.layers.44.mlp.experts.linear_fc1.weight4 (param.main_grad.dtype=torch.float32)
	module.decoder.layers.44.mlp.experts.linear_fc1.weight3 (param.main_grad.dtype=torch.float32)
	module.decoder.layers.44.mlp.experts.linear_fc1.weight2 (param.main_grad.dtype=torch.float32)
	module.decoder.layers.44.mlp.experts.linear_fc1.weight1 (param.main_grad.dtype=torch.float32)
	module.decoder.layers.44.mlp.experts.linear_fc1.weight0 (param.main_grad.dtype=torch.float32)
	module.decoder.layers.43.mlp.experts.linear_fc2.weight15 (param.main_grad.dtype=torch.float32)
	module.decoder.layers.43.mlp.experts.linear_fc2.weight14 (param.main_grad.dtype=torch.float32)
	module.decoder.layers.43.mlp.experts.linear_fc2.weight13 (param.main_grad.dtype=torch.float32)
	module.decoder.layers.43.mlp.experts.linear_fc2.weight12 (param.main_grad.dtype=torch.float32)
	module.decoder.layers.43.mlp.experts.linear_fc2.weight11 (param.main_grad.dtype=torch.float32)
	module.decoder.layers.43.mlp.experts.linear_fc2.weight10 (param.main_grad.dtype=torch.float32)
	module.decoder.layers.43.mlp.experts.linear_fc2.weight9 (param.main_grad.dtype=torch.float32)
	module.decoder.layers.43.mlp.experts.linear_fc2.weight8 (param.main_grad.dtype=torch.float32)
	module.decoder.layers.43.mlp.experts.linear_fc2.weight7 (param.main_grad.dtype=torch.float32)
	module.decoder.layers.43.mlp.experts.linear_fc2.weight6 (param.main_grad.dtype=torch.float32)
	module.decoder.layers.43.mlp.experts.linear_fc2.weight5 (param.main_grad.dtype=torch.float32)
	module.decoder.layers.43.mlp.experts.linear_fc2.weight4 (param.main_grad.dtype=torch.float32)
	module.decoder.layers.43.mlp.experts.linear_fc2.weight3 (param.main_grad.dtype=torch.float32)
	module.decoder.layers.43.mlp.experts.linear_fc2.weight2 (param.main_grad.dtype=torch.float32)
	module.decoder.layers.43.mlp.experts.linear_fc2.weight1 (param.main_grad.dtype=torch.float32)
	module.decoder.layers.43.mlp.experts.linear_fc2.weight0 (param.main_grad.dtype=torch.float32)
Params for bucket 9 (40894464 elements, 40894464 padded size, 0 param(s) with extra main_grads):
	module.decoder.layers.43.mlp.experts.linear_fc1.weight15 (param.main_grad.dtype=torch.float32)
	module.decoder.layers.43.mlp.experts.linear_fc1.weight14 (param.main_grad.dtype=torch.float32)
	module.decoder.layers.43.mlp.experts.linear_fc1.weight13 (param.main_grad.dtype=torch.float32)
	module.decoder.layers.43.mlp.experts.linear_fc1.weight12 (param.main_grad.dtype=torch.float32)
	module.decoder.layers.43.mlp.experts.linear_fc1.weight11 (param.main_grad.dtype=torch.float32)
	module.decoder.layers.43.mlp.experts.linear_fc1.weight10 (param.main_grad.dtype=torch.float32)
	module.decoder.layers.43.mlp.experts.linear_fc1.weight9 (param.main_grad.dtype=torch.float32)
	module.decoder.layers.43.mlp.experts.linear_fc1.weight8 (param.main_grad.dtype=torch.float32)
	module.decoder.layers.43.mlp.experts.linear_fc1.weight7 (param.main_grad.dtype=torch.float32)
	module.decoder.layers.43.mlp.experts.linear_fc1.weight6 (param.main_grad.dtype=torch.float32)
	module.decoder.layers.43.mlp.experts.linear_fc1.weight5 (param.main_grad.dtype=torch.float32)
	module.decoder.layers.43.mlp.experts.linear_fc1.weight4 (param.main_grad.dtype=torch.float32)
	module.decoder.layers.43.mlp.experts.linear_fc1.weight3 (param.main_grad.dtype=torch.float32)
Params for bucket 10 (40894464 elements, 40894464 padded size, 0 param(s) with extra main_grads):
	module.decoder.layers.43.mlp.experts.linear_fc1.weight2 (param.main_grad.dtype=torch.float32)
	module.decoder.layers.43.mlp.experts.linear_fc1.weight1 (param.main_grad.dtype=torch.float32)
	module.decoder.layers.43.mlp.experts.linear_fc1.weight0 (param.main_grad.dtype=torch.float32)
	module.decoder.layers.42.mlp.experts.linear_fc2.weight15 (param.main_grad.dtype=torch.float32)
	module.decoder.layers.42.mlp.experts.linear_fc2.weight14 (param.main_grad.dtype=torch.float32)
	module.decoder.layers.42.mlp.experts.linear_fc2.weight13 (param.main_grad.dtype=torch.float32)
	module.decoder.layers.42.mlp.experts.linear_fc2.weight12 (param.main_grad.dtype=torch.float32)
	module.decoder.layers.42.mlp.experts.linear_fc2.weight11 (param.main_grad.dtype=torch.float32)
	module.decoder.layers.42.mlp.experts.linear_fc2.weight10 (param.main_grad.dtype=torch.float32)
	module.decoder.layers.42.mlp.experts.linear_fc2.weight9 (param.main_grad.dtype=torch.float32)
	module.decoder.layers.42.mlp.experts.linear_fc2.weight8 (param.main_grad.dtype=torch.float32)
	module.decoder.layers.42.mlp.experts.linear_fc2.weight7 (param.main_grad.dtype=torch.float32)
	module.decoder.layers.42.mlp.experts.linear_fc2.weight6 (param.main_grad.dtype=torch.float32)
	module.decoder.layers.42.mlp.experts.linear_fc2.weight5 (param.main_grad.dtype=torch.float32)
	module.decoder.layers.42.mlp.experts.linear_fc2.weight4 (param.main_grad.dtype=torch.float32)
	module.decoder.layers.42.mlp.experts.linear_fc2.weight3 (param.main_grad.dtype=torch.float32)
	module.decoder.layers.42.mlp.experts.linear_fc2.weight2 (param.main_grad.dtype=torch.float32)
	module.decoder.layers.42.mlp.experts.linear_fc2.weight1 (param.main_grad.dtype=torch.float32)
	module.decoder.layers.42.mlp.experts.linear_fc2.weight0 (param.main_grad.dtype=torch.float32)
	module.decoder.layers.42.mlp.experts.linear_fc1.weight15 (param.main_grad.dtype=torch.float32)
	module.decoder.layers.42.mlp.experts.linear_fc1.weight14 (param.main_grad.dtype=torch.float32)
Params for bucket 11 (40894464 elements, 40894464 padded size, 0 param(s) with extra main_grads):
	module.decoder.layers.42.mlp.experts.linear_fc1.weight13 (param.main_grad.dtype=torch.float32)
	module.decoder.layers.42.mlp.experts.linear_fc1.weight12 (param.main_grad.dtype=torch.float32)
	module.decoder.layers.42.mlp.experts.linear_fc1.weight11 (param.main_grad.dtype=torch.float32)
	module.decoder.layers.42.mlp.experts.linear_fc1.weight10 (param.main_grad.dtype=torch.float32)
	module.decoder.layers.42.mlp.experts.linear_fc1.weight9 (param.main_grad.dtype=torch.float32)
	module.decoder.layers.42.mlp.experts.linear_fc1.weight8 (param.main_grad.dtype=torch.float32)
	module.decoder.layers.42.mlp.experts.linear_fc1.weight7 (param.main_grad.dtype=torch.float32)
	module.decoder.layers.42.mlp.experts.linear_fc1.weight6 (param.main_grad.dtype=torch.float32)
	module.decoder.layers.42.mlp.experts.linear_fc1.weight5 (param.main_grad.dtype=torch.float32)
	module.decoder.layers.42.mlp.experts.linear_fc1.weight4 (param.main_grad.dtype=torch.float32)
	module.decoder.layers.42.mlp.experts.linear_fc1.weight3 (param.main_grad.dtype=torch.float32)
	module.decoder.layers.42.mlp.experts.linear_fc1.weight2 (param.main_grad.dtype=torch.float32)
	module.decoder.layers.42.mlp.experts.linear_fc1.weight1 (param.main_grad.dtype=torch.float32)
Params for bucket 12 (40894464 elements, 40894464 padded size, 0 param(s) with extra main_grads):
	module.decoder.layers.42.mlp.experts.linear_fc1.weight0 (param.main_grad.dtype=torch.float32)
	module.decoder.layers.41.mlp.experts.linear_fc2.weight15 (param.main_grad.dtype=torch.float32)
	module.decoder.layers.41.mlp.experts.linear_fc2.weight14 (param.main_grad.dtype=torch.float32)
	module.decoder.layers.41.mlp.experts.linear_fc2.weight13 (param.main_grad.dtype=torch.float32)
	module.decoder.layers.41.mlp.experts.linear_fc2.weight12 (param.main_grad.dtype=torch.float32)
	module.decoder.layers.41.mlp.experts.linear_fc2.weight11 (param.main_grad.dtype=torch.float32)
	module.decoder.layers.41.mlp.experts.linear_fc2.weight10 (param.main_grad.dtype=torch.float32)
	module.decoder.layers.41.mlp.experts.linear_fc2.weight9 (param.main_grad.dtype=torch.float32)
	module.decoder.layers.41.mlp.experts.linear_fc2.weight8 (param.main_grad.dtype=torch.float32)
	module.decoder.layers.41.mlp.experts.linear_fc2.weight7 (param.main_grad.dtype=torch.float32)
	module.decoder.layers.41.mlp.experts.linear_fc2.weight6 (param.main_grad.dtype=torch.float32)
	module.decoder.layers.41.mlp.experts.linear_fc2.weight5 (param.main_grad.dtype=torch.float32)
	module.decoder.layers.41.mlp.experts.linear_fc2.weight4 (param.main_grad.dtype=torch.float32)
	module.decoder.layers.41.mlp.experts.linear_fc2.weight3 (param.main_grad.dtype=torch.float32)
	module.decoder.layers.41.mlp.experts.linear_fc2.weight2 (param.main_grad.dtype=torch.float32)
	module.decoder.layers.41.mlp.experts.linear_fc2.weight1 (param.main_grad.dtype=torch.float32)
	module.decoder.layers.41.mlp.experts.linear_fc2.weight0 (param.main_grad.dtype=torch.float32)
	module.decoder.layers.41.mlp.experts.linear_fc1.weight15 (param.main_grad.dtype=torch.float32)
	module.decoder.layers.41.mlp.experts.linear_fc1.weight14 (param.main_grad.dtype=torch.float32)
	module.decoder.layers.41.mlp.experts.linear_fc1.weight13 (param.main_grad.dtype=torch.float32)
	module.decoder.layers.41.mlp.experts.linear_fc1.weight12 (param.main_grad.dtype=torch.float32)
Params for bucket 13 (40894464 elements, 40894464 padded size, 0 param(s) with extra main_grads):
	module.decoder.layers.41.mlp.experts.linear_fc1.weight11 (param.main_grad.dtype=torch.float32)
	module.decoder.layers.41.mlp.experts.linear_fc1.weight10 (param.main_grad.dtype=torch.float32)
	module.decoder.layers.41.mlp.experts.linear_fc1.weight9 (param.main_grad.dtype=torch.float32)
	module.decoder.layers.41.mlp.experts.linear_fc1.weight8 (param.main_grad.dtype=torch.float32)
	module.decoder.layers.41.mlp.experts.linear_fc1.weight7 (param.main_grad.dtype=torch.float32)
	module.decoder.layers.41.mlp.experts.linear_fc1.weight6 (param.main_grad.dtype=torch.float32)
	module.decoder.layers.41.mlp.experts.linear_fc1.weight5 (param.main_grad.dtype=torch.float32)
	module.decoder.layers.41.mlp.experts.linear_fc1.weight4 (param.main_grad.dtype=torch.float32)
	module.decoder.layers.41.mlp.experts.linear_fc1.weight3 (param.main_grad.dtype=torch.float32)
	module.decoder.layers.41.mlp.experts.linear_fc1.weight2 (param.main_grad.dtype=torch.float32)
	module.decoder.layers.41.mlp.experts.linear_fc1.weight1 (param.main_grad.dtype=torch.float32)
	module.decoder.layers.41.mlp.experts.linear_fc1.weight0 (param.main_grad.dtype=torch.float32)
	module.decoder.layers.40.mlp.experts.linear_fc2.weight15 (param.main_grad.dtype=torch.float32)
	module.decoder.layers.40.mlp.experts.linear_fc2.weight14 (param.main_grad.dtype=torch.float32)
Params for bucket 14 (40894464 elements, 40894464 padded size, 0 param(s) with extra main_grads):
	module.decoder.layers.40.mlp.experts.linear_fc2.weight13 (param.main_grad.dtype=torch.float32)
	module.decoder.layers.40.mlp.experts.linear_fc2.weight12 (param.main_grad.dtype=torch.float32)
	module.decoder.layers.40.mlp.experts.linear_fc2.weight11 (param.main_grad.dtype=torch.float32)
	module.decoder.layers.40.mlp.experts.linear_fc2.weight10 (param.main_grad.dtype=torch.float32)
	module.decoder.layers.40.mlp.experts.linear_fc2.weight9 (param.main_grad.dtype=torch.float32)
	module.decoder.layers.40.mlp.experts.linear_fc2.weight8 (param.main_grad.dtype=torch.float32)
	module.decoder.layers.40.mlp.experts.linear_fc2.weight7 (param.main_grad.dtype=torch.float32)
	module.decoder.layers.40.mlp.experts.linear_fc2.weight6 (param.main_grad.dtype=torch.float32)
	module.decoder.layers.40.mlp.experts.linear_fc2.weight5 (param.main_grad.dtype=torch.float32)
	module.decoder.layers.40.mlp.experts.linear_fc2.weight4 (param.main_grad.dtype=torch.float32)
	module.decoder.layers.40.mlp.experts.linear_fc2.weight3 (param.main_grad.dtype=torch.float32)
	module.decoder.layers.40.mlp.experts.linear_fc2.weight2 (param.main_grad.dtype=torch.float32)
	module.decoder.layers.40.mlp.experts.linear_fc2.weight1 (param.main_grad.dtype=torch.float32)
	module.decoder.layers.40.mlp.experts.linear_fc2.weight0 (param.main_grad.dtype=torch.float32)
	module.decoder.layers.40.mlp.experts.linear_fc1.weight15 (param.main_grad.dtype=torch.float32)
	module.decoder.layers.40.mlp.experts.linear_fc1.weight14 (param.main_grad.dtype=torch.float32)
	module.decoder.layers.40.mlp.experts.linear_fc1.weight13 (param.main_grad.dtype=torch.float32)
	module.decoder.layers.40.mlp.experts.linear_fc1.weight12 (param.main_grad.dtype=torch.float32)
	module.decoder.layers.40.mlp.experts.linear_fc1.weight11 (param.main_grad.dtype=torch.float32)
	module.decoder.layers.40.mlp.experts.linear_fc1.weight10 (param.main_grad.dtype=torch.float32)
Params for bucket 15 (40894464 elements, 40894464 padded size, 0 param(s) with extra main_grads):
	module.decoder.layers.40.mlp.experts.linear_fc1.weight9 (param.main_grad.dtype=torch.float32)
	module.decoder.layers.40.mlp.experts.linear_fc1.weight8 (param.main_grad.dtype=torch.float32)
	module.decoder.layers.40.mlp.experts.linear_fc1.weight7 (param.main_grad.dtype=torch.float32)
	module.decoder.layers.40.mlp.experts.linear_fc1.weight6 (param.main_grad.dtype=torch.float32)
	module.decoder.layers.40.mlp.experts.linear_fc1.weight5 (param.main_grad.dtype=torch.float32)
	module.decoder.layers.40.mlp.experts.linear_fc1.weight4 (param.main_grad.dtype=torch.float32)
	module.decoder.layers.40.mlp.experts.linear_fc1.weight3 (param.main_grad.dtype=torch.float32)
	module.decoder.layers.40.mlp.experts.linear_fc1.weight2 (param.main_grad.dtype=torch.float32)
	module.decoder.layers.40.mlp.experts.linear_fc1.weight1 (param.main_grad.dtype=torch.float32)
	module.decoder.layers.40.mlp.experts.linear_fc1.weight0 (param.main_grad.dtype=torch.float32)
	module.decoder.layers.39.mlp.experts.linear_fc2.weight15 (param.main_grad.dtype=torch.float32)
	module.decoder.layers.39.mlp.experts.linear_fc2.weight14 (param.main_grad.dtype=torch.float32)
	module.decoder.layers.39.mlp.experts.linear_fc2.weight13 (param.main_grad.dtype=torch.float32)
	module.decoder.layers.39.mlp.experts.linear_fc2.weight12 (param.main_grad.dtype=torch.float32)
	module.decoder.layers.39.mlp.experts.linear_fc2.weight11 (param.main_grad.dtype=torch.float32)
	module.decoder.layers.39.mlp.experts.linear_fc2.weight10 (param.main_grad.dtype=torch.float32)
Params for bucket 16 (40894464 elements, 40894464 padded size, 0 param(s) with extra main_grads):
	module.decoder.layers.39.mlp.experts.linear_fc2.weight9 (param.main_grad.dtype=torch.float32)
	module.decoder.layers.39.mlp.experts.linear_fc2.weight8 (param.main_grad.dtype=torch.float32)
	module.decoder.layers.39.mlp.experts.linear_fc2.weight7 (param.main_grad.dtype=torch.float32)
	module.decoder.layers.39.mlp.experts.linear_fc2.weight6 (param.main_grad.dtype=torch.float32)
	module.decoder.layers.39.mlp.experts.linear_fc2.weight5 (param.main_grad.dtype=torch.float32)
	module.decoder.layers.39.mlp.experts.linear_fc2.weight4 (param.main_grad.dtype=torch.float32)
	module.decoder.layers.39.mlp.experts.linear_fc2.weight3 (param.main_grad.dtype=torch.float32)
	module.decoder.layers.39.mlp.experts.linear_fc2.weight2 (param.main_grad.dtype=torch.float32)
	module.decoder.layers.39.mlp.experts.linear_fc2.weight1 (param.main_grad.dtype=torch.float32)
	module.decoder.layers.39.mlp.experts.linear_fc2.weight0 (param.main_grad.dtype=torch.float32)
	module.decoder.layers.39.mlp.experts.linear_fc1.weight15 (param.main_grad.dtype=torch.float32)
	module.decoder.layers.39.mlp.experts.linear_fc1.weight14 (param.main_grad.dtype=torch.float32)
	module.decoder.layers.39.mlp.experts.linear_fc1.weight13 (param.main_grad.dtype=torch.float32)
	module.decoder.layers.39.mlp.experts.linear_fc1.weight12 (param.main_grad.dtype=torch.float32)
	module.decoder.layers.39.mlp.experts.linear_fc1.weight11 (param.main_grad.dtype=torch.float32)
	module.decoder.layers.39.mlp.experts.linear_fc1.weight10 (param.main_grad.dtype=torch.float32)
	module.decoder.layers.39.mlp.experts.linear_fc1.weight9 (param.main_grad.dtype=torch.float32)
	module.decoder.layers.39.mlp.experts.linear_fc1.weight8 (param.main_grad.dtype=torch.float32)
Params for bucket 17 (40894464 elements, 40894464 padded size, 0 param(s) with extra main_grads):
	module.decoder.layers.39.mlp.experts.linear_fc1.weight7 (param.main_grad.dtype=torch.float32)
	module.decoder.layers.39.mlp.experts.linear_fc1.weight6 (param.main_grad.dtype=torch.float32)
	module.decoder.layers.39.mlp.experts.linear_fc1.weight5 (param.main_grad.dtype=torch.float32)
	module.decoder.layers.39.mlp.experts.linear_fc1.weight4 (param.main_grad.dtype=torch.float32)
	module.decoder.layers.39.mlp.experts.linear_fc1.weight3 (param.main_grad.dtype=torch.float32)
	module.decoder.layers.39.mlp.experts.linear_fc1.weight2 (param.main_grad.dtype=torch.float32)
	module.decoder.layers.39.mlp.experts.linear_fc1.weight1 (param.main_grad.dtype=torch.float32)
	module.decoder.layers.39.mlp.experts.linear_fc1.weight0 (param.main_grad.dtype=torch.float32)
	module.decoder.layers.38.mlp.experts.linear_fc2.weight15 (param.main_grad.dtype=torch.float32)
	module.decoder.layers.38.mlp.experts.linear_fc2.weight14 (param.main_grad.dtype=torch.float32)
	module.decoder.layers.38.mlp.experts.linear_fc2.weight13 (param.main_grad.dtype=torch.float32)
	module.decoder.layers.38.mlp.experts.linear_fc2.weight12 (param.main_grad.dtype=torch.float32)
	module.decoder.layers.38.mlp.experts.linear_fc2.weight11 (param.main_grad.dtype=torch.float32)
	module.decoder.layers.38.mlp.experts.linear_fc2.weight10 (param.main_grad.dtype=torch.float32)
	module.decoder.layers.38.mlp.experts.linear_fc2.weight9 (param.main_grad.dtype=torch.float32)
	module.decoder.layers.38.mlp.experts.linear_fc2.weight8 (param.main_grad.dtype=torch.float32)
	module.decoder.layers.38.mlp.experts.linear_fc2.weight7 (param.main_grad.dtype=torch.float32)
	module.decoder.layers.38.mlp.experts.linear_fc2.weight6 (param.main_grad.dtype=torch.float32)
Params for bucket 18 (40894464 elements, 40894464 padded size, 0 param(s) with extra main_grads):
	module.decoder.layers.38.mlp.experts.linear_fc2.weight5 (param.main_grad.dtype=torch.float32)
	module.decoder.layers.38.mlp.experts.linear_fc2.weight4 (param.main_grad.dtype=torch.float32)
	module.decoder.layers.38.mlp.experts.linear_fc2.weight3 (param.main_grad.dtype=torch.float32)
	module.decoder.layers.38.mlp.experts.linear_fc2.weight2 (param.main_grad.dtype=torch.float32)
	module.decoder.layers.38.mlp.experts.linear_fc2.weight1 (param.main_grad.dtype=torch.float32)
	module.decoder.layers.38.mlp.experts.linear_fc2.weight0 (param.main_grad.dtype=torch.float32)
	module.decoder.layers.38.mlp.experts.linear_fc1.weight15 (param.main_grad.dtype=torch.float32)
	module.decoder.layers.38.mlp.experts.linear_fc1.weight14 (param.main_grad.dtype=torch.float32)
	module.decoder.layers.38.mlp.experts.linear_fc1.weight13 (param.main_grad.dtype=torch.float32)
	module.decoder.layers.38.mlp.experts.linear_fc1.weight12 (param.main_grad.dtype=torch.float32)
	module.decoder.layers.38.mlp.experts.linear_fc1.weight11 (param.main_grad.dtype=torch.float32)
	module.decoder.layers.38.mlp.experts.linear_fc1.weight10 (param.main_grad.dtype=torch.float32)
	module.decoder.layers.38.mlp.experts.linear_fc1.weight9 (param.main_grad.dtype=torch.float32)
	module.decoder.layers.38.mlp.experts.linear_fc1.weight8 (param.main_grad.dtype=torch.float32)
	module.decoder.layers.38.mlp.experts.linear_fc1.weight7 (param.main_grad.dtype=torch.float32)
	module.decoder.layers.38.mlp.experts.linear_fc1.weight6 (param.main_grad.dtype=torch.float32)
Params for bucket 19 (40894464 elements, 40894464 padded size, 0 param(s) with extra main_grads):
	module.decoder.layers.38.mlp.experts.linear_fc1.weight5 (param.main_grad.dtype=torch.float32)
	module.decoder.layers.38.mlp.experts.linear_fc1.weight4 (param.main_grad.dtype=torch.float32)
	module.decoder.layers.38.mlp.experts.linear_fc1.weight3 (param.main_grad.dtype=torch.float32)
	module.decoder.layers.38.mlp.experts.linear_fc1.weight2 (param.main_grad.dtype=torch.float32)
	module.decoder.layers.38.mlp.experts.linear_fc1.weight1 (param.main_grad.dtype=torch.float32)
	module.decoder.layers.38.mlp.experts.linear_fc1.weight0 (param.main_grad.dtype=torch.float32)
	module.decoder.layers.37.mlp.experts.linear_fc2.weight15 (param.main_grad.dtype=torch.float32)
	module.decoder.layers.37.mlp.experts.linear_fc2.weight14 (param.main_grad.dtype=torch.float32)
	module.decoder.layers.37.mlp.experts.linear_fc2.weight13 (param.main_grad.dtype=torch.float32)
	module.decoder.layers.37.mlp.experts.linear_fc2.weight12 (param.main_grad.dtype=torch.float32)
	module.decoder.layers.37.mlp.experts.linear_fc2.weight11 (param.main_grad.dtype=torch.float32)
	module.decoder.layers.37.mlp.experts.linear_fc2.weight10 (param.main_grad.dtype=torch.float32)
	module.decoder.layers.37.mlp.experts.linear_fc2.weight9 (param.main_grad.dtype=torch.float32)
	module.decoder.layers.37.mlp.experts.linear_fc2.weight8 (param.main_grad.dtype=torch.float32)
	module.decoder.layers.37.mlp.experts.linear_fc2.weight7 (param.main_grad.dtype=torch.float32)
	module.decoder.layers.37.mlp.experts.linear_fc2.weight6 (param.main_grad.dtype=torch.float32)
	module.decoder.layers.37.mlp.experts.linear_fc2.weight5 (param.main_grad.dtype=torch.float32)
	module.decoder.layers.37.mlp.experts.linear_fc2.weight4 (param.main_grad.dtype=torch.float32)
	module.decoder.layers.37.mlp.experts.linear_fc2.weight3 (param.main_grad.dtype=torch.float32)
	module.decoder.layers.37.mlp.experts.linear_fc2.weight2 (param.main_grad.dtype=torch.float32)
Params for bucket 20 (40894464 elements, 40894464 padded size, 0 param(s) with extra main_grads):
	module.decoder.layers.37.mlp.experts.linear_fc2.weight1 (param.main_grad.dtype=torch.float32)
	module.decoder.layers.37.mlp.experts.linear_fc2.weight0 (param.main_grad.dtype=torch.float32)
	module.decoder.layers.37.mlp.experts.linear_fc1.weight15 (param.main_grad.dtype=torch.float32)
	module.decoder.layers.37.mlp.experts.linear_fc1.weight14 (param.main_grad.dtype=torch.float32)
	module.decoder.layers.37.mlp.experts.linear_fc1.weight13 (param.main_grad.dtype=torch.float32)
	module.decoder.layers.37.mlp.experts.linear_fc1.weight12 (param.main_grad.dtype=torch.float32)
	module.decoder.layers.37.mlp.experts.linear_fc1.weight11 (param.main_grad.dtype=torch.float32)
	module.decoder.layers.37.mlp.experts.linear_fc1.weight10 (param.main_grad.dtype=torch.float32)
	module.decoder.layers.37.mlp.experts.linear_fc1.weight9 (param.main_grad.dtype=torch.float32)
	module.decoder.layers.37.mlp.experts.linear_fc1.weight8 (param.main_grad.dtype=torch.float32)
	module.decoder.layers.37.mlp.experts.linear_fc1.weight7 (param.main_grad.dtype=torch.float32)
	module.decoder.layers.37.mlp.experts.linear_fc1.weight6 (param.main_grad.dtype=torch.float32)
	module.decoder.layers.37.mlp.experts.linear_fc1.weight5 (param.main_grad.dtype=torch.float32)
	module.decoder.layers.37.mlp.experts.linear_fc1.weight4 (param.main_grad.dtype=torch.float32)
Params for bucket 21 (40894464 elements, 40894464 padded size, 0 param(s) with extra main_grads):
	module.decoder.layers.37.mlp.experts.linear_fc1.weight3 (param.main_grad.dtype=torch.float32)
	module.decoder.layers.37.mlp.experts.linear_fc1.weight2 (param.main_grad.dtype=torch.float32)
	module.decoder.layers.37.mlp.experts.linear_fc1.weight1 (param.main_grad.dtype=torch.float32)
	module.decoder.layers.37.mlp.experts.linear_fc1.weight0 (param.main_grad.dtype=torch.float32)
	module.decoder.layers.36.mlp.experts.linear_fc2.weight15 (param.main_grad.dtype=torch.float32)
	module.decoder.layers.36.mlp.experts.linear_fc2.weight14 (param.main_grad.dtype=torch.float32)
	module.decoder.layers.36.mlp.experts.linear_fc2.weight13 (param.main_grad.dtype=torch.float32)
	module.decoder.layers.36.mlp.experts.linear_fc2.weight12 (param.main_grad.dtype=torch.float32)
	module.decoder.layers.36.mlp.experts.linear_fc2.weight11 (param.main_grad.dtype=torch.float32)
	module.decoder.layers.36.mlp.experts.linear_fc2.weight10 (param.main_grad.dtype=torch.float32)
	module.decoder.layers.36.mlp.experts.linear_fc2.weight9 (param.main_grad.dtype=torch.float32)
	module.decoder.layers.36.mlp.experts.linear_fc2.weight8 (param.main_grad.dtype=torch.float32)
	module.decoder.layers.36.mlp.experts.linear_fc2.weight7 (param.main_grad.dtype=torch.float32)
	module.decoder.layers.36.mlp.experts.linear_fc2.weight6 (param.main_grad.dtype=torch.float32)
	module.decoder.layers.36.mlp.experts.linear_fc2.weight5 (param.main_grad.dtype=torch.float32)
	module.decoder.layers.36.mlp.experts.linear_fc2.weight4 (param.main_grad.dtype=torch.float32)
	module.decoder.layers.36.mlp.experts.linear_fc2.weight3 (param.main_grad.dtype=torch.float32)
	module.decoder.layers.36.mlp.experts.linear_fc2.weight2 (param.main_grad.dtype=torch.float32)
	module.decoder.layers.36.mlp.experts.linear_fc2.weight1 (param.main_grad.dtype=torch.float32)
	module.decoder.layers.36.mlp.experts.linear_fc2.weight0 (param.main_grad.dtype=torch.float32)
	module.decoder.layers.36.mlp.experts.linear_fc1.weight15 (param.main_grad.dtype=torch.float32)
Params for bucket 22 (40894464 elements, 40894464 padded size, 0 param(s) with extra main_grads):
	module.decoder.layers.36.mlp.experts.linear_fc1.weight14 (param.main_grad.dtype=torch.float32)
	module.decoder.layers.36.mlp.experts.linear_fc1.weight13 (param.main_grad.dtype=torch.float32)
	module.decoder.layers.36.mlp.experts.linear_fc1.weight12 (param.main_grad.dtype=torch.float32)
	module.decoder.layers.36.mlp.experts.linear_fc1.weight11 (param.main_grad.dtype=torch.float32)
	module.decoder.layers.36.mlp.experts.linear_fc1.weight10 (param.main_grad.dtype=torch.float32)
	module.decoder.layers.36.mlp.experts.linear_fc1.weight9 (param.main_grad.dtype=torch.float32)
	module.decoder.layers.36.mlp.experts.linear_fc1.weight8 (param.main_grad.dtype=torch.float32)
	module.decoder.layers.36.mlp.experts.linear_fc1.weight7 (param.main_grad.dtype=torch.float32)
	module.decoder.layers.36.mlp.experts.linear_fc1.weight6 (param.main_grad.dtype=torch.float32)
	module.decoder.layers.36.mlp.experts.linear_fc1.weight5 (param.main_grad.dtype=torch.float32)
	module.decoder.layers.36.mlp.experts.linear_fc1.weight4 (param.main_grad.dtype=torch.float32)
	module.decoder.layers.36.mlp.experts.linear_fc1.weight3 (param.main_grad.dtype=torch.float32)
	module.decoder.layers.36.mlp.experts.linear_fc1.weight2 (param.main_grad.dtype=torch.float32)
Params for bucket 23 (40894464 elements, 40894464 padded size, 0 param(s) with extra main_grads):
	module.decoder.layers.36.mlp.experts.linear_fc1.weight1 (param.main_grad.dtype=torch.float32)
	module.decoder.layers.36.mlp.experts.linear_fc1.weight0 (param.main_grad.dtype=torch.float32)
	module.decoder.layers.35.mlp.experts.linear_fc2.weight15 (param.main_grad.dtype=torch.float32)
	module.decoder.layers.35.mlp.experts.linear_fc2.weight14 (param.main_grad.dtype=torch.float32)
	module.decoder.layers.35.mlp.experts.linear_fc2.weight13 (param.main_grad.dtype=torch.float32)
	module.decoder.layers.35.mlp.experts.linear_fc2.weight12 (param.main_grad.dtype=torch.float32)
	module.decoder.layers.35.mlp.experts.linear_fc2.weight11 (param.main_grad.dtype=torch.float32)
	module.decoder.layers.35.mlp.experts.linear_fc2.weight10 (param.main_grad.dtype=torch.float32)
	module.decoder.layers.35.mlp.experts.linear_fc2.weight9 (param.main_grad.dtype=torch.float32)
	module.decoder.layers.35.mlp.experts.linear_fc2.weight8 (param.main_grad.dtype=torch.float32)
	module.decoder.layers.35.mlp.experts.linear_fc2.weight7 (param.main_grad.dtype=torch.float32)
	module.decoder.layers.35.mlp.experts.linear_fc2.weight6 (param.main_grad.dtype=torch.float32)
	module.decoder.layers.35.mlp.experts.linear_fc2.weight5 (param.main_grad.dtype=torch.float32)
	module.decoder.layers.35.mlp.experts.linear_fc2.weight4 (param.main_grad.dtype=torch.float32)
	module.decoder.layers.35.mlp.experts.linear_fc2.weight3 (param.main_grad.dtype=torch.float32)
	module.decoder.layers.35.mlp.experts.linear_fc2.weight2 (param.main_grad.dtype=torch.float32)
	module.decoder.layers.35.mlp.experts.linear_fc2.weight1 (param.main_grad.dtype=torch.float32)
	module.decoder.layers.35.mlp.experts.linear_fc2.weight0 (param.main_grad.dtype=torch.float32)
	module.decoder.layers.35.mlp.experts.linear_fc1.weight15 (param.main_grad.dtype=torch.float32)
	module.decoder.layers.35.mlp.experts.linear_fc1.weight14 (param.main_grad.dtype=torch.float32)
	module.decoder.layers.35.mlp.experts.linear_fc1.weight13 (param.main_grad.dtype=torch.float32)
Params for bucket 24 (40894464 elements, 40894464 padded size, 0 param(s) with extra main_grads):
	module.decoder.layers.35.mlp.experts.linear_fc1.weight12 (param.main_grad.dtype=torch.float32)
	module.decoder.layers.35.mlp.experts.linear_fc1.weight11 (param.main_grad.dtype=torch.float32)
	module.decoder.layers.35.mlp.experts.linear_fc1.weight10 (param.main_grad.dtype=torch.float32)
	module.decoder.layers.35.mlp.experts.linear_fc1.weight9 (param.main_grad.dtype=torch.float32)
	module.decoder.layers.35.mlp.experts.linear_fc1.weight8 (param.main_grad.dtype=torch.float32)
	module.decoder.layers.35.mlp.experts.linear_fc1.weight7 (param.main_grad.dtype=torch.float32)
	module.decoder.layers.35.mlp.experts.linear_fc1.weight6 (param.main_grad.dtype=torch.float32)
	module.decoder.layers.35.mlp.experts.linear_fc1.weight5 (param.main_grad.dtype=torch.float32)
	module.decoder.layers.35.mlp.experts.linear_fc1.weight4 (param.main_grad.dtype=torch.float32)
	module.decoder.layers.35.mlp.experts.linear_fc1.weight3 (param.main_grad.dtype=torch.float32)
	module.decoder.layers.35.mlp.experts.linear_fc1.weight2 (param.main_grad.dtype=torch.float32)
	module.decoder.layers.35.mlp.experts.linear_fc1.weight1 (param.main_grad.dtype=torch.float32)
	module.decoder.layers.35.mlp.experts.linear_fc1.weight0 (param.main_grad.dtype=torch.float32)
Params for bucket 25 (40894464 elements, 40894464 padded size, 0 param(s) with extra main_grads):
	module.decoder.layers.34.mlp.experts.linear_fc2.weight15 (param.main_grad.dtype=torch.float32)
	module.decoder.layers.34.mlp.experts.linear_fc2.weight14 (param.main_grad.dtype=torch.float32)
	module.decoder.layers.34.mlp.experts.linear_fc2.weight13 (param.main_grad.dtype=torch.float32)
	module.decoder.layers.34.mlp.experts.linear_fc2.weight12 (param.main_grad.dtype=torch.float32)
	module.decoder.layers.34.mlp.experts.linear_fc2.weight11 (param.main_grad.dtype=torch.float32)
	module.decoder.layers.34.mlp.experts.linear_fc2.weight10 (param.main_grad.dtype=torch.float32)
	module.decoder.layers.34.mlp.experts.linear_fc2.weight9 (param.main_grad.dtype=torch.float32)
	module.decoder.layers.34.mlp.experts.linear_fc2.weight8 (param.main_grad.dtype=torch.float32)
	module.decoder.layers.34.mlp.experts.linear_fc2.weight7 (param.main_grad.dtype=torch.float32)
	module.decoder.layers.34.mlp.experts.linear_fc2.weight6 (param.main_grad.dtype=torch.float32)
	module.decoder.layers.34.mlp.experts.linear_fc2.weight5 (param.main_grad.dtype=torch.float32)
	module.decoder.layers.34.mlp.experts.linear_fc2.weight4 (param.main_grad.dtype=torch.float32)
	module.decoder.layers.34.mlp.experts.linear_fc2.weight3 (param.main_grad.dtype=torch.float32)
	module.decoder.layers.34.mlp.experts.linear_fc2.weight2 (param.main_grad.dtype=torch.float32)
	module.decoder.layers.34.mlp.experts.linear_fc2.weight1 (param.main_grad.dtype=torch.float32)
	module.decoder.layers.34.mlp.experts.linear_fc2.weight0 (param.main_grad.dtype=torch.float32)
	module.decoder.layers.34.mlp.experts.linear_fc1.weight15 (param.main_grad.dtype=torch.float32)
	module.decoder.layers.34.mlp.experts.linear_fc1.weight14 (param.main_grad.dtype=torch.float32)
	module.decoder.layers.34.mlp.experts.linear_fc1.weight13 (param.main_grad.dtype=torch.float32)
	module.decoder.layers.34.mlp.experts.linear_fc1.weight12 (param.main_grad.dtype=torch.float32)
	module.decoder.layers.34.mlp.experts.linear_fc1.weight11 (param.main_grad.dtype=torch.float32)
Params for bucket 26 (40894464 elements, 40894464 padded size, 0 param(s) with extra main_grads):
	module.decoder.layers.34.mlp.experts.linear_fc1.weight10 (param.main_grad.dtype=torch.float32)
	module.decoder.layers.34.mlp.experts.linear_fc1.weight9 (param.main_grad.dtype=torch.float32)
	module.decoder.layers.34.mlp.experts.linear_fc1.weight8 (param.main_grad.dtype=torch.float32)
	module.decoder.layers.34.mlp.experts.linear_fc1.weight7 (param.main_grad.dtype=torch.float32)
	module.decoder.layers.34.mlp.experts.linear_fc1.weight6 (param.main_grad.dtype=torch.float32)
	module.decoder.layers.34.mlp.experts.linear_fc1.weight5 (param.main_grad.dtype=torch.float32)
	module.decoder.layers.34.mlp.experts.linear_fc1.weight4 (param.main_grad.dtype=torch.float32)
	module.decoder.layers.34.mlp.experts.linear_fc1.weight3 (param.main_grad.dtype=torch.float32)
	module.decoder.layers.34.mlp.experts.linear_fc1.weight2 (param.main_grad.dtype=torch.float32)
	module.decoder.layers.34.mlp.experts.linear_fc1.weight1 (param.main_grad.dtype=torch.float32)
	module.decoder.layers.34.mlp.experts.linear_fc1.weight0 (param.main_grad.dtype=torch.float32)
	module.decoder.layers.33.mlp.experts.linear_fc2.weight15 (param.main_grad.dtype=torch.float32)
	module.decoder.layers.33.mlp.experts.linear_fc2.weight14 (param.main_grad.dtype=torch.float32)
	module.decoder.layers.33.mlp.experts.linear_fc2.weight13 (param.main_grad.dtype=torch.float32)
	module.decoder.layers.33.mlp.experts.linear_fc2.weight12 (param.main_grad.dtype=torch.float32)
Params for bucket 27 (40894464 elements, 40894464 padded size, 0 param(s) with extra main_grads):
	module.decoder.layers.33.mlp.experts.linear_fc2.weight11 (param.main_grad.dtype=torch.float32)
	module.decoder.layers.33.mlp.experts.linear_fc2.weight10 (param.main_grad.dtype=torch.float32)
	module.decoder.layers.33.mlp.experts.linear_fc2.weight9 (param.main_grad.dtype=torch.float32)
	module.decoder.layers.33.mlp.experts.linear_fc2.weight8 (param.main_grad.dtype=torch.float32)
	module.decoder.layers.33.mlp.experts.linear_fc2.weight7 (param.main_grad.dtype=torch.float32)
	module.decoder.layers.33.mlp.experts.linear_fc2.weight6 (param.main_grad.dtype=torch.float32)
	module.decoder.layers.33.mlp.experts.linear_fc2.weight5 (param.main_grad.dtype=torch.float32)
	module.decoder.layers.33.mlp.experts.linear_fc2.weight4 (param.main_grad.dtype=torch.float32)
	module.decoder.layers.33.mlp.experts.linear_fc2.weight3 (param.main_grad.dtype=torch.float32)
	module.decoder.layers.33.mlp.experts.linear_fc2.weight2 (param.main_grad.dtype=torch.float32)
	module.decoder.layers.33.mlp.experts.linear_fc2.weight1 (param.main_grad.dtype=torch.float32)
	module.decoder.layers.33.mlp.experts.linear_fc2.weight0 (param.main_grad.dtype=torch.float32)
	module.decoder.layers.33.mlp.experts.linear_fc1.weight15 (param.main_grad.dtype=torch.float32)
	module.decoder.layers.33.mlp.experts.linear_fc1.weight14 (param.main_grad.dtype=torch.float32)
	module.decoder.layers.33.mlp.experts.linear_fc1.weight13 (param.main_grad.dtype=torch.float32)
	module.decoder.layers.33.mlp.experts.linear_fc1.weight12 (param.main_grad.dtype=torch.float32)
	module.decoder.layers.33.mlp.experts.linear_fc1.weight11 (param.main_grad.dtype=torch.float32)
	module.decoder.layers.33.mlp.experts.linear_fc1.weight10 (param.main_grad.dtype=torch.float32)
	module.decoder.layers.33.mlp.experts.linear_fc1.weight9 (param.main_grad.dtype=torch.float32)
Params for bucket 28 (40894464 elements, 40894464 padded size, 0 param(s) with extra main_grads):
	module.decoder.layers.33.mlp.experts.linear_fc1.weight8 (param.main_grad.dtype=torch.float32)
	module.decoder.layers.33.mlp.experts.linear_fc1.weight7 (param.main_grad.dtype=torch.float32)
	module.decoder.layers.33.mlp.experts.linear_fc1.weight6 (param.main_grad.dtype=torch.float32)
	module.decoder.layers.33.mlp.experts.linear_fc1.weight5 (param.main_grad.dtype=torch.float32)
	module.decoder.layers.33.mlp.experts.linear_fc1.weight4 (param.main_grad.dtype=torch.float32)
	module.decoder.layers.33.mlp.experts.linear_fc1.weight3 (param.main_grad.dtype=torch.float32)
	module.decoder.layers.33.mlp.experts.linear_fc1.weight2 (param.main_grad.dtype=torch.float32)
	module.decoder.layers.33.mlp.experts.linear_fc1.weight1 (param.main_grad.dtype=torch.float32)
	module.decoder.layers.33.mlp.experts.linear_fc1.weight0 (param.main_grad.dtype=torch.float32)
	module.decoder.layers.32.mlp.experts.linear_fc2.weight15 (param.main_grad.dtype=torch.float32)
	module.decoder.layers.32.mlp.experts.linear_fc2.weight14 (param.main_grad.dtype=torch.float32)
	module.decoder.layers.32.mlp.experts.linear_fc2.weight13 (param.main_grad.dtype=torch.float32)
	module.decoder.layers.32.mlp.experts.linear_fc2.weight12 (param.main_grad.dtype=torch.float32)
	module.decoder.layers.32.mlp.experts.linear_fc2.weight11 (param.main_grad.dtype=torch.float32)
	module.decoder.layers.32.mlp.experts.linear_fc2.weight10 (param.main_grad.dtype=torch.float32)
	module.decoder.layers.32.mlp.experts.linear_fc2.weight9 (param.main_grad.dtype=torch.float32)
	module.decoder.layers.32.mlp.experts.linear_fc2.weight8 (param.main_grad.dtype=torch.float32)
Params for bucket 29 (40894464 elements, 40894464 padded size, 0 param(s) with extra main_grads):
	module.decoder.layers.32.mlp.experts.linear_fc2.weight7 (param.main_grad.dtype=torch.float32)
	module.decoder.layers.32.mlp.experts.linear_fc2.weight6 (param.main_grad.dtype=torch.float32)
	module.decoder.layers.32.mlp.experts.linear_fc2.weight5 (param.main_grad.dtype=torch.float32)
	module.decoder.layers.32.mlp.experts.linear_fc2.weight4 (param.main_grad.dtype=torch.float32)
	module.decoder.layers.32.mlp.experts.linear_fc2.weight3 (param.main_grad.dtype=torch.float32)
	module.decoder.layers.32.mlp.experts.linear_fc2.weight2 (param.main_grad.dtype=torch.float32)
	module.decoder.layers.32.mlp.experts.linear_fc2.weight1 (param.main_grad.dtype=torch.float32)
	module.decoder.layers.32.mlp.experts.linear_fc2.weight0 (param.main_grad.dtype=torch.float32)
	module.decoder.layers.32.mlp.experts.linear_fc1.weight15 (param.main_grad.dtype=torch.float32)
	module.decoder.layers.32.mlp.experts.linear_fc1.weight14 (param.main_grad.dtype=torch.float32)
	module.decoder.layers.32.mlp.experts.linear_fc1.weight13 (param.main_grad.dtype=torch.float32)
	module.decoder.layers.32.mlp.experts.linear_fc1.weight12 (param.main_grad.dtype=torch.float32)
	module.decoder.layers.32.mlp.experts.linear_fc1.weight11 (param.main_grad.dtype=torch.float32)
	module.decoder.layers.32.mlp.experts.linear_fc1.weight10 (param.main_grad.dtype=torch.float32)
	module.decoder.layers.32.mlp.experts.linear_fc1.weight9 (param.main_grad.dtype=torch.float32)
	module.decoder.layers.32.mlp.experts.linear_fc1.weight8 (param.main_grad.dtype=torch.float32)
	module.decoder.layers.32.mlp.experts.linear_fc1.weight7 (param.main_grad.dtype=torch.float32)
Params for bucket 30 (40894464 elements, 40894464 padded size, 0 param(s) with extra main_grads):
	module.decoder.layers.32.mlp.experts.linear_fc1.weight6 (param.main_grad.dtype=torch.float32)
	module.decoder.layers.32.mlp.experts.linear_fc1.weight5 (param.main_grad.dtype=torch.float32)
	module.decoder.layers.32.mlp.experts.linear_fc1.weight4 (param.main_grad.dtype=torch.float32)
	module.decoder.layers.32.mlp.experts.linear_fc1.weight3 (param.main_grad.dtype=torch.float32)
	module.decoder.layers.32.mlp.experts.linear_fc1.weight2 (param.main_grad.dtype=torch.float32)
	module.decoder.layers.32.mlp.experts.linear_fc1.weight1 (param.main_grad.dtype=torch.float32)
	module.decoder.layers.32.mlp.experts.linear_fc1.weight0 (param.main_grad.dtype=torch.float32)
	module.decoder.layers.31.mlp.experts.linear_fc2.weight15 (param.main_grad.dtype=torch.float32)
	module.decoder.layers.31.mlp.experts.linear_fc2.weight14 (param.main_grad.dtype=torch.float32)
	module.decoder.layers.31.mlp.experts.linear_fc2.weight13 (param.main_grad.dtype=torch.float32)
	module.decoder.layers.31.mlp.experts.linear_fc2.weight12 (param.main_grad.dtype=torch.float32)
	module.decoder.layers.31.mlp.experts.linear_fc2.weight11 (param.main_grad.dtype=torch.float32)
	module.decoder.layers.31.mlp.experts.linear_fc2.weight10 (param.main_grad.dtype=torch.float32)
	module.decoder.layers.31.mlp.experts.linear_fc2.weight9 (param.main_grad.dtype=torch.float32)
	module.decoder.layers.31.mlp.experts.linear_fc2.weight8 (param.main_grad.dtype=torch.float32)
	module.decoder.layers.31.mlp.experts.linear_fc2.weight7 (param.main_grad.dtype=torch.float32)
	module.decoder.layers.31.mlp.experts.linear_fc2.weight6 (param.main_grad.dtype=torch.float32)
	module.decoder.layers.31.mlp.experts.linear_fc2.weight5 (param.main_grad.dtype=torch.float32)
	module.decoder.layers.31.mlp.experts.linear_fc2.weight4 (param.main_grad.dtype=torch.float32)
Params for bucket 31 (40894464 elements, 40894464 padded size, 0 param(s) with extra main_grads):
	module.decoder.layers.31.mlp.experts.linear_fc2.weight3 (param.main_grad.dtype=torch.float32)
	module.decoder.layers.31.mlp.experts.linear_fc2.weight2 (param.main_grad.dtype=torch.float32)
	module.decoder.layers.31.mlp.experts.linear_fc2.weight1 (param.main_grad.dtype=torch.float32)
	module.decoder.layers.31.mlp.experts.linear_fc2.weight0 (param.main_grad.dtype=torch.float32)
	module.decoder.layers.31.mlp.experts.linear_fc1.weight15 (param.main_grad.dtype=torch.float32)
	module.decoder.layers.31.mlp.experts.linear_fc1.weight14 (param.main_grad.dtype=torch.float32)
	module.decoder.layers.31.mlp.experts.linear_fc1.weight13 (param.main_grad.dtype=torch.float32)
	module.decoder.layers.31.mlp.experts.linear_fc1.weight12 (param.main_grad.dtype=torch.float32)
	module.decoder.layers.31.mlp.experts.linear_fc1.weight11 (param.main_grad.dtype=torch.float32)
	module.decoder.layers.31.mlp.experts.linear_fc1.weight10 (param.main_grad.dtype=torch.float32)
	module.decoder.layers.31.mlp.experts.linear_fc1.weight9 (param.main_grad.dtype=torch.float32)
	module.decoder.layers.31.mlp.experts.linear_fc1.weight8 (param.main_grad.dtype=torch.float32)
	module.decoder.layers.31.mlp.experts.linear_fc1.weight7 (param.main_grad.dtype=torch.float32)
	module.decoder.layers.31.mlp.experts.linear_fc1.weight6 (param.main_grad.dtype=torch.float32)
	module.decoder.layers.31.mlp.experts.linear_fc1.weight5 (param.main_grad.dtype=torch.float32)
Params for bucket 32 (40894464 elements, 40894464 padded size, 0 param(s) with extra main_grads):
	module.decoder.layers.31.mlp.experts.linear_fc1.weight4 (param.main_grad.dtype=torch.float32)
	module.decoder.layers.31.mlp.experts.linear_fc1.weight3 (param.main_grad.dtype=torch.float32)
	module.decoder.layers.31.mlp.experts.linear_fc1.weight2 (param.main_grad.dtype=torch.float32)
	module.decoder.layers.31.mlp.experts.linear_fc1.weight1 (param.main_grad.dtype=torch.float32)
	module.decoder.layers.31.mlp.experts.linear_fc1.weight0 (param.main_grad.dtype=torch.float32)
	module.decoder.layers.30.mlp.experts.linear_fc2.weight15 (param.main_grad.dtype=torch.float32)
	module.decoder.layers.30.mlp.experts.linear_fc2.weight14 (param.main_grad.dtype=torch.float32)
	module.decoder.layers.30.mlp.experts.linear_fc2.weight13 (param.main_grad.dtype=torch.float32)
	module.decoder.layers.30.mlp.experts.linear_fc2.weight12 (param.main_grad.dtype=torch.float32)
	module.decoder.layers.30.mlp.experts.linear_fc2.weight11 (param.main_grad.dtype=torch.float32)
	module.decoder.layers.30.mlp.experts.linear_fc2.weight10 (param.main_grad.dtype=torch.float32)
	module.decoder.layers.30.mlp.experts.linear_fc2.weight9 (param.main_grad.dtype=torch.float32)
	module.decoder.layers.30.mlp.experts.linear_fc2.weight8 (param.main_grad.dtype=torch.float32)
	module.decoder.layers.30.mlp.experts.linear_fc2.weight7 (param.main_grad.dtype=torch.float32)
	module.decoder.layers.30.mlp.experts.linear_fc2.weight6 (param.main_grad.dtype=torch.float32)
	module.decoder.layers.30.mlp.experts.linear_fc2.weight5 (param.main_grad.dtype=torch.float32)
	module.decoder.layers.30.mlp.experts.linear_fc2.weight4 (param.main_grad.dtype=torch.float32)
	module.decoder.layers.30.mlp.experts.linear_fc2.weight3 (param.main_grad.dtype=torch.float32)
	module.decoder.layers.30.mlp.experts.linear_fc2.weight2 (param.main_grad.dtype=torch.float32)
	module.decoder.layers.30.mlp.experts.linear_fc2.weight1 (param.main_grad.dtype=torch.float32)
	module.decoder.layers.30.mlp.experts.linear_fc2.weight0 (param.main_grad.dtype=torch.float32)
Params for bucket 33 (40894464 elements, 40894464 padded size, 0 param(s) with extra main_grads):
	module.decoder.layers.30.mlp.experts.linear_fc1.weight15 (param.main_grad.dtype=torch.float32)
	module.decoder.layers.30.mlp.experts.linear_fc1.weight14 (param.main_grad.dtype=torch.float32)
	module.decoder.layers.30.mlp.experts.linear_fc1.weight13 (param.main_grad.dtype=torch.float32)
	module.decoder.layers.30.mlp.experts.linear_fc1.weight12 (param.main_grad.dtype=torch.float32)
	module.decoder.layers.30.mlp.experts.linear_fc1.weight11 (param.main_grad.dtype=torch.float32)
	module.decoder.layers.30.mlp.experts.linear_fc1.weight10 (param.main_grad.dtype=torch.float32)
	module.decoder.layers.30.mlp.experts.linear_fc1.weight9 (param.main_grad.dtype=torch.float32)
	module.decoder.layers.30.mlp.experts.linear_fc1.weight8 (param.main_grad.dtype=torch.float32)
	module.decoder.layers.30.mlp.experts.linear_fc1.weight7 (param.main_grad.dtype=torch.float32)
	module.decoder.layers.30.mlp.experts.linear_fc1.weight6 (param.main_grad.dtype=torch.float32)
	module.decoder.layers.30.mlp.experts.linear_fc1.weight5 (param.main_grad.dtype=torch.float32)
	module.decoder.layers.30.mlp.experts.linear_fc1.weight4 (param.main_grad.dtype=torch.float32)
	module.decoder.layers.30.mlp.experts.linear_fc1.weight3 (param.main_grad.dtype=torch.float32)
Params for bucket 34 (40894464 elements, 40894464 padded size, 0 param(s) with extra main_grads):
	module.decoder.layers.30.mlp.experts.linear_fc1.weight2 (param.main_grad.dtype=torch.float32)
	module.decoder.layers.30.mlp.experts.linear_fc1.weight1 (param.main_grad.dtype=torch.float32)
	module.decoder.layers.30.mlp.experts.linear_fc1.weight0 (param.main_grad.dtype=torch.float32)
	module.decoder.layers.29.mlp.experts.linear_fc2.weight15 (param.main_grad.dtype=torch.float32)
	module.decoder.layers.29.mlp.experts.linear_fc2.weight14 (param.main_grad.dtype=torch.float32)
	module.decoder.layers.29.mlp.experts.linear_fc2.weight13 (param.main_grad.dtype=torch.float32)
	module.decoder.layers.29.mlp.experts.linear_fc2.weight12 (param.main_grad.dtype=torch.float32)
	module.decoder.layers.29.mlp.experts.linear_fc2.weight11 (param.main_grad.dtype=torch.float32)
	module.decoder.layers.29.mlp.experts.linear_fc2.weight10 (param.main_grad.dtype=torch.float32)
	module.decoder.layers.29.mlp.experts.linear_fc2.weight9 (param.main_grad.dtype=torch.float32)
	module.decoder.layers.29.mlp.experts.linear_fc2.weight8 (param.main_grad.dtype=torch.float32)
	module.decoder.layers.29.mlp.experts.linear_fc2.weight7 (param.main_grad.dtype=torch.float32)
	module.decoder.layers.29.mlp.experts.linear_fc2.weight6 (param.main_grad.dtype=torch.float32)
	module.decoder.layers.29.mlp.experts.linear_fc2.weight5 (param.main_grad.dtype=torch.float32)
	module.decoder.layers.29.mlp.experts.linear_fc2.weight4 (param.main_grad.dtype=torch.float32)
	module.decoder.layers.29.mlp.experts.linear_fc2.weight3 (param.main_grad.dtype=torch.float32)
	module.decoder.layers.29.mlp.experts.linear_fc2.weight2 (param.main_grad.dtype=torch.float32)
	module.decoder.layers.29.mlp.experts.linear_fc2.weight1 (param.main_grad.dtype=torch.float32)
	module.decoder.layers.29.mlp.experts.linear_fc2.weight0 (param.main_grad.dtype=torch.float32)
	module.decoder.layers.29.mlp.experts.linear_fc1.weight15 (param.main_grad.dtype=torch.float32)
	module.decoder.layers.29.mlp.experts.linear_fc1.weight14 (param.main_grad.dtype=torch.float32)
Params for bucket 35 (40894464 elements, 40894464 padded size, 0 param(s) with extra main_grads):
	module.decoder.layers.29.mlp.experts.linear_fc1.weight13 (param.main_grad.dtype=torch.float32)
	module.decoder.layers.29.mlp.experts.linear_fc1.weight12 (param.main_grad.dtype=torch.float32)
	module.decoder.layers.29.mlp.experts.linear_fc1.weight11 (param.main_grad.dtype=torch.float32)
	module.decoder.layers.29.mlp.experts.linear_fc1.weight10 (param.main_grad.dtype=torch.float32)
	module.decoder.layers.29.mlp.experts.linear_fc1.weight9 (param.main_grad.dtype=torch.float32)
	module.decoder.layers.29.mlp.experts.linear_fc1.weight8 (param.main_grad.dtype=torch.float32)
	module.decoder.layers.29.mlp.experts.linear_fc1.weight7 (param.main_grad.dtype=torch.float32)
	module.decoder.layers.29.mlp.experts.linear_fc1.weight6 (param.main_grad.dtype=torch.float32)
	module.decoder.layers.29.mlp.experts.linear_fc1.weight5 (param.main_grad.dtype=torch.float32)
	module.decoder.layers.29.mlp.experts.linear_fc1.weight4 (param.main_grad.dtype=torch.float32)
	module.decoder.layers.29.mlp.experts.linear_fc1.weight3 (param.main_grad.dtype=torch.float32)
	module.decoder.layers.29.mlp.experts.linear_fc1.weight2 (param.main_grad.dtype=torch.float32)
	module.decoder.layers.29.mlp.experts.linear_fc1.weight1 (param.main_grad.dtype=torch.float32)
Params for bucket 36 (40894464 elements, 40894464 padded size, 0 param(s) with extra main_grads):
	module.decoder.layers.29.mlp.experts.linear_fc1.weight0 (param.main_grad.dtype=torch.float32)
	module.decoder.layers.28.mlp.experts.linear_fc2.weight15 (param.main_grad.dtype=torch.float32)
	module.decoder.layers.28.mlp.experts.linear_fc2.weight14 (param.main_grad.dtype=torch.float32)
	module.decoder.layers.28.mlp.experts.linear_fc2.weight13 (param.main_grad.dtype=torch.float32)
	module.decoder.layers.28.mlp.experts.linear_fc2.weight12 (param.main_grad.dtype=torch.float32)
	module.decoder.layers.28.mlp.experts.linear_fc2.weight11 (param.main_grad.dtype=torch.float32)
	module.decoder.layers.28.mlp.experts.linear_fc2.weight10 (param.main_grad.dtype=torch.float32)
	module.decoder.layers.28.mlp.experts.linear_fc2.weight9 (param.main_grad.dtype=torch.float32)
	module.decoder.layers.28.mlp.experts.linear_fc2.weight8 (param.main_grad.dtype=torch.float32)
	module.decoder.layers.28.mlp.experts.linear_fc2.weight7 (param.main_grad.dtype=torch.float32)
	module.decoder.layers.28.mlp.experts.linear_fc2.weight6 (param.main_grad.dtype=torch.float32)
	module.decoder.layers.28.mlp.experts.linear_fc2.weight5 (param.main_grad.dtype=torch.float32)
	module.decoder.layers.28.mlp.experts.linear_fc2.weight4 (param.main_grad.dtype=torch.float32)
	module.decoder.layers.28.mlp.experts.linear_fc2.weight3 (param.main_grad.dtype=torch.float32)
	module.decoder.layers.28.mlp.experts.linear_fc2.weight2 (param.main_grad.dtype=torch.float32)
	module.decoder.layers.28.mlp.experts.linear_fc2.weight1 (param.main_grad.dtype=torch.float32)
	module.decoder.layers.28.mlp.experts.linear_fc2.weight0 (param.main_grad.dtype=torch.float32)
	module.decoder.layers.28.mlp.experts.linear_fc1.weight15 (param.main_grad.dtype=torch.float32)
	module.decoder.layers.28.mlp.experts.linear_fc1.weight14 (param.main_grad.dtype=torch.float32)
	module.decoder.layers.28.mlp.experts.linear_fc1.weight13 (param.main_grad.dtype=torch.float32)
	module.decoder.layers.28.mlp.experts.linear_fc1.weight12 (param.main_grad.dtype=torch.float32)
Params for bucket 37 (40894464 elements, 40894464 padded size, 0 param(s) with extra main_grads):
	module.decoder.layers.28.mlp.experts.linear_fc1.weight11 (param.main_grad.dtype=torch.float32)
	module.decoder.layers.28.mlp.experts.linear_fc1.weight10 (param.main_grad.dtype=torch.float32)
	module.decoder.layers.28.mlp.experts.linear_fc1.weight9 (param.main_grad.dtype=torch.float32)
	module.decoder.layers.28.mlp.experts.linear_fc1.weight8 (param.main_grad.dtype=torch.float32)
	module.decoder.layers.28.mlp.experts.linear_fc1.weight7 (param.main_grad.dtype=torch.float32)
	module.decoder.layers.28.mlp.experts.linear_fc1.weight6 (param.main_grad.dtype=torch.float32)
	module.decoder.layers.28.mlp.experts.linear_fc1.weight5 (param.main_grad.dtype=torch.float32)
	module.decoder.layers.28.mlp.experts.linear_fc1.weight4 (param.main_grad.dtype=torch.float32)
	module.decoder.layers.28.mlp.experts.linear_fc1.weight3 (param.main_grad.dtype=torch.float32)
	module.decoder.layers.28.mlp.experts.linear_fc1.weight2 (param.main_grad.dtype=torch.float32)
	module.decoder.layers.28.mlp.experts.linear_fc1.weight1 (param.main_grad.dtype=torch.float32)
	module.decoder.layers.28.mlp.experts.linear_fc1.weight0 (param.main_grad.dtype=torch.float32)
	module.decoder.layers.27.mlp.experts.linear_fc2.weight15 (param.main_grad.dtype=torch.float32)
	module.decoder.layers.27.mlp.experts.linear_fc2.weight14 (param.main_grad.dtype=torch.float32)
Params for bucket 38 (40894464 elements, 40894464 padded size, 0 param(s) with extra main_grads):
	module.decoder.layers.27.mlp.experts.linear_fc2.weight13 (param.main_grad.dtype=torch.float32)
	module.decoder.layers.27.mlp.experts.linear_fc2.weight12 (param.main_grad.dtype=torch.float32)
	module.decoder.layers.27.mlp.experts.linear_fc2.weight11 (param.main_grad.dtype=torch.float32)
	module.decoder.layers.27.mlp.experts.linear_fc2.weight10 (param.main_grad.dtype=torch.float32)
	module.decoder.layers.27.mlp.experts.linear_fc2.weight9 (param.main_grad.dtype=torch.float32)
	module.decoder.layers.27.mlp.experts.linear_fc2.weight8 (param.main_grad.dtype=torch.float32)
	module.decoder.layers.27.mlp.experts.linear_fc2.weight7 (param.main_grad.dtype=torch.float32)
	module.decoder.layers.27.mlp.experts.linear_fc2.weight6 (param.main_grad.dtype=torch.float32)
	module.decoder.layers.27.mlp.experts.linear_fc2.weight5 (param.main_grad.dtype=torch.float32)
	module.decoder.layers.27.mlp.experts.linear_fc2.weight4 (param.main_grad.dtype=torch.float32)
	module.decoder.layers.27.mlp.experts.linear_fc2.weight3 (param.main_grad.dtype=torch.float32)
	module.decoder.layers.27.mlp.experts.linear_fc2.weight2 (param.main_grad.dtype=torch.float32)
	module.decoder.layers.27.mlp.experts.linear_fc2.weight1 (param.main_grad.dtype=torch.float32)
	module.decoder.layers.27.mlp.experts.linear_fc2.weight0 (param.main_grad.dtype=torch.float32)
	module.decoder.layers.27.mlp.experts.linear_fc1.weight15 (param.main_grad.dtype=torch.float32)
	module.decoder.layers.27.mlp.experts.linear_fc1.weight14 (param.main_grad.dtype=torch.float32)
	module.decoder.layers.27.mlp.experts.linear_fc1.weight13 (param.main_grad.dtype=torch.float32)
	module.decoder.layers.27.mlp.experts.linear_fc1.weight12 (param.main_grad.dtype=torch.float32)
	module.decoder.layers.27.mlp.experts.linear_fc1.weight11 (param.main_grad.dtype=torch.float32)
	module.decoder.layers.27.mlp.experts.linear_fc1.weight10 (param.main_grad.dtype=torch.float32)
Params for bucket 39 (40894464 elements, 40894464 padded size, 0 param(s) with extra main_grads):
	module.decoder.layers.27.mlp.experts.linear_fc1.weight9 (param.main_grad.dtype=torch.float32)
	module.decoder.layers.27.mlp.experts.linear_fc1.weight8 (param.main_grad.dtype=torch.float32)
	module.decoder.layers.27.mlp.experts.linear_fc1.weight7 (param.main_grad.dtype=torch.float32)
	module.decoder.layers.27.mlp.experts.linear_fc1.weight6 (param.main_grad.dtype=torch.float32)
	module.decoder.layers.27.mlp.experts.linear_fc1.weight5 (param.main_grad.dtype=torch.float32)
	module.decoder.layers.27.mlp.experts.linear_fc1.weight4 (param.main_grad.dtype=torch.float32)
	module.decoder.layers.27.mlp.experts.linear_fc1.weight3 (param.main_grad.dtype=torch.float32)
	module.decoder.layers.27.mlp.experts.linear_fc1.weight2 (param.main_grad.dtype=torch.float32)
	module.decoder.layers.27.mlp.experts.linear_fc1.weight1 (param.main_grad.dtype=torch.float32)
	module.decoder.layers.27.mlp.experts.linear_fc1.weight0 (param.main_grad.dtype=torch.float32)
	module.decoder.layers.26.mlp.experts.linear_fc2.weight15 (param.main_grad.dtype=torch.float32)
	module.decoder.layers.26.mlp.experts.linear_fc2.weight14 (param.main_grad.dtype=torch.float32)
	module.decoder.layers.26.mlp.experts.linear_fc2.weight13 (param.main_grad.dtype=torch.float32)
	module.decoder.layers.26.mlp.experts.linear_fc2.weight12 (param.main_grad.dtype=torch.float32)
	module.decoder.layers.26.mlp.experts.linear_fc2.weight11 (param.main_grad.dtype=torch.float32)
	module.decoder.layers.26.mlp.experts.linear_fc2.weight10 (param.main_grad.dtype=torch.float32)
Params for bucket 40 (40894464 elements, 40894464 padded size, 0 param(s) with extra main_grads):
	module.decoder.layers.26.mlp.experts.linear_fc2.weight9 (param.main_grad.dtype=torch.float32)
	module.decoder.layers.26.mlp.experts.linear_fc2.weight8 (param.main_grad.dtype=torch.float32)
	module.decoder.layers.26.mlp.experts.linear_fc2.weight7 (param.main_grad.dtype=torch.float32)
	module.decoder.layers.26.mlp.experts.linear_fc2.weight6 (param.main_grad.dtype=torch.float32)
	module.decoder.layers.26.mlp.experts.linear_fc2.weight5 (param.main_grad.dtype=torch.float32)
	module.decoder.layers.26.mlp.experts.linear_fc2.weight4 (param.main_grad.dtype=torch.float32)
	module.decoder.layers.26.mlp.experts.linear_fc2.weight3 (param.main_grad.dtype=torch.float32)
	module.decoder.layers.26.mlp.experts.linear_fc2.weight2 (param.main_grad.dtype=torch.float32)
	module.decoder.layers.26.mlp.experts.linear_fc2.weight1 (param.main_grad.dtype=torch.float32)
	module.decoder.layers.26.mlp.experts.linear_fc2.weight0 (param.main_grad.dtype=torch.float32)
	module.decoder.layers.26.mlp.experts.linear_fc1.weight15 (param.main_grad.dtype=torch.float32)
	module.decoder.layers.26.mlp.experts.linear_fc1.weight14 (param.main_grad.dtype=torch.float32)
	module.decoder.layers.26.mlp.experts.linear_fc1.weight13 (param.main_grad.dtype=torch.float32)
	module.decoder.layers.26.mlp.experts.linear_fc1.weight12 (param.main_grad.dtype=torch.float32)
	module.decoder.layers.26.mlp.experts.linear_fc1.weight11 (param.main_grad.dtype=torch.float32)
	module.decoder.layers.26.mlp.experts.linear_fc1.weight10 (param.main_grad.dtype=torch.float32)
	module.decoder.layers.26.mlp.experts.linear_fc1.weight9 (param.main_grad.dtype=torch.float32)
	module.decoder.layers.26.mlp.experts.linear_fc1.weight8 (param.main_grad.dtype=torch.float32)
Params for bucket 41 (40894464 elements, 40894464 padded size, 0 param(s) with extra main_grads):
	module.decoder.layers.26.mlp.experts.linear_fc1.weight7 (param.main_grad.dtype=torch.float32)
	module.decoder.layers.26.mlp.experts.linear_fc1.weight6 (param.main_grad.dtype=torch.float32)
	module.decoder.layers.26.mlp.experts.linear_fc1.weight5 (param.main_grad.dtype=torch.float32)
	module.decoder.layers.26.mlp.experts.linear_fc1.weight4 (param.main_grad.dtype=torch.float32)
	module.decoder.layers.26.mlp.experts.linear_fc1.weight3 (param.main_grad.dtype=torch.float32)
	module.decoder.layers.26.mlp.experts.linear_fc1.weight2 (param.main_grad.dtype=torch.float32)
	module.decoder.layers.26.mlp.experts.linear_fc1.weight1 (param.main_grad.dtype=torch.float32)
	module.decoder.layers.26.mlp.experts.linear_fc1.weight0 (param.main_grad.dtype=torch.float32)
	module.decoder.layers.25.mlp.experts.linear_fc2.weight15 (param.main_grad.dtype=torch.float32)
	module.decoder.layers.25.mlp.experts.linear_fc2.weight14 (param.main_grad.dtype=torch.float32)
	module.decoder.layers.25.mlp.experts.linear_fc2.weight13 (param.main_grad.dtype=torch.float32)
	module.decoder.layers.25.mlp.experts.linear_fc2.weight12 (param.main_grad.dtype=torch.float32)
	module.decoder.layers.25.mlp.experts.linear_fc2.weight11 (param.main_grad.dtype=torch.float32)
	module.decoder.layers.25.mlp.experts.linear_fc2.weight10 (param.main_grad.dtype=torch.float32)
	module.decoder.layers.25.mlp.experts.linear_fc2.weight9 (param.main_grad.dtype=torch.float32)
	module.decoder.layers.25.mlp.experts.linear_fc2.weight8 (param.main_grad.dtype=torch.float32)
	module.decoder.layers.25.mlp.experts.linear_fc2.weight7 (param.main_grad.dtype=torch.float32)
	module.decoder.layers.25.mlp.experts.linear_fc2.weight6 (param.main_grad.dtype=torch.float32)
Params for bucket 42 (40894464 elements, 40894464 padded size, 0 param(s) with extra main_grads):
	module.decoder.layers.25.mlp.experts.linear_fc2.weight5 (param.main_grad.dtype=torch.float32)
	module.decoder.layers.25.mlp.experts.linear_fc2.weight4 (param.main_grad.dtype=torch.float32)
	module.decoder.layers.25.mlp.experts.linear_fc2.weight3 (param.main_grad.dtype=torch.float32)
	module.decoder.layers.25.mlp.experts.linear_fc2.weight2 (param.main_grad.dtype=torch.float32)
	module.decoder.layers.25.mlp.experts.linear_fc2.weight1 (param.main_grad.dtype=torch.float32)
	module.decoder.layers.25.mlp.experts.linear_fc2.weight0 (param.main_grad.dtype=torch.float32)
	module.decoder.layers.25.mlp.experts.linear_fc1.weight15 (param.main_grad.dtype=torch.float32)
	module.decoder.layers.25.mlp.experts.linear_fc1.weight14 (param.main_grad.dtype=torch.float32)
	module.decoder.layers.25.mlp.experts.linear_fc1.weight13 (param.main_grad.dtype=torch.float32)
	module.decoder.layers.25.mlp.experts.linear_fc1.weight12 (param.main_grad.dtype=torch.float32)
	module.decoder.layers.25.mlp.experts.linear_fc1.weight11 (param.main_grad.dtype=torch.float32)
	module.decoder.layers.25.mlp.experts.linear_fc1.weight10 (param.main_grad.dtype=torch.float32)
	module.decoder.layers.25.mlp.experts.linear_fc1.weight9 (param.main_grad.dtype=torch.float32)
	module.decoder.layers.25.mlp.experts.linear_fc1.weight8 (param.main_grad.dtype=torch.float32)
	module.decoder.layers.25.mlp.experts.linear_fc1.weight7 (param.main_grad.dtype=torch.float32)
	module.decoder.layers.25.mlp.experts.linear_fc1.weight6 (param.main_grad.dtype=torch.float32)
Params for bucket 43 (40894464 elements, 40894464 padded size, 0 param(s) with extra main_grads):
	module.decoder.layers.25.mlp.experts.linear_fc1.weight5 (param.main_grad.dtype=torch.float32)
	module.decoder.layers.25.mlp.experts.linear_fc1.weight4 (param.main_grad.dtype=torch.float32)
	module.decoder.layers.25.mlp.experts.linear_fc1.weight3 (param.main_grad.dtype=torch.float32)
	module.decoder.layers.25.mlp.experts.linear_fc1.weight2 (param.main_grad.dtype=torch.float32)
	module.decoder.layers.25.mlp.experts.linear_fc1.weight1 (param.main_grad.dtype=torch.float32)
	module.decoder.layers.25.mlp.experts.linear_fc1.weight0 (param.main_grad.dtype=torch.float32)
	module.decoder.layers.24.mlp.experts.linear_fc2.weight15 (param.main_grad.dtype=torch.float32)
	module.decoder.layers.24.mlp.experts.linear_fc2.weight14 (param.main_grad.dtype=torch.float32)
	module.decoder.layers.24.mlp.experts.linear_fc2.weight13 (param.main_grad.dtype=torch.float32)
	module.decoder.layers.24.mlp.experts.linear_fc2.weight12 (param.main_grad.dtype=torch.float32)
	module.decoder.layers.24.mlp.experts.linear_fc2.weight11 (param.main_grad.dtype=torch.float32)
	module.decoder.layers.24.mlp.experts.linear_fc2.weight10 (param.main_grad.dtype=torch.float32)
	module.decoder.layers.24.mlp.experts.linear_fc2.weight9 (param.main_grad.dtype=torch.float32)
	module.decoder.layers.24.mlp.experts.linear_fc2.weight8 (param.main_grad.dtype=torch.float32)
	module.decoder.layers.24.mlp.experts.linear_fc2.weight7 (param.main_grad.dtype=torch.float32)
	module.decoder.layers.24.mlp.experts.linear_fc2.weight6 (param.main_grad.dtype=torch.float32)
	module.decoder.layers.24.mlp.experts.linear_fc2.weight5 (param.main_grad.dtype=torch.float32)
	module.decoder.layers.24.mlp.experts.linear_fc2.weight4 (param.main_grad.dtype=torch.float32)
	module.decoder.layers.24.mlp.experts.linear_fc2.weight3 (param.main_grad.dtype=torch.float32)
	module.decoder.layers.24.mlp.experts.linear_fc2.weight2 (param.main_grad.dtype=torch.float32)
Params for bucket 44 (40894464 elements, 40894464 padded size, 0 param(s) with extra main_grads):
	module.decoder.layers.24.mlp.experts.linear_fc2.weight1 (param.main_grad.dtype=torch.float32)
	module.decoder.layers.24.mlp.experts.linear_fc2.weight0 (param.main_grad.dtype=torch.float32)
	module.decoder.layers.24.mlp.experts.linear_fc1.weight15 (param.main_grad.dtype=torch.float32)
	module.decoder.layers.24.mlp.experts.linear_fc1.weight14 (param.main_grad.dtype=torch.float32)
	module.decoder.layers.24.mlp.experts.linear_fc1.weight13 (param.main_grad.dtype=torch.float32)
	module.decoder.layers.24.mlp.experts.linear_fc1.weight12 (param.main_grad.dtype=torch.float32)
	module.decoder.layers.24.mlp.experts.linear_fc1.weight11 (param.main_grad.dtype=torch.float32)
	module.decoder.layers.24.mlp.experts.linear_fc1.weight10 (param.main_grad.dtype=torch.float32)
	module.decoder.layers.24.mlp.experts.linear_fc1.weight9 (param.main_grad.dtype=torch.float32)
	module.decoder.layers.24.mlp.experts.linear_fc1.weight8 (param.main_grad.dtype=torch.float32)
	module.decoder.layers.24.mlp.experts.linear_fc1.weight7 (param.main_grad.dtype=torch.float32)
	module.decoder.layers.24.mlp.experts.linear_fc1.weight6 (param.main_grad.dtype=torch.float32)
	module.decoder.layers.24.mlp.experts.linear_fc1.weight5 (param.main_grad.dtype=torch.float32)
	module.decoder.layers.24.mlp.experts.linear_fc1.weight4 (param.main_grad.dtype=torch.float32)
Params for bucket 45 (40894464 elements, 40894464 padded size, 0 param(s) with extra main_grads):
	module.decoder.layers.24.mlp.experts.linear_fc1.weight3 (param.main_grad.dtype=torch.float32)
	module.decoder.layers.24.mlp.experts.linear_fc1.weight2 (param.main_grad.dtype=torch.float32)
	module.decoder.layers.24.mlp.experts.linear_fc1.weight1 (param.main_grad.dtype=torch.float32)
	module.decoder.layers.24.mlp.experts.linear_fc1.weight0 (param.main_grad.dtype=torch.float32)
	module.decoder.layers.23.mlp.experts.linear_fc2.weight15 (param.main_grad.dtype=torch.float32)
	module.decoder.layers.23.mlp.experts.linear_fc2.weight14 (param.main_grad.dtype=torch.float32)
	module.decoder.layers.23.mlp.experts.linear_fc2.weight13 (param.main_grad.dtype=torch.float32)
	module.decoder.layers.23.mlp.experts.linear_fc2.weight12 (param.main_grad.dtype=torch.float32)
	module.decoder.layers.23.mlp.experts.linear_fc2.weight11 (param.main_grad.dtype=torch.float32)
	module.decoder.layers.23.mlp.experts.linear_fc2.weight10 (param.main_grad.dtype=torch.float32)
	module.decoder.layers.23.mlp.experts.linear_fc2.weight9 (param.main_grad.dtype=torch.float32)
	module.decoder.layers.23.mlp.experts.linear_fc2.weight8 (param.main_grad.dtype=torch.float32)
	module.decoder.layers.23.mlp.experts.linear_fc2.weight7 (param.main_grad.dtype=torch.float32)
	module.decoder.layers.23.mlp.experts.linear_fc2.weight6 (param.main_grad.dtype=torch.float32)
	module.decoder.layers.23.mlp.experts.linear_fc2.weight5 (param.main_grad.dtype=torch.float32)
	module.decoder.layers.23.mlp.experts.linear_fc2.weight4 (param.main_grad.dtype=torch.float32)
	module.decoder.layers.23.mlp.experts.linear_fc2.weight3 (param.main_grad.dtype=torch.float32)
	module.decoder.layers.23.mlp.experts.linear_fc2.weight2 (param.main_grad.dtype=torch.float32)
	module.decoder.layers.23.mlp.experts.linear_fc2.weight1 (param.main_grad.dtype=torch.float32)
	module.decoder.layers.23.mlp.experts.linear_fc2.weight0 (param.main_grad.dtype=torch.float32)
	module.decoder.layers.23.mlp.experts.linear_fc1.weight15 (param.main_grad.dtype=torch.float32)
Params for bucket 46 (40894464 elements, 40894464 padded size, 0 param(s) with extra main_grads):
	module.decoder.layers.23.mlp.experts.linear_fc1.weight14 (param.main_grad.dtype=torch.float32)
	module.decoder.layers.23.mlp.experts.linear_fc1.weight13 (param.main_grad.dtype=torch.float32)
	module.decoder.layers.23.mlp.experts.linear_fc1.weight12 (param.main_grad.dtype=torch.float32)
	module.decoder.layers.23.mlp.experts.linear_fc1.weight11 (param.main_grad.dtype=torch.float32)
	module.decoder.layers.23.mlp.experts.linear_fc1.weight10 (param.main_grad.dtype=torch.float32)
	module.decoder.layers.23.mlp.experts.linear_fc1.weight9 (param.main_grad.dtype=torch.float32)
	module.decoder.layers.23.mlp.experts.linear_fc1.weight8 (param.main_grad.dtype=torch.float32)
	module.decoder.layers.23.mlp.experts.linear_fc1.weight7 (param.main_grad.dtype=torch.float32)
	module.decoder.layers.23.mlp.experts.linear_fc1.weight6 (param.main_grad.dtype=torch.float32)
	module.decoder.layers.23.mlp.experts.linear_fc1.weight5 (param.main_grad.dtype=torch.float32)
	module.decoder.layers.23.mlp.experts.linear_fc1.weight4 (param.main_grad.dtype=torch.float32)
	module.decoder.layers.23.mlp.experts.linear_fc1.weight3 (param.main_grad.dtype=torch.float32)
	module.decoder.layers.23.mlp.experts.linear_fc1.weight2 (param.main_grad.dtype=torch.float32)
Params for bucket 47 (40894464 elements, 40894464 padded size, 0 param(s) with extra main_grads):
	module.decoder.layers.23.mlp.experts.linear_fc1.weight1 (param.main_grad.dtype=torch.float32)
	module.decoder.layers.23.mlp.experts.linear_fc1.weight0 (param.main_grad.dtype=torch.float32)
	module.decoder.layers.22.mlp.experts.linear_fc2.weight15 (param.main_grad.dtype=torch.float32)
	module.decoder.layers.22.mlp.experts.linear_fc2.weight14 (param.main_grad.dtype=torch.float32)
	module.decoder.layers.22.mlp.experts.linear_fc2.weight13 (param.main_grad.dtype=torch.float32)
	module.decoder.layers.22.mlp.experts.linear_fc2.weight12 (param.main_grad.dtype=torch.float32)
	module.decoder.layers.22.mlp.experts.linear_fc2.weight11 (param.main_grad.dtype=torch.float32)
	module.decoder.layers.22.mlp.experts.linear_fc2.weight10 (param.main_grad.dtype=torch.float32)
	module.decoder.layers.22.mlp.experts.linear_fc2.weight9 (param.main_grad.dtype=torch.float32)
	module.decoder.layers.22.mlp.experts.linear_fc2.weight8 (param.main_grad.dtype=torch.float32)
	module.decoder.layers.22.mlp.experts.linear_fc2.weight7 (param.main_grad.dtype=torch.float32)
	module.decoder.layers.22.mlp.experts.linear_fc2.weight6 (param.main_grad.dtype=torch.float32)
	module.decoder.layers.22.mlp.experts.linear_fc2.weight5 (param.main_grad.dtype=torch.float32)
	module.decoder.layers.22.mlp.experts.linear_fc2.weight4 (param.main_grad.dtype=torch.float32)
	module.decoder.layers.22.mlp.experts.linear_fc2.weight3 (param.main_grad.dtype=torch.float32)
	module.decoder.layers.22.mlp.experts.linear_fc2.weight2 (param.main_grad.dtype=torch.float32)
	module.decoder.layers.22.mlp.experts.linear_fc2.weight1 (param.main_grad.dtype=torch.float32)
	module.decoder.layers.22.mlp.experts.linear_fc2.weight0 (param.main_grad.dtype=torch.float32)
	module.decoder.layers.22.mlp.experts.linear_fc1.weight15 (param.main_grad.dtype=torch.float32)
	module.decoder.layers.22.mlp.experts.linear_fc1.weight14 (param.main_grad.dtype=torch.float32)
	module.decoder.layers.22.mlp.experts.linear_fc1.weight13 (param.main_grad.dtype=torch.float32)
Params for bucket 48 (40894464 elements, 40894464 padded size, 0 param(s) with extra main_grads):
	module.decoder.layers.22.mlp.experts.linear_fc1.weight12 (param.main_grad.dtype=torch.float32)
	module.decoder.layers.22.mlp.experts.linear_fc1.weight11 (param.main_grad.dtype=torch.float32)
	module.decoder.layers.22.mlp.experts.linear_fc1.weight10 (param.main_grad.dtype=torch.float32)
	module.decoder.layers.22.mlp.experts.linear_fc1.weight9 (param.main_grad.dtype=torch.float32)
	module.decoder.layers.22.mlp.experts.linear_fc1.weight8 (param.main_grad.dtype=torch.float32)
	module.decoder.layers.22.mlp.experts.linear_fc1.weight7 (param.main_grad.dtype=torch.float32)
	module.decoder.layers.22.mlp.experts.linear_fc1.weight6 (param.main_grad.dtype=torch.float32)
	module.decoder.layers.22.mlp.experts.linear_fc1.weight5 (param.main_grad.dtype=torch.float32)
	module.decoder.layers.22.mlp.experts.linear_fc1.weight4 (param.main_grad.dtype=torch.float32)
	module.decoder.layers.22.mlp.experts.linear_fc1.weight3 (param.main_grad.dtype=torch.float32)
	module.decoder.layers.22.mlp.experts.linear_fc1.weight2 (param.main_grad.dtype=torch.float32)
	module.decoder.layers.22.mlp.experts.linear_fc1.weight1 (param.main_grad.dtype=torch.float32)
	module.decoder.layers.22.mlp.experts.linear_fc1.weight0 (param.main_grad.dtype=torch.float32)
Params for bucket 49 (40894464 elements, 40894464 padded size, 0 param(s) with extra main_grads):
	module.decoder.layers.21.mlp.experts.linear_fc2.weight15 (param.main_grad.dtype=torch.float32)
	module.decoder.layers.21.mlp.experts.linear_fc2.weight14 (param.main_grad.dtype=torch.float32)
	module.decoder.layers.21.mlp.experts.linear_fc2.weight13 (param.main_grad.dtype=torch.float32)
	module.decoder.layers.21.mlp.experts.linear_fc2.weight12 (param.main_grad.dtype=torch.float32)
	module.decoder.layers.21.mlp.experts.linear_fc2.weight11 (param.main_grad.dtype=torch.float32)
	module.decoder.layers.21.mlp.experts.linear_fc2.weight10 (param.main_grad.dtype=torch.float32)
	module.decoder.layers.21.mlp.experts.linear_fc2.weight9 (param.main_grad.dtype=torch.float32)
	module.decoder.layers.21.mlp.experts.linear_fc2.weight8 (param.main_grad.dtype=torch.float32)
	module.decoder.layers.21.mlp.experts.linear_fc2.weight7 (param.main_grad.dtype=torch.float32)
	module.decoder.layers.21.mlp.experts.linear_fc2.weight6 (param.main_grad.dtype=torch.float32)
	module.decoder.layers.21.mlp.experts.linear_fc2.weight5 (param.main_grad.dtype=torch.float32)
	module.decoder.layers.21.mlp.experts.linear_fc2.weight4 (param.main_grad.dtype=torch.float32)
	module.decoder.layers.21.mlp.experts.linear_fc2.weight3 (param.main_grad.dtype=torch.float32)
	module.decoder.layers.21.mlp.experts.linear_fc2.weight2 (param.main_grad.dtype=torch.float32)
	module.decoder.layers.21.mlp.experts.linear_fc2.weight1 (param.main_grad.dtype=torch.float32)
	module.decoder.layers.21.mlp.experts.linear_fc2.weight0 (param.main_grad.dtype=torch.float32)
	module.decoder.layers.21.mlp.experts.linear_fc1.weight15 (param.main_grad.dtype=torch.float32)
	module.decoder.layers.21.mlp.experts.linear_fc1.weight14 (param.main_grad.dtype=torch.float32)
	module.decoder.layers.21.mlp.experts.linear_fc1.weight13 (param.main_grad.dtype=torch.float32)
	module.decoder.layers.21.mlp.experts.linear_fc1.weight12 (param.main_grad.dtype=torch.float32)
	module.decoder.layers.21.mlp.experts.linear_fc1.weight11 (param.main_grad.dtype=torch.float32)
Params for bucket 50 (40894464 elements, 40894464 padded size, 0 param(s) with extra main_grads):
	module.decoder.layers.21.mlp.experts.linear_fc1.weight10 (param.main_grad.dtype=torch.float32)
	module.decoder.layers.21.mlp.experts.linear_fc1.weight9 (param.main_grad.dtype=torch.float32)
	module.decoder.layers.21.mlp.experts.linear_fc1.weight8 (param.main_grad.dtype=torch.float32)
	module.decoder.layers.21.mlp.experts.linear_fc1.weight7 (param.main_grad.dtype=torch.float32)
	module.decoder.layers.21.mlp.experts.linear_fc1.weight6 (param.main_grad.dtype=torch.float32)
	module.decoder.layers.21.mlp.experts.linear_fc1.weight5 (param.main_grad.dtype=torch.float32)
	module.decoder.layers.21.mlp.experts.linear_fc1.weight4 (param.main_grad.dtype=torch.float32)
	module.decoder.layers.21.mlp.experts.linear_fc1.weight3 (param.main_grad.dtype=torch.float32)
	module.decoder.layers.21.mlp.experts.linear_fc1.weight2 (param.main_grad.dtype=torch.float32)
	module.decoder.layers.21.mlp.experts.linear_fc1.weight1 (param.main_grad.dtype=torch.float32)
	module.decoder.layers.21.mlp.experts.linear_fc1.weight0 (param.main_grad.dtype=torch.float32)
	module.decoder.layers.20.mlp.experts.linear_fc2.weight15 (param.main_grad.dtype=torch.float32)
	module.decoder.layers.20.mlp.experts.linear_fc2.weight14 (param.main_grad.dtype=torch.float32)
	module.decoder.layers.20.mlp.experts.linear_fc2.weight13 (param.main_grad.dtype=torch.float32)
	module.decoder.layers.20.mlp.experts.linear_fc2.weight12 (param.main_grad.dtype=torch.float32)
Params for bucket 51 (40894464 elements, 40894464 padded size, 0 param(s) with extra main_grads):
	module.decoder.layers.20.mlp.experts.linear_fc2.weight11 (param.main_grad.dtype=torch.float32)
	module.decoder.layers.20.mlp.experts.linear_fc2.weight10 (param.main_grad.dtype=torch.float32)
	module.decoder.layers.20.mlp.experts.linear_fc2.weight9 (param.main_grad.dtype=torch.float32)
	module.decoder.layers.20.mlp.experts.linear_fc2.weight8 (param.main_grad.dtype=torch.float32)
	module.decoder.layers.20.mlp.experts.linear_fc2.weight7 (param.main_grad.dtype=torch.float32)
	module.decoder.layers.20.mlp.experts.linear_fc2.weight6 (param.main_grad.dtype=torch.float32)
	module.decoder.layers.20.mlp.experts.linear_fc2.weight5 (param.main_grad.dtype=torch.float32)
	module.decoder.layers.20.mlp.experts.linear_fc2.weight4 (param.main_grad.dtype=torch.float32)
	module.decoder.layers.20.mlp.experts.linear_fc2.weight3 (param.main_grad.dtype=torch.float32)
	module.decoder.layers.20.mlp.experts.linear_fc2.weight2 (param.main_grad.dtype=torch.float32)
	module.decoder.layers.20.mlp.experts.linear_fc2.weight1 (param.main_grad.dtype=torch.float32)
	module.decoder.layers.20.mlp.experts.linear_fc2.weight0 (param.main_grad.dtype=torch.float32)
	module.decoder.layers.20.mlp.experts.linear_fc1.weight15 (param.main_grad.dtype=torch.float32)
	module.decoder.layers.20.mlp.experts.linear_fc1.weight14 (param.main_grad.dtype=torch.float32)
	module.decoder.layers.20.mlp.experts.linear_fc1.weight13 (param.main_grad.dtype=torch.float32)
	module.decoder.layers.20.mlp.experts.linear_fc1.weight12 (param.main_grad.dtype=torch.float32)
	module.decoder.layers.20.mlp.experts.linear_fc1.weight11 (param.main_grad.dtype=torch.float32)
	module.decoder.layers.20.mlp.experts.linear_fc1.weight10 (param.main_grad.dtype=torch.float32)
	module.decoder.layers.20.mlp.experts.linear_fc1.weight9 (param.main_grad.dtype=torch.float32)
Params for bucket 52 (40894464 elements, 40894464 padded size, 0 param(s) with extra main_grads):
	module.decoder.layers.20.mlp.experts.linear_fc1.weight8 (param.main_grad.dtype=torch.float32)
	module.decoder.layers.20.mlp.experts.linear_fc1.weight7 (param.main_grad.dtype=torch.float32)
	module.decoder.layers.20.mlp.experts.linear_fc1.weight6 (param.main_grad.dtype=torch.float32)
	module.decoder.layers.20.mlp.experts.linear_fc1.weight5 (param.main_grad.dtype=torch.float32)
	module.decoder.layers.20.mlp.experts.linear_fc1.weight4 (param.main_grad.dtype=torch.float32)
	module.decoder.layers.20.mlp.experts.linear_fc1.weight3 (param.main_grad.dtype=torch.float32)
	module.decoder.layers.20.mlp.experts.linear_fc1.weight2 (param.main_grad.dtype=torch.float32)
	module.decoder.layers.20.mlp.experts.linear_fc1.weight1 (param.main_grad.dtype=torch.float32)
	module.decoder.layers.20.mlp.experts.linear_fc1.weight0 (param.main_grad.dtype=torch.float32)
	module.decoder.layers.19.mlp.experts.linear_fc2.weight15 (param.main_grad.dtype=torch.float32)
	module.decoder.layers.19.mlp.experts.linear_fc2.weight14 (param.main_grad.dtype=torch.float32)
	module.decoder.layers.19.mlp.experts.linear_fc2.weight13 (param.main_grad.dtype=torch.float32)
	module.decoder.layers.19.mlp.experts.linear_fc2.weight12 (param.main_grad.dtype=torch.float32)
	module.decoder.layers.19.mlp.experts.linear_fc2.weight11 (param.main_grad.dtype=torch.float32)
	module.decoder.layers.19.mlp.experts.linear_fc2.weight10 (param.main_grad.dtype=torch.float32)
	module.decoder.layers.19.mlp.experts.linear_fc2.weight9 (param.main_grad.dtype=torch.float32)
	module.decoder.layers.19.mlp.experts.linear_fc2.weight8 (param.main_grad.dtype=torch.float32)
Params for bucket 53 (40894464 elements, 40894464 padded size, 0 param(s) with extra main_grads):
	module.decoder.layers.19.mlp.experts.linear_fc2.weight7 (param.main_grad.dtype=torch.float32)
	module.decoder.layers.19.mlp.experts.linear_fc2.weight6 (param.main_grad.dtype=torch.float32)
	module.decoder.layers.19.mlp.experts.linear_fc2.weight5 (param.main_grad.dtype=torch.float32)
	module.decoder.layers.19.mlp.experts.linear_fc2.weight4 (param.main_grad.dtype=torch.float32)
	module.decoder.layers.19.mlp.experts.linear_fc2.weight3 (param.main_grad.dtype=torch.float32)
	module.decoder.layers.19.mlp.experts.linear_fc2.weight2 (param.main_grad.dtype=torch.float32)
	module.decoder.layers.19.mlp.experts.linear_fc2.weight1 (param.main_grad.dtype=torch.float32)
	module.decoder.layers.19.mlp.experts.linear_fc2.weight0 (param.main_grad.dtype=torch.float32)
	module.decoder.layers.19.mlp.experts.linear_fc1.weight15 (param.main_grad.dtype=torch.float32)
	module.decoder.layers.19.mlp.experts.linear_fc1.weight14 (param.main_grad.dtype=torch.float32)
	module.decoder.layers.19.mlp.experts.linear_fc1.weight13 (param.main_grad.dtype=torch.float32)
	module.decoder.layers.19.mlp.experts.linear_fc1.weight12 (param.main_grad.dtype=torch.float32)
	module.decoder.layers.19.mlp.experts.linear_fc1.weight11 (param.main_grad.dtype=torch.float32)
	module.decoder.layers.19.mlp.experts.linear_fc1.weight10 (param.main_grad.dtype=torch.float32)
	module.decoder.layers.19.mlp.experts.linear_fc1.weight9 (param.main_grad.dtype=torch.float32)
	module.decoder.layers.19.mlp.experts.linear_fc1.weight8 (param.main_grad.dtype=torch.float32)
	module.decoder.layers.19.mlp.experts.linear_fc1.weight7 (param.main_grad.dtype=torch.float32)
Params for bucket 54 (40894464 elements, 40894464 padded size, 0 param(s) with extra main_grads):
	module.decoder.layers.19.mlp.experts.linear_fc1.weight6 (param.main_grad.dtype=torch.float32)
	module.decoder.layers.19.mlp.experts.linear_fc1.weight5 (param.main_grad.dtype=torch.float32)
	module.decoder.layers.19.mlp.experts.linear_fc1.weight4 (param.main_grad.dtype=torch.float32)
	module.decoder.layers.19.mlp.experts.linear_fc1.weight3 (param.main_grad.dtype=torch.float32)
	module.decoder.layers.19.mlp.experts.linear_fc1.weight2 (param.main_grad.dtype=torch.float32)
	module.decoder.layers.19.mlp.experts.linear_fc1.weight1 (param.main_grad.dtype=torch.float32)
	module.decoder.layers.19.mlp.experts.linear_fc1.weight0 (param.main_grad.dtype=torch.float32)
	module.decoder.layers.18.mlp.experts.linear_fc2.weight15 (param.main_grad.dtype=torch.float32)
	module.decoder.layers.18.mlp.experts.linear_fc2.weight14 (param.main_grad.dtype=torch.float32)
	module.decoder.layers.18.mlp.experts.linear_fc2.weight13 (param.main_grad.dtype=torch.float32)
	module.decoder.layers.18.mlp.experts.linear_fc2.weight12 (param.main_grad.dtype=torch.float32)
	module.decoder.layers.18.mlp.experts.linear_fc2.weight11 (param.main_grad.dtype=torch.float32)
	module.decoder.layers.18.mlp.experts.linear_fc2.weight10 (param.main_grad.dtype=torch.float32)
	module.decoder.layers.18.mlp.experts.linear_fc2.weight9 (param.main_grad.dtype=torch.float32)
	module.decoder.layers.18.mlp.experts.linear_fc2.weight8 (param.main_grad.dtype=torch.float32)
	module.decoder.layers.18.mlp.experts.linear_fc2.weight7 (param.main_grad.dtype=torch.float32)
	module.decoder.layers.18.mlp.experts.linear_fc2.weight6 (param.main_grad.dtype=torch.float32)
	module.decoder.layers.18.mlp.experts.linear_fc2.weight5 (param.main_grad.dtype=torch.float32)
	module.decoder.layers.18.mlp.experts.linear_fc2.weight4 (param.main_grad.dtype=torch.float32)
Params for bucket 55 (40894464 elements, 40894464 padded size, 0 param(s) with extra main_grads):
	module.decoder.layers.18.mlp.experts.linear_fc2.weight3 (param.main_grad.dtype=torch.float32)
	module.decoder.layers.18.mlp.experts.linear_fc2.weight2 (param.main_grad.dtype=torch.float32)
	module.decoder.layers.18.mlp.experts.linear_fc2.weight1 (param.main_grad.dtype=torch.float32)
	module.decoder.layers.18.mlp.experts.linear_fc2.weight0 (param.main_grad.dtype=torch.float32)
	module.decoder.layers.18.mlp.experts.linear_fc1.weight15 (param.main_grad.dtype=torch.float32)
	module.decoder.layers.18.mlp.experts.linear_fc1.weight14 (param.main_grad.dtype=torch.float32)
	module.decoder.layers.18.mlp.experts.linear_fc1.weight13 (param.main_grad.dtype=torch.float32)
	module.decoder.layers.18.mlp.experts.linear_fc1.weight12 (param.main_grad.dtype=torch.float32)
	module.decoder.layers.18.mlp.experts.linear_fc1.weight11 (param.main_grad.dtype=torch.float32)
	module.decoder.layers.18.mlp.experts.linear_fc1.weight10 (param.main_grad.dtype=torch.float32)
	module.decoder.layers.18.mlp.experts.linear_fc1.weight9 (param.main_grad.dtype=torch.float32)
	module.decoder.layers.18.mlp.experts.linear_fc1.weight8 (param.main_grad.dtype=torch.float32)
	module.decoder.layers.18.mlp.experts.linear_fc1.weight7 (param.main_grad.dtype=torch.float32)
	module.decoder.layers.18.mlp.experts.linear_fc1.weight6 (param.main_grad.dtype=torch.float32)
	module.decoder.layers.18.mlp.experts.linear_fc1.weight5 (param.main_grad.dtype=torch.float32)
Params for bucket 56 (40894464 elements, 40894464 padded size, 0 param(s) with extra main_grads):
	module.decoder.layers.18.mlp.experts.linear_fc1.weight4 (param.main_grad.dtype=torch.float32)
	module.decoder.layers.18.mlp.experts.linear_fc1.weight3 (param.main_grad.dtype=torch.float32)
	module.decoder.layers.18.mlp.experts.linear_fc1.weight2 (param.main_grad.dtype=torch.float32)
	module.decoder.layers.18.mlp.experts.linear_fc1.weight1 (param.main_grad.dtype=torch.float32)
	module.decoder.layers.18.mlp.experts.linear_fc1.weight0 (param.main_grad.dtype=torch.float32)
	module.decoder.layers.17.mlp.experts.linear_fc2.weight15 (param.main_grad.dtype=torch.float32)
	module.decoder.layers.17.mlp.experts.linear_fc2.weight14 (param.main_grad.dtype=torch.float32)
	module.decoder.layers.17.mlp.experts.linear_fc2.weight13 (param.main_grad.dtype=torch.float32)
	module.decoder.layers.17.mlp.experts.linear_fc2.weight12 (param.main_grad.dtype=torch.float32)
	module.decoder.layers.17.mlp.experts.linear_fc2.weight11 (param.main_grad.dtype=torch.float32)
	module.decoder.layers.17.mlp.experts.linear_fc2.weight10 (param.main_grad.dtype=torch.float32)
	module.decoder.layers.17.mlp.experts.linear_fc2.weight9 (param.main_grad.dtype=torch.float32)
	module.decoder.layers.17.mlp.experts.linear_fc2.weight8 (param.main_grad.dtype=torch.float32)
	module.decoder.layers.17.mlp.experts.linear_fc2.weight7 (param.main_grad.dtype=torch.float32)
	module.decoder.layers.17.mlp.experts.linear_fc2.weight6 (param.main_grad.dtype=torch.float32)
	module.decoder.layers.17.mlp.experts.linear_fc2.weight5 (param.main_grad.dtype=torch.float32)
	module.decoder.layers.17.mlp.experts.linear_fc2.weight4 (param.main_grad.dtype=torch.float32)
	module.decoder.layers.17.mlp.experts.linear_fc2.weight3 (param.main_grad.dtype=torch.float32)
	module.decoder.layers.17.mlp.experts.linear_fc2.weight2 (param.main_grad.dtype=torch.float32)
	module.decoder.layers.17.mlp.experts.linear_fc2.weight1 (param.main_grad.dtype=torch.float32)
	module.decoder.layers.17.mlp.experts.linear_fc2.weight0 (param.main_grad.dtype=torch.float32)
Params for bucket 57 (40894464 elements, 40894464 padded size, 0 param(s) with extra main_grads):
	module.decoder.layers.17.mlp.experts.linear_fc1.weight15 (param.main_grad.dtype=torch.float32)
	module.decoder.layers.17.mlp.experts.linear_fc1.weight14 (param.main_grad.dtype=torch.float32)
	module.decoder.layers.17.mlp.experts.linear_fc1.weight13 (param.main_grad.dtype=torch.float32)
	module.decoder.layers.17.mlp.experts.linear_fc1.weight12 (param.main_grad.dtype=torch.float32)
	module.decoder.layers.17.mlp.experts.linear_fc1.weight11 (param.main_grad.dtype=torch.float32)
	module.decoder.layers.17.mlp.experts.linear_fc1.weight10 (param.main_grad.dtype=torch.float32)
	module.decoder.layers.17.mlp.experts.linear_fc1.weight9 (param.main_grad.dtype=torch.float32)
	module.decoder.layers.17.mlp.experts.linear_fc1.weight8 (param.main_grad.dtype=torch.float32)
	module.decoder.layers.17.mlp.experts.linear_fc1.weight7 (param.main_grad.dtype=torch.float32)
	module.decoder.layers.17.mlp.experts.linear_fc1.weight6 (param.main_grad.dtype=torch.float32)
	module.decoder.layers.17.mlp.experts.linear_fc1.weight5 (param.main_grad.dtype=torch.float32)
	module.decoder.layers.17.mlp.experts.linear_fc1.weight4 (param.main_grad.dtype=torch.float32)
	module.decoder.layers.17.mlp.experts.linear_fc1.weight3 (param.main_grad.dtype=torch.float32)
Params for bucket 58 (40894464 elements, 40894464 padded size, 0 param(s) with extra main_grads):
	module.decoder.layers.17.mlp.experts.linear_fc1.weight2 (param.main_grad.dtype=torch.float32)
	module.decoder.layers.17.mlp.experts.linear_fc1.weight1 (param.main_grad.dtype=torch.float32)
	module.decoder.layers.17.mlp.experts.linear_fc1.weight0 (param.main_grad.dtype=torch.float32)
	module.decoder.layers.16.mlp.experts.linear_fc2.weight15 (param.main_grad.dtype=torch.float32)
	module.decoder.layers.16.mlp.experts.linear_fc2.weight14 (param.main_grad.dtype=torch.float32)
	module.decoder.layers.16.mlp.experts.linear_fc2.weight13 (param.main_grad.dtype=torch.float32)
	module.decoder.layers.16.mlp.experts.linear_fc2.weight12 (param.main_grad.dtype=torch.float32)
	module.decoder.layers.16.mlp.experts.linear_fc2.weight11 (param.main_grad.dtype=torch.float32)
	module.decoder.layers.16.mlp.experts.linear_fc2.weight10 (param.main_grad.dtype=torch.float32)
	module.decoder.layers.16.mlp.experts.linear_fc2.weight9 (param.main_grad.dtype=torch.float32)
	module.decoder.layers.16.mlp.experts.linear_fc2.weight8 (param.main_grad.dtype=torch.float32)
	module.decoder.layers.16.mlp.experts.linear_fc2.weight7 (param.main_grad.dtype=torch.float32)
	module.decoder.layers.16.mlp.experts.linear_fc2.weight6 (param.main_grad.dtype=torch.float32)
	module.decoder.layers.16.mlp.experts.linear_fc2.weight5 (param.main_grad.dtype=torch.float32)
	module.decoder.layers.16.mlp.experts.linear_fc2.weight4 (param.main_grad.dtype=torch.float32)
	module.decoder.layers.16.mlp.experts.linear_fc2.weight3 (param.main_grad.dtype=torch.float32)
	module.decoder.layers.16.mlp.experts.linear_fc2.weight2 (param.main_grad.dtype=torch.float32)
	module.decoder.layers.16.mlp.experts.linear_fc2.weight1 (param.main_grad.dtype=torch.float32)
	module.decoder.layers.16.mlp.experts.linear_fc2.weight0 (param.main_grad.dtype=torch.float32)
	module.decoder.layers.16.mlp.experts.linear_fc1.weight15 (param.main_grad.dtype=torch.float32)
	module.decoder.layers.16.mlp.experts.linear_fc1.weight14 (param.main_grad.dtype=torch.float32)
Params for bucket 59 (40894464 elements, 40894464 padded size, 0 param(s) with extra main_grads):
	module.decoder.layers.16.mlp.experts.linear_fc1.weight13 (param.main_grad.dtype=torch.float32)
	module.decoder.layers.16.mlp.experts.linear_fc1.weight12 (param.main_grad.dtype=torch.float32)
	module.decoder.layers.16.mlp.experts.linear_fc1.weight11 (param.main_grad.dtype=torch.float32)
	module.decoder.layers.16.mlp.experts.linear_fc1.weight10 (param.main_grad.dtype=torch.float32)
	module.decoder.layers.16.mlp.experts.linear_fc1.weight9 (param.main_grad.dtype=torch.float32)
	module.decoder.layers.16.mlp.experts.linear_fc1.weight8 (param.main_grad.dtype=torch.float32)
	module.decoder.layers.16.mlp.experts.linear_fc1.weight7 (param.main_grad.dtype=torch.float32)
	module.decoder.layers.16.mlp.experts.linear_fc1.weight6 (param.main_grad.dtype=torch.float32)
	module.decoder.layers.16.mlp.experts.linear_fc1.weight5 (param.main_grad.dtype=torch.float32)
	module.decoder.layers.16.mlp.experts.linear_fc1.weight4 (param.main_grad.dtype=torch.float32)
	module.decoder.layers.16.mlp.experts.linear_fc1.weight3 (param.main_grad.dtype=torch.float32)
	module.decoder.layers.16.mlp.experts.linear_fc1.weight2 (param.main_grad.dtype=torch.float32)
	module.decoder.layers.16.mlp.experts.linear_fc1.weight1 (param.main_grad.dtype=torch.float32)
Params for bucket 60 (40894464 elements, 40894464 padded size, 0 param(s) with extra main_grads):
	module.decoder.layers.16.mlp.experts.linear_fc1.weight0 (param.main_grad.dtype=torch.float32)
	module.decoder.layers.15.mlp.experts.linear_fc2.weight15 (param.main_grad.dtype=torch.float32)
	module.decoder.layers.15.mlp.experts.linear_fc2.weight14 (param.main_grad.dtype=torch.float32)
	module.decoder.layers.15.mlp.experts.linear_fc2.weight13 (param.main_grad.dtype=torch.float32)
	module.decoder.layers.15.mlp.experts.linear_fc2.weight12 (param.main_grad.dtype=torch.float32)
	module.decoder.layers.15.mlp.experts.linear_fc2.weight11 (param.main_grad.dtype=torch.float32)
	module.decoder.layers.15.mlp.experts.linear_fc2.weight10 (param.main_grad.dtype=torch.float32)
	module.decoder.layers.15.mlp.experts.linear_fc2.weight9 (param.main_grad.dtype=torch.float32)
	module.decoder.layers.15.mlp.experts.linear_fc2.weight8 (param.main_grad.dtype=torch.float32)
	module.decoder.layers.15.mlp.experts.linear_fc2.weight7 (param.main_grad.dtype=torch.float32)
	module.decoder.layers.15.mlp.experts.linear_fc2.weight6 (param.main_grad.dtype=torch.float32)
	module.decoder.layers.15.mlp.experts.linear_fc2.weight5 (param.main_grad.dtype=torch.float32)
	module.decoder.layers.15.mlp.experts.linear_fc2.weight4 (param.main_grad.dtype=torch.float32)
	module.decoder.layers.15.mlp.experts.linear_fc2.weight3 (param.main_grad.dtype=torch.float32)
	module.decoder.layers.15.mlp.experts.linear_fc2.weight2 (param.main_grad.dtype=torch.float32)
	module.decoder.layers.15.mlp.experts.linear_fc2.weight1 (param.main_grad.dtype=torch.float32)
	module.decoder.layers.15.mlp.experts.linear_fc2.weight0 (param.main_grad.dtype=torch.float32)
	module.decoder.layers.15.mlp.experts.linear_fc1.weight15 (param.main_grad.dtype=torch.float32)
	module.decoder.layers.15.mlp.experts.linear_fc1.weight14 (param.main_grad.dtype=torch.float32)
	module.decoder.layers.15.mlp.experts.linear_fc1.weight13 (param.main_grad.dtype=torch.float32)
	module.decoder.layers.15.mlp.experts.linear_fc1.weight12 (param.main_grad.dtype=torch.float32)
Params for bucket 61 (40894464 elements, 40894464 padded size, 0 param(s) with extra main_grads):
	module.decoder.layers.15.mlp.experts.linear_fc1.weight11 (param.main_grad.dtype=torch.float32)
	module.decoder.layers.15.mlp.experts.linear_fc1.weight10 (param.main_grad.dtype=torch.float32)
	module.decoder.layers.15.mlp.experts.linear_fc1.weight9 (param.main_grad.dtype=torch.float32)
	module.decoder.layers.15.mlp.experts.linear_fc1.weight8 (param.main_grad.dtype=torch.float32)
	module.decoder.layers.15.mlp.experts.linear_fc1.weight7 (param.main_grad.dtype=torch.float32)
	module.decoder.layers.15.mlp.experts.linear_fc1.weight6 (param.main_grad.dtype=torch.float32)
	module.decoder.layers.15.mlp.experts.linear_fc1.weight5 (param.main_grad.dtype=torch.float32)
	module.decoder.layers.15.mlp.experts.linear_fc1.weight4 (param.main_grad.dtype=torch.float32)
	module.decoder.layers.15.mlp.experts.linear_fc1.weight3 (param.main_grad.dtype=torch.float32)
	module.decoder.layers.15.mlp.experts.linear_fc1.weight2 (param.main_grad.dtype=torch.float32)
	module.decoder.layers.15.mlp.experts.linear_fc1.weight1 (param.main_grad.dtype=torch.float32)
	module.decoder.layers.15.mlp.experts.linear_fc1.weight0 (param.main_grad.dtype=torch.float32)
	module.decoder.layers.14.mlp.experts.linear_fc2.weight15 (param.main_grad.dtype=torch.float32)
	module.decoder.layers.14.mlp.experts.linear_fc2.weight14 (param.main_grad.dtype=torch.float32)
Params for bucket 62 (40894464 elements, 40894464 padded size, 0 param(s) with extra main_grads):
	module.decoder.layers.14.mlp.experts.linear_fc2.weight13 (param.main_grad.dtype=torch.float32)
	module.decoder.layers.14.mlp.experts.linear_fc2.weight12 (param.main_grad.dtype=torch.float32)
	module.decoder.layers.14.mlp.experts.linear_fc2.weight11 (param.main_grad.dtype=torch.float32)
	module.decoder.layers.14.mlp.experts.linear_fc2.weight10 (param.main_grad.dtype=torch.float32)
	module.decoder.layers.14.mlp.experts.linear_fc2.weight9 (param.main_grad.dtype=torch.float32)
	module.decoder.layers.14.mlp.experts.linear_fc2.weight8 (param.main_grad.dtype=torch.float32)
	module.decoder.layers.14.mlp.experts.linear_fc2.weight7 (param.main_grad.dtype=torch.float32)
	module.decoder.layers.14.mlp.experts.linear_fc2.weight6 (param.main_grad.dtype=torch.float32)
	module.decoder.layers.14.mlp.experts.linear_fc2.weight5 (param.main_grad.dtype=torch.float32)
	module.decoder.layers.14.mlp.experts.linear_fc2.weight4 (param.main_grad.dtype=torch.float32)
	module.decoder.layers.14.mlp.experts.linear_fc2.weight3 (param.main_grad.dtype=torch.float32)
	module.decoder.layers.14.mlp.experts.linear_fc2.weight2 (param.main_grad.dtype=torch.float32)
	module.decoder.layers.14.mlp.experts.linear_fc2.weight1 (param.main_grad.dtype=torch.float32)
	module.decoder.layers.14.mlp.experts.linear_fc2.weight0 (param.main_grad.dtype=torch.float32)
	module.decoder.layers.14.mlp.experts.linear_fc1.weight15 (param.main_grad.dtype=torch.float32)
	module.decoder.layers.14.mlp.experts.linear_fc1.weight14 (param.main_grad.dtype=torch.float32)
	module.decoder.layers.14.mlp.experts.linear_fc1.weight13 (param.main_grad.dtype=torch.float32)
	module.decoder.layers.14.mlp.experts.linear_fc1.weight12 (param.main_grad.dtype=torch.float32)
	module.decoder.layers.14.mlp.experts.linear_fc1.weight11 (param.main_grad.dtype=torch.float32)
	module.decoder.layers.14.mlp.experts.linear_fc1.weight10 (param.main_grad.dtype=torch.float32)
Params for bucket 63 (40894464 elements, 40894464 padded size, 0 param(s) with extra main_grads):
	module.decoder.layers.14.mlp.experts.linear_fc1.weight9 (param.main_grad.dtype=torch.float32)
	module.decoder.layers.14.mlp.experts.linear_fc1.weight8 (param.main_grad.dtype=torch.float32)
	module.decoder.layers.14.mlp.experts.linear_fc1.weight7 (param.main_grad.dtype=torch.float32)
	module.decoder.layers.14.mlp.experts.linear_fc1.weight6 (param.main_grad.dtype=torch.float32)
	module.decoder.layers.14.mlp.experts.linear_fc1.weight5 (param.main_grad.dtype=torch.float32)
	module.decoder.layers.14.mlp.experts.linear_fc1.weight4 (param.main_grad.dtype=torch.float32)
	module.decoder.layers.14.mlp.experts.linear_fc1.weight3 (param.main_grad.dtype=torch.float32)
	module.decoder.layers.14.mlp.experts.linear_fc1.weight2 (param.main_grad.dtype=torch.float32)
	module.decoder.layers.14.mlp.experts.linear_fc1.weight1 (param.main_grad.dtype=torch.float32)
	module.decoder.layers.14.mlp.experts.linear_fc1.weight0 (param.main_grad.dtype=torch.float32)
	module.decoder.layers.13.mlp.experts.linear_fc2.weight15 (param.main_grad.dtype=torch.float32)
	module.decoder.layers.13.mlp.experts.linear_fc2.weight14 (param.main_grad.dtype=torch.float32)
	module.decoder.layers.13.mlp.experts.linear_fc2.weight13 (param.main_grad.dtype=torch.float32)
	module.decoder.layers.13.mlp.experts.linear_fc2.weight12 (param.main_grad.dtype=torch.float32)
	module.decoder.layers.13.mlp.experts.linear_fc2.weight11 (param.main_grad.dtype=torch.float32)
	module.decoder.layers.13.mlp.experts.linear_fc2.weight10 (param.main_grad.dtype=torch.float32)
Params for bucket 64 (40894464 elements, 40894464 padded size, 0 param(s) with extra main_grads):
	module.decoder.layers.13.mlp.experts.linear_fc2.weight9 (param.main_grad.dtype=torch.float32)
	module.decoder.layers.13.mlp.experts.linear_fc2.weight8 (param.main_grad.dtype=torch.float32)
	module.decoder.layers.13.mlp.experts.linear_fc2.weight7 (param.main_grad.dtype=torch.float32)
	module.decoder.layers.13.mlp.experts.linear_fc2.weight6 (param.main_grad.dtype=torch.float32)
	module.decoder.layers.13.mlp.experts.linear_fc2.weight5 (param.main_grad.dtype=torch.float32)
	module.decoder.layers.13.mlp.experts.linear_fc2.weight4 (param.main_grad.dtype=torch.float32)
	module.decoder.layers.13.mlp.experts.linear_fc2.weight3 (param.main_grad.dtype=torch.float32)
	module.decoder.layers.13.mlp.experts.linear_fc2.weight2 (param.main_grad.dtype=torch.float32)
	module.decoder.layers.13.mlp.experts.linear_fc2.weight1 (param.main_grad.dtype=torch.float32)
	module.decoder.layers.13.mlp.experts.linear_fc2.weight0 (param.main_grad.dtype=torch.float32)
	module.decoder.layers.13.mlp.experts.linear_fc1.weight15 (param.main_grad.dtype=torch.float32)
	module.decoder.layers.13.mlp.experts.linear_fc1.weight14 (param.main_grad.dtype=torch.float32)
	module.decoder.layers.13.mlp.experts.linear_fc1.weight13 (param.main_grad.dtype=torch.float32)
	module.decoder.layers.13.mlp.experts.linear_fc1.weight12 (param.main_grad.dtype=torch.float32)
	module.decoder.layers.13.mlp.experts.linear_fc1.weight11 (param.main_grad.dtype=torch.float32)
	module.decoder.layers.13.mlp.experts.linear_fc1.weight10 (param.main_grad.dtype=torch.float32)
	module.decoder.layers.13.mlp.experts.linear_fc1.weight9 (param.main_grad.dtype=torch.float32)
	module.decoder.layers.13.mlp.experts.linear_fc1.weight8 (param.main_grad.dtype=torch.float32)
Params for bucket 65 (40894464 elements, 40894464 padded size, 0 param(s) with extra main_grads):
	module.decoder.layers.13.mlp.experts.linear_fc1.weight7 (param.main_grad.dtype=torch.float32)
	module.decoder.layers.13.mlp.experts.linear_fc1.weight6 (param.main_grad.dtype=torch.float32)
	module.decoder.layers.13.mlp.experts.linear_fc1.weight5 (param.main_grad.dtype=torch.float32)
	module.decoder.layers.13.mlp.experts.linear_fc1.weight4 (param.main_grad.dtype=torch.float32)
	module.decoder.layers.13.mlp.experts.linear_fc1.weight3 (param.main_grad.dtype=torch.float32)
	module.decoder.layers.13.mlp.experts.linear_fc1.weight2 (param.main_grad.dtype=torch.float32)
	module.decoder.layers.13.mlp.experts.linear_fc1.weight1 (param.main_grad.dtype=torch.float32)
	module.decoder.layers.13.mlp.experts.linear_fc1.weight0 (param.main_grad.dtype=torch.float32)
	module.decoder.layers.12.mlp.experts.linear_fc2.weight15 (param.main_grad.dtype=torch.float32)
	module.decoder.layers.12.mlp.experts.linear_fc2.weight14 (param.main_grad.dtype=torch.float32)
	module.decoder.layers.12.mlp.experts.linear_fc2.weight13 (param.main_grad.dtype=torch.float32)
	module.decoder.layers.12.mlp.experts.linear_fc2.weight12 (param.main_grad.dtype=torch.float32)
	module.decoder.layers.12.mlp.experts.linear_fc2.weight11 (param.main_grad.dtype=torch.float32)
	module.decoder.layers.12.mlp.experts.linear_fc2.weight10 (param.main_grad.dtype=torch.float32)
	module.decoder.layers.12.mlp.experts.linear_fc2.weight9 (param.main_grad.dtype=torch.float32)
	module.decoder.layers.12.mlp.experts.linear_fc2.weight8 (param.main_grad.dtype=torch.float32)
	module.decoder.layers.12.mlp.experts.linear_fc2.weight7 (param.main_grad.dtype=torch.float32)
	module.decoder.layers.12.mlp.experts.linear_fc2.weight6 (param.main_grad.dtype=torch.float32)
Params for bucket 66 (40894464 elements, 40894464 padded size, 0 param(s) with extra main_grads):
	module.decoder.layers.12.mlp.experts.linear_fc2.weight5 (param.main_grad.dtype=torch.float32)
	module.decoder.layers.12.mlp.experts.linear_fc2.weight4 (param.main_grad.dtype=torch.float32)
	module.decoder.layers.12.mlp.experts.linear_fc2.weight3 (param.main_grad.dtype=torch.float32)
	module.decoder.layers.12.mlp.experts.linear_fc2.weight2 (param.main_grad.dtype=torch.float32)
	module.decoder.layers.12.mlp.experts.linear_fc2.weight1 (param.main_grad.dtype=torch.float32)
	module.decoder.layers.12.mlp.experts.linear_fc2.weight0 (param.main_grad.dtype=torch.float32)
	module.decoder.layers.12.mlp.experts.linear_fc1.weight15 (param.main_grad.dtype=torch.float32)
	module.decoder.layers.12.mlp.experts.linear_fc1.weight14 (param.main_grad.dtype=torch.float32)
	module.decoder.layers.12.mlp.experts.linear_fc1.weight13 (param.main_grad.dtype=torch.float32)
	module.decoder.layers.12.mlp.experts.linear_fc1.weight12 (param.main_grad.dtype=torch.float32)
	module.decoder.layers.12.mlp.experts.linear_fc1.weight11 (param.main_grad.dtype=torch.float32)
	module.decoder.layers.12.mlp.experts.linear_fc1.weight10 (param.main_grad.dtype=torch.float32)
	module.decoder.layers.12.mlp.experts.linear_fc1.weight9 (param.main_grad.dtype=torch.float32)
	module.decoder.layers.12.mlp.experts.linear_fc1.weight8 (param.main_grad.dtype=torch.float32)
	module.decoder.layers.12.mlp.experts.linear_fc1.weight7 (param.main_grad.dtype=torch.float32)
	module.decoder.layers.12.mlp.experts.linear_fc1.weight6 (param.main_grad.dtype=torch.float32)
Params for bucket 67 (40894464 elements, 40894464 padded size, 0 param(s) with extra main_grads):
	module.decoder.layers.12.mlp.experts.linear_fc1.weight5 (param.main_grad.dtype=torch.float32)
	module.decoder.layers.12.mlp.experts.linear_fc1.weight4 (param.main_grad.dtype=torch.float32)
	module.decoder.layers.12.mlp.experts.linear_fc1.weight3 (param.main_grad.dtype=torch.float32)
	module.decoder.layers.12.mlp.experts.linear_fc1.weight2 (param.main_grad.dtype=torch.float32)
	module.decoder.layers.12.mlp.experts.linear_fc1.weight1 (param.main_grad.dtype=torch.float32)
	module.decoder.layers.12.mlp.experts.linear_fc1.weight0 (param.main_grad.dtype=torch.float32)
	module.decoder.layers.11.mlp.experts.linear_fc2.weight15 (param.main_grad.dtype=torch.float32)
	module.decoder.layers.11.mlp.experts.linear_fc2.weight14 (param.main_grad.dtype=torch.float32)
	module.decoder.layers.11.mlp.experts.linear_fc2.weight13 (param.main_grad.dtype=torch.float32)
	module.decoder.layers.11.mlp.experts.linear_fc2.weight12 (param.main_grad.dtype=torch.float32)
	module.decoder.layers.11.mlp.experts.linear_fc2.weight11 (param.main_grad.dtype=torch.float32)
	module.decoder.layers.11.mlp.experts.linear_fc2.weight10 (param.main_grad.dtype=torch.float32)
	module.decoder.layers.11.mlp.experts.linear_fc2.weight9 (param.main_grad.dtype=torch.float32)
	module.decoder.layers.11.mlp.experts.linear_fc2.weight8 (param.main_grad.dtype=torch.float32)
	module.decoder.layers.11.mlp.experts.linear_fc2.weight7 (param.main_grad.dtype=torch.float32)
	module.decoder.layers.11.mlp.experts.linear_fc2.weight6 (param.main_grad.dtype=torch.float32)
	module.decoder.layers.11.mlp.experts.linear_fc2.weight5 (param.main_grad.dtype=torch.float32)
	module.decoder.layers.11.mlp.experts.linear_fc2.weight4 (param.main_grad.dtype=torch.float32)
	module.decoder.layers.11.mlp.experts.linear_fc2.weight3 (param.main_grad.dtype=torch.float32)
	module.decoder.layers.11.mlp.experts.linear_fc2.weight2 (param.main_grad.dtype=torch.float32)
Params for bucket 68 (40894464 elements, 40894464 padded size, 0 param(s) with extra main_grads):
	module.decoder.layers.11.mlp.experts.linear_fc2.weight1 (param.main_grad.dtype=torch.float32)
	module.decoder.layers.11.mlp.experts.linear_fc2.weight0 (param.main_grad.dtype=torch.float32)
	module.decoder.layers.11.mlp.experts.linear_fc1.weight15 (param.main_grad.dtype=torch.float32)
	module.decoder.layers.11.mlp.experts.linear_fc1.weight14 (param.main_grad.dtype=torch.float32)
	module.decoder.layers.11.mlp.experts.linear_fc1.weight13 (param.main_grad.dtype=torch.float32)
	module.decoder.layers.11.mlp.experts.linear_fc1.weight12 (param.main_grad.dtype=torch.float32)
	module.decoder.layers.11.mlp.experts.linear_fc1.weight11 (param.main_grad.dtype=torch.float32)
	module.decoder.layers.11.mlp.experts.linear_fc1.weight10 (param.main_grad.dtype=torch.float32)
	module.decoder.layers.11.mlp.experts.linear_fc1.weight9 (param.main_grad.dtype=torch.float32)
	module.decoder.layers.11.mlp.experts.linear_fc1.weight8 (param.main_grad.dtype=torch.float32)
	module.decoder.layers.11.mlp.experts.linear_fc1.weight7 (param.main_grad.dtype=torch.float32)
	module.decoder.layers.11.mlp.experts.linear_fc1.weight6 (param.main_grad.dtype=torch.float32)
	module.decoder.layers.11.mlp.experts.linear_fc1.weight5 (param.main_grad.dtype=torch.float32)
	module.decoder.layers.11.mlp.experts.linear_fc1.weight4 (param.main_grad.dtype=torch.float32)
Params for bucket 69 (40894464 elements, 40894464 padded size, 0 param(s) with extra main_grads):
	module.decoder.layers.11.mlp.experts.linear_fc1.weight3 (param.main_grad.dtype=torch.float32)
	module.decoder.layers.11.mlp.experts.linear_fc1.weight2 (param.main_grad.dtype=torch.float32)
	module.decoder.layers.11.mlp.experts.linear_fc1.weight1 (param.main_grad.dtype=torch.float32)
	module.decoder.layers.11.mlp.experts.linear_fc1.weight0 (param.main_grad.dtype=torch.float32)
	module.decoder.layers.10.mlp.experts.linear_fc2.weight15 (param.main_grad.dtype=torch.float32)
	module.decoder.layers.10.mlp.experts.linear_fc2.weight14 (param.main_grad.dtype=torch.float32)
	module.decoder.layers.10.mlp.experts.linear_fc2.weight13 (param.main_grad.dtype=torch.float32)
	module.decoder.layers.10.mlp.experts.linear_fc2.weight12 (param.main_grad.dtype=torch.float32)
	module.decoder.layers.10.mlp.experts.linear_fc2.weight11 (param.main_grad.dtype=torch.float32)
	module.decoder.layers.10.mlp.experts.linear_fc2.weight10 (param.main_grad.dtype=torch.float32)
	module.decoder.layers.10.mlp.experts.linear_fc2.weight9 (param.main_grad.dtype=torch.float32)
	module.decoder.layers.10.mlp.experts.linear_fc2.weight8 (param.main_grad.dtype=torch.float32)
	module.decoder.layers.10.mlp.experts.linear_fc2.weight7 (param.main_grad.dtype=torch.float32)
	module.decoder.layers.10.mlp.experts.linear_fc2.weight6 (param.main_grad.dtype=torch.float32)
	module.decoder.layers.10.mlp.experts.linear_fc2.weight5 (param.main_grad.dtype=torch.float32)
	module.decoder.layers.10.mlp.experts.linear_fc2.weight4 (param.main_grad.dtype=torch.float32)
	module.decoder.layers.10.mlp.experts.linear_fc2.weight3 (param.main_grad.dtype=torch.float32)
	module.decoder.layers.10.mlp.experts.linear_fc2.weight2 (param.main_grad.dtype=torch.float32)
	module.decoder.layers.10.mlp.experts.linear_fc2.weight1 (param.main_grad.dtype=torch.float32)
	module.decoder.layers.10.mlp.experts.linear_fc2.weight0 (param.main_grad.dtype=torch.float32)
	module.decoder.layers.10.mlp.experts.linear_fc1.weight15 (param.main_grad.dtype=torch.float32)
Params for bucket 70 (40894464 elements, 40894464 padded size, 0 param(s) with extra main_grads):
	module.decoder.layers.10.mlp.experts.linear_fc1.weight14 (param.main_grad.dtype=torch.float32)
	module.decoder.layers.10.mlp.experts.linear_fc1.weight13 (param.main_grad.dtype=torch.float32)
	module.decoder.layers.10.mlp.experts.linear_fc1.weight12 (param.main_grad.dtype=torch.float32)
	module.decoder.layers.10.mlp.experts.linear_fc1.weight11 (param.main_grad.dtype=torch.float32)
	module.decoder.layers.10.mlp.experts.linear_fc1.weight10 (param.main_grad.dtype=torch.float32)
	module.decoder.layers.10.mlp.experts.linear_fc1.weight9 (param.main_grad.dtype=torch.float32)
	module.decoder.layers.10.mlp.experts.linear_fc1.weight8 (param.main_grad.dtype=torch.float32)
	module.decoder.layers.10.mlp.experts.linear_fc1.weight7 (param.main_grad.dtype=torch.float32)
	module.decoder.layers.10.mlp.experts.linear_fc1.weight6 (param.main_grad.dtype=torch.float32)
	module.decoder.layers.10.mlp.experts.linear_fc1.weight5 (param.main_grad.dtype=torch.float32)
	module.decoder.layers.10.mlp.experts.linear_fc1.weight4 (param.main_grad.dtype=torch.float32)
	module.decoder.layers.10.mlp.experts.linear_fc1.weight3 (param.main_grad.dtype=torch.float32)
	module.decoder.layers.10.mlp.experts.linear_fc1.weight2 (param.main_grad.dtype=torch.float32)
Params for bucket 71 (40894464 elements, 40894464 padded size, 0 param(s) with extra main_grads):
	module.decoder.layers.10.mlp.experts.linear_fc1.weight1 (param.main_grad.dtype=torch.float32)
	module.decoder.layers.10.mlp.experts.linear_fc1.weight0 (param.main_grad.dtype=torch.float32)
	module.decoder.layers.9.mlp.experts.linear_fc2.weight15 (param.main_grad.dtype=torch.float32)
	module.decoder.layers.9.mlp.experts.linear_fc2.weight14 (param.main_grad.dtype=torch.float32)
	module.decoder.layers.9.mlp.experts.linear_fc2.weight13 (param.main_grad.dtype=torch.float32)
	module.decoder.layers.9.mlp.experts.linear_fc2.weight12 (param.main_grad.dtype=torch.float32)
	module.decoder.layers.9.mlp.experts.linear_fc2.weight11 (param.main_grad.dtype=torch.float32)
	module.decoder.layers.9.mlp.experts.linear_fc2.weight10 (param.main_grad.dtype=torch.float32)
	module.decoder.layers.9.mlp.experts.linear_fc2.weight9 (param.main_grad.dtype=torch.float32)
	module.decoder.layers.9.mlp.experts.linear_fc2.weight8 (param.main_grad.dtype=torch.float32)
	module.decoder.layers.9.mlp.experts.linear_fc2.weight7 (param.main_grad.dtype=torch.float32)
	module.decoder.layers.9.mlp.experts.linear_fc2.weight6 (param.main_grad.dtype=torch.float32)
	module.decoder.layers.9.mlp.experts.linear_fc2.weight5 (param.main_grad.dtype=torch.float32)
	module.decoder.layers.9.mlp.experts.linear_fc2.weight4 (param.main_grad.dtype=torch.float32)
	module.decoder.layers.9.mlp.experts.linear_fc2.weight3 (param.main_grad.dtype=torch.float32)
	module.decoder.layers.9.mlp.experts.linear_fc2.weight2 (param.main_grad.dtype=torch.float32)
	module.decoder.layers.9.mlp.experts.linear_fc2.weight1 (param.main_grad.dtype=torch.float32)
	module.decoder.layers.9.mlp.experts.linear_fc2.weight0 (param.main_grad.dtype=torch.float32)
	module.decoder.layers.9.mlp.experts.linear_fc1.weight15 (param.main_grad.dtype=torch.float32)
	module.decoder.layers.9.mlp.experts.linear_fc1.weight14 (param.main_grad.dtype=torch.float32)
	module.decoder.layers.9.mlp.experts.linear_fc1.weight13 (param.main_grad.dtype=torch.float32)
Params for bucket 72 (40894464 elements, 40894464 padded size, 0 param(s) with extra main_grads):
	module.decoder.layers.9.mlp.experts.linear_fc1.weight12 (param.main_grad.dtype=torch.float32)
	module.decoder.layers.9.mlp.experts.linear_fc1.weight11 (param.main_grad.dtype=torch.float32)
	module.decoder.layers.9.mlp.experts.linear_fc1.weight10 (param.main_grad.dtype=torch.float32)
	module.decoder.layers.9.mlp.experts.linear_fc1.weight9 (param.main_grad.dtype=torch.float32)
	module.decoder.layers.9.mlp.experts.linear_fc1.weight8 (param.main_grad.dtype=torch.float32)
	module.decoder.layers.9.mlp.experts.linear_fc1.weight7 (param.main_grad.dtype=torch.float32)
	module.decoder.layers.9.mlp.experts.linear_fc1.weight6 (param.main_grad.dtype=torch.float32)
	module.decoder.layers.9.mlp.experts.linear_fc1.weight5 (param.main_grad.dtype=torch.float32)
	module.decoder.layers.9.mlp.experts.linear_fc1.weight4 (param.main_grad.dtype=torch.float32)
	module.decoder.layers.9.mlp.experts.linear_fc1.weight3 (param.main_grad.dtype=torch.float32)
	module.decoder.layers.9.mlp.experts.linear_fc1.weight2 (param.main_grad.dtype=torch.float32)
	module.decoder.layers.9.mlp.experts.linear_fc1.weight1 (param.main_grad.dtype=torch.float32)
	module.decoder.layers.9.mlp.experts.linear_fc1.weight0 (param.main_grad.dtype=torch.float32)
Params for bucket 73 (40894464 elements, 40894464 padded size, 0 param(s) with extra main_grads):
	module.decoder.layers.8.mlp.experts.linear_fc2.weight15 (param.main_grad.dtype=torch.float32)
	module.decoder.layers.8.mlp.experts.linear_fc2.weight14 (param.main_grad.dtype=torch.float32)
	module.decoder.layers.8.mlp.experts.linear_fc2.weight13 (param.main_grad.dtype=torch.float32)
	module.decoder.layers.8.mlp.experts.linear_fc2.weight12 (param.main_grad.dtype=torch.float32)
	module.decoder.layers.8.mlp.experts.linear_fc2.weight11 (param.main_grad.dtype=torch.float32)
	module.decoder.layers.8.mlp.experts.linear_fc2.weight10 (param.main_grad.dtype=torch.float32)
	module.decoder.layers.8.mlp.experts.linear_fc2.weight9 (param.main_grad.dtype=torch.float32)
	module.decoder.layers.8.mlp.experts.linear_fc2.weight8 (param.main_grad.dtype=torch.float32)
	module.decoder.layers.8.mlp.experts.linear_fc2.weight7 (param.main_grad.dtype=torch.float32)
	module.decoder.layers.8.mlp.experts.linear_fc2.weight6 (param.main_grad.dtype=torch.float32)
	module.decoder.layers.8.mlp.experts.linear_fc2.weight5 (param.main_grad.dtype=torch.float32)
	module.decoder.layers.8.mlp.experts.linear_fc2.weight4 (param.main_grad.dtype=torch.float32)
	module.decoder.layers.8.mlp.experts.linear_fc2.weight3 (param.main_grad.dtype=torch.float32)
	module.decoder.layers.8.mlp.experts.linear_fc2.weight2 (param.main_grad.dtype=torch.float32)
	module.decoder.layers.8.mlp.experts.linear_fc2.weight1 (param.main_grad.dtype=torch.float32)
	module.decoder.layers.8.mlp.experts.linear_fc2.weight0 (param.main_grad.dtype=torch.float32)
	module.decoder.layers.8.mlp.experts.linear_fc1.weight15 (param.main_grad.dtype=torch.float32)
	module.decoder.layers.8.mlp.experts.linear_fc1.weight14 (param.main_grad.dtype=torch.float32)
	module.decoder.layers.8.mlp.experts.linear_fc1.weight13 (param.main_grad.dtype=torch.float32)
	module.decoder.layers.8.mlp.experts.linear_fc1.weight12 (param.main_grad.dtype=torch.float32)
	module.decoder.layers.8.mlp.experts.linear_fc1.weight11 (param.main_grad.dtype=torch.float32)
Params for bucket 74 (40894464 elements, 40894464 padded size, 0 param(s) with extra main_grads):
	module.decoder.layers.8.mlp.experts.linear_fc1.weight10 (param.main_grad.dtype=torch.float32)
	module.decoder.layers.8.mlp.experts.linear_fc1.weight9 (param.main_grad.dtype=torch.float32)
	module.decoder.layers.8.mlp.experts.linear_fc1.weight8 (param.main_grad.dtype=torch.float32)
	module.decoder.layers.8.mlp.experts.linear_fc1.weight7 (param.main_grad.dtype=torch.float32)
	module.decoder.layers.8.mlp.experts.linear_fc1.weight6 (param.main_grad.dtype=torch.float32)
	module.decoder.layers.8.mlp.experts.linear_fc1.weight5 (param.main_grad.dtype=torch.float32)
	module.decoder.layers.8.mlp.experts.linear_fc1.weight4 (param.main_grad.dtype=torch.float32)
	module.decoder.layers.8.mlp.experts.linear_fc1.weight3 (param.main_grad.dtype=torch.float32)
	module.decoder.layers.8.mlp.experts.linear_fc1.weight2 (param.main_grad.dtype=torch.float32)
	module.decoder.layers.8.mlp.experts.linear_fc1.weight1 (param.main_grad.dtype=torch.float32)
	module.decoder.layers.8.mlp.experts.linear_fc1.weight0 (param.main_grad.dtype=torch.float32)
	module.decoder.layers.7.mlp.experts.linear_fc2.weight15 (param.main_grad.dtype=torch.float32)
	module.decoder.layers.7.mlp.experts.linear_fc2.weight14 (param.main_grad.dtype=torch.float32)
	module.decoder.layers.7.mlp.experts.linear_fc2.weight13 (param.main_grad.dtype=torch.float32)
	module.decoder.layers.7.mlp.experts.linear_fc2.weight12 (param.main_grad.dtype=torch.float32)
Params for bucket 75 (40894464 elements, 40894464 padded size, 0 param(s) with extra main_grads):
	module.decoder.layers.7.mlp.experts.linear_fc2.weight11 (param.main_grad.dtype=torch.float32)
	module.decoder.layers.7.mlp.experts.linear_fc2.weight10 (param.main_grad.dtype=torch.float32)
	module.decoder.layers.7.mlp.experts.linear_fc2.weight9 (param.main_grad.dtype=torch.float32)
	module.decoder.layers.7.mlp.experts.linear_fc2.weight8 (param.main_grad.dtype=torch.float32)
	module.decoder.layers.7.mlp.experts.linear_fc2.weight7 (param.main_grad.dtype=torch.float32)
	module.decoder.layers.7.mlp.experts.linear_fc2.weight6 (param.main_grad.dtype=torch.float32)
	module.decoder.layers.7.mlp.experts.linear_fc2.weight5 (param.main_grad.dtype=torch.float32)
	module.decoder.layers.7.mlp.experts.linear_fc2.weight4 (param.main_grad.dtype=torch.float32)
	module.decoder.layers.7.mlp.experts.linear_fc2.weight3 (param.main_grad.dtype=torch.float32)
	module.decoder.layers.7.mlp.experts.linear_fc2.weight2 (param.main_grad.dtype=torch.float32)
	module.decoder.layers.7.mlp.experts.linear_fc2.weight1 (param.main_grad.dtype=torch.float32)
	module.decoder.layers.7.mlp.experts.linear_fc2.weight0 (param.main_grad.dtype=torch.float32)
	module.decoder.layers.7.mlp.experts.linear_fc1.weight15 (param.main_grad.dtype=torch.float32)
	module.decoder.layers.7.mlp.experts.linear_fc1.weight14 (param.main_grad.dtype=torch.float32)
	module.decoder.layers.7.mlp.experts.linear_fc1.weight13 (param.main_grad.dtype=torch.float32)
	module.decoder.layers.7.mlp.experts.linear_fc1.weight12 (param.main_grad.dtype=torch.float32)
	module.decoder.layers.7.mlp.experts.linear_fc1.weight11 (param.main_grad.dtype=torch.float32)
	module.decoder.layers.7.mlp.experts.linear_fc1.weight10 (param.main_grad.dtype=torch.float32)
	module.decoder.layers.7.mlp.experts.linear_fc1.weight9 (param.main_grad.dtype=torch.float32)
Params for bucket 76 (40894464 elements, 40894464 padded size, 0 param(s) with extra main_grads):
	module.decoder.layers.7.mlp.experts.linear_fc1.weight8 (param.main_grad.dtype=torch.float32)
	module.decoder.layers.7.mlp.experts.linear_fc1.weight7 (param.main_grad.dtype=torch.float32)
	module.decoder.layers.7.mlp.experts.linear_fc1.weight6 (param.main_grad.dtype=torch.float32)
	module.decoder.layers.7.mlp.experts.linear_fc1.weight5 (param.main_grad.dtype=torch.float32)
	module.decoder.layers.7.mlp.experts.linear_fc1.weight4 (param.main_grad.dtype=torch.float32)
	module.decoder.layers.7.mlp.experts.linear_fc1.weight3 (param.main_grad.dtype=torch.float32)
	module.decoder.layers.7.mlp.experts.linear_fc1.weight2 (param.main_grad.dtype=torch.float32)
	module.decoder.layers.7.mlp.experts.linear_fc1.weight1 (param.main_grad.dtype=torch.float32)
	module.decoder.layers.7.mlp.experts.linear_fc1.weight0 (param.main_grad.dtype=torch.float32)
	module.decoder.layers.6.mlp.experts.linear_fc2.weight15 (param.main_grad.dtype=torch.float32)
	module.decoder.layers.6.mlp.experts.linear_fc2.weight14 (param.main_grad.dtype=torch.float32)
	module.decoder.layers.6.mlp.experts.linear_fc2.weight13 (param.main_grad.dtype=torch.float32)
	module.decoder.layers.6.mlp.experts.linear_fc2.weight12 (param.main_grad.dtype=torch.float32)
	module.decoder.layers.6.mlp.experts.linear_fc2.weight11 (param.main_grad.dtype=torch.float32)
	module.decoder.layers.6.mlp.experts.linear_fc2.weight10 (param.main_grad.dtype=torch.float32)
	module.decoder.layers.6.mlp.experts.linear_fc2.weight9 (param.main_grad.dtype=torch.float32)
	module.decoder.layers.6.mlp.experts.linear_fc2.weight8 (param.main_grad.dtype=torch.float32)
Params for bucket 77 (40894464 elements, 40894464 padded size, 0 param(s) with extra main_grads):
	module.decoder.layers.6.mlp.experts.linear_fc2.weight7 (param.main_grad.dtype=torch.float32)
	module.decoder.layers.6.mlp.experts.linear_fc2.weight6 (param.main_grad.dtype=torch.float32)
	module.decoder.layers.6.mlp.experts.linear_fc2.weight5 (param.main_grad.dtype=torch.float32)
	module.decoder.layers.6.mlp.experts.linear_fc2.weight4 (param.main_grad.dtype=torch.float32)
	module.decoder.layers.6.mlp.experts.linear_fc2.weight3 (param.main_grad.dtype=torch.float32)
	module.decoder.layers.6.mlp.experts.linear_fc2.weight2 (param.main_grad.dtype=torch.float32)
	module.decoder.layers.6.mlp.experts.linear_fc2.weight1 (param.main_grad.dtype=torch.float32)
	module.decoder.layers.6.mlp.experts.linear_fc2.weight0 (param.main_grad.dtype=torch.float32)
	module.decoder.layers.6.mlp.experts.linear_fc1.weight15 (param.main_grad.dtype=torch.float32)
	module.decoder.layers.6.mlp.experts.linear_fc1.weight14 (param.main_grad.dtype=torch.float32)
	module.decoder.layers.6.mlp.experts.linear_fc1.weight13 (param.main_grad.dtype=torch.float32)
	module.decoder.layers.6.mlp.experts.linear_fc1.weight12 (param.main_grad.dtype=torch.float32)
	module.decoder.layers.6.mlp.experts.linear_fc1.weight11 (param.main_grad.dtype=torch.float32)
	module.decoder.layers.6.mlp.experts.linear_fc1.weight10 (param.main_grad.dtype=torch.float32)
	module.decoder.layers.6.mlp.experts.linear_fc1.weight9 (param.main_grad.dtype=torch.float32)
	module.decoder.layers.6.mlp.experts.linear_fc1.weight8 (param.main_grad.dtype=torch.float32)
	module.decoder.layers.6.mlp.experts.linear_fc1.weight7 (param.main_grad.dtype=torch.float32)
Params for bucket 78 (40894464 elements, 40894464 padded size, 0 param(s) with extra main_grads):
	module.decoder.layers.6.mlp.experts.linear_fc1.weight6 (param.main_grad.dtype=torch.float32)
	module.decoder.layers.6.mlp.experts.linear_fc1.weight5 (param.main_grad.dtype=torch.float32)
	module.decoder.layers.6.mlp.experts.linear_fc1.weight4 (param.main_grad.dtype=torch.float32)
	module.decoder.layers.6.mlp.experts.linear_fc1.weight3 (param.main_grad.dtype=torch.float32)
	module.decoder.layers.6.mlp.experts.linear_fc1.weight2 (param.main_grad.dtype=torch.float32)
	module.decoder.layers.6.mlp.experts.linear_fc1.weight1 (param.main_grad.dtype=torch.float32)
	module.decoder.layers.6.mlp.experts.linear_fc1.weight0 (param.main_grad.dtype=torch.float32)
	module.decoder.layers.5.mlp.experts.linear_fc2.weight15 (param.main_grad.dtype=torch.float32)
	module.decoder.layers.5.mlp.experts.linear_fc2.weight14 (param.main_grad.dtype=torch.float32)
	module.decoder.layers.5.mlp.experts.linear_fc2.weight13 (param.main_grad.dtype=torch.float32)
	module.decoder.layers.5.mlp.experts.linear_fc2.weight12 (param.main_grad.dtype=torch.float32)
	module.decoder.layers.5.mlp.experts.linear_fc2.weight11 (param.main_grad.dtype=torch.float32)
	module.decoder.layers.5.mlp.experts.linear_fc2.weight10 (param.main_grad.dtype=torch.float32)
	module.decoder.layers.5.mlp.experts.linear_fc2.weight9 (param.main_grad.dtype=torch.float32)
	module.decoder.layers.5.mlp.experts.linear_fc2.weight8 (param.main_grad.dtype=torch.float32)
	module.decoder.layers.5.mlp.experts.linear_fc2.weight7 (param.main_grad.dtype=torch.float32)
	module.decoder.layers.5.mlp.experts.linear_fc2.weight6 (param.main_grad.dtype=torch.float32)
	module.decoder.layers.5.mlp.experts.linear_fc2.weight5 (param.main_grad.dtype=torch.float32)
	module.decoder.layers.5.mlp.experts.linear_fc2.weight4 (param.main_grad.dtype=torch.float32)
Params for bucket 79 (40894464 elements, 40894464 padded size, 0 param(s) with extra main_grads):
	module.decoder.layers.5.mlp.experts.linear_fc2.weight3 (param.main_grad.dtype=torch.float32)
	module.decoder.layers.5.mlp.experts.linear_fc2.weight2 (param.main_grad.dtype=torch.float32)
	module.decoder.layers.5.mlp.experts.linear_fc2.weight1 (param.main_grad.dtype=torch.float32)
	module.decoder.layers.5.mlp.experts.linear_fc2.weight0 (param.main_grad.dtype=torch.float32)
	module.decoder.layers.5.mlp.experts.linear_fc1.weight15 (param.main_grad.dtype=torch.float32)
	module.decoder.layers.5.mlp.experts.linear_fc1.weight14 (param.main_grad.dtype=torch.float32)
	module.decoder.layers.5.mlp.experts.linear_fc1.weight13 (param.main_grad.dtype=torch.float32)
	module.decoder.layers.5.mlp.experts.linear_fc1.weight12 (param.main_grad.dtype=torch.float32)
	module.decoder.layers.5.mlp.experts.linear_fc1.weight11 (param.main_grad.dtype=torch.float32)
	module.decoder.layers.5.mlp.experts.linear_fc1.weight10 (param.main_grad.dtype=torch.float32)
	module.decoder.layers.5.mlp.experts.linear_fc1.weight9 (param.main_grad.dtype=torch.float32)
	module.decoder.layers.5.mlp.experts.linear_fc1.weight8 (param.main_grad.dtype=torch.float32)
	module.decoder.layers.5.mlp.experts.linear_fc1.weight7 (param.main_grad.dtype=torch.float32)
	module.decoder.layers.5.mlp.experts.linear_fc1.weight6 (param.main_grad.dtype=torch.float32)
	module.decoder.layers.5.mlp.experts.linear_fc1.weight5 (param.main_grad.dtype=torch.float32)
Params for bucket 80 (40894464 elements, 40894464 padded size, 0 param(s) with extra main_grads):
	module.decoder.layers.5.mlp.experts.linear_fc1.weight4 (param.main_grad.dtype=torch.float32)
	module.decoder.layers.5.mlp.experts.linear_fc1.weight3 (param.main_grad.dtype=torch.float32)
	module.decoder.layers.5.mlp.experts.linear_fc1.weight2 (param.main_grad.dtype=torch.float32)
	module.decoder.layers.5.mlp.experts.linear_fc1.weight1 (param.main_grad.dtype=torch.float32)
	module.decoder.layers.5.mlp.experts.linear_fc1.weight0 (param.main_grad.dtype=torch.float32)
	module.decoder.layers.4.mlp.experts.linear_fc2.weight15 (param.main_grad.dtype=torch.float32)
	module.decoder.layers.4.mlp.experts.linear_fc2.weight14 (param.main_grad.dtype=torch.float32)
	module.decoder.layers.4.mlp.experts.linear_fc2.weight13 (param.main_grad.dtype=torch.float32)
	module.decoder.layers.4.mlp.experts.linear_fc2.weight12 (param.main_grad.dtype=torch.float32)
	module.decoder.layers.4.mlp.experts.linear_fc2.weight11 (param.main_grad.dtype=torch.float32)
	module.decoder.layers.4.mlp.experts.linear_fc2.weight10 (param.main_grad.dtype=torch.float32)
	module.decoder.layers.4.mlp.experts.linear_fc2.weight9 (param.main_grad.dtype=torch.float32)
	module.decoder.layers.4.mlp.experts.linear_fc2.weight8 (param.main_grad.dtype=torch.float32)
	module.decoder.layers.4.mlp.experts.linear_fc2.weight7 (param.main_grad.dtype=torch.float32)
	module.decoder.layers.4.mlp.experts.linear_fc2.weight6 (param.main_grad.dtype=torch.float32)
	module.decoder.layers.4.mlp.experts.linear_fc2.weight5 (param.main_grad.dtype=torch.float32)
	module.decoder.layers.4.mlp.experts.linear_fc2.weight4 (param.main_grad.dtype=torch.float32)
	module.decoder.layers.4.mlp.experts.linear_fc2.weight3 (param.main_grad.dtype=torch.float32)
	module.decoder.layers.4.mlp.experts.linear_fc2.weight2 (param.main_grad.dtype=torch.float32)
	module.decoder.layers.4.mlp.experts.linear_fc2.weight1 (param.main_grad.dtype=torch.float32)
	module.decoder.layers.4.mlp.experts.linear_fc2.weight0 (param.main_grad.dtype=torch.float32)
Params for bucket 81 (40894464 elements, 40894464 padded size, 0 param(s) with extra main_grads):
	module.decoder.layers.4.mlp.experts.linear_fc1.weight15 (param.main_grad.dtype=torch.float32)
	module.decoder.layers.4.mlp.experts.linear_fc1.weight14 (param.main_grad.dtype=torch.float32)
	module.decoder.layers.4.mlp.experts.linear_fc1.weight13 (param.main_grad.dtype=torch.float32)
	module.decoder.layers.4.mlp.experts.linear_fc1.weight12 (param.main_grad.dtype=torch.float32)
	module.decoder.layers.4.mlp.experts.linear_fc1.weight11 (param.main_grad.dtype=torch.float32)
	module.decoder.layers.4.mlp.experts.linear_fc1.weight10 (param.main_grad.dtype=torch.float32)
	module.decoder.layers.4.mlp.experts.linear_fc1.weight9 (param.main_grad.dtype=torch.float32)
	module.decoder.layers.4.mlp.experts.linear_fc1.weight8 (param.main_grad.dtype=torch.float32)
	module.decoder.layers.4.mlp.experts.linear_fc1.weight7 (param.main_grad.dtype=torch.float32)
	module.decoder.layers.4.mlp.experts.linear_fc1.weight6 (param.main_grad.dtype=torch.float32)
	module.decoder.layers.4.mlp.experts.linear_fc1.weight5 (param.main_grad.dtype=torch.float32)
	module.decoder.layers.4.mlp.experts.linear_fc1.weight4 (param.main_grad.dtype=torch.float32)
	module.decoder.layers.4.mlp.experts.linear_fc1.weight3 (param.main_grad.dtype=torch.float32)
Params for bucket 82 (40894464 elements, 40894464 padded size, 0 param(s) with extra main_grads):
	module.decoder.layers.4.mlp.experts.linear_fc1.weight2 (param.main_grad.dtype=torch.float32)
	module.decoder.layers.4.mlp.experts.linear_fc1.weight1 (param.main_grad.dtype=torch.float32)
	module.decoder.layers.4.mlp.experts.linear_fc1.weight0 (param.main_grad.dtype=torch.float32)
	module.decoder.layers.3.mlp.experts.linear_fc2.weight15 (param.main_grad.dtype=torch.float32)
	module.decoder.layers.3.mlp.experts.linear_fc2.weight14 (param.main_grad.dtype=torch.float32)
	module.decoder.layers.3.mlp.experts.linear_fc2.weight13 (param.main_grad.dtype=torch.float32)
	module.decoder.layers.3.mlp.experts.linear_fc2.weight12 (param.main_grad.dtype=torch.float32)
	module.decoder.layers.3.mlp.experts.linear_fc2.weight11 (param.main_grad.dtype=torch.float32)
	module.decoder.layers.3.mlp.experts.linear_fc2.weight10 (param.main_grad.dtype=torch.float32)
	module.decoder.layers.3.mlp.experts.linear_fc2.weight9 (param.main_grad.dtype=torch.float32)
	module.decoder.layers.3.mlp.experts.linear_fc2.weight8 (param.main_grad.dtype=torch.float32)
	module.decoder.layers.3.mlp.experts.linear_fc2.weight7 (param.main_grad.dtype=torch.float32)
	module.decoder.layers.3.mlp.experts.linear_fc2.weight6 (param.main_grad.dtype=torch.float32)
	module.decoder.layers.3.mlp.experts.linear_fc2.weight5 (param.main_grad.dtype=torch.float32)
	module.decoder.layers.3.mlp.experts.linear_fc2.weight4 (param.main_grad.dtype=torch.float32)
	module.decoder.layers.3.mlp.experts.linear_fc2.weight3 (param.main_grad.dtype=torch.float32)
	module.decoder.layers.3.mlp.experts.linear_fc2.weight2 (param.main_grad.dtype=torch.float32)
	module.decoder.layers.3.mlp.experts.linear_fc2.weight1 (param.main_grad.dtype=torch.float32)
	module.decoder.layers.3.mlp.experts.linear_fc2.weight0 (param.main_grad.dtype=torch.float32)
	module.decoder.layers.3.mlp.experts.linear_fc1.weight15 (param.main_grad.dtype=torch.float32)
	module.decoder.layers.3.mlp.experts.linear_fc1.weight14 (param.main_grad.dtype=torch.float32)
Params for bucket 83 (40894464 elements, 40894464 padded size, 0 param(s) with extra main_grads):
	module.decoder.layers.3.mlp.experts.linear_fc1.weight13 (param.main_grad.dtype=torch.float32)
	module.decoder.layers.3.mlp.experts.linear_fc1.weight12 (param.main_grad.dtype=torch.float32)
	module.decoder.layers.3.mlp.experts.linear_fc1.weight11 (param.main_grad.dtype=torch.float32)
	module.decoder.layers.3.mlp.experts.linear_fc1.weight10 (param.main_grad.dtype=torch.float32)
	module.decoder.layers.3.mlp.experts.linear_fc1.weight9 (param.main_grad.dtype=torch.float32)
	module.decoder.layers.3.mlp.experts.linear_fc1.weight8 (param.main_grad.dtype=torch.float32)
	module.decoder.layers.3.mlp.experts.linear_fc1.weight7 (param.main_grad.dtype=torch.float32)
	module.decoder.layers.3.mlp.experts.linear_fc1.weight6 (param.main_grad.dtype=torch.float32)
	module.decoder.layers.3.mlp.experts.linear_fc1.weight5 (param.main_grad.dtype=torch.float32)
	module.decoder.layers.3.mlp.experts.linear_fc1.weight4 (param.main_grad.dtype=torch.float32)
	module.decoder.layers.3.mlp.experts.linear_fc1.weight3 (param.main_grad.dtype=torch.float32)
	module.decoder.layers.3.mlp.experts.linear_fc1.weight2 (param.main_grad.dtype=torch.float32)
	module.decoder.layers.3.mlp.experts.linear_fc1.weight1 (param.main_grad.dtype=torch.float32)
Params for bucket 84 (40894464 elements, 40894464 padded size, 0 param(s) with extra main_grads):
	module.decoder.layers.3.mlp.experts.linear_fc1.weight0 (param.main_grad.dtype=torch.float32)
	module.decoder.layers.2.mlp.experts.linear_fc2.weight15 (param.main_grad.dtype=torch.float32)
	module.decoder.layers.2.mlp.experts.linear_fc2.weight14 (param.main_grad.dtype=torch.float32)
	module.decoder.layers.2.mlp.experts.linear_fc2.weight13 (param.main_grad.dtype=torch.float32)
	module.decoder.layers.2.mlp.experts.linear_fc2.weight12 (param.main_grad.dtype=torch.float32)
	module.decoder.layers.2.mlp.experts.linear_fc2.weight11 (param.main_grad.dtype=torch.float32)
	module.decoder.layers.2.mlp.experts.linear_fc2.weight10 (param.main_grad.dtype=torch.float32)
	module.decoder.layers.2.mlp.experts.linear_fc2.weight9 (param.main_grad.dtype=torch.float32)
	module.decoder.layers.2.mlp.experts.linear_fc2.weight8 (param.main_grad.dtype=torch.float32)
	module.decoder.layers.2.mlp.experts.linear_fc2.weight7 (param.main_grad.dtype=torch.float32)
	module.decoder.layers.2.mlp.experts.linear_fc2.weight6 (param.main_grad.dtype=torch.float32)
	module.decoder.layers.2.mlp.experts.linear_fc2.weight5 (param.main_grad.dtype=torch.float32)
	module.decoder.layers.2.mlp.experts.linear_fc2.weight4 (param.main_grad.dtype=torch.float32)
	module.decoder.layers.2.mlp.experts.linear_fc2.weight3 (param.main_grad.dtype=torch.float32)
	module.decoder.layers.2.mlp.experts.linear_fc2.weight2 (param.main_grad.dtype=torch.float32)
	module.decoder.layers.2.mlp.experts.linear_fc2.weight1 (param.main_grad.dtype=torch.float32)
	module.decoder.layers.2.mlp.experts.linear_fc2.weight0 (param.main_grad.dtype=torch.float32)
	module.decoder.layers.2.mlp.experts.linear_fc1.weight15 (param.main_grad.dtype=torch.float32)
	module.decoder.layers.2.mlp.experts.linear_fc1.weight14 (param.main_grad.dtype=torch.float32)
	module.decoder.layers.2.mlp.experts.linear_fc1.weight13 (param.main_grad.dtype=torch.float32)
	module.decoder.layers.2.mlp.experts.linear_fc1.weight12 (param.main_grad.dtype=torch.float32)
Params for bucket 85 (40894464 elements, 40894464 padded size, 0 param(s) with extra main_grads):
	module.decoder.layers.2.mlp.experts.linear_fc1.weight11 (param.main_grad.dtype=torch.float32)
	module.decoder.layers.2.mlp.experts.linear_fc1.weight10 (param.main_grad.dtype=torch.float32)
	module.decoder.layers.2.mlp.experts.linear_fc1.weight9 (param.main_grad.dtype=torch.float32)
	module.decoder.layers.2.mlp.experts.linear_fc1.weight8 (param.main_grad.dtype=torch.float32)
	module.decoder.layers.2.mlp.experts.linear_fc1.weight7 (param.main_grad.dtype=torch.float32)
	module.decoder.layers.2.mlp.experts.linear_fc1.weight6 (param.main_grad.dtype=torch.float32)
	module.decoder.layers.2.mlp.experts.linear_fc1.weight5 (param.main_grad.dtype=torch.float32)
	module.decoder.layers.2.mlp.experts.linear_fc1.weight4 (param.main_grad.dtype=torch.float32)
	module.decoder.layers.2.mlp.experts.linear_fc1.weight3 (param.main_grad.dtype=torch.float32)
	module.decoder.layers.2.mlp.experts.linear_fc1.weight2 (param.main_grad.dtype=torch.float32)
	module.decoder.layers.2.mlp.experts.linear_fc1.weight1 (param.main_grad.dtype=torch.float32)
	module.decoder.layers.2.mlp.experts.linear_fc1.weight0 (param.main_grad.dtype=torch.float32)
	module.decoder.layers.1.mlp.experts.linear_fc2.weight15 (param.main_grad.dtype=torch.float32)
	module.decoder.layers.1.mlp.experts.linear_fc2.weight14 (param.main_grad.dtype=torch.float32)
Params for bucket 86 (40894464 elements, 40894464 padded size, 0 param(s) with extra main_grads):
	module.decoder.layers.1.mlp.experts.linear_fc2.weight13 (param.main_grad.dtype=torch.float32)
	module.decoder.layers.1.mlp.experts.linear_fc2.weight12 (param.main_grad.dtype=torch.float32)
	module.decoder.layers.1.mlp.experts.linear_fc2.weight11 (param.main_grad.dtype=torch.float32)
	module.decoder.layers.1.mlp.experts.linear_fc2.weight10 (param.main_grad.dtype=torch.float32)
	module.decoder.layers.1.mlp.experts.linear_fc2.weight9 (param.main_grad.dtype=torch.float32)
	module.decoder.layers.1.mlp.experts.linear_fc2.weight8 (param.main_grad.dtype=torch.float32)
	module.decoder.layers.1.mlp.experts.linear_fc2.weight7 (param.main_grad.dtype=torch.float32)
	module.decoder.layers.1.mlp.experts.linear_fc2.weight6 (param.main_grad.dtype=torch.float32)
	module.decoder.layers.1.mlp.experts.linear_fc2.weight5 (param.main_grad.dtype=torch.float32)
	module.decoder.layers.1.mlp.experts.linear_fc2.weight4 (param.main_grad.dtype=torch.float32)
	module.decoder.layers.1.mlp.experts.linear_fc2.weight3 (param.main_grad.dtype=torch.float32)
	module.decoder.layers.1.mlp.experts.linear_fc2.weight2 (param.main_grad.dtype=torch.float32)
	module.decoder.layers.1.mlp.experts.linear_fc2.weight1 (param.main_grad.dtype=torch.float32)
	module.decoder.layers.1.mlp.experts.linear_fc2.weight0 (param.main_grad.dtype=torch.float32)
	module.decoder.layers.1.mlp.experts.linear_fc1.weight15 (param.main_grad.dtype=torch.float32)
	module.decoder.layers.1.mlp.experts.linear_fc1.weight14 (param.main_grad.dtype=torch.float32)
	module.decoder.layers.1.mlp.experts.linear_fc1.weight13 (param.main_grad.dtype=torch.float32)
	module.decoder.layers.1.mlp.experts.linear_fc1.weight12 (param.main_grad.dtype=torch.float32)
	module.decoder.layers.1.mlp.experts.linear_fc1.weight11 (param.main_grad.dtype=torch.float32)
	module.decoder.layers.1.mlp.experts.linear_fc1.weight10 (param.main_grad.dtype=torch.float32)
Params for bucket 87 (40894464 elements, 40894464 padded size, 0 param(s) with extra main_grads):
	module.decoder.layers.1.mlp.experts.linear_fc1.weight9 (param.main_grad.dtype=torch.float32)
	module.decoder.layers.1.mlp.experts.linear_fc1.weight8 (param.main_grad.dtype=torch.float32)
	module.decoder.layers.1.mlp.experts.linear_fc1.weight7 (param.main_grad.dtype=torch.float32)
	module.decoder.layers.1.mlp.experts.linear_fc1.weight6 (param.main_grad.dtype=torch.float32)
	module.decoder.layers.1.mlp.experts.linear_fc1.weight5 (param.main_grad.dtype=torch.float32)
	module.decoder.layers.1.mlp.experts.linear_fc1.weight4 (param.main_grad.dtype=torch.float32)
	module.decoder.layers.1.mlp.experts.linear_fc1.weight3 (param.main_grad.dtype=torch.float32)
	module.decoder.layers.1.mlp.experts.linear_fc1.weight2 (param.main_grad.dtype=torch.float32)
	module.decoder.layers.1.mlp.experts.linear_fc1.weight1 (param.main_grad.dtype=torch.float32)
	module.decoder.layers.1.mlp.experts.linear_fc1.weight0 (param.main_grad.dtype=torch.float32)
	module.decoder.layers.0.mlp.experts.linear_fc2.weight15 (param.main_grad.dtype=torch.float32)
	module.decoder.layers.0.mlp.experts.linear_fc2.weight14 (param.main_grad.dtype=torch.float32)
	module.decoder.layers.0.mlp.experts.linear_fc2.weight13 (param.main_grad.dtype=torch.float32)
	module.decoder.layers.0.mlp.experts.linear_fc2.weight12 (param.main_grad.dtype=torch.float32)
	module.decoder.layers.0.mlp.experts.linear_fc2.weight11 (param.main_grad.dtype=torch.float32)
	module.decoder.layers.0.mlp.experts.linear_fc2.weight10 (param.main_grad.dtype=torch.float32)
Params for bucket 88 (40894464 elements, 40894464 padded size, 0 param(s) with extra main_grads):
	module.decoder.layers.0.mlp.experts.linear_fc2.weight9 (param.main_grad.dtype=torch.float32)
	module.decoder.layers.0.mlp.experts.linear_fc2.weight8 (param.main_grad.dtype=torch.float32)
	module.decoder.layers.0.mlp.experts.linear_fc2.weight7 (param.main_grad.dtype=torch.float32)
	module.decoder.layers.0.mlp.experts.linear_fc2.weight6 (param.main_grad.dtype=torch.float32)
	module.decoder.layers.0.mlp.experts.linear_fc2.weight5 (param.main_grad.dtype=torch.float32)
	module.decoder.layers.0.mlp.experts.linear_fc2.weight4 (param.main_grad.dtype=torch.float32)
	module.decoder.layers.0.mlp.experts.linear_fc2.weight3 (param.main_grad.dtype=torch.float32)
	module.decoder.layers.0.mlp.experts.linear_fc2.weight2 (param.main_grad.dtype=torch.float32)
	module.decoder.layers.0.mlp.experts.linear_fc2.weight1 (param.main_grad.dtype=torch.float32)
	module.decoder.layers.0.mlp.experts.linear_fc2.weight0 (param.main_grad.dtype=torch.float32)
	module.decoder.layers.0.mlp.experts.linear_fc1.weight15 (param.main_grad.dtype=torch.float32)
	module.decoder.layers.0.mlp.experts.linear_fc1.weight14 (param.main_grad.dtype=torch.float32)
	module.decoder.layers.0.mlp.experts.linear_fc1.weight13 (param.main_grad.dtype=torch.float32)
	module.decoder.layers.0.mlp.experts.linear_fc1.weight12 (param.main_grad.dtype=torch.float32)
	module.decoder.layers.0.mlp.experts.linear_fc1.weight11 (param.main_grad.dtype=torch.float32)
	module.decoder.layers.0.mlp.experts.linear_fc1.weight10 (param.main_grad.dtype=torch.float32)
	module.decoder.layers.0.mlp.experts.linear_fc1.weight9 (param.main_grad.dtype=torch.float32)
	module.decoder.layers.0.mlp.experts.linear_fc1.weight8 (param.main_grad.dtype=torch.float32)
Params for bucket 89 (25165824 elements, 25165824 padded size, 0 param(s) with extra main_grads):
	module.decoder.layers.0.mlp.experts.linear_fc1.weight7 (param.main_grad.dtype=torch.float32)
	module.decoder.layers.0.mlp.experts.linear_fc1.weight6 (param.main_grad.dtype=torch.float32)
	module.decoder.layers.0.mlp.experts.linear_fc1.weight5 (param.main_grad.dtype=torch.float32)
	module.decoder.layers.0.mlp.experts.linear_fc1.weight4 (param.main_grad.dtype=torch.float32)
	module.decoder.layers.0.mlp.experts.linear_fc1.weight3 (param.main_grad.dtype=torch.float32)
	module.decoder.layers.0.mlp.experts.linear_fc1.weight2 (param.main_grad.dtype=torch.float32)
	module.decoder.layers.0.mlp.experts.linear_fc1.weight1 (param.main_grad.dtype=torch.float32)
	module.decoder.layers.0.mlp.experts.linear_fc1.weight0 (param.main_grad.dtype=torch.float32)
INFO:megatron.core.optimizer:Setting up optimizer with config AdamOptimizerConfig(lr=1e-06, min_lr=1e-08, decoupled_lr=None, decoupled_min_lr=None, weight_decay=0.1, apply_wd_to_qk_layernorm=False, fp8_recipe='delayed', fp16=False, bf16=True, reuse_grad_buf_for_mxfp8_param_ag=False, params_dtype=torch.bfloat16, use_precision_aware_optimizer=False, store_param_remainders=True, main_grads_dtype=torch.float32, main_params_dtype=torch.float32, exp_avg_dtype=torch.float32, exp_avg_sq_dtype=torch.float32, optimizer='adam', loss_scale=None, initial_loss_scale=4294967296, min_loss_scale=1.0, loss_scale_window=1000, hysteresis=2, adam_beta1=0.9, adam_beta2=0.95, adam_eps=1e-08, decoupled_weight_decay=True, sgd_momentum=0.9, muon_momentum=0.9, muon_split_qkv=True, muon_use_nesterov=False, muon_scale_mode='spectral', muon_fp32_matmul_prec='medium', muon_coefficient_type='quintic', muon_num_ns_steps=5, muon_tp_mode='blockwise', muon_extra_scale_factor=1.0, muon_scalar_optimizer='adam', lion_beta1=0.95, lion_beta2=0.98, use_distributed_optimizer=True, overlap_param_gather=True, overlap_param_gather_with_optimizer_step=False, optimizer_cpu_offload=False, optimizer_offload_fraction=1.0, use_torch_optimizer_for_cpu_offload=False, overlap_cpu_optimizer_d2h_h2d=False, pin_cpu_grads=True, pin_cpu_params=True, clip_grad=1.0, log_num_zeros_in_grad=False, barrier_with_L1_time=True, timers=<megatron.core.timers.Timers object at 0x7f8fad9e7f50>, config_logger_dir='', optimizer_cuda_graph=False)
INFO:megatron.core.optimizer_param_scheduler:> learning rate decay style: cosine
[after model, optimizer, and learning rate scheduler are built] datetime: 2026-07-17 07:51:07.960966 
> building train, validation, and test datasets ...
 > datasets target sizes (minimum size):
    train:      1600
    validation: 160
    test:       160
INFO:megatron.core.datasets.blended_megatron_dataset_config:Let split_matrix = [(0, 0.949), (0.949, 0.999), (0.999, 1.0)]
> building train, validation, and test datasets for GPT ...
INFO:megatron.core.datasets.blended_megatron_dataset_builder:Building GPTDataset splits with sizes=(1600, 160, 160) and config=GPTDatasetConfig(random_seed=1234, sequence_length=8192, blend=(['/workspace/qwen3/mmap_qwen3_datasets_text_document'], None), blend_per_split=None, multiple_validation_sets=False, full_validation=False, split='949,50,1', split_matrix=[(0, 0.949), (0.949, 0.999), (0.999, 1.0)], num_dataset_builder_threads=1, path_to_cache=None, mmap_bin_files=True, mock=False, tokenizer=<megatron.core.tokenizers.text.models.default_tokenizer.DefaultTokenizerText object at 0x7f8d482c2090>, mid_level_dataset_surplus=0.005, allow_ambiguous_pad_tokens=False, fast_cache_load=False, defer_npy_index_mmap=False, reset_position_ids=False, reset_attention_mask=False, eod_mask_loss=False, create_attention_mask=True, drop_last_partial_validation_sequence=True, add_extra_token_to_sequence=True, object_storage_cache_path=None, data_parallel_size=8, sequence_parallel_size=0, hybrid_context_parallel=False, sequences_per_dataset=None, token_dtype_code=4, context_parallel_size=1)
INFO:megatron.core.datasets.indexed_dataset:Load the _IndexReader from /workspace/qwen3/mmap_qwen3_datasets_text_document.idx
INFO:megatron.core.datasets.indexed_dataset:	Extract the sequence lengths
INFO:megatron.core.datasets.indexed_dataset:	Extract the sequence pointers
INFO:megatron.core.datasets.indexed_dataset:	Extract the document indices
INFO:megatron.core.datasets.indexed_dataset:> total number of sequences: 49999
INFO:megatron.core.datasets.indexed_dataset:> total number of documents: 50000
INFO:megatron.core.datasets.gpt_dataset:Load the GPTDataset train indices
INFO:megatron.core.datasets.gpt_dataset:	Load the document index from 28d267c24bcf06f1e4e85736d2e5a128-GPTDataset-train-document_index.npy
INFO:megatron.core.datasets.gpt_dataset:	Load the sample index from 28d267c24bcf06f1e4e85736d2e5a128-GPTDataset-train-sample_index.npy
INFO:megatron.core.datasets.gpt_dataset:	Load the shuffle index from 28d267c24bcf06f1e4e85736d2e5a128-GPTDataset-train-shuffle_index.npy
INFO:megatron.core.datasets.gpt_dataset:> total number of samples: 5970
INFO:megatron.core.datasets.gpt_dataset:Load the GPTDataset valid indices
INFO:megatron.core.datasets.gpt_dataset:	Load the document index from d0b6c99041ae600590673056af96df5a-GPTDataset-valid-document_index.npy
INFO:megatron.core.datasets.gpt_dataset:	Load the sample index from d0b6c99041ae600590673056af96df5a-GPTDataset-valid-sample_index.npy
INFO:megatron.core.datasets.gpt_dataset:	Load the shuffle index from d0b6c99041ae600590673056af96df5a-GPTDataset-valid-shuffle_index.npy
INFO:megatron.core.datasets.gpt_dataset:> total number of samples: 335
INFO:megatron.core.datasets.gpt_dataset:Load the GPTDataset test indices
INFO:megatron.core.datasets.gpt_dataset:	Load the document index from 163ec8168521180e993b41100dffb39a-GPTDataset-test-document_index.npy
INFO:megatron.core.datasets.gpt_dataset:	Load the sample index from 163ec8168521180e993b41100dffb39a-GPTDataset-test-sample_index.npy
INFO:megatron.core.datasets.gpt_dataset:	Load the shuffle index from 163ec8168521180e993b41100dffb39a-GPTDataset-test-shuffle_index.npy
INFO:megatron.core.datasets.gpt_dataset:> total number of samples: 160
> finished creating GPT datasets ...
[after dataloaders are built] datetime: 2026-07-17 07:51:09.113122 
done with setup ...
training ...
INFO:megatron.core.timers:(min, max) time across ranks (ms):
    model-and-optimizer-setup ......................: (3636.34, 3674.95)
    train/valid/test-data-iterators-setup ..........: (1111.80, 1150.35)
Overwriting rerun_state_machine.current_iteration from -1 to 0...
[before the start of training step] datetime: 2026-07-17 07:51:09.354107 
WARNING:megatron.core.rerun_state_machine:Result validation enabled
/workspace/dcu_megatron/Megatron-LM/megatron/core/pipeline_parallel/schedules.py:211: UserWarning: The AccumulateGrad node's stream does not match the stream of the node that produced the incoming gradient. This may incur unnecessary synchronization and break CUDA graph capture if the AccumulateGrad node's stream is the default stream. This mismatch is caused by an AccumulateGrad node created prior to the current iteration being kept alive. This can happen if the autograd graph is still being kept alive by tensors such as the loss, or if you are using DDP, which will stash a reference to the node. To resolve the mismatch, delete all references to the autograd graph or ensure that DDP initialization is performed under the same stream as subsequent forwards. If the mismatch is intentional, you can use torch.autograd.graph.set_warn_on_accumulate_grad_stream_mismatch(False) to suppress this warning. (Triggered internally at /opt/pytorch/pytorch/torch/csrc/autograd/input_buffer.cpp:240.)
  Variable._execution_engine.run_backward(
/workspace/dcu_megatron/Megatron-LM/megatron/core/pipeline_parallel/schedules.py:211: UserWarning: The AccumulateGrad node's stream does not match the stream of the node that produced the incoming gradient. This may incur unnecessary synchronization and break CUDA graph capture if the AccumulateGrad node's stream is the default stream. This mismatch is caused by an AccumulateGrad node created prior to the current iteration being kept alive. This can happen if the autograd graph is still being kept alive by tensors such as the loss, or if you are using DDP, which will stash a reference to the node. To resolve the mismatch, delete all references to the autograd graph or ensure that DDP initialization is performed under the same stream as subsequent forwards. If the mismatch is intentional, you can use torch.autograd.graph.set_warn_on_accumulate_grad_stream_mismatch(False) to suppress this warning. (Triggered internally at /opt/pytorch/pytorch/torch/csrc/autograd/input_buffer.cpp:240.)
  Variable._execution_engine.run_backward(
/workspace/dcu_megatron/Megatron-LM/megatron/core/pipeline_parallel/schedules.py:211: UserWarning: The AccumulateGrad node's stream does not match the stream of the node that produced the incoming gradient. This may incur unnecessary synchronization and break CUDA graph capture if the AccumulateGrad node's stream is the default stream. This mismatch is caused by an AccumulateGrad node created prior to the current iteration being kept alive. This can happen if the autograd graph is still being kept alive by tensors such as the loss, or if you are using DDP, which will stash a reference to the node. To resolve the mismatch, delete all references to the autograd graph or ensure that DDP initialization is performed under the same stream as subsequent forwards. If the mismatch is intentional, you can use torch.autograd.graph.set_warn_on_accumulate_grad_stream_mismatch(False) to suppress this warning. (Triggered internally at /opt/pytorch/pytorch/torch/csrc/autograd/input_buffer.cpp:240.)
  Variable._execution_engine.run_backward(
/workspace/dcu_megatron/Megatron-LM/megatron/core/pipeline_parallel/schedules.py:211: UserWarning: The AccumulateGrad node's stream does not match the stream of the node that produced the incoming gradient. This may incur unnecessary synchronization and break CUDA graph capture if the AccumulateGrad node's stream is the default stream. This mismatch is caused by an AccumulateGrad node created prior to the current iteration being kept alive. This can happen if the autograd graph is still being kept alive by tensors such as the loss, or if you are using DDP, which will stash a reference to the node. To resolve the mismatch, delete all references to the autograd graph or ensure that DDP initialization is performed under the same stream as subsequent forwards. If the mismatch is intentional, you can use torch.autograd.graph.set_warn_on_accumulate_grad_stream_mismatch(False) to suppress this warning. (Triggered internally at /opt/pytorch/pytorch/torch/csrc/autograd/input_buffer.cpp:240.)
  Variable._execution_engine.run_backward(
/workspace/dcu_megatron/Megatron-LM/megatron/core/pipeline_parallel/schedules.py:211: UserWarning: The AccumulateGrad node's stream does not match the stream of the node that produced the incoming gradient. This may incur unnecessary synchronization and break CUDA graph capture if the AccumulateGrad node's stream is the default stream. This mismatch is caused by an AccumulateGrad node created prior to the current iteration being kept alive. This can happen if the autograd graph is still being kept alive by tensors such as the loss, or if you are using DDP, which will stash a reference to the node. To resolve the mismatch, delete all references to the autograd graph or ensure that DDP initialization is performed under the same stream as subsequent forwards. If the mismatch is intentional, you can use torch.autograd.graph.set_warn_on_accumulate_grad_stream_mismatch(False) to suppress this warning. (Triggered internally at /opt/pytorch/pytorch/torch/csrc/autograd/input_buffer.cpp:240.)
  Variable._execution_engine.run_backward(
/workspace/dcu_megatron/Megatron-LM/megatron/core/pipeline_parallel/schedules.py:211: UserWarning: The AccumulateGrad node's stream does not match the stream of the node that produced the incoming gradient. This may incur unnecessary synchronization and break CUDA graph capture if the AccumulateGrad node's stream is the default stream. This mismatch is caused by an AccumulateGrad node created prior to the current iteration being kept alive. This can happen if the autograd graph is still being kept alive by tensors such as the loss, or if you are using DDP, which will stash a reference to the node. To resolve the mismatch, delete all references to the autograd graph or ensure that DDP initialization is performed under the same stream as subsequent forwards. If the mismatch is intentional, you can use torch.autograd.graph.set_warn_on_accumulate_grad_stream_mismatch(False) to suppress this warning. (Triggered internally at /opt/pytorch/pytorch/torch/csrc/autograd/input_buffer.cpp:240.)
  Variable._execution_engine.run_backward(
/workspace/dcu_megatron/Megatron-LM/megatron/core/pipeline_parallel/schedules.py:211: UserWarning: The AccumulateGrad node's stream does not match the stream of the node that produced the incoming gradient. This may incur unnecessary synchronization and break CUDA graph capture if the AccumulateGrad node's stream is the default stream. This mismatch is caused by an AccumulateGrad node created prior to the current iteration being kept alive. This can happen if the autograd graph is still being kept alive by tensors such as the loss, or if you are using DDP, which will stash a reference to the node. To resolve the mismatch, delete all references to the autograd graph or ensure that DDP initialization is performed under the same stream as subsequent forwards. If the mismatch is intentional, you can use torch.autograd.graph.set_warn_on_accumulate_grad_stream_mismatch(False) to suppress this warning. (Triggered internally at /opt/pytorch/pytorch/torch/csrc/autograd/input_buffer.cpp:240.)
  Variable._execution_engine.run_backward(
/workspace/dcu_megatron/Megatron-LM/megatron/core/pipeline_parallel/schedules.py:211: UserWarning: The AccumulateGrad node's stream does not match the stream of the node that produced the incoming gradient. This may incur unnecessary synchronization and break CUDA graph capture if the AccumulateGrad node's stream is the default stream. This mismatch is caused by an AccumulateGrad node created prior to the current iteration being kept alive. This can happen if the autograd graph is still being kept alive by tensors such as the loss, or if you are using DDP, which will stash a reference to the node. To resolve the mismatch, delete all references to the autograd graph or ensure that DDP initialization is performed under the same stream as subsequent forwards. If the mismatch is intentional, you can use torch.autograd.graph.set_warn_on_accumulate_grad_stream_mismatch(False) to suppress this warning. (Triggered internally at /opt/pytorch/pytorch/torch/csrc/autograd/input_buffer.cpp:240.)
  Variable._execution_engine.run_backward(
/usr/local/lib/python3.12/dist-packages/torch/distributed/c10d_logger.py:83: UserWarning: barrier(): using the device under current context. You can specify `device_id` in `init_process_group` to mute this warning.
  return func(*args, **kwargs)
 [2026-07-17 07:51:50.615071] iteration        1/      50 | consumed samples:           32 | elapsed time per iteration (ms): 41260.8 | throughput per GPU (TFLOP/s/GPU): 22.1 | learning rate: 1.000000E-06 | global batch size:    32 | lm loss: 1.196944E+01 | load_balancing_loss: 1.535914E+00 | loss scale: 1.0 | grad norm: 35.395 | number of skipped iterations:   0 | number of nan iterations:   0 |
Number of parameters in transformer block in billions:  29.90
Number of active parameters in transformer block in billions:  2.72
Number of parameters in embedding layers in billions: 0.62
Total number of parameters in billions: 30.52
Total number of active parameters in billions: 3.34
Number of parameters in most loaded shard in billions: 30.5185
compute_activation_memory_without_sp
Activation memory footprint per transformer layer (precise, without SP): 544.0 MB
Theoretical memory footprints: weight and optimizer=218285.17 MB, activation=29956.57 MB, total=248241.74 MB

[Rank 0] (after 1 iterations) memory (MB) | allocated: 74626.80 | max allocated: 96039.11 | reserved: 103242.00 | max reserved: 103242.00
 [2026-07-17 07:52:02.235155] iteration        2/      50 | consumed samples:           64 | elapsed time per iteration (ms): 26440.3 | throughput per GPU (TFLOP/s/GPU): 34.5 | learning rate: 9.989830E-07 | global batch size:    32 | lm loss: 1.196587E+01 | load_balancing_loss: 1.536059E+00 | loss scale: 1.0 | grad norm: 37.713 | number of skipped iterations:   0 | number of nan iterations:   0 |
Number of parameters in transformer block in billions:  29.90
Number of active parameters in transformer block in billions:  2.72
Number of parameters in embedding layers in billions: 0.62
Total number of parameters in billions: 30.52
Total number of active parameters in billions: 3.34
Number of parameters in most loaded shard in billions: 30.5185
compute_activation_memory_without_sp
Activation memory footprint per transformer layer (precise, without SP): 544.0 MB
Theoretical memory footprints: weight and optimizer=218285.17 MB, activation=29956.57 MB, total=248241.74 MB

[Rank 0] (after 2 iterations) memory (MB) | allocated: 74626.73 | max allocated: 124827.83 | reserved: 127720.00 | max reserved: 127720.00
 [2026-07-17 07:52:13.086067] iteration        3/      50 | consumed samples:           96 | elapsed time per iteration (ms): 10850.7 | throughput per GPU (TFLOP/s/GPU): 84.1 | learning rate: 9.959360E-07 | global batch size:    32 | lm loss: 1.178577E+01 | load_balancing_loss: 1.535263E+00 | loss scale: 1.0 | grad norm: 34.229 | number of skipped iterations:   0 | number of nan iterations:   0 |
 [2026-07-17 07:52:25.330641] iteration        4/      50 | consumed samples:          128 | elapsed time per iteration (ms): 12244.4 | throughput per GPU (TFLOP/s/GPU): 74.5 | learning rate: 9.908717E-07 | global batch size:    32 | lm loss: 1.155100E+01 | load_balancing_loss: 1.545573E+00 | loss scale: 1.0 | grad norm: 32.067 | number of skipped iterations:   0 | number of nan iterations:   0 |
 [2026-07-17 07:52:37.531129] iteration        5/      50 | consumed samples:          160 | elapsed time per iteration (ms): 12200.3 | throughput per GPU (TFLOP/s/GPU): 74.8 | learning rate: 9.838110E-07 | global batch size:    32 | lm loss: 1.139156E+01 | load_balancing_loss: 1.551615E+00 | loss scale: 1.0 | grad norm: 24.956 | number of skipped iterations:   0 | number of nan iterations:   0 |
 [2026-07-17 07:52:50.142640] iteration        6/      50 | consumed samples:          192 | elapsed time per iteration (ms): 12611.1 | throughput per GPU (TFLOP/s/GPU): 72.3 | learning rate: 9.747826E-07 | global batch size:    32 | lm loss: 1.127540E+01 | load_balancing_loss: 1.557948E+00 | loss scale: 1.0 | grad norm: 16.180 | number of skipped iterations:   0 | number of nan iterations:   0 |
 [2026-07-17 07:53:02.691348] iteration        7/      50 | consumed samples:          224 | elapsed time per iteration (ms): 12548.6 | throughput per GPU (TFLOP/s/GPU): 72.7 | learning rate: 9.638238E-07 | global batch size:    32 | lm loss: 1.122185E+01 | load_balancing_loss: 1.555639E+00 | loss scale: 1.0 | grad norm: 14.244 | number of skipped iterations:   0 | number of nan iterations:   0 |
 [2026-07-17 07:53:15.359135] iteration        8/      50 | consumed samples:          256 | elapsed time per iteration (ms): 12667.5 | throughput per GPU (TFLOP/s/GPU): 72.0 | learning rate: 9.509796E-07 | global batch size:    32 | lm loss: 1.120589E+01 | load_balancing_loss: 1.554611E+00 | loss scale: 1.0 | grad norm: 11.520 | number of skipped iterations:   0 | number of nan iterations:   0 |
 [2026-07-17 07:53:28.647727] iteration        9/      50 | consumed samples:          288 | elapsed time per iteration (ms): 13288.4 | throughput per GPU (TFLOP/s/GPU): 68.6 | learning rate: 9.363027E-07 | global batch size:    32 | lm loss: 1.112623E+01 | load_balancing_loss: 1.550802E+00 | loss scale: 1.0 | grad norm: 8.113 | number of skipped iterations:   0 | number of nan iterations:   0 |
 [2026-07-17 07:53:41.388696] iteration       10/      50 | consumed samples:          320 | elapsed time per iteration (ms): 12740.6 | throughput per GPU (TFLOP/s/GPU): 71.6 | learning rate: 9.198536E-07 | global batch size:    32 | lm loss: 1.112752E+01 | load_balancing_loss: 1.543905E+00 | loss scale: 1.0 | grad norm: 7.980 | number of skipped iterations:   0 | number of nan iterations:   0 |
WARNING:megatron.core.utils:CUDA out of memory. Tried to allocate 4.63 GiB. GPU 4 has a total capacity of 139.80 GiB of which 1.16 GiB is free. Including non-PyTorch memory, this process has 138.63 GiB memory in use. Of the allocated memory 124.92 GiB is allocated by PyTorch, and 5.59 GiB is reserved by PyTorch but unallocated. If reserved but unallocated memory is large try setting PYTORCH_CUDA_ALLOC_CONF=expandable_segments:True to avoid fragmentation.  See documentation for Memory Management  (https://pytorch.org/docs/stable/notes/cuda.html#environment-variables)
['Traceback (most recent call last):\n', '  File "/workspace/dcu_megatron/pretrain_gpt.py", line 282, in forward_step\n    output_tensor = model(\n                    ^^^^^^\n', '  File "/usr/local/lib/python3.12/dist-packages/torch/nn/modules/module.py", line 1776, in _wrapped_call_impl\n    return self._call_impl(*args, **kwargs)\n           ^^^^^^^^^^^^^^^^^^^^^^^^^^^^^^^^\n', '  File "/usr/local/lib/python3.12/dist-packages/torch/nn/modules/module.py", line 1787, in _call_impl\n    return forward_call(*args, **kwargs)\n           ^^^^^^^^^^^^^^^^^^^^^^^^^^^^^\n', '  File "/workspace/dcu_megatron/Megatron-LM/megatron/core/distributed/data_parallel_base.py", line 22, in forward\n    return self.module(*inputs, **kwargs)\n           ^^^^^^^^^^^^^^^^^^^^^^^^^^^^^^\n', '  File "/usr/local/lib/python3.12/dist-packages/torch/nn/modules/module.py", line 1776, in _wrapped_call_impl\n    return self._call_impl(*args, **kwargs)\n           ^^^^^^^^^^^^^^^^^^^^^^^^^^^^^^^^\n', '  File "/usr/local/lib/python3.12/dist-packages/torch/nn/modules/module.py", line 1882, in _call_impl\n    return inner()\n           ^^^^^^^\n', '  File "/usr/local/lib/python3.12/dist-packages/torch/nn/modules/module.py", line 1830, in inner\n    result = forward_call(*args, **kwargs)\n             ^^^^^^^^^^^^^^^^^^^^^^^^^^^^^\n', '  File "/workspace/dcu_megatron/Megatron-LM/megatron/core/transformer/module.py", line 493, in forward\n    outputs = self.module(*inputs, **kwargs)\n              ^^^^^^^^^^^^^^^^^^^^^^^^^^^^^^\n', '  File "/usr/local/lib/python3.12/dist-packages/torch/nn/modules/module.py", line 1776, in _wrapped_call_impl\n    return self._call_impl(*args, **kwargs)\n           ^^^^^^^^^^^^^^^^^^^^^^^^^^^^^^^^\n', '  File "/usr/local/lib/python3.12/dist-packages/torch/nn/modules/module.py", line 1882, in _call_impl\n    return inner()\n           ^^^^^^^\n', '  File "/usr/local/lib/python3.12/dist-packages/torch/nn/modules/module.py", line 1830, in inner\n    result = forward_call(*args, **kwargs)\n             ^^^^^^^^^^^^^^^^^^^^^^^^^^^^^\n', '  File "/workspace/dcu_megatron/hcu_megatron/core/models/gpt/gpt_model.py", line 835, in forward\n    return self._postprocess(\n           ^^^^^^^^^^^^^^^^^^\n', '  File "/workspace/dcu_megatron/hcu_megatron/core/models/gpt/gpt_model.py", line 191, in gpt_model_postprocess\n    loss = self.compute_language_model_loss(labels, logits)\n           ^^^^^^^^^^^^^^^^^^^^^^^^^^^^^^^^^^^^^^^^^^^^^^^^\n', '  File "/workspace/dcu_megatron/Megatron-LM/megatron/core/models/common/language_module/language_module.py", line 168, in compute_language_model_loss\n    loss = tensor_parallel.vocab_parallel_cross_entropy(logits, labels)\n           ^^^^^^^^^^^^^^^^^^^^^^^^^^^^^^^^^^^^^^^^^^^^^^^^^^^^^^^^^^^^\n', '  File "/workspace/dcu_megatron/Megatron-LM/megatron/core/tensor_parallel/cross_entropy.py", line 232, in vocab_parallel_cross_entropy\n    return _VocabParallelCrossEntropy.apply(vocab_parallel_logits, target, label_smoothing)\n           ^^^^^^^^^^^^^^^^^^^^^^^^^^^^^^^^^^^^^^^^^^^^^^^^^^^^^^^^^^^^^^^^^^^^^^^^^^^^^^^^\n', '  File "/usr/local/lib/python3.12/dist-packages/torch/autograd/function.py", line 583, in apply\n    return super().apply(*args, **kwargs)  # type: ignore[misc]\n           ^^^^^^^^^^^^^^^^^^^^^^^^^^^^^^\n', '  File "/usr/local/lib/python3.12/dist-packages/torch/_dynamo/eval_frame.py", line 926, in compile_wrapper\n    return fn(*args, **kwargs)\n           ^^^^^^^^^^^^^^^^^^^\n', '  File "/workspace/dcu_megatron/Megatron-LM/megatron/core/tensor_parallel/cross_entropy.py", line 123, in forward\n    @staticmethod\n', '  File "/usr/local/lib/python3.12/dist-packages/torch/_dynamo/eval_frame.py", line 1154, in _fn\n    return fn(*args, **kwargs)\n           ^^^^^^^^^^^^^^^^^^^\n', '  File "/usr/local/lib/python3.12/dist-packages/torch/_functorch/aot_autograd.py", line 1148, in forward\n    return compiled_fn(full_args)\n           ^^^^^^^^^^^^^^^^^^^^^^\n', '  File "/usr/local/lib/python3.12/dist-packages/torch/_functorch/_aot_autograd/runtime_wrappers.py", line 357, in runtime_wrapper\n    all_outs = call_func_at_runtime_with_args(\n               ^^^^^^^^^^^^^^^^^^^^^^^^^^^^^^^\n', '  File "/usr/local/lib/python3.12/dist-packages/torch/_functorch/_aot_autograd/utils.py", line 134, in call_func_at_runtime_with_args\n    out = normalize_as_list(f(args))\n                            ^^^^^^^\n', '  File "/usr/local/lib/python3.12/dist-packages/torch/_functorch/_aot_autograd/runtime_wrappers.py", line 1962, in __call__\n    return self.compiled_fn(*args, **kwargs)\n           ^^^^^^^^^^^^^^^^^^^^^^^^^^^^^^^^^\n', '  File "/usr/local/lib/python3.12/dist-packages/torch/_functorch/_aot_autograd/runtime_wrappers.py", line 531, in wrapper\n    return compiled_fn(runtime_args)\n           ^^^^^^^^^^^^^^^^^^^^^^^^^\n', '  File "/usr/local/lib/python3.12/dist-packages/torch/_functorch/_aot_autograd/runtime_wrappers.py", line 729, in inner_fn\n    outs = compiled_fn(args)\n           ^^^^^^^^^^^^^^^^^\n', '  File "/usr/local/lib/python3.12/dist-packages/torch/_inductor/output_code.py", line 627, in __call__\n    return self.current_callable(inputs)\n           ^^^^^^^^^^^^^^^^^^^^^^^^^^^^^\n', '  File "/usr/local/lib/python3.12/dist-packages/torch/_inductor/utils.py", line 3247, in run\n    out = model(new_inputs)\n          ^^^^^^^^^^^^^^^^^\n', '  File "/tmp/torchinductor_root/qs/cqszxnhlniprkjjy6sygdurno3vh4s6ptpnruvnpkkyw2d3xejqp.py", line 411, in call\n    buf18 = empty_strided_cuda((8192, 1, 151680), (151680, 151680, 1), torch.float32)\n            ^^^^^^^^^^^^^^^^^^^^^^^^^^^^^^^^^^^^^^^^^^^^^^^^^^^^^^^^^^^^^^^^^^^^^^^^^\n', 'torch.OutOfMemoryError: CUDA out of memory. Tried to allocate 4.63 GiB. GPU 4 has a total capacity of 139.80 GiB of which 1.16 GiB is free. Including non-PyTorch memory, this process has 138.63 GiB memory in use. Of the allocated memory 124.92 GiB is allocated by PyTorch, and 5.59 GiB is reserved by PyTorch but unallocated. If reserved but unallocated memory is large try setting PYTORCH_CUDA_ALLOC_CONF=expandable_segments:True to avoid fragmentation.  See documentation for Memory Management  (https://pytorch.org/docs/stable/notes/cuda.html#environment-variables)\n']
[rank4]: Traceback (most recent call last):
[rank4]:   File "/workspace/dcu_megatron/pretrain_gpt.py", line 433, in <module>
[rank4]:     pretrain(
[rank4]:   File "/workspace/dcu_megatron/Megatron-LM/megatron/training/training.py", line 1180, in pretrain
[rank4]:     iteration, num_floating_point_operations_so_far = train(
[rank4]:                                                       ^^^^^^
[rank4]:   File "/workspace/dcu_megatron/hcu_megatron/training/training.py", line 2041, in train
[rank4]:     ) = train_step(
[rank4]:         ^^^^^^^^^^^
[rank4]:   File "/workspace/dcu_megatron/hcu_megatron/training/training.py", line 894, in train_step
[rank4]:     losses_reduced = forward_backward_func(
[rank4]:                      ^^^^^^^^^^^^^^^^^^^^^^
[rank4]:   File "/workspace/dcu_megatron/Megatron-LM/megatron/core/pipeline_parallel/schedules.py", line 686, in forward_backward_no_pipelining
[rank4]:     output_tensor, num_tokens = forward_step(
[rank4]:                                 ^^^^^^^^^^^^^
[rank4]:   File "/workspace/dcu_megatron/Megatron-LM/megatron/core/pipeline_parallel/schedules.py", line 428, in forward_step
[rank4]:     output_tensor, loss_func = forward_step_func(data_iterator, model)
[rank4]:                                ^^^^^^^^^^^^^^^^^^^^^^^^^^^^^^^^^^^^^^^
[rank4]:   File "/workspace/dcu_megatron/pretrain_gpt.py", line 282, in forward_step
[rank4]:     output_tensor = model(
[rank4]:                     ^^^^^^
[rank4]:   File "/usr/local/lib/python3.12/dist-packages/torch/nn/modules/module.py", line 1776, in _wrapped_call_impl
[rank4]:     return self._call_impl(*args, **kwargs)
[rank4]:            ^^^^^^^^^^^^^^^^^^^^^^^^^^^^^^^^
[rank4]:   File "/usr/local/lib/python3.12/dist-packages/torch/nn/modules/module.py", line 1787, in _call_impl
[rank4]:     return forward_call(*args, **kwargs)
[rank4]:            ^^^^^^^^^^^^^^^^^^^^^^^^^^^^^
[rank4]:   File "/workspace/dcu_megatron/Megatron-LM/megatron/core/distributed/data_parallel_base.py", line 22, in forward
[rank4]:     return self.module(*inputs, **kwargs)
[rank4]:            ^^^^^^^^^^^^^^^^^^^^^^^^^^^^^^
[rank4]:   File "/usr/local/lib/python3.12/dist-packages/torch/nn/modules/module.py", line 1776, in _wrapped_call_impl
[rank4]:     return self._call_impl(*args, **kwargs)
[rank4]:            ^^^^^^^^^^^^^^^^^^^^^^^^^^^^^^^^
[rank4]:   File "/usr/local/lib/python3.12/dist-packages/torch/nn/modules/module.py", line 1882, in _call_impl
[rank4]:     return inner()
[rank4]:            ^^^^^^^
[rank4]:   File "/usr/local/lib/python3.12/dist-packages/torch/nn/modules/module.py", line 1830, in inner
[rank4]:     result = forward_call(*args, **kwargs)
[rank4]:              ^^^^^^^^^^^^^^^^^^^^^^^^^^^^^
[rank4]:   File "/workspace/dcu_megatron/Megatron-LM/megatron/core/transformer/module.py", line 493, in forward
[rank4]:     outputs = self.module(*inputs, **kwargs)
[rank4]:               ^^^^^^^^^^^^^^^^^^^^^^^^^^^^^^
[rank4]:   File "/usr/local/lib/python3.12/dist-packages/torch/nn/modules/module.py", line 1776, in _wrapped_call_impl
[rank4]:     return self._call_impl(*args, **kwargs)
[rank4]:            ^^^^^^^^^^^^^^^^^^^^^^^^^^^^^^^^
[rank4]:   File "/usr/local/lib/python3.12/dist-packages/torch/nn/modules/module.py", line 1882, in _call_impl
[rank4]:     return inner()
[rank4]:            ^^^^^^^
[rank4]:   File "/usr/local/lib/python3.12/dist-packages/torch/nn/modules/module.py", line 1830, in inner
[rank4]:     result = forward_call(*args, **kwargs)
[rank4]:              ^^^^^^^^^^^^^^^^^^^^^^^^^^^^^
[rank4]:   File "/workspace/dcu_megatron/hcu_megatron/core/models/gpt/gpt_model.py", line 835, in forward
[rank4]:     return self._postprocess(
[rank4]:            ^^^^^^^^^^^^^^^^^^
[rank4]:   File "/workspace/dcu_megatron/hcu_megatron/core/models/gpt/gpt_model.py", line 191, in gpt_model_postprocess
[rank4]:     loss = self.compute_language_model_loss(labels, logits)
[rank4]:            ^^^^^^^^^^^^^^^^^^^^^^^^^^^^^^^^^^^^^^^^^^^^^^^^
[rank4]:   File "/workspace/dcu_megatron/Megatron-LM/megatron/core/models/common/language_module/language_module.py", line 168, in compute_language_model_loss
[rank4]:     loss = tensor_parallel.vocab_parallel_cross_entropy(logits, labels)
[rank4]:            ^^^^^^^^^^^^^^^^^^^^^^^^^^^^^^^^^^^^^^^^^^^^^^^^^^^^^^^^^^^^
[rank4]:   File "/workspace/dcu_megatron/Megatron-LM/megatron/core/tensor_parallel/cross_entropy.py", line 232, in vocab_parallel_cross_entropy
[rank4]:     return _VocabParallelCrossEntropy.apply(vocab_parallel_logits, target, label_smoothing)
[rank4]:            ^^^^^^^^^^^^^^^^^^^^^^^^^^^^^^^^^^^^^^^^^^^^^^^^^^^^^^^^^^^^^^^^^^^^^^^^^^^^^^^^
[rank4]:   File "/usr/local/lib/python3.12/dist-packages/torch/autograd/function.py", line 583, in apply
[rank4]:     return super().apply(*args, **kwargs)  # type: ignore[misc]
[rank4]:            ^^^^^^^^^^^^^^^^^^^^^^^^^^^^^^
[rank4]:   File "/usr/local/lib/python3.12/dist-packages/torch/_dynamo/eval_frame.py", line 926, in compile_wrapper
[rank4]:     return fn(*args, **kwargs)
[rank4]:            ^^^^^^^^^^^^^^^^^^^
[rank4]:   File "/workspace/dcu_megatron/Megatron-LM/megatron/core/tensor_parallel/cross_entropy.py", line 123, in forward
[rank4]:     @staticmethod
[rank4]:   File "/usr/local/lib/python3.12/dist-packages/torch/_dynamo/eval_frame.py", line 1154, in _fn
[rank4]:     return fn(*args, **kwargs)
[rank4]:            ^^^^^^^^^^^^^^^^^^^
[rank4]:   File "/usr/local/lib/python3.12/dist-packages/torch/_functorch/aot_autograd.py", line 1148, in forward
[rank4]:     return compiled_fn(full_args)
[rank4]:            ^^^^^^^^^^^^^^^^^^^^^^
[rank4]:   File "/usr/local/lib/python3.12/dist-packages/torch/_functorch/_aot_autograd/runtime_wrappers.py", line 357, in runtime_wrapper
[rank4]:     all_outs = call_func_at_runtime_with_args(
[rank4]:                ^^^^^^^^^^^^^^^^^^^^^^^^^^^^^^^
[rank4]:   File "/usr/local/lib/python3.12/dist-packages/torch/_functorch/_aot_autograd/utils.py", line 134, in call_func_at_runtime_with_args
[rank4]:     out = normalize_as_list(f(args))
[rank4]:                             ^^^^^^^
[rank4]:   File "/usr/local/lib/python3.12/dist-packages/torch/_functorch/_aot_autograd/runtime_wrappers.py", line 1962, in __call__
[rank4]:     return self.compiled_fn(*args, **kwargs)
[rank4]:            ^^^^^^^^^^^^^^^^^^^^^^^^^^^^^^^^^
[rank4]:   File "/usr/local/lib/python3.12/dist-packages/torch/_functorch/_aot_autograd/runtime_wrappers.py", line 531, in wrapper
[rank4]:     return compiled_fn(runtime_args)
[rank4]:            ^^^^^^^^^^^^^^^^^^^^^^^^^
[rank4]:   File "/usr/local/lib/python3.12/dist-packages/torch/_functorch/_aot_autograd/runtime_wrappers.py", line 729, in inner_fn
[rank4]:     outs = compiled_fn(args)
[rank4]:            ^^^^^^^^^^^^^^^^^
[rank4]:   File "/usr/local/lib/python3.12/dist-packages/torch/_inductor/output_code.py", line 627, in __call__
[rank4]:     return self.current_callable(inputs)
[rank4]:            ^^^^^^^^^^^^^^^^^^^^^^^^^^^^^
[rank4]:   File "/usr/local/lib/python3.12/dist-packages/torch/_inductor/utils.py", line 3247, in run
[rank4]:     out = model(new_inputs)
[rank4]:           ^^^^^^^^^^^^^^^^^
[rank4]:   File "/tmp/torchinductor_root/qs/cqszxnhlniprkjjy6sygdurno3vh4s6ptpnruvnpkkyw2d3xejqp.py", line 411, in call
[rank4]:     buf18 = empty_strided_cuda((8192, 1, 151680), (151680, 151680, 1), torch.float32)
[rank4]:             ^^^^^^^^^^^^^^^^^^^^^^^^^^^^^^^^^^^^^^^^^^^^^^^^^^^^^^^^^^^^^^^^^^^^^^^^^
[rank4]: torch.OutOfMemoryError: CUDA out of memory. Tried to allocate 4.63 GiB. GPU 4 has a total capacity of 139.80 GiB of which 1.16 GiB is free. Including non-PyTorch memory, this process has 138.63 GiB memory in use. Of the allocated memory 124.92 GiB is allocated by PyTorch, and 5.59 GiB is reserved by PyTorch but unallocated. If reserved but unallocated memory is large try setting PYTORCH_CUDA_ALLOC_CONF=expandable_segments:True to avoid fragmentation.  See documentation for Memory Management  (https://pytorch.org/docs/stable/notes/cuda.html#environment-variables)
[rank4]:[W717 07:54:14.524962105 ProcessGroup.cpp:367] Warning: At the time of process termination, there are still 1 unwaited collective calls. Please review your program to ensure that:
1. c10d_functional.wait_tensor() is invoked on all tensors returned from c10d_functional collective,
2. c10d_functional.wait_tensor() is invoked on all output tensors of async_op=True torch.distributed collective called under `with allow_inflight_collective_as_graph_input_ctx():`,
before the output tensors of the collective are used. (function ~WorkRegistry)
--------------------------------------------------------------------------
Primary job  terminated normally, but 1 process returned
a non-zero exit code. Per user-direction, the job has been aborted.
--------------------------------------------------------------------------
--------------------------------------------------------------------------
mpirun detected that one or more processes exited with non-zero status, thus causing
the job to be terminated. The first process to do so was:

  Process name: [[11267,1],4]
  Exit code:    1
--------------------------------------------------------------------------
